{
    "level": 0,
    "idx": {"x": 0, "y": 13},
    "dim": {"x": 8, "y": 8},
    "offset": {"x": 0.00195313, "y": 0.408203},
    "cellSize": {"x": 0.00390625, "y": 0.00390625},
    "vertices": [
        0.00195313, 0.408203, 9.01044e-006, 0.00585938, 0.408203, 0.00671055, 0.00976563, 0.408203, 0.00945834, 0.0136719, 0.408203, 0.00663186, 0.0175781, 0.408203, -9.95899e-005, 0.0214844, 0.408203, -0.00676199, 0.0253906, 0.408203, -0.00942184, 0.0292969, 0.408203, -0.0065075, 
        0.00195313, 0.412109, 9.27091e-006, 0.00585938, 0.412109, 0.0190585, 0.00976563, 0.412109, 0.0268671, 0.0136719, 0.412109, 0.0188278, 0.0175781, 0.412109, -0.000313573, 0.0214844, 0.412109, -0.0192593, 0.0253906, 0.412109, -0.0268269, 0.0292969, 0.412109, -0.0185483, 
        0.00195313, 0.416016, 9.52709e-006, 0.00585938, 0.416016, 0.0201656, 0.00976563, 0.416016, 0.0284278, 0.0136719, 0.416016, 0.0199214, 0.0175781, 0.416016, -0.00033232, 0.0214844, 0.416016, -0.020379, 0.0253906, 0.416016, -0.0283865, 0.0292969, 0.416016, -0.0196269, 
        0.00195313, 0.419922, 9.77824e-006, 0.00585938, 0.419922, 0.00937851, 0.00976563, 0.419922, 0.0132195, 0.0136719, 0.419922, 0.00926729, 0.0175781, 0.419922, -0.000144484, 0.0214844, 0.419922, -0.00945983, 0.0253906, 0.419922, -0.0131795, 0.0292969, 0.419922, -0.0091062, 
        0.00195313, 0.423828, 1.00236e-005, 0.00585938, 0.423828, -0.00693648, 0.00976563, 0.423828, -0.00978223, 0.0136719, 0.423828, -0.0068466, 0.0175781, 0.423828, 0.000139354, 0.0214844, 0.423828, 0.0070545, 0.0253906, 0.423828, 0.00981975, 0.0292969, 0.423828, 0.00680535, 
        0.00195313, 0.427734, 1.02624e-005, 0.00585938, 0.427734, -0.0191511, 0.00976563, 0.427734, -0.0270031, 0.0136719, 0.427734, -0.0189106, 0.0175781, 0.427734, 0.000351961, 0.0214844, 0.427734, 0.0194185, 0.0253906, 0.427734, 0.0270389, 0.0292969, 0.427734, 0.0187181, 
        0.00195313, 0.431641, 1.04938e-005, 0.00585938, 0.431641, -0.0200566, 0.00976563, 0.431641, -0.0282797, 0.0136719, 0.431641, -0.0198048, 0.0175781, 0.431641, 0.000368124, 0.0214844, 0.431641, 0.0203358, 0.0253906, 0.431641, 0.0283163, 0.0292969, 0.431641, 0.0196021, 
        0.00195313, 0.435547, 1.07172e-005, 0.00585938, 0.435547, -0.00911853, 0.00976563, 0.435547, -0.0128588, 0.0136719, 0.435547, -0.00900146, 0.0175781, 0.435547, 0.000178561, 0.0214844, 0.435547, 0.00926543, 0.0253906, 0.435547, 0.0128985, 0.0292969, 0.435547, 0.00893613
    ]
}
