{
    "level": 0,
    "idx": {"x": 0, "y": 61},
    "dim": {"x": 16, "y": 16},
    "offset": {"x": 0.000488281, "y": 0.953613},
    "cellSize": {"x": 0.000976562, "y": 0.000976562},
    "vertices": [
        0.000488281, 0.953613, 3.13615e-09, 0.00146484, 0.953613, -0.00109101, 0.00244141, 0.953613, -0.00214002, 0.00341797, 0.953613, -0.00310663, 0.00439453, 0.953613, -0.00395362, 0.00537109, 0.953613, -0.00464838, 0.00634766, 0.953613, -0.00516415, 0.00732422, 0.953613, -0.00548108, 0.00830078, 0.953613, -0.00558697, 0.00927734, 0.953613, -0.00547773, 0.0102539, 0.953613, -0.00515758, 0.0112305, 0.953613, -0.00463883, 0.012207, 0.953613, -0.00394148, 0.0131836, 0.953613, -0.00309235, 0.0141602, 0.953613, -0.00212416, 0.0151367, 0.953613, -0.00107418, 
        0.000488281, 0.95459, 3.02586e-09, 0.00146484, 0.95459, -0.00219405, 0.00244141, 0.95459, -0.00430361, 0.00341797, 0.95459, -0.00624747, 0.00439453, 0.95459, -0.00795078, 0.00537109, 0.95459, -0.00934794, 0.00634766, 0.95459, -0.0103852, 0.00732422, 0.95459, -0.0110225, 0.00830078, 0.95459, -0.0112355, 0.00927734, 0.95459, -0.0110158, 0.0102539, 0.95459, -0.010372, 0.0112305, 0.95459, -0.00932876, 0.012207, 0.95459, -0.00792636, 0.0131836, 0.95459, -0.00621876, 0.0141602, 0.95459, -0.00427172, 0.0151367, 0.95459, -0.00216019, 
        0.000488281, 0.955566, 2.91924e-09, 0.00146484, 0.955566, -0.00321252, 0.00244141, 0.955566, -0.00630134, 0.00341797, 0.955566, -0.00914753, 0.00439453, 0.955566, -0.0116415, 0.00537109, 0.955566, -0.0136872, 0.00634766, 0.955566, -0.0152059, 0.00732422, 0.955566, -0.0161391, 0.00830078, 0.955566, -0.0164509, 0.00927734, 0.955566, -0.0161293, 0.0102539, 0.955566, -0.0151866, 0.0112305, 0.955566, -0.0136591, 0.012207, 0.955566, -0.0116058, 0.0131836, 0.955566, -0.0091055, 0.0141602, 0.955566, -0.00625464, 0.0151367, 0.955566, -0.00316295, 
        0.000488281, 0.956543, 2.81614e-09, 0.00146484, 0.956543, -0.00410736, 0.00244141, 0.956543, -0.00805658, 0.00341797, 0.956543, -0.0116956, 0.00439453, 0.956543, -0.0148843, 0.00537109, 0.956543, -0.0174998, 0.00634766, 0.956543, -0.0194416, 0.00732422, 0.956543, -0.0206347, 0.00830078, 0.956543, -0.0210333, 0.00927734, 0.956543, -0.0206221, 0.0102539, 0.956543, -0.0194168, 0.0112305, 0.956543, -0.0174639, 0.012207, 0.956543, -0.0148385, 0.0131836, 0.956543, -0.0116418, 0.0141602, 0.956543, -0.00799687, 0.0151367, 0.956543, -0.004044, 
        0.000488281, 0.95752, 2.71649e-09, 0.00146484, 0.95752, -0.004844, 0.00244141, 0.95752, -0.00950149, 0.00341797, 0.95752, -0.0137931, 0.00439453, 0.95752, -0.0175537, 0.00537109, 0.95752, -0.0206383, 0.00634766, 0.95752, -0.0229283, 0.00732422, 0.95752, -0.0243354, 0.00830078, 0.95752, -0.0248056, 0.00927734, 0.95752, -0.0243206, 0.0102539, 0.95752, -0.0228991, 0.0112305, 0.95752, -0.020596, 0.012207, 0.95752, -0.0174998, 0.0131836, 0.95752, -0.0137297, 0.0141602, 0.95752, -0.00943107, 0.0151367, 0.95752, -0.00476927, 
        0.000488281, 0.958496, 2.62015e-09, 0.00146484, 0.958496, -0.00539417, 0.00244141, 0.958496, -0.0105806, 0.00341797, 0.958496, -0.0153597, 0.00439453, 0.958496, -0.0195474, 0.00537109, 0.958496, -0.0229824, 0.00634766, 0.958496, -0.0255324, 0.00732422, 0.958496, -0.0270994, 0.00830078, 0.958496, -0.0276229, 0.00927734, 0.958496, -0.0270828, 0.0102539, 0.958496, -0.0255, 0.0112305, 0.958496, -0.0229352, 0.012207, 0.958496, -0.0194873, 0.0131836, 0.958496, -0.0152891, 0.0141602, 0.958496, -0.0105022, 0.0151367, 0.958496, -0.00531095, 
        0.000488281, 0.959473, 2.52704e-09, 0.00146484, 0.959473, -0.00573661, 0.00244141, 0.959473, -0.0112523, 0.00341797, 0.959473, -0.0163348, 0.00439453, 0.959473, -0.0207883, 0.00537109, 0.959473, -0.0244414, 0.00634766, 0.959473, -0.0271533, 0.00732422, 0.959473, -0.0288198, 0.00830078, 0.959473, -0.0293765, 0.00927734, 0.959473, -0.0288021, 0.0102539, 0.959473, -0.0271188, 0.0112305, 0.959473, -0.0243912, 0.012207, 0.959473, -0.0207245, 0.0131836, 0.959473, -0.0162597, 0.0141602, 0.959473, -0.0111689, 0.0151367, 0.959473, -0.00564811, 
        0.000488281, 0.960449, 2.43705e-09, 0.00146484, 0.960449, -0.00585818, 0.00244141, 0.960449, -0.0114908, 0.00341797, 0.960449, -0.016681, 0.00439453, 0.960449, -0.0212289, 0.00537109, 0.960449, -0.0249593, 0.00634766, 0.960449, -0.0277288, 0.00732422, 0.960449, -0.0294305, 0.00830078, 0.960449, -0.0299991, 0.00927734, 0.960449, -0.0294125, 0.0102539, 0.960449, -0.0276935, 0.0112305, 0.960449, -0.0249081, 0.012207, 0.960449, -0.0211637, 0.0131836, 0.960449, -0.0166043, 0.0141602, 0.960449, -0.0114056, 0.0151367, 0.960449, -0.0057678, 
        0.000488281, 0.961426, 2.35009e-09, 0.00146484, 0.961426, -0.00575419, 0.00244141, 0.961426, -0.0112868, 0.00341797, 0.961426, -0.0163849, 0.00439453, 0.961426, -0.020852, 0.00537109, 0.961426, -0.0245163, 0.00634766, 0.961426, -0.0272365, 0.00732422, 0.961426, -0.0289081, 0.00830078, 0.961426, -0.0294665, 0.00927734, 0.961426, -0.0288904, 0.0102539, 0.961426, -0.0272019, 0.0112305, 0.961426, -0.0244659, 0.012207, 0.961426, -0.020788, 0.0131836, 0.961426, -0.0163096, 0.0141602, 0.961426, -0.0112032, 0.0151367, 0.961426, -0.00566542, 
        0.000488281, 0.962402, 2.26605e-09, 0.00146484, 0.962402, -0.00542862, 0.00244141, 0.962402, -0.0106482, 0.00341797, 0.962402, -0.0154578, 0.00439453, 0.962402, -0.0196722, 0.00537109, 0.962402, -0.0231292, 0.00634766, 0.962402, -0.0256955, 0.00732422, 0.962402, -0.0272725, 0.00830078, 0.962402, -0.0277994, 0.00927734, 0.962402, -0.0272558, 0.0102539, 0.962402, -0.0256628, 0.0112305, 0.962402, -0.0230817, 0.012207, 0.962402, -0.0196118, 0.0131836, 0.962402, -0.0153868, 0.0141602, 0.962402, -0.0105693, 0.0151367, 0.962402, -0.00534487, 
        0.000488281, 0.963379, 2.18485e-09, 0.00146484, 0.963379, -0.00489401, 0.00244141, 0.963379, -0.00959959, 0.00341797, 0.963379, -0.0139355, 0.00439453, 0.963379, -0.0177349, 0.00537109, 0.963379, -0.0208514, 0.00634766, 0.963379, -0.023165, 0.00732422, 0.963379, -0.0245867, 0.00830078, 0.963379, -0.0250617, 0.00927734, 0.963379, -0.0245717, 0.0102539, 0.963379, -0.0231356, 0.0112305, 0.963379, -0.0208086, 0.012207, 0.963379, -0.0176804, 0.0131836, 0.963379, -0.0138715, 0.0141602, 0.963379, -0.00952845, 0.0151367, 0.963379, -0.00481851, 
        0.000488281, 0.964355, 2.10639e-09, 0.00146484, 0.964355, -0.00417101, 0.00244141, 0.964355, -0.00818143, 0.00341797, 0.964355, -0.0118768, 0.00439453, 0.964355, -0.0151149, 0.00537109, 0.964355, -0.017771, 0.00634766, 0.964355, -0.0197428, 0.00732422, 0.964355, -0.0209545, 0.00830078, 0.964355, -0.0213593, 0.00927734, 0.964355, -0.0209417, 0.0102539, 0.964355, -0.0197177, 0.0112305, 0.964355, -0.0177345, 0.012207, 0.964355, -0.0150685, 0.0131836, 0.964355, -0.0118222, 0.0141602, 0.964355, -0.00812079, 0.0151367, 0.964355, -0.00410666, 
        0.000488281, 0.965332, 2.0306e-09, 0.00146484, 0.965332, -0.00328735, 0.00244141, 0.965332, -0.00644812, 0.00341797, 0.965332, -0.00936062, 0.00439453, 0.965332, -0.0119127, 0.00537109, 0.965332, -0.0140061, 0.00634766, 0.965332, -0.0155601, 0.00732422, 0.965332, -0.0165151, 0.00830078, 0.965332, -0.0168341, 0.00927734, 0.965332, -0.016505, 0.0102539, 0.965332, -0.0155403, 0.0112305, 0.965332, -0.0139773, 0.012207, 0.965332, -0.0118761, 0.0131836, 0.965332, -0.00931761, 0.0141602, 0.965332, -0.00640034, 0.0151367, 0.965332, -0.00323663, 
        0.000488281, 0.966309, 1.95739e-09, 0.00146484, 0.966309, -0.00227718, 0.00244141, 0.966309, -0.00446669, 0.00341797, 0.966309, -0.0064842, 0.00439453, 0.966309, -0.00825205, 0.00537109, 0.966309, -0.00970216, 0.00634766, 0.966309, -0.0107787, 0.00732422, 0.966309, -0.0114402, 0.00830078, 0.966309, -0.0116612, 0.00927734, 0.966309, -0.0114332, 0.0102539, 0.966309, -0.010765, 0.0112305, 0.966309, -0.00968224, 0.012207, 0.966309, -0.00822671, 0.0131836, 0.966309, -0.00645441, 0.0141602, 0.966309, -0.00443358, 0.0151367, 0.966309, -0.00224205, 
