{
    "level": 0,
    "idx": {"x": 0, "y": 32},
    "dim": {"x": 16, "y": 16},
    "offset": {"x": 0.000488281, "y": 0.500488},
    "cellSize": {"x": 0.000976562, "y": 0.000976562},
    "vertices": [
        0.000488281, 0.500488, 1.2686e-05, 0.00146484, 0.500488, 0.000587966, 0.00244141, 0.500488, 0.00114113, 0.00341797, 0.500488, 0.00165091, 0.00439453, 0.500488, 0.00209769, 0.00537109, 0.500488, 0.0024643, 0.00634766, 0.500488, 0.00273663, 0.00732422, 0.500488, 0.00290423, 0.00830078, 0.500488, 0.00296068, 0.00927734, 0.500488, 0.00290381, 0.0102539, 0.500488, 0.00273586, 0.0112305, 0.500488, 0.00246331, 0.012207, 0.500488, 0.00209669, 0.0131836, 0.500488, 0.00165015, 0.0141602, 0.500488, 0.00114091, 0.0151367, 0.500488, 0.000588607, 
        0.000488281, 0.501465, 1.26851e-05, 0.00146484, 0.501465, 0.00171539, 0.00244141, 0.501465, 0.00335257, 0.00341797, 0.501465, 0.00486121, 0.00439453, 0.501465, 0.00618324, 0.00537109, 0.501465, 0.00726779, 0.00634766, 0.501465, 0.00807311, 0.00732422, 0.501465, 0.00856822, 0.00830078, 0.501465, 0.00873408, 0.00927734, 0.501465, 0.00856433, 0.0102539, 0.501465, 0.00806554, 0.0112305, 0.501465, 0.00725694, 0.012207, 0.501465, 0.00616969, 0.0131836, 0.501465, 0.00484569, 0.0141602, 0.501465, 0.00333595, 0.0151367, 0.501465, 0.00169864, 
        0.000488281, 0.502441, 1.26831e-05, 0.00146484, 0.502441, 0.00277727, 0.00244141, 0.502441, 0.00543544, 0.00341797, 0.502441, 0.00788488, 0.00439453, 0.502441, 0.0100313, 0.00537109, 0.502441, 0.011792, 0.00634766, 0.502441, 0.0130993, 0.00732422, 0.502441, 0.0139029, 0.00830078, 0.502441, 0.0141718, 0.00927734, 0.502441, 0.0138958, 0.0102539, 0.502441, 0.0130854, 0.0112305, 0.502441, 0.0117719, 0.012207, 0.502441, 0.0100059, 0.0131836, 0.502441, 0.00785547, 0.0141602, 0.502441, 0.00540339, 0.0151367, 0.502441, 0.00274413, 
        0.000488281, 0.503418, 1.26802e-05, 0.00146484, 0.503418, 0.00373272, 0.00244141, 0.503418, 0.00730956, 0.00341797, 0.503418, 0.0106055, 0.00439453, 0.503418, 0.0134936, 0.00537109, 0.503418, 0.0158628, 0.00634766, 0.503418, 0.0176218, 0.00732422, 0.503418, 0.018703, 0.00830078, 0.503418, 0.0190646, 0.00927734, 0.503418, 0.0186929, 0.0102539, 0.503418, 0.0176021, 0.0112305, 0.503418, 0.0158343, 0.012207, 0.503418, 0.0134576, 0.0131836, 0.503418, 0.0105636, 0.0141602, 0.503418, 0.00726361, 0.0151367, 0.503418, 0.00368484, 
        0.000488281, 0.504395, 1.26763e-05, 0.00146484, 0.504395, 0.00454498, 0.00244141, 0.504395, 0.00890281, 0.00341797, 0.504395, 0.0129184, 0.00439453, 0.504395, 0.0164371, 0.00537109, 0.504395, 0.0193235, 0.00634766, 0.504395, 0.0214665, 0.00732422, 0.504395, 0.0227836, 0.00830078, 0.504395, 0.0232241, 0.00927734, 0.504395, 0.0227711, 0.0102539, 0.504395, 0.0214419, 0.0112305, 0.504395, 0.019288, 0.012207, 0.504395, 0.0163921, 0.0131836, 0.504395, 0.0128658, 0.0141602, 0.504395, 0.00884505, 0.0151367, 0.504395, 0.00448457, 
        0.000488281, 0.505371, 1.26714e-05, 0.00146484, 0.505371, 0.00518271, 0.00244141, 0.505371, 0.0101537, 0.00341797, 0.505371, 0.0147343, 0.00439453, 0.505371, 0.0187481, 0.00537109, 0.505371, 0.0220407, 0.00634766, 0.505371, 0.0244852, 0.00732422, 0.505371, 0.0259875, 0.00830078, 0.505371, 0.0264899, 0.00927734, 0.505371, 0.025973, 0.0102539, 0.505371, 0.0244567, 0.0112305, 0.505371, 0.0219995, 0.012207, 0.505371, 0.018696, 0.0131836, 0.505371, 0.0146734, 0.0141602, 0.505371, 0.0100867, 0.0151367, 0.505371, 0.00511246, 
        0.000488281, 0.506348, 1.26655e-05, 0.00146484, 0.506348, 0.00562139, 0.00244141, 0.506348, 0.0110142, 0.00341797, 0.506348, 0.0159835, 0.00439453, 0.506348, 0.0203379, 0.00537109, 0.506348, 0.0239097, 0.00634766, 0.506348, 0.0265616, 0.00732422, 0.506348, 0.0281914, 0.00830078, 0.506348, 0.0287364, 0.00927734, 0.506348, 0.0281755, 0.0102539, 0.506348, 0.0265305, 0.0112305, 0.506348, 0.0238647, 0.012207, 0.506348, 0.0202808, 0.0131836, 0.506348, 0.0159168, 0.0141602, 0.506348, 0.0109408, 0.0151367, 0.506348, 0.00554437, 
        0.000488281, 0.507324, 1.26587e-05, 0.00146484, 0.507324, 0.00584414, 0.00244141, 0.507324, 0.0114511, 0.00341797, 0.507324, 0.0166177, 0.00439453, 0.507324, 0.021145, 0.00537109, 0.507324, 0.0248588, 0.00634766, 0.507324, 0.027616, 0.00732422, 0.507324, 0.0293104, 0.00830078, 0.507324, 0.029877, 0.00927734, 0.507324, 0.0292939, 0.0102539, 0.507324, 0.0275835, 0.0112305, 0.507324, 0.0248118, 0.012207, 0.507324, 0.0210855, 0.0131836, 0.507324, 0.0165482, 0.0141602, 0.507324, 0.0113745, 0.0151367, 0.507324, 0.00576367, 
        0.000488281, 0.508301, 1.26509e-05, 0.00146484, 0.508301, 0.00584236, 0.00244141, 0.508301, 0.0114476, 0.00341797, 0.508301, 0.0166127, 0.00439453, 0.508301, 0.0211386, 0.00537109, 0.508301, 0.0248512, 0.00634766, 0.508301, 0.0276076, 0.00732422, 0.508301, 0.0293016, 0.00830078, 0.508301, 0.029868, 0.00927734, 0.508301, 0.029285, 0.0102539, 0.508301, 0.0275752, 0.0112305, 0.508301, 0.0248043, 0.012207, 0.508301, 0.0210791, 0.0131836, 0.508301, 0.0165432, 0.0141602, 0.508301, 0.011371, 0.0151367, 0.508301, 0.00576191, 
        0.000488281, 0.509277, 1.26422e-05, 0.00146484, 0.509277, 0.00561614, 0.00244141, 0.509277, 0.0110039, 0.00341797, 0.509277, 0.0159685, 0.00439453, 0.509277, 0.0203189, 0.00537109, 0.509277, 0.0238874, 0.00634766, 0.509277, 0.0265368, 0.00732422, 0.509277, 0.0281651, 0.00830078, 0.509277, 0.0287095, 0.00927734, 0.509277, 0.0281492, 0.0102539, 0.509277, 0.0265058, 0.0112305, 0.509277, 0.0238425, 0.012207, 0.509277, 0.0202619, 0.0131836, 0.509277, 0.015902, 0.0141602, 0.509277, 0.0109306, 0.0151367, 0.509277, 0.00553917, 
        0.000488281, 0.510254, 1.26324e-05, 0.00146484, 0.510254, 0.00517417, 0.00244141, 0.510254, 0.010137, 0.00341797, 0.510254, 0.0147101, 0.00439453, 0.510254, 0.0187173, 0.00537109, 0.510254, 0.0220044, 0.00634766, 0.510254, 0.0244449, 0.00732422, 0.510254, 0.0259448, 0.00830078, 0.510254, 0.0264463, 0.00927734, 0.510254, 0.0259303, 0.0102539, 0.510254, 0.0244165, 0.0112305, 0.510254, 0.0219633, 0.012207, 0.510254, 0.0186652, 0.0131836, 0.510254, 0.0146493, 0.0141602, 0.510254, 0.0100701, 0.0151367, 0.510254, 0.00510402, 
        0.000488281, 0.51123, 1.26217e-05, 0.00146484, 0.51123, 0.00453349, 0.00244141, 0.51123, 0.00888032, 0.00341797, 0.51123, 0.0128858, 0.00439453, 0.51123, 0.0163956, 0.00537109, 0.51123, 0.0192748, 0.00634766, 0.51123, 0.0214124, 0.00732422, 0.51123, 0.0227261, 0.00830078, 0.51123, 0.0231655, 0.00927734, 0.51123, 0.0227136, 0.0102539, 0.51123, 0.0213878, 0.0112305, 0.51123, 0.0192393, 0.012207, 0.51123, 0.0163507, 0.0131836, 0.51123, 0.0128333, 0.0141602, 0.51123, 0.0088227, 0.0151367, 0.51123, 0.00447321, 
        0.000488281, 0.512207, 1.26101e-05, 0.00146484, 0.512207, 0.00371875, 0.00244141, 0.512207, 0.00728222, 0.00341797, 0.512207, 0.0105658, 0.00439453, 0.512207, 0.0134432, 0.00537109, 0.512207, 0.0158035, 0.00634766, 0.512207, 0.017556, 0.00732422, 0.512207, 0.0186331, 0.00830078, 0.512207, 0.0189934, 0.00927734, 0.512207, 0.018623, 0.0102539, 0.512207, 0.0175363, 0.0112305, 0.512207, 0.0157751, 0.012207, 0.512207, 0.0134073, 0.0131836, 0.512207, 0.0105241, 0.0141602, 0.512207, 0.00723644, 0.0151367, 0.512207, 0.00367103, 
        0.000488281, 0.513184, 1.25975e-05, 0.00146484, 0.513184, 0.00276133, 0.00244141, 0.513184, 0.00540426, 0.00341797, 0.513184, 0.00783965, 0.00439453, 0.513184, 0.00997374, 0.00537109, 0.513184, 0.0117244, 0.00634766, 0.513184, 0.0130242, 0.00732422, 0.513184, 0.0138232, 0.00830078, 0.513184, 0.0140906, 0.00927734, 0.513184, 0.0138161, 0.0102539, 0.513184, 0.0130103, 0.0112305, 0.513184, 0.0117044, 0.012207, 0.513184, 0.00994851, 0.0131836, 0.513184, 0.0078104, 0.0141602, 0.513184, 0.00537238, 0.0151367, 0.513184, 0.00272837, 
