{
    "level": 0,
    "idx": {"x": 0, "y": 26},
    "dim": {"x": 16, "y": 16},
    "offset": {"x": 0.000488281, "y": 0.406738},
    "cellSize": {"x": 0.000976562, "y": 0.000976562},
    "vertices": [
        0.000488281, 0.406738, 8.93026e-06, 0.00146484, 0.406738, 0.000476549, 0.00244141, 0.406738, 0.000926189, 0.00341797, 0.406738, 0.00134055, 0.00439453, 0.406738, 0.0017037, 0.00537109, 0.406738, 0.00200167, 0.00634766, 0.406738, 0.00222299, 0.00732422, 0.406738, 0.00235918, 0.00830078, 0.406738, 0.00240499, 0.00927734, 0.406738, 0.00235869, 0.0102539, 0.406738, 0.00222207, 0.0112305, 0.406738, 0.00200043, 0.012207, 0.406738, 0.0017023, 0.0131836, 0.406738, 0.0013392, 0.0141602, 0.406738, 0.000925118, 0.0151367, 0.406738, 0.000476033, 
        0.000488281, 0.407715, 8.99581e-06, 0.00146484, 0.407715, 0.00160798, 0.00244141, 0.407715, 0.00314543, 0.00341797, 0.407715, 0.00456216, 0.00439453, 0.407715, 0.00580362, 0.00537109, 0.407715, 0.00682204, 0.00634766, 0.407715, 0.00757822, 0.00732422, 0.407715, 0.00804306, 0.00830078, 0.407715, 0.00819868, 0.00927734, 0.407715, 0.00803911, 0.0102539, 0.407715, 0.0075705, 0.0112305, 0.407715, 0.00681093, 0.012207, 0.407715, 0.00578966, 0.0131836, 0.407715, 0.00454603, 0.0141602, 0.407715, 0.00312796, 0.0151367, 0.407715, 0.00159006, 
        0.000488281, 0.408691, 9.06115e-06, 0.00146484, 0.408691, 0.00267787, 0.00244141, 0.408691, 0.00524394, 0.00341797, 0.408691, 0.00760849, 0.00439453, 0.408691, 0.00968048, 0.00537109, 0.408691, 0.0113802, 0.00634766, 0.408691, 0.0126421, 0.00732422, 0.408691, 0.0134177, 0.00830078, 0.408691, 0.0136772, 0.00927734, 0.408691, 0.0134105, 0.0102539, 0.408691, 0.0126279, 0.0112305, 0.408691, 0.0113597, 0.012207, 0.408691, 0.00965464, 0.0131836, 0.408691, 0.0075784, 0.0141602, 0.408691, 0.00521095, 0.0151367, 0.408691, 0.00264349, 
        0.000488281, 0.409668, 9.12625e-06, 0.00146484, 0.409668, 0.003645, 0.00244141, 0.409668, 0.00714091, 0.00341797, 0.409668, 0.0103623, 0.00439453, 0.409668, 0.013185, 0.00537109, 0.409668, 0.0155005, 0.00634766, 0.409668, 0.0172196, 0.00732422, 0.409668, 0.0182762, 0.00830078, 0.409668, 0.0186295, 0.00927734, 0.409668, 0.018266, 0.0102539, 0.409668, 0.0171997, 0.0112305, 0.409668, 0.0154716, 0.012207, 0.409668, 0.0131484, 0.0131836, 0.409668, 0.0103195, 0.0141602, 0.409668, 0.00709391, 0.0151367, 0.409668, 0.00359576, 
        0.000488281, 0.410645, 9.19112e-06, 0.00146484, 0.410645, 0.00447215, 0.00244141, 0.410645, 0.0087633, 0.00341797, 0.410645, 0.0127174, 0.00439453, 0.410645, 0.0161823, 0.00537109, 0.410645, 0.0190245, 0.00634766, 0.410645, 0.0211346, 0.00732422, 0.410645, 0.0224314, 0.00830078, 0.410645, 0.022865, 0.00927734, 0.410645, 0.0224187, 0.0102539, 0.410645, 0.0211097, 0.0112305, 0.410645, 0.0189884, 0.012207, 0.410645, 0.0161365, 0.0131836, 0.410645, 0.0126639, 0.0141602, 0.410645, 0.00870432, 0.0151367, 0.410645, 0.0044102, 
        0.000488281, 0.411621, 9.25574e-06, 0.00146484, 0.411621, 0.0051275, 0.00244141, 0.411621, 0.0100487, 0.00341797, 0.411621, 0.0145834, 0.00439453, 0.411621, 0.018557, 0.00537109, 0.411621, 0.0218164, 0.00634766, 0.411621, 0.0242363, 0.00732422, 0.411621, 0.0257235, 0.00830078, 0.411621, 0.0262207, 0.00927734, 0.411621, 0.0257088, 0.0102539, 0.411621, 0.0242075, 0.0112305, 0.411621, 0.0217746, 0.012207, 0.411621, 0.0185039, 0.0131836, 0.411621, 0.0145213, 0.0141602, 0.411621, 0.00998024, 0.0151367, 0.411621, 0.00505548, 
        0.000488281, 0.412598, 9.3201e-06, 0.00146484, 0.412598, 0.00558576, 0.00244141, 0.412598, 0.0109475, 0.00341797, 0.412598, 0.0158881, 0.00439453, 0.412598, 0.0202174, 0.00537109, 0.412598, 0.0237687, 0.00634766, 0.412598, 0.0264052, 0.00732422, 0.412598, 0.0280255, 0.00830078, 0.412598, 0.0285671, 0.00927734, 0.412598, 0.0280093, 0.0102539, 0.412598, 0.0263736, 0.0112305, 0.412598, 0.0237229, 0.012207, 0.412598, 0.0201593, 0.0131836, 0.412598, 0.0158201, 0.0141602, 0.412598, 0.0108724, 0.0151367, 0.412598, 0.00550672, 
        0.000488281, 0.413574, 9.38417e-06, 0.00146484, 0.413574, 0.00582932, 0.00244141, 0.413574, 0.0114252, 0.00341797, 0.413574, 0.0165815, 0.00439453, 0.413574, 0.0210999, 0.00537109, 0.413574, 0.0248062, 0.00634766, 0.413574, 0.0275578, 0.00732422, 0.413574, 0.0292488, 0.00830078, 0.413574, 0.0298141, 0.00927734, 0.413574, 0.0292319, 0.0102539, 0.413574, 0.0275247, 0.0112305, 0.413574, 0.0247583, 0.012207, 0.413574, 0.0210391, 0.0131836, 0.413574, 0.0165104, 0.0141602, 0.413574, 0.0113466, 0.0151367, 0.413574, 0.00574657, 
        0.000488281, 0.414551, 9.44796e-06, 0.00146484, 0.414551, 0.00584879, 0.00244141, 0.414551, 0.0114633, 0.00341797, 0.414551, 0.0166369, 0.00439453, 0.414551, 0.0211703, 0.00537109, 0.414551, 0.024889, 0.00634766, 0.414551, 0.0276498, 0.00732422, 0.414551, 0.0293464, 0.00830078, 0.414551, 0.0299136, 0.00927734, 0.414551, 0.0293295, 0.0102539, 0.414551, 0.0276166, 0.0112305, 0.414551, 0.0248409, 0.012207, 0.414551, 0.0211093, 0.0131836, 0.414551, 0.0165655, 0.0141602, 0.414551, 0.0113845, 0.0151367, 0.414551, 0.0057658, 
        0.000488281, 0.415527, 9.51146e-06, 0.00146484, 0.415527, 0.00564345, 0.00244141, 0.415527, 0.0110605, 0.00341797, 0.415527, 0.0160521, 0.00439453, 0.415527, 0.020426, 0.00537109, 0.415527, 0.0240139, 0.00634766, 0.415527, 0.0266776, 0.00732422, 0.415527, 0.0283145, 0.00830078, 0.415527, 0.0288618, 0.00927734, 0.415527, 0.0282982, 0.0102539, 0.415527, 0.0266456, 0.0112305, 0.415527, 0.0239676, 0.012207, 0.415527, 0.0203673, 0.0131836, 0.415527, 0.0159834, 0.0141602, 0.415527, 0.0109847, 0.0151367, 0.415527, 0.00556367, 
        0.000488281, 0.416504, 9.57464e-06, 0.00146484, 0.416504, 0.00522119, 0.00244141, 0.416504, 0.0102322, 0.00341797, 0.416504, 0.0148496, 0.00439453, 0.416504, 0.0188956, 0.00537109, 0.416504, 0.0222146, 0.00634766, 0.416504, 0.0246786, 0.00732422, 0.416504, 0.0261929, 0.00830078, 0.416504, 0.0266992, 0.00927734, 0.416504, 0.0261779, 0.0102539, 0.416504, 0.0246493, 0.0112305, 0.416504, 0.0221721, 0.012207, 0.416504, 0.0188417, 0.0131836, 0.416504, 0.0147865, 0.0141602, 0.416504, 0.0101625, 0.0151367, 0.416504, 0.00514797, 
        0.000488281, 0.41748, 9.6375e-06, 0.00146484, 0.41748, 0.00459827, 0.00244141, 0.41748, 0.00901026, 0.00341797, 0.41748, 0.0130757, 0.00439453, 0.41748, 0.0166381, 0.00537109, 0.41748, 0.0195604, 0.00634766, 0.41748, 0.0217299, 0.00732422, 0.41748, 0.0230633, 0.00830078, 0.41748, 0.0235091, 0.00927734, 0.41748, 0.0230502, 0.0102539, 0.41748, 0.0217043, 0.0112305, 0.41748, 0.0195233, 0.012207, 0.41748, 0.0165912, 0.0131836, 0.41748, 0.0130208, 0.0141602, 0.41748, 0.00894974, 0.0151367, 0.41748, 0.00453471, 
        0.000488281, 0.418457, 9.70002e-06, 0.00146484, 0.418457, 0.00379869, 0.00244141, 0.418457, 0.00744182, 0.00341797, 0.418457, 0.0107988, 0.00439453, 0.418457, 0.0137405, 0.00537109, 0.418457, 0.0161535, 0.00634766, 0.418457, 0.017945, 0.00732422, 0.418457, 0.0190461, 0.00830078, 0.418457, 0.0194143, 0.00927734, 0.418457, 0.0190354, 0.0102539, 0.418457, 0.0179242, 0.0112305, 0.418457, 0.0161235, 0.012207, 0.418457, 0.0137024, 0.0131836, 0.418457, 0.0107544, 0.0141602, 0.418457, 0.00739296, 0.0151367, 0.418457, 0.00374751, 
        0.000488281, 0.419434, 9.76221e-06, 0.00146484, 0.419434, 0.00285323, 0.00244141, 0.419434, 0.00558725, 0.00341797, 0.419434, 0.00810655, 0.00439453, 0.419434, 0.0103142, 0.00537109, 0.419434, 0.0121251, 0.00634766, 0.419434, 0.0134696, 0.00732422, 0.419434, 0.014296, 0.00830078, 0.419434, 0.0145724, 0.00927734, 0.419434, 0.0142883, 0.0102539, 0.419434, 0.0134545, 0.0112305, 0.419434, 0.0121033, 0.012207, 0.419434, 0.0102867, 0.0131836, 0.419434, 0.00807455, 0.0141602, 0.419434, 0.00555217, 0.0151367, 0.419434, 0.00281669, 
