{
    "level": 0,
    "idx": {"x": 0, "y": 45},
    "dim": {"x": 16, "y": 16},
    "offset": {"x": 0.000488281, "y": 0.703613},
    "cellSize": {"x": 0.000976562, "y": 0.000976562},
    "vertices": [
        0.000488281, 0.703613, 2.38008e-06, 0.00146484, 0.703613, -0.000804504, 0.00244141, 0.703613, -0.00158031, 0.00341797, 0.703613, -0.00229517, 0.00439453, 0.703613, -0.00292154, 0.00537109, 0.703613, -0.00343531, 0.00634766, 0.703613, -0.0038167, 0.00732422, 0.703613, -0.004051, 0.00830078, 0.703613, -0.00412919, 0.00927734, 0.703613, -0.00404827, 0.0102539, 0.703613, -0.00381133, 0.0112305, 0.703613, -0.0034275, 0.012207, 0.703613, -0.00291155, 0.0131836, 0.703613, -0.00228334, 0.0141602, 0.703613, -0.00156706, 0.0151367, 0.703613, -0.00079027, 
        0.000488281, 0.70459, 2.34209e-06, 0.00146484, 0.70459, -0.00192215, 0.00244141, 0.70459, -0.00377254, 0.00341797, 0.70459, -0.00547756, 0.00439453, 0.70459, -0.00697157, 0.00537109, 0.70459, -0.00819704, 0.00634766, 0.70459, -0.00910676, 0.00732422, 0.70459, -0.00966572, 0.00830078, 0.70459, -0.00985239, 0.00927734, 0.70459, -0.00965957, 0.0102539, 0.70459, -0.00909467, 0.0112305, 0.70459, -0.00817946, 0.012207, 0.70459, -0.00694916, 0.0131836, 0.70459, -0.00545113, 0.0141602, 0.70459, -0.00374306, 0.0151367, 0.70459, -0.0018907, 
        0.000488281, 0.705566, 2.30453e-06, 0.00146484, 0.705566, -0.00296561, 0.00244141, 0.705566, -0.00581924, 0.00341797, 0.705566, -0.00844871, 0.00439453, 0.705566, -0.0107528, 0.00537109, 0.705566, -0.0126427, 0.00634766, 0.705566, -0.0140457, 0.00732422, 0.705566, -0.0149077, 0.00830078, 0.705566, -0.0151957, 0.00927734, 0.705566, -0.0148984, 0.0102539, 0.705566, -0.0140273, 0.0112305, 0.705566, -0.012616, 0.012207, 0.705566, -0.0107188, 0.0131836, 0.705566, -0.00840865, 0.0141602, 0.705566, -0.00577462, 0.0151367, 0.705566, -0.0029181, 
        0.000488281, 0.706543, 2.26739e-06, 0.00146484, 0.706543, -0.00389487, 0.00244141, 0.706543, -0.00764194, 0.00341797, 0.706543, -0.0110947, 0.00439453, 0.706543, -0.0141201, 0.00537109, 0.706543, -0.0166017, 0.00634766, 0.706543, -0.018444, 0.00732422, 0.706543, -0.019576, 0.00830078, 0.706543, -0.0199541, 0.00927734, 0.706543, -0.0195638, 0.0102539, 0.706543, -0.0184201, 0.0112305, 0.706543, -0.0165669, 0.012207, 0.706543, -0.0140758, 0.0131836, 0.706543, -0.0110425, 0.0141602, 0.706543, -0.00758383, 0.0151367, 0.706543, -0.00383304, 
        0.000488281, 0.70752, 2.23069e-06, 0.00146484, 0.70752, -0.00467405, 0.00244141, 0.70752, -0.00917027, 0.00341797, 0.70752, -0.0133133, 0.00439453, 0.70752, -0.0169436, 0.00537109, 0.70752, -0.0199214, 0.00634766, 0.70752, -0.022132, 0.00732422, 0.70752, -0.0234904, 0.00830078, 0.70752, -0.0239441, 0.00927734, 0.70752, -0.0234758, 0.0102539, 0.70752, -0.0221034, 0.0112305, 0.70752, -0.0198798, 0.012207, 0.70752, -0.0168906, 0.0131836, 0.70752, -0.0132509, 0.0141602, 0.70752, -0.00910086, 0.0151367, 0.70752, -0.00460023, 
        0.000488281, 0.708496, 2.19441e-06, 0.00146484, 0.708496, -0.00527312, 0.00244141, 0.708496, -0.0103453, 0.00341797, 0.708496, -0.0150191, 0.00439453, 0.708496, -0.0191144, 0.00537109, 0.708496, -0.0224737, 0.00634766, 0.708496, -0.0249675, 0.00732422, 0.708496, -0.0264999, 0.00830078, 0.708496, -0.0270117, 0.00927734, 0.708496, -0.0264834, 0.0102539, 0.708496, -0.0249353, 0.0112305, 0.708496, -0.0224268, 0.012207, 0.708496, -0.0190548, 0.0131836, 0.708496, -0.0149489, 0.0141602, 0.708496, -0.0102672, 0.0151367, 0.708496, -0.00519009, 
        0.000488281, 0.709473, 2.15855e-06, 0.00146484, 0.709473, -0.0056691, 0.00244141, 0.709473, -0.011122, 0.00341797, 0.709473, -0.0161465, 0.00439453, 0.709473, -0.0205493, 0.00537109, 0.709473, -0.0241607, 0.00634766, 0.709473, -0.0268417, 0.00732422, 0.709473, -0.0284891, 0.00830078, 0.709473, -0.0290394, 0.00927734, 0.709473, -0.0284714, 0.0102539, 0.709473, -0.0268071, 0.0112305, 0.709473, -0.0241104, 0.012207, 0.709473, -0.0204853, 0.0131836, 0.709473, -0.0160712, 0.0141602, 0.709473, -0.0110382, 0.0151367, 0.709473, -0.00557999, 
        0.000488281, 0.710449, 2.12312e-06, 0.00146484, 0.710449, -0.0058467, 0.00244141, 0.710449, -0.0114703, 0.00341797, 0.710449, -0.0166522, 0.00439453, 0.710449, -0.0211927, 0.00537109, 0.710449, -0.0249172, 0.00634766, 0.710449, -0.0276822, 0.00732422, 0.710449, -0.0293811, 0.00830078, 0.710449, -0.0299487, 0.00927734, 0.710449, -0.0293629, 0.0102539, 0.710449, -0.0276465, 0.0112305, 0.710449, -0.0248654, 0.012207, 0.710449, -0.0211268, 0.0131836, 0.710449, -0.0165745, 0.0141602, 0.710449, -0.0113839, 0.0151367, 0.710449, -0.00575487, 
        0.000488281, 0.711426, 2.0881e-06, 0.00146484, 0.711426, -0.00579908, 0.00244141, 0.711426, -0.0113769, 0.00341797, 0.711426, -0.0165165, 0.00439453, 0.711426, -0.0210201, 0.00537109, 0.711426, -0.0247143, 0.00634766, 0.711426, -0.0274567, 0.00732422, 0.711426, -0.0291418, 0.00830078, 0.711426, -0.0297047, 0.00927734, 0.711426, -0.0291238, 0.0102539, 0.711426, -0.0274213, 0.0112305, 0.711426, -0.0246629, 0.012207, 0.711426, -0.0209547, 0.0131836, 0.711426, -0.0164395, 0.0141602, 0.711426, -0.0112912, 0.0151367, 0.711426, -0.00570802, 
        0.000488281, 0.712402, 2.05351e-06, 0.00146484, 0.712402, -0.00552811, 0.00244141, 0.712402, -0.0108453, 0.00341797, 0.712402, -0.0157449, 0.00439453, 0.712402, -0.0200381, 0.00537109, 0.712402, -0.0235596, 0.00634766, 0.712402, -0.0261739, 0.00732422, 0.712402, -0.0277803, 0.00830078, 0.712402, -0.028317, 0.00927734, 0.712402, -0.0277631, 0.0102539, 0.712402, -0.0261402, 0.0112305, 0.712402, -0.0235106, 0.012207, 0.712402, -0.0199757, 0.0131836, 0.712402, -0.0156714, 0.0141602, 0.712402, -0.0107636, 0.0151367, 0.712402, -0.00544126, 
        0.000488281, 0.713379, 2.01933e-06, 0.00146484, 0.713379, -0.00504417, 0.00244141, 0.713379, -0.00989606, 0.00341797, 0.713379, -0.0143668, 0.00439453, 0.713379, -0.0182843, 0.00537109, 0.713379, -0.0214977, 0.00634766, 0.713379, -0.0238832, 0.00732422, 0.713379, -0.025349, 0.00830078, 0.713379, -0.0258386, 0.00927734, 0.713379, -0.0253333, 0.0102539, 0.713379, -0.0238524, 0.0112305, 0.713379, -0.0214529, 0.012207, 0.713379, -0.0182273, 0.0131836, 0.713379, -0.0142997, 0.0141602, 0.713379, -0.00982141, 0.0151367, 0.713379, -0.00496481, 
        0.000488281, 0.714355, 1.98557e-06, 0.00146484, 0.714355, -0.00436598, 0.00244141, 0.714355, -0.00856575, 0.00341797, 0.714355, -0.0124356, 0.00439453, 0.714355, -0.0158266, 0.00537109, 0.714355, -0.018608, 0.00634766, 0.714355, -0.0206729, 0.00732422, 0.714355, -0.0219417, 0.00830078, 0.714355, -0.0223655, 0.00927734, 0.714355, -0.0219281, 0.0102539, 0.714355, -0.0206462, 0.0112305, 0.714355, -0.0185692, 0.012207, 0.714355, -0.0157771, 0.0131836, 0.714355, -0.0123774, 0.0141602, 0.714355, -0.00850098, 0.0151367, 0.714355, -0.0042971, 
        0.000488281, 0.715332, 1.95223e-06, 0.00146484, 0.715332, -0.00351953, 0.00244141, 0.715332, -0.00690542, 0.00341797, 0.715332, -0.0100253, 0.00439453, 0.715332, -0.0127591, 0.00537109, 0.715332, -0.0150016, 0.00634766, 0.715332, -0.0166663, 0.00732422, 0.715332, -0.0176892, 0.00830078, 0.715332, -0.0180309, 0.00927734, 0.715332, -0.0176782, 0.0102539, 0.715332, -0.0166447, 0.0112305, 0.715332, -0.0149702, 0.012207, 0.715332, -0.0127191, 0.0131836, 0.715332, -0.00997822, 0.0141602, 0.715332, -0.00685298, 0.0151367, 0.715332, -0.00346374, 
        0.000488281, 0.716309, 1.91929e-06, 0.00146484, 0.716309, -0.00253757, 0.00244141, 0.716309, -0.00497926, 0.00341797, 0.716309, -0.00722916, 0.00439453, 0.716309, -0.00920061, 0.00537109, 0.716309, -0.0108177, 0.00634766, 0.716309, -0.0120182, 0.00732422, 0.716309, -0.0127558, 0.00830078, 0.716309, -0.0130022, 0.00927734, 0.716309, -0.0127478, 0.0102539, 0.716309, -0.0120025, 0.0112305, 0.716309, -0.0107949, 0.012207, 0.716309, -0.00917153, 0.0131836, 0.716309, -0.00719491, 0.0141602, 0.716309, -0.00494112, 0.0151367, 0.716309, -0.00249695, 
