{
    "level": 0,
    "idx": {"x": 0, "y": 29},
    "dim": {"x": 8, "y": 8},
    "offset": {"x": 0.000488281, "y": 0.227051},
    "cellSize": {"x": 0.000976562, "y": 0.000976562},
    "vertices": [
        0.000488281, 0.227051, 6.27146e-07, 0.00146484, 0.227051, -0.000390399, 0.00244141, 0.227051, -0.000778816, 0.00341797, 0.227051, -0.00116204, 0.00439453, 0.227051, -0.00153754, 0.00537109, 0.227051, -0.00190285, 0.00634766, 0.227051, -0.00225561, 0.00732422, 0.227051, -0.00259357, 
        0.000488281, 0.228027, 6.40762e-07, 0.00146484, 0.228027, -0.00041511, 0.00244141, 0.228027, -0.000828023, 0.00341797, 0.228027, -0.00123529, 0.00439453, 0.228027, -0.00163415, 0.00537109, 0.228027, -0.00202193, 0.00634766, 0.228027, -0.00239606, 0.00732422, 0.228027, -0.0027541, 
        0.000488281, 0.229004, 6.54624e-07, 0.00146484, 0.229004, -0.000436984, 0.00244141, 0.229004, -0.000871583, 0.00341797, 0.229004, -0.00130013, 0.00439453, 0.229004, -0.00171968, 0.00537109, 0.229004, -0.00212736, 0.00634766, 0.229004, -0.00252042, 0.00732422, 0.229004, -0.00289624, 
        0.000488281, 0.22998, 6.68734e-07, 0.00146484, 0.22998, -0.00045582, 0.00244141, 0.22998, -0.000909096, 0.00341797, 0.22998, -0.00135598, 0.00439453, 0.22998, -0.00179335, 0.00537109, 0.22998, -0.00221817, 0.00634766, 0.22998, -0.00262755, 0.00732422, 0.22998, -0.0030187, 
        0.000488281, 0.230957, 6.83095e-07, 0.00146484, 0.230957, -0.000471443, 0.00244141, 0.230957, -0.000940214, 0.00341797, 0.230957, -0.00140231, 0.00439453, 0.230957, -0.00185447, 0.00537109, 0.230957, -0.00229353, 0.00634766, 0.230957, -0.00271645, 0.00732422, 0.230957, -0.00312036, 
        0.000488281, 0.231934, 6.97711e-07, 0.00146484, 0.231934, -0.000483712, 0.00244141, 0.231934, -0.000964657, 0.00341797, 0.231934, -0.00143871, 0.00439453, 0.231934, -0.00190249, 0.00537109, 0.231934, -0.00235275, 0.00634766, 0.231934, -0.00278634, 0.00732422, 0.231934, -0.00320028, 
        0.000488281, 0.23291, 7.12585e-07, 0.00146484, 0.23291, -0.000492517, 0.00244141, 0.23291, -0.000982205, 0.00341797, 0.23291, -0.00146484, 0.00439453, 0.23291, -0.00193699, 0.00537109, 0.23291, -0.00239531, 0.00634766, 0.23291, -0.00283658, 0.00732422, 0.23291, -0.00325777, 
        0.000488281, 0.233887, 7.2772e-07, 0.00146484, 0.233887, -0.000497781, 0.00244141, 0.233887, -0.000992703, 0.00341797, 0.233887, -0.00148049, 0.00439453, 0.233887, -0.00195766, 0.00537109, 0.233887, -0.00242082, 0.00634766, 0.233887, -0.00286674, 0.00732422, 0.233887, -0.00329232
    ]
}
