{
    "level": 0,
    "idx": {"x": 0, "y": 109},
    "dim": {"x": 8, "y": 8},
    "offset": {"x": 0.000488281, "y": 0.852051},
    "cellSize": {"x": 0.000976562, "y": 0.000976562},
    "vertices": [
        0.000488281, 0.852051, 8.52595e-08, 0.00146484, 0.852051, -0.000329497, 0.00244141, 0.852051, -0.00065635, 0.00341797, 0.852051, -0.000977774, 0.00439453, 0.852051, -0.00129112, 0.00537109, 0.852051, -0.00159381, 0.00634766, 0.852051, -0.00188338, 0.00732422, 0.852051, -0.00215749, 
        0.000488281, 0.853027, 8.29227e-08, 0.00146484, 0.853027, -0.00035382, 0.00244141, 0.853027, -0.000704782, 0.00341797, 0.853027, -0.00104989, 0.00439453, 0.853027, -0.00138629, 0.00537109, 0.853027, -0.00171121, 0.00634766, 0.853027, -0.00202198, 0.00732422, 0.853027, -0.00231609, 
        0.000488281, 0.854004, 8.06435e-08, 0.00146484, 0.854004, -0.000375204, 0.00244141, 0.854004, -0.000747363, 0.00341797, 0.854004, -0.0011133, 0.00439453, 0.854004, -0.00146999, 0.00537109, 0.854004, -0.00181447, 0.00634766, 0.854004, -0.00214392, 0.00732422, 0.854004, -0.00245566, 
        0.000488281, 0.85498, 7.84212e-08, 0.00146484, 0.85498, -0.000393462, 0.00244141, 0.85498, -0.000783723, 0.00341797, 0.85498, -0.00116746, 0.00439453, 0.85498, -0.00154148, 0.00537109, 0.85498, -0.00190269, 0.00634766, 0.85498, -0.00224814, 0.00732422, 0.85498, -0.00257499, 
        0.000488281, 0.855957, 7.6254e-08, 0.00146484, 0.855957, -0.000408442, 0.00244141, 0.855957, -0.000813557, 0.00341797, 0.855957, -0.0012119, 0.00439453, 0.855957, -0.00160017, 0.00537109, 0.855957, -0.00197515, 0.00634766, 0.855957, -0.00233377, 0.00732422, 0.855957, -0.0026731, 
        0.000488281, 0.856934, 7.41412e-08, 0.00146484, 0.856934, -0.000420018, 0.00244141, 0.856934, -0.000836618, 0.00341797, 0.856934, -0.00124627, 0.00439453, 0.856934, -0.00164557, 0.00537109, 0.856934, -0.00203124, 0.00634766, 0.856934, -0.00240011, 0.00732422, 0.856934, -0.00274918, 
        0.000488281, 0.85791, 7.20812e-08, 0.00146484, 0.85791, -0.000428103, 0.00244141, 0.85791, -0.000852729, 0.00341797, 0.85791, -0.00127029, 0.00439453, 0.85791, -0.00167734, 0.00537109, 0.85791, -0.00207053, 0.00634766, 0.85791, -0.00244665, 0.00732422, 0.85791, -0.00280265, 
        0.000488281, 0.858887, 7.00731e-08, 0.00146484, 0.858887, -0.000432639, 0.00244141, 0.858887, -0.000861775, 0.00341797, 0.858887, -0.0012838, 0.00439453, 0.858887, -0.00169525, 0.00537109, 0.858887, -0.00209275, 0.00634766, 0.858887, -0.00247307, 0.00732422, 0.858887, -0.00283314
    ]
}
