{
    "level": 0,
    "idx": {"x": 107, "y": 41},
    "dim": {"x": 8, "y": 8},
    "offset": {"x": 0.836426, "y": 0.320801},
    "cellSize": {"x": 0.000976562, "y": 0.000976562},
    "vertices": [
        0.836426, 0.320801, 0.00273414, 0.837402, 0.320801, 0.0025314, 0.838379, 0.320801, 0.00231414, 0.839355, 0.320801, 0.00208452, 0.840332, 0.320801, 0.00184486, 0.841309, 0.320801, 0.00159755, 0.842285, 0.320801, 0.00134509, 0.843262, 0.320801, 0.00109, 
        0.836426, 0.321777, 0.00289189, 0.837402, 0.321777, 0.00266775, 0.838379, 0.321777, 0.0024278, 0.839355, 0.321777, 0.00217438, 0.840332, 0.321777, 0.00191003, 0.841309, 0.321777, 0.00163733, 0.842285, 0.321777, 0.00135901, 0.843262, 0.321777, 0.00107781, 
        0.836426, 0.322754, 0.00303116, 0.837402, 0.322754, 0.00278785, 0.838379, 0.322754, 0.00252759, 0.839355, 0.322754, 0.00225289, 0.840332, 0.322754, 0.00196646, 0.841309, 0.322754, 0.00167108, 0.842285, 0.322754, 0.00136967, 0.843262, 0.322754, 0.00106516, 
        0.836426, 0.32373, 0.00315063, 0.837402, 0.32373, 0.00289054, 0.838379, 0.32373, 0.00261252, 0.839355, 0.32373, 0.00231923, 0.840332, 0.32373, 0.00201354, 0.841309, 0.32373, 0.00169838, 0.842285, 0.32373, 0.00137685, 0.843262, 0.32373, 0.00105202, 
        0.836426, 0.324707, 0.00324921, 0.837402, 0.324707, 0.00297484, 0.838379, 0.324707, 0.00268176, 0.839355, 0.324707, 0.00237272, 0.840332, 0.324707, 0.00205075, 0.841309, 0.324707, 0.00171887, 0.842285, 0.324707, 0.00138035, 0.843262, 0.324707, 0.00103839, 
        0.836426, 0.325684, 0.00332596, 0.837402, 0.325684, 0.00303995, 0.838379, 0.325684, 0.00273462, 0.839355, 0.325684, 0.00241282, 0.840332, 0.325684, 0.00207765, 0.841309, 0.325684, 0.00173227, 0.842285, 0.325684, 0.00138003, 0.843262, 0.325684, 0.00102424, 
        0.836426, 0.32666, 0.0033802, 0.837402, 0.32666, 0.00308526, 0.838379, 0.32666, 0.00277058, 0.839355, 0.32666, 0.00243908, 0.840332, 0.32666, 0.00209394, 0.841309, 0.32666, 0.00173836, 0.842285, 0.32666, 0.00137577, 0.843262, 0.32666, 0.00100956, 
        0.836426, 0.327637, 0.00341143, 0.837402, 0.327637, 0.00311034, 0.838379, 0.327637, 0.00278929, 0.839355, 0.327637, 0.00245122, 0.840332, 0.327637, 0.00209937, 0.841309, 0.327637, 0.00173697, 0.842285, 0.327637, 0.00136749, 0.843262, 0.327637, 0.000994359
    ]
}
