{
    "level": 0,
    "idx": {"x": 100, "y": 47},
    "dim": {"x": 8, "y": 8},
    "offset": {"x": 0.781738, "y": 0.367676},
    "cellSize": {"x": 0.000976562, "y": 0.000976562},
    "vertices": [
        0.781738, 0.367676, 0.00991658, 0.782715, 0.367676, 0.00998552, 0.783691, 0.367676, 0.0100514, 0.784668, 0.367676, 0.0101118, 0.785645, 0.367676, 0.0101645, 0.786621, 0.367676, 0.0102072, 0.787598, 0.367676, 0.0102377, 0.788574, 0.367676, 0.0102542, 
        0.781738, 0.368652, 0.010048, 0.782715, 0.368652, 0.010087, 0.783691, 0.368652, 0.0101233, 0.784668, 0.368652, 0.010155, 0.785645, 0.368652, 0.0101798, 0.786621, 0.368652, 0.0101959, 0.787598, 0.368652, 0.0102013, 0.788574, 0.368652, 0.0101944, 
        0.781738, 0.369629, 0.0101767, 0.782715, 0.369629, 0.0101835, 0.783691, 0.369629, 0.0101883, 0.784668, 0.369629, 0.0101891, 0.785645, 0.369629, 0.0101842, 0.786621, 0.369629, 0.0101718, 0.787598, 0.369629, 0.0101504, 0.788574, 0.369629, 0.0101183, 
        0.781738, 0.370605, 0.0103028, 0.782715, 0.370605, 0.0102757, 0.783691, 0.370605, 0.010247, 0.784668, 0.370605, 0.0102152, 0.785645, 0.370605, 0.0101788, 0.786621, 0.370605, 0.0101364, 0.787598, 0.370605, 0.0100866, 0.788574, 0.370605, 0.0100281, 
        0.781738, 0.371582, 0.0104265, 0.782715, 0.371582, 0.0103638, 0.783691, 0.371582, 0.0103002, 0.784668, 0.371582, 0.0102344, 0.785645, 0.371582, 0.0101652, 0.786621, 0.371582, 0.0100914, 0.787598, 0.371582, 0.0100119, 0.788574, 0.371582, 0.00992579, 
        0.781738, 0.372559, 0.0105479, 0.782715, 0.372559, 0.0104486, 0.783691, 0.372559, 0.0103489, 0.784668, 0.372559, 0.0102478, 0.785645, 0.372559, 0.0101446, 0.786621, 0.372559, 0.0100384, 0.787598, 0.372559, 0.0099283, 0.788574, 0.372559, 0.00981364, 
        0.781738, 0.373535, 0.0106675, 0.782715, 0.373535, 0.0105305, 0.783691, 0.373535, 0.0103938, 0.784668, 0.373535, 0.0102567, 0.785645, 0.373535, 0.0101187, 0.786621, 0.373535, 0.00997925, 0.787598, 0.373535, 0.00983782, 0.788574, 0.373535, 0.00969396, 
        0.781738, 0.374512, 0.0107852, 0.782715, 0.374512, 0.0106102, 0.783691, 0.374512, 0.0104359, 0.784668, 0.374512, 0.0102623, 0.785645, 0.374512, 0.010089, 0.786621, 0.374512, 0.00991581, 0.787598, 0.374512, 0.00974259, 0.788574, 0.374512, 0.00956911
    ]
}
