{
    "level": 0,
    "idx": {"x": 106, "y": 96},
    "dim": {"x": 8, "y": 8},
    "offset": {"x": 0.828613, "y": 0.750488},
    "cellSize": {"x": 0.000976562, "y": 0.000976562},
    "vertices": [
        0.828613, 0.750488, 0.00120131, 0.82959, 0.750488, 0.00105218, 0.830566, 0.750488, 0.000900419, 0.831543, 0.750488, 0.000746168, 0.83252, 0.750488, 0.000589528, 0.833496, 0.750488, 0.000430673, 0.834473, 0.750488, 0.000269756, 0.835449, 0.750488, 0.000106982, 
        0.828613, 0.751465, 0.00155947, 0.82959, 0.751465, 0.00140587, 0.830566, 0.751465, 0.00124617, 0.831543, 0.751465, 0.00108059, 0.83252, 0.751465, 0.000909333, 0.833496, 0.751465, 0.000732721, 0.834473, 0.751465, 0.000551076, 0.835449, 0.751465, 0.000364809, 
        0.828613, 0.752441, 0.00191131, 0.82959, 0.752441, 0.00175337, 0.830566, 0.752441, 0.00158592, 0.831543, 0.752441, 0.00140925, 0.83252, 0.752441, 0.00122367, 0.833496, 0.752441, 0.00102965, 0.834473, 0.752441, 0.000827675, 0.835449, 0.752441, 0.000618362, 
        0.828613, 0.753418, 0.00225343, 0.82959, 0.753418, 0.00209132, 0.830566, 0.753418, 0.00191638, 0.831543, 0.753418, 0.00172896, 0.83252, 0.753418, 0.00152949, 0.833496, 0.753418, 0.00131858, 0.834473, 0.753418, 0.00109688, 0.835449, 0.753418, 0.00086519, 
        0.828613, 0.754395, 0.00258244, 0.82959, 0.754395, 0.00241637, 0.830566, 0.754395, 0.00223427, 0.831543, 0.754395, 0.00203656, 0.83252, 0.754395, 0.00182378, 0.833496, 0.754395, 0.00159667, 0.834473, 0.754395, 0.00135603, 0.835449, 0.754395, 0.00110285, 
        0.828613, 0.755371, 0.00289508, 0.82959, 0.755371, 0.0027253, 0.830566, 0.755371, 0.00253644, 0.831543, 0.755371, 0.00232901, 0.83252, 0.755371, 0.00210363, 0.833496, 0.755371, 0.00186115, 0.834473, 0.755371, 0.00160255, 0.835449, 0.755371, 0.00132898, 
        0.828613, 0.756348, 0.00318831, 0.82959, 0.756348, 0.00301512, 0.830566, 0.756348, 0.00281998, 0.831543, 0.756348, 0.00260348, 0.83252, 0.756348, 0.00236631, 0.833496, 0.756348, 0.00210947, 0.834473, 0.756348, 0.00183406, 0.835449, 0.756348, 0.0015414, 
        0.828613, 0.757324, 0.00345919, 0.82959, 0.757324, 0.00328291, 0.830566, 0.757324, 0.00308204, 0.831543, 0.757324, 0.00285721, 0.83252, 0.757324, 0.00260922, 0.833496, 0.757324, 0.00233915, 0.834473, 0.757324, 0.00204825, 0.835449, 0.757324, 0.00173799
    ]
}
