{
    "level": 0,
    "idx": {"x": 10, "y": 97},
    "dim": {"x": 8, "y": 8},
    "offset": {"x": 0.0786133, "y": 0.758301},
    "cellSize": {"x": 0.000976562, "y": 0.000976562},
    "vertices": [
        0.0786133, 0.758301, 0.0102253, 0.0795898, 0.758301, 0.0102219, 0.0805664, 0.758301, 0.0101887, 0.081543, 0.758301, 0.0101263, 0.0825195, 0.758301, 0.0100351, 0.0834961, 0.758301, 0.00991619, 0.0844727, 0.758301, 0.00977071, 0.0854492, 0.758301, 0.00960007, 
        0.0786133, 0.759277, 0.010428, 0.0795898, 0.759277, 0.0104233, 0.0805664, 0.759277, 0.0103867, 0.081543, 0.759277, 0.0103186, 0.0825195, 0.759277, 0.0102197, 0.0834961, 0.759277, 0.0100911, 0.0844727, 0.759277, 0.00993406, 0.0854492, 0.759277, 0.00975002, 
        0.0786133, 0.760254, 0.0105986, 0.0795898, 0.760254, 0.0105928, 0.0805664, 0.760254, 0.0105531, 0.081543, 0.760254, 0.0104801, 0.0825195, 0.760254, 0.0103746, 0.0834961, 0.760254, 0.0102376, 0.0844727, 0.760254, 0.0100704, 0.0854492, 0.760254, 0.00987476, 
        0.0786133, 0.76123, 0.0107353, 0.0795898, 0.76123, 0.0107285, 0.0805664, 0.76123, 0.0106862, 0.081543, 0.76123, 0.0106092, 0.0825195, 0.76123, 0.010498, 0.0834961, 0.76123, 0.0103539, 0.0844727, 0.76123, 0.0101783, 0.0854492, 0.76123, 0.00997282, 
        0.0786133, 0.762207, 0.0108364, 0.0795898, 0.762207, 0.0108287, 0.0805664, 0.762207, 0.0107845, 0.081543, 0.762207, 0.0107041, 0.0825195, 0.762207, 0.0105884, 0.0834961, 0.762207, 0.0104387, 0.0844727, 0.762207, 0.0102563, 0.0854492, 0.762207, 0.010043, 
        0.0786133, 0.763184, 0.0109006, 0.0795898, 0.763184, 0.0108924, 0.0805664, 0.763184, 0.0108466, 0.081543, 0.763184, 0.0107637, 0.0825195, 0.763184, 0.0106448, 0.0834961, 0.763184, 0.0104908, 0.0844727, 0.763184, 0.0103034, 0.0854492, 0.763184, 0.0100843, 
        0.0786133, 0.76416, 0.0109271, 0.0795898, 0.76416, 0.0109185, 0.0805664, 0.76416, 0.0108716, 0.081543, 0.76416, 0.0107872, 0.0825195, 0.76416, 0.0106661, 0.0834961, 0.76416, 0.0105094, 0.0844727, 0.76416, 0.0103188, 0.0854492, 0.76416, 0.0100961, 
        0.0786133, 0.765137, 0.0109152, 0.0795898, 0.765137, 0.0109064, 0.0805664, 0.765137, 0.0108591, 0.081543, 0.765137, 0.010774, 0.0825195, 0.765137, 0.0106519, 0.0834961, 0.765137, 0.0104941, 0.0844727, 0.765137, 0.0103021, 0.0854492, 0.765137, 0.0100778
    ]
}
