{
    "level": 0,
    "idx": {"x": 104, "y": 102},
    "dim": {"x": 8, "y": 8},
    "offset": {"x": 0.812988, "y": 0.797363},
    "cellSize": {"x": 0.000976562, "y": 0.000976562},
    "vertices": [
        0.812988, 0.797363, 0.00158715, 0.813965, 0.797363, 0.00113868, 0.814941, 0.797363, 0.000696161, 0.815918, 0.797363, 0.000263006, 0.816895, 0.797363, -0.000157336, 0.817871, 0.797363, -0.000561673, 0.818848, 0.797363, -0.000946844, 0.819824, 0.797363, -0.00131, 
        0.812988, 0.79834, 0.00154696, 0.813965, 0.79834, 0.00110502, 0.814941, 0.79834, 0.000668953, 0.815918, 0.79834, 0.00024214, 0.816895, 0.79834, -0.000172015, 0.817871, 0.79834, -0.000570361, 0.818848, 0.79834, -0.000949777, 0.819824, 0.79834, -0.00130745, 
        0.812988, 0.799316, 0.00150912, 0.813965, 0.799316, 0.00107719, 0.814941, 0.799316, 0.00065102, 0.815918, 0.799316, 0.000233891, 0.816895, 0.799316, -0.000170863, 0.817871, 0.799316, -0.00056016, 0.818848, 0.799316, -0.000930949, 0.819824, 0.799316, -0.00128048, 
        0.812988, 0.800293, 0.00147357, 0.813965, 0.800293, 0.00105508, 0.814941, 0.800293, 0.000642156, 0.815918, 0.800293, 0.000237976, 0.816895, 0.800293, -0.000154232, 0.817871, 0.800293, -0.000531489, 0.818848, 0.800293, -0.000890841, 0.819824, 0.800293, -0.00122963, 
        0.812988, 0.80127, 0.00144024, 0.813965, 0.80127, 0.00103849, 0.814941, 0.80127, 0.000642063, 0.815918, 0.80127, 0.000253994, 0.816895, 0.80127, -0.000122627, 0.817871, 0.80127, -0.00048495, 0.818848, 0.80127, -0.000830148, 0.819824, 0.80127, -0.00115567, 
        0.812988, 0.802246, 0.00140903, 0.813965, 0.802246, 0.00102719, 0.814941, 0.802246, 0.000650356, 0.815918, 0.802246, 0.00028142, 0.816895, 0.802246, -7.67059e-05, 0.817871, 0.802246, -0.000421327, 0.818848, 0.802246, -0.000749772, 0.819824, 0.802246, -0.00105963, 
        0.812988, 0.803223, 0.00137979, 0.813965, 0.803223, 0.00102085, 0.814941, 0.803223, 0.000666565, 0.815918, 0.803223, 0.000319623, 0.816895, 0.803223, -1.72552e-05, 0.817871, 0.803223, -0.000341556, 0.818848, 0.803223, -0.000650786, 0.819824, 0.803223, -0.000942702, 
        0.812988, 0.804199, 0.0013524, 0.813965, 0.804199, 0.00101914, 0.814941, 0.804199, 0.000690138, 0.815918, 0.804199, 0.000367853, 0.816895, 0.804199, 5.47872e-05, 0.817871, 0.804199, -0.000246753, 0.818848, 0.804199, -0.000534478, 0.819824, 0.804199, -0.000806327
    ]
}
