{
    "level": 0,
    "idx": {"x": 106, "y": 119},
    "dim": {"x": 8, "y": 8},
    "offset": {"x": 0.828613, "y": 0.930176},
    "cellSize": {"x": 0.000976562, "y": 0.000976562},
    "vertices": [
        0.828613, 0.930176, -0.00298841, 0.82959, 0.930176, -0.00282472, 0.830566, 0.930176, -0.00263807, 0.831543, 0.930176, -0.00242908, 0.83252, 0.930176, -0.00219847, 0.833496, 0.930176, -0.00194726, 0.834473, 0.930176, -0.0016766, 0.835449, 0.930176, -0.00138789, 
        0.828613, 0.931152, -0.00269199, 0.82959, 0.931152, -0.00253274, 0.830566, 0.931152, -0.00235334, 0.831543, 0.931152, -0.00215431, 0.83252, 0.931152, -0.00193631, 0.833496, 0.931152, -0.00170025, 0.834473, 0.931152, -0.00144712, 0.835449, 0.931152, -0.00117816, 
        0.828613, 0.932129, -0.00237515, 0.82959, 0.932129, -0.00222065, 0.830566, 0.932129, -0.00204898, 0.831543, 0.932129, -0.00186061, 0.83252, 0.932129, -0.0016561, 0.833496, 0.932129, -0.00143621, 0.834473, 0.932129, -0.00120182, 0.835449, 0.932129, -0.000953971, 
        0.828613, 0.933105, -0.00204088, 0.82959, 0.933105, -0.00189138, 0.830566, 0.933105, -0.00172789, 0.831543, 0.933105, -0.00155076, 0.83252, 0.933105, -0.00136047, 0.833496, 0.933105, -0.00115767, 0.834473, 0.933105, -0.000943044, 0.835449, 0.933105, -0.00071747, 
        0.828613, 0.934082, -0.0016924, 0.82959, 0.934082, -0.00154815, 0.830566, 0.934082, -0.00139317, 0.831543, 0.934082, -0.00122778, 0.83252, 0.934082, -0.00105234, 0.833496, 0.934082, -0.00086734, 0.834473, 0.934082, -0.000673335, 0.835449, 0.934082, -0.000470993, 
        0.828613, 0.935059, -0.00133301, 0.82959, 0.935059, -0.00119417, 0.830566, 0.935059, -0.00104801, 0.831543, 0.935059, -0.000894736, 0.83252, 0.935059, -0.000734611, 0.833496, 0.935059, -0.000567997, 0.834473, 0.935059, -0.000395269, 0.835449, 0.935059, -0.0002169, 
        0.828613, 0.936035, -0.000966186, 0.82959, 0.936035, -0.000832907, 0.830566, 0.936035, -0.000695753, 0.831543, 0.936035, -0.000554872, 0.83252, 0.936035, -0.000410407, 0.833496, 0.936035, -0.000262575, 0.834473, 0.936035, -0.000111583, 0.835449, 0.936035, 4.22981e-05, 
        0.828613, 0.937012, -0.000595376, 0.82959, 0.937012, -0.000467745, 0.830566, 0.937012, -0.000339732, 0.831543, 0.937012, -0.000211407, 0.83252, 0.937012, -8.27989e-05, 0.833496, 0.937012, 4.60194e-05, 0.834473, 0.937012, 0.000175014, 0.835449, 0.937012, 0.000304118
    ]
}
