{
    "level": 0,
    "idx": {"x": 103, "y": 33},
    "dim": {"x": 8, "y": 8},
    "offset": {"x": 0.805176, "y": 0.258301},
    "cellSize": {"x": 0.000976562, "y": 0.000976562},
    "vertices": [
        0.805176, 0.258301, -0.00481918, 0.806152, 0.258301, -0.00450474, 0.807129, 0.258301, -0.00417375, 0.808105, 0.258301, -0.00382849, 0.809082, 0.258301, -0.00347125, 0.810059, 0.258301, -0.00310455, 0.811035, 0.258301, -0.00273087, 0.812012, 0.258301, -0.00235282, 
        0.805176, 0.259277, -0.00495137, 0.806152, 0.259277, -0.0046189, 0.807129, 0.259277, -0.00426854, 0.808105, 0.259277, -0.00390278, 0.809082, 0.259277, -0.00352411, 0.810059, 0.259277, -0.00313527, 0.811035, 0.259277, -0.00273894, 0.812012, 0.259277, -0.00233798, 
        0.805176, 0.260254, -0.00506358, 0.806152, 0.260254, -0.00471534, 0.807129, 0.260254, -0.00434804, 0.808105, 0.260254, -0.00396434, 0.809082, 0.260254, -0.00356691, 0.810059, 0.260254, -0.00315868, 0.811035, 0.260254, -0.00274252, 0.812012, 0.260254, -0.00232148, 
        0.805176, 0.26123, -0.00515449, 0.806152, 0.26123, -0.00479291, 0.807129, 0.26123, -0.00441126, 0.808105, 0.26123, -0.00401236, 0.809082, 0.26123, -0.00359902, 0.810059, 0.26123, -0.00317434, 0.811035, 0.26123, -0.00274136, 0.812012, 0.26123, -0.00230329, 
        0.805176, 0.262207, -0.00522298, 0.806152, 0.262207, -0.0048506, 0.807129, 0.262207, -0.00445734, 0.808105, 0.262207, -0.00404613, 0.809082, 0.262207, -0.0036199, 0.810059, 0.262207, -0.00318188, 0.811035, 0.262207, -0.00273526, 0.812012, 0.262207, -0.00228338, 
        0.805176, 0.263184, -0.0052681, 0.806152, 0.263184, -0.0048876, 0.807129, 0.263184, -0.00448559, 0.808105, 0.263184, -0.00406508, 0.809082, 0.263184, -0.00362911, 0.810059, 0.263184, -0.00318101, 0.811035, 0.263184, -0.00272406, 0.812012, 0.263184, -0.00226172, 
        0.805176, 0.26416, -0.00528914, 0.806152, 0.26416, -0.00490328, 0.807129, 0.26416, -0.00449547, 0.808105, 0.26416, -0.00406878, 0.809082, 0.26416, -0.00362632, 0.810059, 0.26416, -0.00317148, 0.811035, 0.26416, -0.00270763, 0.812012, 0.26416, -0.00223831, 
        0.805176, 0.265137, -0.0052856, 0.806152, 0.265137, -0.00489721, 0.807129, 0.265137, -0.00448661, 0.808105, 0.265137, -0.00405691, 0.809082, 0.265137, -0.00361128, 0.810059, 0.265137, -0.00315314, 0.811035, 0.265137, -0.00268589, 0.812012, 0.265137, -0.00221312
    ]
}
