{
    "level": 0,
    "idx": {"x": 104, "y": 108},
    "dim": {"x": 8, "y": 8},
    "offset": {"x": 0.812988, "y": 0.844238},
    "cellSize": {"x": 0.000976562, "y": 0.000976562},
    "vertices": [
        0.812988, 0.844238, -0.000558354, 0.813965, 0.844238, -0.000562671, 0.814941, 0.844238, -0.000566244, 0.815918, 0.844238, -0.000568795, 0.816895, 0.844238, -0.000570056, 0.817871, 0.844238, -0.000569767, 0.818848, 0.844238, -0.000567684, 0.819824, 0.844238, -0.000563577, 
        0.812988, 0.845215, -0.000638498, 0.813965, 0.845215, -0.000676041, 0.814941, 0.845215, -0.000712197, 0.815918, 0.845215, -0.000746358, 0.816895, 0.845215, -0.000777922, 0.817871, 0.845215, -0.000806322, 0.818848, 0.845215, -0.000831007, 0.819824, 0.845215, -0.000851472, 
        0.812988, 0.846191, -0.000717877, 0.813965, 0.846191, -0.000788021, 0.814941, 0.846191, -0.000856147, 0.815918, 0.846191, -0.000921321, 0.816895, 0.846191, -0.000982617, 0.817871, 0.846191, -0.00103916, 0.818848, 0.846191, -0.0010901, 0.819824, 0.846191, -0.00113467, 
        0.812988, 0.847168, -0.000796192, 0.813965, 0.847168, -0.000897974, 0.814941, 0.847168, -0.000997124, 0.815918, 0.847168, -0.00109239, 0.816895, 0.847168, -0.00118253, 0.817871, 0.847168, -0.00126638, 0.818848, 0.847168, -0.00134279, 0.819824, 0.847168, -0.00141073, 
        0.812988, 0.848145, -0.000873171, 0.813965, 0.848145, -0.00100531, 0.814941, 0.848145, -0.00113422, 0.815918, 0.848145, -0.00125835, 0.816895, 0.848145, -0.00137616, 0.817871, 0.848145, -0.00148619, 0.818848, 0.848145, -0.00158702, 0.819824, 0.848145, -0.00167736, 
        0.812988, 0.849121, -0.000948528, 0.813965, 0.849121, -0.00110941, 0.814941, 0.849121, -0.00126651, 0.815918, 0.849121, -0.00141797, 0.816895, 0.849121, -0.00156198, 0.817871, 0.849121, -0.00169678, 0.818848, 0.849121, -0.00182072, 0.819824, 0.849121, -0.00193225, 
        0.812988, 0.850098, -0.00102201, 0.813965, 0.850098, -0.00120974, 0.814941, 0.850098, -0.00139316, 0.815918, 0.850098, -0.00157015, 0.816895, 0.850098, -0.0017386, 0.817871, 0.850098, -0.00189653, 0.818848, 0.850098, -0.00204202, 0.819824, 0.850098, -0.00217329, 
        0.812988, 0.851074, -0.00109337, 0.813965, 0.851074, -0.00130576, 0.814941, 0.851074, -0.00151336, 0.815918, 0.851074, -0.00171378, 0.816895, 0.851074, -0.00190467, 0.817871, 0.851074, -0.00208382, 0.818848, 0.851074, -0.00224907, 0.819824, 0.851074, -0.00239844
    ]
}
