{
    "level": 0,
    "idx": {"x": 106, "y": 103},
    "dim": {"x": 8, "y": 8},
    "offset": {"x": 0.828613, "y": 0.805176},
    "cellSize": {"x": 0.000976562, "y": 0.000976562},
    "vertices": [
        0.828613, 0.805176, -0.00202497, 0.82959, 0.805176, -0.00206524, 0.830566, 0.805176, -0.00208243, 0.831543, 0.805176, -0.00207704, 0.83252, 0.805176, -0.00204979, 0.833496, 0.805176, -0.00200162, 0.834473, 0.805176, -0.00193365, 0.835449, 0.805176, -0.0018472, 
        0.828613, 0.806152, -0.00174639, 0.82959, 0.806152, -0.00178812, 0.830566, 0.806152, -0.00180955, 0.831543, 0.806152, -0.0018111, 0.83252, 0.806152, -0.00179341, 0.833496, 0.806152, -0.00175729, 0.834473, 0.806152, -0.00170374, 0.835449, 0.806152, -0.00163393, 
        0.828613, 0.807129, -0.00144725, 0.82959, 0.807129, -0.00149069, 0.830566, 0.807129, -0.00151678, 0.831543, 0.807129, -0.0015259, 0.83252, 0.807129, -0.00151858, 0.833496, 0.807129, -0.00149552, 0.834473, 0.807129, -0.00145756, 0.835449, 0.807129, -0.00140569, 
        0.828613, 0.808105, -0.00113058, 0.82959, 0.808105, -0.00117593, 0.830566, 0.808105, -0.00120707, 0.831543, 0.808105, -0.00122429, 0.83252, 0.808105, -0.00122804, 0.833496, 0.808105, -0.00121888, 0.834473, 0.808105, -0.0011975, 0.835449, 0.808105, -0.0011647, 
        0.828613, 0.809082, -0.000799517, 0.82959, 0.809082, -0.000846945, 0.830566, 0.809082, -0.00088343, 0.831543, 0.809082, -0.000909195, 0.83252, 0.809082, -0.000924576, 0.833496, 0.809082, -0.000930004, 0.834473, 0.809082, -0.000926007, 0.835449, 0.809082, -0.000913203, 
        0.828613, 0.810059, -0.000457416, 0.82959, 0.810059, -0.000507044, 0.830566, 0.810059, -0.000549104, 0.831543, 0.810059, -0.000583743, 0.83252, 0.810059, -0.000611189, 0.833496, 0.810059, -0.000631734, 0.834473, 0.810059, -0.00064574, 0.835449, 0.810059, -0.000653629, 
        0.828613, 0.811035, -0.000107642, 0.82959, 0.811035, -0.000159551, 0.830566, 0.811035, -0.00020734, 0.831543, 0.811035, -0.000251077, 0.83252, 0.811035, -0.000290884, 0.833496, 0.811035, -0.000326907, 0.834473, 0.811035, -0.000359341, 0.835449, 0.811035, -0.000388406, 
        0.828613, 0.812012, 0.000246288, 0.82959, 0.812012, 0.000192061, 0.830566, 0.812012, 0.000138467, 0.831543, 0.812012, 8.55163e-05, 0.83252, 0.812012, 3.31963e-05, 0.833496, 0.812012, -1.84944e-05, 0.834473, 0.812012, -6.95791e-05, 0.835449, 0.812012, -0.000120075
    ]
}
