{
    "level": 0,
    "idx": {"x": 100, "y": 66},
    "dim": {"x": 8, "y": 8},
    "offset": {"x": 0.781738, "y": 0.516113},
    "cellSize": {"x": 0.000976562, "y": 0.000976562},
    "vertices": [
        0.781738, 0.516113, 0.00991856, 0.782715, 0.516113, 0.00931216, 0.783691, 0.516113, 0.00871757, 0.784668, 0.516113, 0.00813826, 0.785645, 0.516113, 0.00757745, 0.786621, 0.516113, 0.00703838, 0.787598, 0.516113, 0.00652397, 0.788574, 0.516113, 0.00603708, 
        0.781738, 0.51709, 0.00979737, 0.782715, 0.51709, 0.00919627, 0.783691, 0.51709, 0.00860697, 0.784668, 0.51709, 0.00803289, 0.785645, 0.51709, 0.0074772, 0.786621, 0.51709, 0.00694311, 0.787598, 0.51709, 0.00643353, 0.788574, 0.51709, 0.00595127, 
        0.781738, 0.518066, 0.00967867, 0.782715, 0.518066, 0.0090864, 0.783691, 0.518066, 0.00850581, 0.784668, 0.518066, 0.00794029, 0.785645, 0.518066, 0.00739294, 0.786621, 0.518066, 0.0068669, 0.787598, 0.518066, 0.00636502, 0.788574, 0.518066, 0.00589006, 
        0.781738, 0.519043, 0.00956247, 0.782715, 0.519043, 0.00898244, 0.783691, 0.519043, 0.00841395, 0.784668, 0.519043, 0.00786027, 0.785645, 0.519043, 0.00732441, 0.786621, 0.519043, 0.00680942, 0.787598, 0.519043, 0.00631806, 0.788574, 0.519043, 0.005853, 
        0.781738, 0.52002, 0.00944872, 0.782715, 0.52002, 0.00888426, 0.783691, 0.52002, 0.00833113, 0.784668, 0.52002, 0.00779248, 0.785645, 0.52002, 0.00727117, 0.786621, 0.52002, 0.00677014, 0.787598, 0.52002, 0.00629203, 0.788574, 0.52002, 0.00583941, 
        0.781738, 0.520996, 0.00933735, 0.782715, 0.520996, 0.00879166, 0.783691, 0.520996, 0.00825704, 0.784668, 0.520996, 0.00773646, 0.785645, 0.520996, 0.00723264, 0.786621, 0.520996, 0.00674837, 0.787598, 0.520996, 0.00628614, 0.788574, 0.520996, 0.00584838, 
        0.781738, 0.521973, 0.00922828, 0.782715, 0.521973, 0.00870439, 0.783691, 0.521973, 0.00819125, 0.784668, 0.521973, 0.00769164, 0.785645, 0.521973, 0.0072081, 0.786621, 0.521973, 0.00674324, 0.787598, 0.521973, 0.00629937, 0.788574, 0.521973, 0.00587878, 
        0.781738, 0.522949, 0.0091214, 0.782715, 0.522949, 0.00862214, 0.783691, 0.522949, 0.00813327, 0.784668, 0.522949, 0.00765734, 0.785645, 0.522949, 0.00719669, 0.786621, 0.522949, 0.00675372, 0.787598, 0.522949, 0.00633055, 0.788574, 0.522949, 0.00592928
    ]
}
