{
    "level": 0,
    "idx": {"x": 100, "y": 37},
    "dim": {"x": 8, "y": 8},
    "offset": {"x": 0.781738, "y": 0.289551},
    "cellSize": {"x": 0.000976562, "y": 0.000976562},
    "vertices": [
        0.781738, 0.289551, -0.00230578, 0.782715, 0.289551, -0.0020264, 0.783691, 0.289551, -0.00174923, 0.784668, 0.289551, -0.00147684, 0.785645, 0.289551, -0.00121168, 0.786621, 0.289551, -0.000956189, 0.787598, 0.289551, -0.000712598, 0.788574, 0.289551, -0.00048307, 
        0.781738, 0.290527, -0.00217575, 0.782715, 0.290527, -0.00187478, 0.783691, 0.290527, -0.00157643, 0.784668, 0.290527, -0.0012835, 0.785645, 0.290527, -0.000998646, 0.786621, 0.290527, -0.000724519, 0.787598, 0.290527, -0.000463548, 0.788574, 0.290527, -0.00021808, 
        0.781738, 0.291504, -0.002046, 0.782715, 0.291504, -0.00172625, 0.783691, 0.291504, -0.00140948, 0.784668, 0.291504, -0.0010987, 0.785645, 0.291504, -0.000796756, 0.786621, 0.291504, -0.000506467, 0.787598, 0.291504, -0.000230437, 0.788574, 0.291504, 2.88197e-05, 
        0.781738, 0.29248, -0.00191669, 0.782715, 0.29248, -0.00158119, 0.783691, 0.29248, -0.00124897, 0.784668, 0.29248, -0.000923228, 0.785645, 0.29248, -0.000606959, 0.786621, 0.29248, -0.000303149, 0.787598, 0.29248, -1.45467e-05, 0.788574, 0.29248, 0.000256196, 
        0.781738, 0.293457, -0.00178799, 0.782715, 0.293457, -0.00143991, 0.783691, 0.293457, -0.00109538, 0.784668, 0.293457, -0.000757719, 0.785645, 0.293457, -0.000430062, 0.786621, 0.293457, -0.000115524, 0.787598, 0.293457, 0.000183028, 0.788574, 0.293457, 0.000462826, 
        0.781738, 0.294434, -0.00166004, 0.782715, 0.294434, -0.00130271, 0.783691, 0.294434, -0.000949126, 0.784668, 0.294434, -0.000602727, 0.785645, 0.294434, -0.000266744, 0.786621, 0.294434, 5.56099e-05, 0.787598, 0.294434, 0.000361373, 0.788574, 0.294434, 0.00064769, 
        0.781738, 0.29541, -0.00153295, 0.782715, 0.29541, -0.00116979, 0.783691, 0.29541, -0.000810533, 0.784668, 0.29541, -0.000458676, 0.785645, 0.29541, -0.000117524, 0.786621, 0.29541, 0.000209638, 0.787598, 0.29541, 0.000519787, 0.788574, 0.29541, 0.000810004, 
        0.781738, 0.296387, -0.00140681, 0.782715, 0.296387, -0.00104133, 0.783691, 0.296387, -0.000679833, 0.784668, 0.296387, -0.000325869, 0.785645, 0.296387, 1.72241e-05, 0.786621, 0.296387, 0.000346124, 0.787598, 0.296387, 0.000657772, 0.788574, 0.296387, 0.000949217
    ]
}
