{
    "level": 0,
    "idx": {"x": 10, "y": 61},
    "dim": {"x": 8, "y": 8},
    "offset": {"x": 0.0786133, "y": 0.477051},
    "cellSize": {"x": 0.000976562, "y": 0.000976562},
    "vertices": [
        0.0786133, 0.477051, 0.000586093, 0.0795898, 0.477051, 0.000614273, 0.0805664, 0.477051, 0.000668234, 0.081543, 0.477051, 0.000747574, 0.0825195, 0.477051, 0.000851642, 0.0834961, 0.477051, 0.000979539, 0.0844727, 0.477051, 0.00113013, 0.0854492, 0.477051, 0.00130205, 
        0.0786133, 0.478027, 0.000226808, 0.0795898, 0.478027, 0.000256105, 0.0805664, 0.478027, 0.000313475, 0.081543, 0.478027, 0.000398481, 0.0825195, 0.478027, 0.000510417, 0.0834961, 0.478027, 0.000648307, 0.0844727, 0.478027, 0.000810917, 0.0854492, 0.478027, 0.00099677, 
        0.0786133, 0.479004, -0.000104499, 0.0795898, 0.479004, -7.42479e-05, 0.0805664, 0.479004, -1.39113e-05, 0.081543, 0.479004, 7.60454e-05, 0.0825195, 0.479004, 0.000194865, 0.0834961, 0.479004, 0.000341508, 0.0844727, 0.479004, 0.000514653, 0.0854492, 0.479004, 0.000712723, 
        0.0786133, 0.47998, -0.000405803, 0.0795898, 0.47998, -0.000374773, 0.0805664, 0.47998, -0.000311942, 0.081543, 0.47998, -0.0002178, 0.0825195, 0.47998, -9.31453e-05, 0.0834961, 0.47998, 6.09246e-05, 0.0844727, 0.47998, 0.000243018, 0.0854492, 0.47998, 0.00045147, 
        0.0786133, 0.480957, -0.000675379, 0.0795898, 0.480957, -0.000643756, 0.0805664, 0.480957, -0.000578927, 0.081543, 0.480957, -0.000481406, 0.0825195, 0.480957, -0.000352023, 0.0834961, 0.480957, -0.000191923, 0.0844727, 0.480957, -2.55553e-06, 0.0854492, 0.480957, 0.000214346, 
        0.0786133, 0.481934, -0.000911827, 0.0795898, 0.481934, -0.000879801, 0.0805664, 0.481934, -0.000813493, 0.081543, 0.481934, -0.000713432, 0.0825195, 0.481934, -0.000580475, 0.0834961, 0.481934, -0.0004158, 0.0844727, 0.481934, -0.000220901, 0.0854492, 0.481934, 2.43415e-06, 
        0.0786133, 0.48291, -0.00111404, 0.0795898, 0.48291, -0.00108181, 0.0805664, 0.48291, -0.00101456, 0.081543, 0.48291, -0.000912827, 0.0825195, 0.48291, -0.000777483, 0.0834961, 0.48291, -0.000609732, 0.0844727, 0.48291, -0.000411099, 0.0854492, 0.48291, -0.000183407, 
        0.0786133, 0.483887, -0.0012813, 0.0795898, 0.483887, -0.00124907, 0.0805664, 0.483887, -0.00118141, 0.081543, 0.483887, -0.00107889, 0.0825195, 0.483887, -0.000942368, 0.0834961, 0.483887, -0.000773072, 0.0844727, 0.483887, -0.000572537, 0.0854492, 0.483887, -0.000342605
    ]
}
