{
    "level": 0,
    "idx": {"x": 106, "y": 124},
    "dim": {"x": 8, "y": 8},
    "offset": {"x": 0.828613, "y": 0.969238},
    "cellSize": {"x": 0.000976562, "y": 0.000976562},
    "vertices": [
        0.828613, 0.969238, -0.000690577, 0.82959, 0.969238, -0.000611527, 0.830566, 0.969238, -0.000528998, 0.831543, 0.969238, -0.000443105, 0.83252, 0.969238, -0.000353967, 0.833496, 0.969238, -0.000261763, 0.834473, 0.969238, -0.000166674, 0.835449, 0.969238, -6.89287e-05, 
        0.828613, 0.970215, -0.00104423, 0.82959, 0.970215, -0.000962665, 0.830566, 0.970215, -0.000874166, 0.831543, 0.970215, -0.000778922, 0.83252, 0.970215, -0.000677162, 0.833496, 0.970215, -0.00056921, 0.834473, 0.970215, -0.000455414, 0.835449, 0.970215, -0.000336206, 
        0.828613, 0.971191, -0.00139086, 0.82959, 0.971191, -0.0013069, 0.830566, 0.971191, -0.00121261, 0.831543, 0.971191, -0.00110826, 0.83252, 0.971191, -0.000994181, 0.833496, 0.971191, -0.000870845, 0.834473, 0.971191, -0.000738764, 0.835449, 0.971191, -0.000598567, 
        0.828613, 0.972168, -0.00172698, 0.82959, 0.972168, -0.00164078, 0.830566, 0.972168, -0.00154096, 0.831543, 0.972168, -0.00142785, 0.83252, 0.972168, -0.00130191, 0.833496, 0.972168, -0.00116372, 0.834473, 0.972168, -0.00101398, 0.835449, 0.972168, -0.00085349, 
        0.828613, 0.973145, -0.00204931, 0.82959, 0.973145, -0.00196107, 0.830566, 0.973145, -0.00185604, 0.831543, 0.973145, -0.00173464, 0.83252, 0.973145, -0.0015974, 0.833496, 0.973145, -0.00144507, 0.834473, 0.973145, -0.00127847, 0.835449, 0.973145, -0.00109861, 
        0.828613, 0.974121, -0.00235463, 0.82959, 0.974121, -0.00226458, 0.830566, 0.974121, -0.00215474, 0.831543, 0.974121, -0.0020256, 0.83252, 0.974121, -0.00187779, 0.833496, 0.974121, -0.00171216, 0.834473, 0.974121, -0.0015297, 0.835449, 0.974121, -0.00133158, 
        0.828613, 0.975098, -0.00263986, 0.82959, 0.975098, -0.00254828, 0.830566, 0.975098, -0.00243411, 0.831543, 0.975098, -0.00229788, 0.83252, 0.975098, -0.00214033, 0.833496, 0.975098, -0.00196241, 0.834473, 0.975098, -0.00176526, 0.835449, 0.975098, -0.00155021, 
        0.828613, 0.976074, -0.0029022, 0.82959, 0.976074, -0.00280941, 0.830566, 0.976074, -0.00269143, 0.831543, 0.976074, -0.00254887, 0.83252, 0.976074, -0.00238251, 0.833496, 0.976074, -0.00219345, 0.834473, 0.976074, -0.00198294, 0.835449, 0.976074, -0.00175245
    ]
}
