{
    "level": 0,
    "idx": {"x": 100, "y": 76},
    "dim": {"x": 8, "y": 8},
    "offset": {"x": 0.781738, "y": 0.594238},
    "cellSize": {"x": 0.000976562, "y": 0.000976562},
    "vertices": [
        0.781738, 0.594238, 0.00248545, 0.782715, 0.594238, 0.00239724, 0.783691, 0.594238, 0.00231418, 0.784668, 0.594238, 0.00223599, 0.785645, 0.594238, 0.0021624, 0.786621, 0.594238, 0.00209315, 0.787598, 0.594238, 0.00202797, 0.788574, 0.594238, 0.00196662, 
        0.781738, 0.595215, 0.00247466, 0.782715, 0.595215, 0.00242321, 0.783691, 0.595215, 0.00237627, 0.784668, 0.595215, 0.00233322, 0.785645, 0.595215, 0.00229345, 0.786621, 0.595215, 0.00225638, 0.787598, 0.595215, 0.00222145, 0.788574, 0.595215, 0.00218814, 
        0.781738, 0.596191, 0.0024653, 0.782715, 0.596191, 0.00245005, 0.783691, 0.596191, 0.00243867, 0.784668, 0.596191, 0.0024302, 0.785645, 0.596191, 0.00242371, 0.786621, 0.596191, 0.00241832, 0.787598, 0.596191, 0.00241317, 0.788574, 0.596191, 0.00240744, 
        0.781738, 0.597168, 0.00245711, 0.782715, 0.597168, 0.00247715, 0.783691, 0.597168, 0.00250043, 0.784668, 0.597168, 0.00252567, 0.785645, 0.597168, 0.00255163, 0.786621, 0.597168, 0.00257711, 0.787598, 0.597168, 0.00260097, 0.788574, 0.597168, 0.00262213, 
        0.781738, 0.598145, 0.00244984, 0.782715, 0.598145, 0.00250392, 0.783691, 0.598145, 0.00256064, 0.784668, 0.598145, 0.00261839, 0.785645, 0.598145, 0.00267565, 0.786621, 0.598145, 0.00273091, 0.787598, 0.598145, 0.00278276, 0.788574, 0.598145, 0.00282985, 
        0.781738, 0.599121, 0.00244323, 0.782715, 0.599121, 0.00252979, 0.783691, 0.599121, 0.00261841, 0.784668, 0.599121, 0.00270719, 0.785645, 0.599121, 0.0027943, 0.786621, 0.599121, 0.00287797, 0.787598, 0.599121, 0.00295651, 0.788574, 0.599121, 0.00302834, 
        0.781738, 0.600098, 0.00243704, 0.782715, 0.600098, 0.00255422, 0.783691, 0.600098, 0.00267291, 0.784668, 0.600098, 0.00279092, 0.785645, 0.600098, 0.00290617, 0.786621, 0.600098, 0.00301661, 0.787598, 0.600098, 0.00312031, 0.788574, 0.600098, 0.00321544, 
        0.781738, 0.601074, 0.00243105, 0.782715, 0.601074, 0.00257669, 0.783691, 0.601074, 0.00272334, 0.784668, 0.601074, 0.00286853, 0.785645, 0.601074, 0.00300993, 0.786621, 0.601074, 0.00314524, 0.787598, 0.601074, 0.00327232, 0.788574, 0.601074, 0.00338911
    ]
}
