{
    "level": 0,
    "idx": {"x": 109, "y": 14},
    "dim": {"x": 8, "y": 8},
    "offset": {"x": 0.852051, "y": 0.109863},
    "cellSize": {"x": 0.000976562, "y": 0.000976562},
    "vertices": [
        0.852051, 0.109863, 0.000544922, 0.853027, 0.109863, 0.000654903, 0.854004, 0.109863, 0.000735929, 0.85498, 0.109863, 0.000786156, 0.855957, 0.109863, 0.000804063, 0.856934, 0.109863, 0.000788441, 0.85791, 0.109863, 0.000738412, 0.858887, 0.109863, 0.000653444, 
        0.852051, 0.11084, 0.000551605, 0.853027, 0.11084, 0.00066141, 0.854004, 0.11084, 0.000742428, 0.85498, 0.11084, 0.000792824, 0.855957, 0.11084, 0.000811086, 0.856934, 0.11084, 0.000796012, 0.85791, 0.11084, 0.000746731, 0.858887, 0.11084, 0.00066271, 
        0.852051, 0.111816, 0.000531601, 0.853027, 0.111816, 0.000639123, 0.854004, 0.111816, 0.00071831, 0.85498, 0.111816, 0.000767356, 0.855957, 0.111816, 0.000784774, 0.856934, 0.111816, 0.000769379, 0.85791, 0.111816, 0.000720313, 0.858887, 0.111816, 0.000637054, 
        0.852051, 0.112793, 0.000485328, 0.853027, 0.112793, 0.000588494, 0.854004, 0.112793, 0.000664056, 0.85498, 0.112793, 0.000710258, 0.855957, 0.112793, 0.000725649, 0.856934, 0.112793, 0.000709077, 0.85791, 0.112793, 0.000659705, 0.858887, 0.112793, 0.000577025, 
        0.852051, 0.11377, 0.000413469, 0.853027, 0.11377, 0.000510256, 0.854004, 0.11377, 0.000580447, 0.85498, 0.11377, 0.000622348, 0.855957, 0.11377, 0.000634562, 0.856934, 0.11377, 0.000615979, 0.85791, 0.11377, 0.000565792, 0.858887, 0.11377, 0.000483514, 
        0.852051, 0.114746, 0.000316957, 0.853027, 0.114746, 0.000405417, 0.854004, 0.114746, 0.000468552, 0.85498, 0.114746, 0.000504749, 0.855957, 0.114746, 0.000512678, 0.856934, 0.114746, 0.000491281, 0.85791, 0.114746, 0.00043979, 0.858887, 0.114746, 0.000357743, 
        0.852051, 0.115723, 0.000196969, 0.853027, 0.115723, 0.000275246, 0.854004, 0.115723, 0.000329722, 0.85498, 0.115723, 0.000358879, 0.855957, 0.115723, 0.000361467, 0.856934, 0.115723, 0.000336491, 0.85791, 0.115723, 0.000283232, 0.858887, 0.115723, 0.000201253, 
        0.852051, 0.116699, 5.49203e-05, 0.853027, 0.116699, 0.000121271, 0.854004, 0.116699, 0.000165579, 0.85498, 0.116699, 0.00018644, 0.855957, 0.116699, 0.000182694, 0.856934, 0.116699, 0.000153423, 0.85791, 0.116699, 9.79582e-05, 0.858887, 0.116699, 1.58982e-05
    ]
}
