{
    "level": 0,
    "idx": {"x": 104, "y": 63},
    "dim": {"x": 8, "y": 8},
    "offset": {"x": 0.812988, "y": 0.492676},
    "cellSize": {"x": 0.000976562, "y": 0.000976562},
    "vertices": [
        0.812988, 0.492676, 0.00592083, 0.813965, 0.492676, 0.00551741, 0.814941, 0.492676, 0.0051212, 0.815918, 0.492676, 0.00473443, 0.816895, 0.492676, 0.00435937, 0.817871, 0.492676, 0.0039981, 0.818848, 0.492676, 0.0036527, 0.819824, 0.492676, 0.00332502, 
        0.812988, 0.493652, 0.00589608, 0.813965, 0.493652, 0.00552266, 0.814941, 0.493652, 0.00515599, 0.815918, 0.493652, 0.00479802, 0.816895, 0.493652, 0.00445078, 0.817871, 0.493652, 0.00411609, 0.818848, 0.493652, 0.0037958, 0.819824, 0.493652, 0.00349153, 
        0.812988, 0.494629, 0.0058725, 0.813965, 0.494629, 0.0055312, 0.814941, 0.494629, 0.00519615, 0.815918, 0.494629, 0.004869, 0.816895, 0.494629, 0.00455152, 0.817871, 0.494629, 0.00424526, 0.818848, 0.494629, 0.00395182, 0.819824, 0.494629, 0.00367258, 
        0.812988, 0.495605, 0.00584987, 0.813965, 0.495605, 0.00554252, 0.814941, 0.495605, 0.00524088, 0.815918, 0.495605, 0.00494631, 0.816895, 0.495605, 0.00466027, 0.817871, 0.495605, 0.00438404, 0.818848, 0.495605, 0.00411895, 0.819824, 0.495605, 0.00386613, 
        0.812988, 0.496582, 0.00582795, 0.813965, 0.496582, 0.00555608, 0.814941, 0.496582, 0.00528934, 0.815918, 0.496582, 0.00502881, 0.816895, 0.496582, 0.00477561, 0.817871, 0.496582, 0.00453074, 0.818848, 0.496582, 0.00429525, 0.819824, 0.496582, 0.00407001, 
        0.812988, 0.497559, 0.0058065, 0.813965, 0.497559, 0.00557131, 0.814941, 0.497559, 0.00534066, 0.815918, 0.497559, 0.0051153, 0.816895, 0.497559, 0.00489605, 0.817871, 0.497559, 0.00468361, 0.818848, 0.497559, 0.0044787, 0.819824, 0.497559, 0.00428196, 
        0.812988, 0.498535, 0.00578527, 0.813965, 0.498535, 0.00558763, 0.814941, 0.498535, 0.00539392, 0.815918, 0.498535, 0.00520457, 0.816895, 0.498535, 0.00502007, 0.817871, 0.498535, 0.0048408, 0.818848, 0.498535, 0.0046672, 0.819824, 0.498535, 0.00449961, 
        0.812988, 0.499512, 0.005764, 0.813965, 0.499512, 0.00560443, 0.814941, 0.499512, 0.00544818, 0.815918, 0.499512, 0.00529536, 0.816895, 0.499512, 0.00514609, 0.817871, 0.499512, 0.00500046, 0.818848, 0.499512, 0.0048586, 0.819824, 0.499512, 0.00472057
    ]
}
