{
    "level": 0,
    "idx": {"x": 109, "y": 68},
    "dim": {"x": 8, "y": 8},
    "offset": {"x": 0.852051, "y": 0.531738},
    "cellSize": {"x": 0.000976562, "y": 0.000976562},
    "vertices": [
        0.852051, 0.531738, 0.00357185, 0.853027, 0.531738, 0.00360312, 0.854004, 0.531738, 0.00363363, 0.85498, 0.531738, 0.00366322, 0.855957, 0.531738, 0.00369175, 0.856934, 0.531738, 0.00371911, 0.85791, 0.531738, 0.0037452, 0.858887, 0.531738, 0.00376994, 
        0.852051, 0.532715, 0.00388671, 0.853027, 0.532715, 0.00394193, 0.854004, 0.532715, 0.00399345, 0.85498, 0.532715, 0.00404094, 0.855957, 0.532715, 0.00408411, 0.856934, 0.532715, 0.00412271, 0.85791, 0.532715, 0.00415658, 0.858887, 0.532715, 0.00418555, 
        0.852051, 0.533691, 0.00419677, 0.853027, 0.533691, 0.00427559, 0.854004, 0.533691, 0.00434783, 0.85498, 0.533691, 0.00441296, 0.855957, 0.533691, 0.00447056, 0.856934, 0.533691, 0.00452025, 0.85791, 0.533691, 0.00456178, 0.858887, 0.533691, 0.00459494, 
        0.852051, 0.534668, 0.00449937, 0.853027, 0.534668, 0.00460123, 0.854004, 0.534668, 0.0046937, 0.85498, 0.534668, 0.00477607, 0.855957, 0.534668, 0.00484777, 0.856934, 0.534668, 0.0049083, 0.85791, 0.534668, 0.00495733, 0.858887, 0.534668, 0.00499459, 
        0.852051, 0.535645, 0.00479188, 0.853027, 0.535645, 0.00491603, 0.854004, 0.535645, 0.00502807, 0.85498, 0.535645, 0.00512713, 0.855957, 0.535645, 0.00521248, 0.856934, 0.535645, 0.00528353, 0.85791, 0.535645, 0.00533984, 0.858887, 0.535645, 0.00538111, 
        0.852051, 0.536621, 0.00507181, 0.853027, 0.536621, 0.00521729, 0.854004, 0.536621, 0.00534807, 0.85498, 0.536621, 0.00546311, 0.855957, 0.536621, 0.00556156, 0.856934, 0.536621, 0.00564271, 0.85791, 0.536621, 0.00570603, 0.858887, 0.536621, 0.00575119, 
        0.852051, 0.537598, 0.00533674, 0.853027, 0.537598, 0.00550241, 0.854004, 0.537598, 0.00565095, 0.85498, 0.537598, 0.00578114, 0.855957, 0.537598, 0.00589201, 0.856934, 0.537598, 0.00598276, 0.85791, 0.537598, 0.00605278, 0.858887, 0.537598, 0.00610168, 
        0.852051, 0.538574, 0.00558441, 0.853027, 0.538574, 0.00576896, 0.854004, 0.538574, 0.0059341, 0.85498, 0.538574, 0.00607848, 0.855957, 0.538574, 0.00620102, 0.856934, 0.538574, 0.00630079, 0.85791, 0.538574, 0.00637714, 0.858887, 0.538574, 0.00642964
    ]
}
