{
    "level": 0,
    "idx": {"x": 10, "y": 125},
    "dim": {"x": 8, "y": 8},
    "offset": {"x": 0.0786133, "y": 0.977051},
    "cellSize": {"x": 0.000976562, "y": 0.000976562},
    "vertices": [
        0.0786133, 0.977051, -0.00596316, 0.0795898, 0.977051, -0.00595198, 0.0805664, 0.977051, -0.005912, 0.081543, 0.977051, -0.00584363, 0.0825195, 0.977051, -0.00574757, 0.0834961, 0.977051, -0.00562475, 0.0844727, 0.977051, -0.00547636, 0.0854492, 0.977051, -0.00530385, 
        0.0786133, 0.978027, -0.00605733, 0.0795898, 0.978027, -0.00604473, 0.0805664, 0.978027, -0.00600125, 0.081543, 0.978027, -0.00592735, 0.0825195, 0.978027, -0.00582376, 0.0834961, 0.978027, -0.0056915, 0.0844727, 0.978027, -0.00553186, 0.0854492, 0.978027, -0.00534638, 
        0.0786133, 0.979004, -0.00612046, 0.0795898, 0.979004, -0.00610659, 0.0805664, 0.979004, -0.00606007, 0.081543, 0.979004, -0.00598137, 0.0825195, 0.979004, -0.00587128, 0.0834961, 0.979004, -0.00573087, 0.0844727, 0.979004, -0.00556151, 0.0854492, 0.979004, -0.00536484, 
        0.0786133, 0.97998, -0.00615076, 0.0795898, 0.97998, -0.00613581, 0.0805664, 0.97998, -0.00608672, 0.081543, 0.97998, -0.006004, 0.0825195, 0.97998, -0.00588848, 0.0834961, 0.97998, -0.00574129, 0.0844727, 0.97998, -0.00556385, 0.0854492, 0.97998, -0.00535787, 
        0.0786133, 0.980957, -0.00614675, 0.0795898, 0.980957, -0.00613089, 0.0805664, 0.980957, -0.00607974, 0.081543, 0.980957, -0.00599383, 0.0825195, 0.980957, -0.00587401, 0.0834961, 0.980957, -0.00572146, 0.0844727, 0.980957, -0.00553764, 0.0854492, 0.980957, -0.00532434, 
        0.0786133, 0.981934, -0.00610725, 0.0795898, 0.981934, -0.00609068, 0.0805664, 0.981934, -0.006038, 0.081543, 0.981934, -0.00594975, 0.0825195, 0.981934, -0.00582681, 0.0834961, 0.981934, -0.00567037, 0.0844727, 0.981934, -0.00548195, 0.0854492, 0.981934, -0.00526337, 
        0.0786133, 0.98291, -0.00603146, 0.0795898, 0.98291, -0.00601437, 0.0805664, 0.98291, -0.00596069, 0.081543, 0.98291, -0.00587098, 0.0825195, 0.98291, -0.00574611, 0.0834961, 0.98291, -0.0055873, 0.0844727, 0.98291, -0.00539609, 0.0854492, 0.98291, -0.00517433, 
        0.0786133, 0.983887, -0.00591888, 0.0795898, 0.983887, -0.00590147, 0.0805664, 0.983887, -0.00584734, 0.081543, 0.983887, -0.00575705, 0.0825195, 0.983887, -0.00563147, 0.0834961, 0.983887, -0.00547183, 0.0844727, 0.983887, -0.00527968, 0.0854492, 0.983887, -0.00505687
    ]
}
