{
    "level": 0,
    "idx": {"x": 10, "y": 41},
    "dim": {"x": 8, "y": 8},
    "offset": {"x": 0.0786133, "y": 0.320801},
    "cellSize": {"x": 0.000976562, "y": 0.000976562},
    "vertices": [
        0.0786133, 0.320801, 0.00102598, 0.0795898, 0.320801, 0.00101, 0.0805664, 0.320801, 0.000968459, 0.081543, 0.320801, 0.000901759, 0.0825195, 0.320801, 0.000810553, 0.0834961, 0.320801, 0.000695732, 0.0844727, 0.320801, 0.00055843, 0.0854492, 0.320801, 0.000399996, 
        0.0786133, 0.321777, 0.00139943, 0.0795898, 0.321777, 0.00138237, 0.0805664, 0.321777, 0.00133741, 0.081543, 0.321777, 0.001265, 0.0825195, 0.321777, 0.00116583, 0.0834961, 0.321777, 0.00104088, 0.0844727, 0.321777, 0.000891385, 0.0854492, 0.321777, 0.00071881, 
        0.0786133, 0.322754, 0.00174477, 0.0795898, 0.322754, 0.00172679, 0.0805664, 0.322754, 0.00167885, 0.081543, 0.322754, 0.00160142, 0.0825195, 0.322754, 0.00149526, 0.0834961, 0.322754, 0.00136141, 0.0844727, 0.322754, 0.00120119, 0.0854492, 0.322754, 0.00101617, 
        0.0786133, 0.32373, 0.00205992, 0.0795898, 0.32373, 0.00204119, 0.0805664, 0.32373, 0.00199073, 0.081543, 0.32373, 0.00190905, 0.0825195, 0.32373, 0.00179694, 0.0834961, 0.32373, 0.0016555, 0.0844727, 0.32373, 0.00148613, 0.0854492, 0.32373, 0.00129048, 
        0.0786133, 0.324707, 0.00234311, 0.0795898, 0.324707, 0.0023238, 0.0805664, 0.324707, 0.00227132, 0.081543, 0.324707, 0.00218619, 0.0825195, 0.324707, 0.00206922, 0.0834961, 0.324707, 0.00192159, 0.0844727, 0.324707, 0.00174472, 0.0854492, 0.324707, 0.00154037, 
        0.0786133, 0.325684, 0.00259287, 0.0795898, 0.325684, 0.00257318, 0.0805664, 0.325684, 0.00251919, 0.081543, 0.325684, 0.00243144, 0.0825195, 0.325684, 0.00231077, 0.0834961, 0.325684, 0.00215837, 0.0844727, 0.325684, 0.00197575, 0.0854492, 0.325684, 0.00176469, 
        0.0786133, 0.32666, 0.00280806, 0.0795898, 0.32666, 0.00278819, 0.0805664, 0.32666, 0.00273323, 0.081543, 0.32666, 0.00264371, 0.0825195, 0.32666, 0.00252052, 0.0834961, 0.32666, 0.00236486, 0.0844727, 0.32666, 0.00217827, 0.0854492, 0.32666, 0.00196257, 
        0.0786133, 0.327637, 0.00298789, 0.0795898, 0.327637, 0.00296804, 0.0805664, 0.327637, 0.00291264, 0.081543, 0.327637, 0.00282224, 0.0825195, 0.327637, 0.00269773, 0.0834961, 0.327637, 0.00254034, 0.0844727, 0.327637, 0.00235161, 0.0854492, 0.327637, 0.00213339
    ]
}
