{
    "level": 0,
    "idx": {"x": 101, "y": 90},
    "dim": {"x": 8, "y": 8},
    "offset": {"x": 0.789551, "y": 0.703613},
    "cellSize": {"x": 0.000976562, "y": 0.000976562},
    "vertices": [
        0.789551, 0.703613, 0.00259955, 0.790527, 0.703613, 0.00227011, 0.791504, 0.703613, 0.00196994, 0.79248, 0.703613, 0.00170089, 0.793457, 0.703613, 0.0014646, 0.794434, 0.703613, 0.0012623, 0.79541, 0.703613, 0.00109497, 0.796387, 0.703613, 0.000963179, 
        0.789551, 0.70459, 0.00267876, 0.790527, 0.70459, 0.00235129, 0.791504, 0.70459, 0.0020527, 0.79248, 0.70459, 0.00178484, 0.793457, 0.70459, 0.00154932, 0.794434, 0.70459, 0.00134734, 0.79541, 0.70459, 0.00117989, 0.796387, 0.70459, 0.00104753, 
        0.789551, 0.705566, 0.00278419, 0.790527, 0.705566, 0.00246084, 0.791504, 0.705566, 0.00216573, 0.79248, 0.705566, 0.00190063, 0.793457, 0.705566, 0.00166712, 0.794434, 0.705566, 0.00146642, 0.79541, 0.705566, 0.00129944, 0.796387, 0.705566, 0.00116677, 
        0.789551, 0.706543, 0.00291525, 0.790527, 0.706543, 0.00259814, 0.791504, 0.706543, 0.00230833, 0.79248, 0.706543, 0.00204753, 0.793457, 0.706543, 0.00181729, 0.794434, 0.706543, 0.00161876, 0.79541, 0.706543, 0.00145286, 0.796387, 0.706543, 0.00132013, 
        0.789551, 0.70752, 0.00307107, 0.790527, 0.70752, 0.00276225, 0.791504, 0.70752, 0.00247952, 0.79248, 0.70752, 0.00222453, 0.793457, 0.70752, 0.00199875, 0.794434, 0.70752, 0.00180328, 0.79541, 0.70752, 0.00163902, 0.796387, 0.70752, 0.00150648, 
        0.789551, 0.708496, 0.00325052, 0.790527, 0.708496, 0.00295195, 0.791504, 0.708496, 0.00267801, 0.79248, 0.708496, 0.00243026, 0.793457, 0.708496, 0.00221008, 0.794434, 0.708496, 0.00201854, 0.79541, 0.708496, 0.00185647, 0.796387, 0.708496, 0.00172435, 
        0.789551, 0.709473, 0.00345228, 0.790527, 0.709473, 0.00316583, 0.791504, 0.709473, 0.00290229, 0.79248, 0.709473, 0.00266314, 0.793457, 0.709473, 0.00244966, 0.794434, 0.709473, 0.00226285, 0.79541, 0.709473, 0.00210348, 0.796387, 0.709473, 0.00197201, 
        0.789551, 0.710449, 0.00367476, 0.790527, 0.710449, 0.00340216, 0.791504, 0.710449, 0.00315054, 0.79248, 0.710449, 0.00292124, 0.793457, 0.710449, 0.00271548, 0.794434, 0.710449, 0.00253415, 0.79541, 0.710449, 0.00237798, 0.796387, 0.710449, 0.00224738
    ]
}
