{
    "level": 0,
    "idx": {"x": 104, "y": 123},
    "dim": {"x": 8, "y": 8},
    "offset": {"x": 0.812988, "y": 0.961426},
    "cellSize": {"x": 0.000976562, "y": 0.000976562},
    "vertices": [
        0.812988, 0.961426, -0.00162933, 0.813965, 0.961426, -0.00131167, 0.814941, 0.961426, -0.000997532, 0.815918, 0.961426, -0.000689101, 0.816895, 0.961426, -0.000388601, 0.817871, 0.961426, -9.80802e-05, 0.818848, 0.961426, 0.000180425, 0.819824, 0.961426, 0.000445083, 
        0.812988, 0.962402, -0.00161423, 0.813965, 0.962402, -0.00132712, 0.814941, 0.962402, -0.00104303, 0.815918, 0.962402, -0.000763892, 0.816895, 0.962402, -0.000491649, 0.817871, 0.962402, -0.000228101, 0.818848, 0.962402, 2.49623e-05, 0.819824, 0.962402, 0.000265935, 
        0.812988, 0.963379, -0.00160014, 0.813965, 0.963379, -0.00134557, 0.814941, 0.963379, -0.0010935, 0.815918, 0.963379, -0.000845558, 0.816895, 0.963379, -0.000603412, 0.817871, 0.963379, -0.000368587, 0.818848, 0.963379, -0.00014261, 0.819824, 0.963379, 7.31521e-05, 
        0.812988, 0.964355, -0.00158682, 0.813965, 0.964355, -0.00136649, 0.814941, 0.964355, -0.00114811, 0.815918, 0.964355, -0.000932993, 0.816895, 0.964355, -0.000722505, 0.817871, 0.964355, -0.000517891, 0.818848, 0.964355, -0.0003204, 0.819824, 0.964355, -0.000131144, 
        0.812988, 0.965332, -0.00157404, 0.813965, 0.965332, -0.00138934, 0.814941, 0.965332, -0.00120601, 0.815918, 0.965332, -0.00102505, 0.816895, 0.965332, -0.000847497, 0.817871, 0.965332, -0.000674314, 0.818848, 0.965332, -0.000506454, 0.819824, 0.965332, -0.000344767, 
        0.812988, 0.966309, -0.00156154, 0.813965, 0.966309, -0.00141353, 0.814941, 0.966309, -0.00126629, 0.815918, 0.966309, -0.00112049, 0.816895, 0.966309, -0.000976858, 0.817871, 0.966309, -0.000836034, 0.818848, 0.966309, -0.000698678, 0.819824, 0.966309, -0.000565371, 
        0.812988, 0.967285, -0.00154905, 0.813965, 0.967285, -0.00143847, 0.814941, 0.967285, -0.00132803, 0.815918, 0.967285, -0.0012181, 0.816895, 0.967285, -0.00110905, 0.817871, 0.967285, -0.00100122, 0.818848, 0.967285, -0.000894975, 0.819824, 0.967285, -0.000790607, 
        0.812988, 0.968262, -0.00153633, 0.813965, 0.968262, -0.00146354, 0.814941, 0.968262, -0.00139028, 0.815918, 0.968262, -0.00131657, 0.816895, 0.968262, -0.00124246, 0.817871, 0.968262, -0.00116797, 0.818848, 0.968262, -0.00109314, 0.819824, 0.968262, -0.00101801
    ]
}
