{
    "level": 0,
    "idx": {"x": 106, "y": 105},
    "dim": {"x": 8, "y": 8},
    "offset": {"x": 0.828613, "y": 0.820801},
    "cellSize": {"x": 0.000976562, "y": 0.000976562},
    "vertices": [
        0.828613, 0.820801, 0.00304919, 0.82959, 0.820801, 0.00297967, 0.830566, 0.820801, 0.00288301, 0.831543, 0.820801, 0.00275987, 0.83252, 0.820801, 0.0026111, 0.833496, 0.820801, 0.00243785, 0.834473, 0.820801, 0.00224146, 0.835449, 0.820801, 0.00202353, 
        0.828613, 0.821777, 0.00326036, 0.82959, 0.821777, 0.00319048, 0.830566, 0.821777, 0.00309135, 0.831543, 0.821777, 0.00296364, 0.83252, 0.821777, 0.00280829, 0.833496, 0.821777, 0.00262653, 0.834473, 0.821777, 0.0024198, 0.835449, 0.821777, 0.00218983, 
        0.828613, 0.822754, 0.00344189, 0.82959, 0.822754, 0.00337205, 0.830566, 0.822754, 0.0032711, 0.831543, 0.822754, 0.00313977, 0.83252, 0.822754, 0.00297904, 0.833496, 0.822754, 0.00279024, 0.834473, 0.822754, 0.00257489, 0.835449, 0.822754, 0.00233483, 
        0.828613, 0.82373, 0.00359189, 0.82959, 0.82373, 0.0035225, 0.830566, 0.82373, 0.00342044, 0.831543, 0.82373, 0.0032865, 0.83252, 0.82373, 0.0031217, 0.833496, 0.82373, 0.00292741, 0.834473, 0.82373, 0.00270526, 0.835449, 0.82373, 0.00245715, 
        0.828613, 0.824707, 0.00370882, 0.82959, 0.824707, 0.0036403, 0.830566, 0.824707, 0.0035379, 0.831543, 0.824707, 0.00340239, 0.83252, 0.824707, 0.00323486, 0.833496, 0.824707, 0.00303674, 0.834473, 0.824707, 0.00280968, 0.835449, 0.824707, 0.00255569, 
        0.828613, 0.825684, 0.00379142, 0.82959, 0.825684, 0.00372422, 0.830566, 0.825684, 0.00362224, 0.831543, 0.825684, 0.00348626, 0.83252, 0.825684, 0.00331741, 0.833496, 0.825684, 0.00311714, 0.834473, 0.825684, 0.00288716, 0.835449, 0.825684, 0.00262953, 
        0.828613, 0.82666, 0.00383877, 0.82959, 0.82666, 0.00377336, 0.830566, 0.82666, 0.00367258, 0.831543, 0.82666, 0.00353727, 0.83252, 0.82666, 0.00336853, 0.833496, 0.82666, 0.00316786, 0.834473, 0.82666, 0.00293699, 0.835449, 0.82666, 0.002678, 
        0.828613, 0.827637, 0.0038503, 0.82959, 0.827637, 0.00378714, 0.830566, 0.827637, 0.00368838, 0.831543, 0.827637, 0.00355486, 0.83252, 0.827637, 0.0033877, 0.833496, 0.827637, 0.00318839, 0.834473, 0.827637, 0.00295869, 0.835449, 0.827637, 0.00270069
    ]
}
