{
    "level": 0,
    "idx": {"x": 10, "y": 16},
    "dim": {"x": 16, "y": 16},
    "offset": {"x": 0.156738, "y": 0.250488},
    "cellSize": {"x": 0.000976562, "y": 0.000976562},
    "vertices": [
        0.156738, 0.250488, 0.000254339, 0.157715, 0.250488, 0.000546791, 0.158691, 0.250488, 0.000826604, 0.159668, 0.250488, 0.00108322, 0.160645, 0.250488, 0.00130702, 0.161621, 0.250488, 0.00148959, 0.162598, 0.250488, 0.00162418, 0.163574, 0.250488, 0.00170583, 0.164551, 0.250488, 0.00173168, 0.165527, 0.250488, 0.00170098, 0.166504, 0.250488, 0.00161519, 0.16748, 0.250488, 0.00147789, 0.168457, 0.250488, 0.00129465, 0.169434, 0.250488, 0.00107281, 0.17041, 0.250488, 0.000821209, 0.171387, 0.250488, 0.000549838, 
        0.156738, 0.251465, 0.000437275, 0.157715, 0.251465, 0.00186295, 0.158691, 0.251465, 0.00322548, 0.159668, 0.251465, 0.0044726, 0.160645, 0.251465, 0.0055566, 0.161621, 0.251465, 0.00643591, 0.162598, 0.251465, 0.00707696, 0.163574, 0.251465, 0.00745532, 0.164551, 0.251465, 0.00755669, 0.165527, 0.251465, 0.00737742, 0.166504, 0.251465, 0.0069247, 0.16748, 0.251465, 0.00621624, 0.168457, 0.251465, 0.00527962, 0.169434, 0.251465, 0.00415118, 0.17041, 0.251465, 0.00287468, 0.171387, 0.251465, 0.00149956, 
        0.156738, 0.252441, 0.000611654, 0.157715, 0.252441, 0.0031159, 0.158691, 0.252441, 0.00550894, 0.159668, 0.252441, 0.0076988, 0.160645, 0.252441, 0.00960151, 0.161621, 0.252441, 0.011144, 0.162598, 0.252441, 0.0122671, 0.163574, 0.252441, 0.0129278, 0.164551, 0.252441, 0.0131011, 0.165527, 0.252441, 0.0127804, 0.166504, 0.252441, 0.0119785, 0.16748, 0.252441, 0.0107264, 0.168457, 0.252441, 0.00907276, 0.169434, 0.252441, 0.00708146, 0.17041, 0.252441, 0.0048295, 0.171387, 0.252441, 0.00240387, 
        0.156738, 0.253418, 0.000770918, 0.157715, 0.253418, 0.00425752, 0.158691, 0.253418, 0.00758914, 0.159668, 0.253418, 0.0106376, 0.160645, 0.253418, 0.0132861, 0.161621, 0.253418, 0.0154325, 0.162598, 0.253418, 0.0169947, 0.163574, 0.253418, 0.0179126, 0.164551, 0.253418, 0.0181514, 0.165527, 0.253418, 0.017702, 0.166504, 0.253418, 0.016582, 0.16748, 0.253418, 0.0148348, 0.168457, 0.253418, 0.0125281, 0.169434, 0.253418, 0.00975093, 0.17041, 0.253418, 0.00661056, 0.171387, 0.253418, 0.00322815, 
        0.156738, 0.254395, 0.000909102, 0.157715, 0.254395, 0.00524405, 0.158691, 0.254395, 0.00938621, 0.159668, 0.254395, 0.0131762, 0.160645, 0.254395, 0.0164686, 0.161621, 0.254395, 0.0191367, 0.162598, 0.254395, 0.021078, 0.163574, 0.254395, 0.0222181, 0.164551, 0.254395, 0.0225134, 0.165527, 0.254395, 0.0219528, 0.166504, 0.254395, 0.0205582, 0.16748, 0.254395, 0.0183835, 0.168457, 0.254395, 0.0155129, 0.169434, 0.254395, 0.0120571, 0.17041, 0.254395, 0.00814955, 0.171387, 0.254395, 0.00394094, 
        0.156738, 0.255371, 0.00102105, 0.157715, 0.255371, 0.00603767, 0.158691, 0.255371, 0.0108311, 0.159668, 0.255371, 0.015217, 0.160645, 0.255371, 0.0190268, 0.161621, 0.255371, 0.022114, 0.162598, 0.255371, 0.02436, 0.163574, 0.255371, 0.0256787, 0.164551, 0.255371, 0.0260195, 0.165527, 0.255371, 0.0253696, 0.166504, 0.255371, 0.0237543, 0.16748, 0.255371, 0.0212362, 0.168457, 0.255371, 0.0179125, 0.169434, 0.255371, 0.0139114, 0.17041, 0.255371, 0.00938748, 0.171387, 0.255371, 0.00451504, 
        0.156738, 0.256348, 0.00110263, 0.157715, 0.256348, 0.00660801, 0.158691, 0.256348, 0.0118684, 0.159668, 0.256348, 0.0166815, 0.160645, 0.256348, 0.0208624, 0.161621, 0.256348, 0.0242501, 0.162598, 0.256348, 0.0267146, 0.163574, 0.256348, 0.0281613, 0.164551, 0.256348, 0.0285348, 0.165527, 0.256348, 0.0278209, 0.166504, 0.256348, 0.0260475, 0.16748, 0.256348, 0.0232831, 0.168457, 0.256348, 0.0196346, 0.169434, 0.256348, 0.0152427, 0.17041, 0.256348, 0.0102769, 0.171387, 0.256348, 0.0049286, 
        0.156738, 0.257324, 0.00115087, 0.157715, 0.257324, 0.00693328, 0.158691, 0.257324, 0.0124584, 0.159668, 0.257324, 0.0175136, 0.160645, 0.257324, 0.0219048, 0.161621, 0.257324, 0.0254629, 0.162598, 0.257324, 0.0280513, 0.163574, 0.257324, 0.0295706, 0.164551, 0.257324, 0.0299626, 0.165527, 0.257324, 0.0292126, 0.166504, 0.257324, 0.0273496, 0.16748, 0.257324, 0.0244458, 0.168457, 0.257324, 0.0206133, 0.169434, 0.257324, 0.016, 0.17041, 0.257324, 0.0107838, 0.171387, 0.257324, 0.00516594, 
        0.156738, 0.258301, 0.00116409, 0.157715, 0.258301, 0.00700113, 0.158691, 0.258301, 0.0125785, 0.159668, 0.258301, 0.0176815, 0.160645, 0.258301, 0.0221141, 0.161621, 0.258301, 0.0257059, 0.162598, 0.258301, 0.0283188, 0.163574, 0.258301, 0.0298525, 0.164551, 0.258301, 0.0302483, 0.165527, 0.258301, 0.0294912, 0.166504, 0.258301, 0.0276108, 0.16748, 0.258301, 0.0246797, 0.168457, 0.258301, 0.0208111, 0.169434, 0.258301, 0.0161543, 0.17041, 0.258301, 0.010889, 0.171387, 0.258301, 0.0052182, 
        0.156738, 0.259277, 0.00114196, 0.157715, 0.259277, 0.00680913, 0.158691, 0.259277, 0.0122242, 0.159668, 0.259277, 0.0171787, 0.160645, 0.259277, 0.0214825, 0.161621, 0.259277, 0.0249699, 0.162598, 0.259277, 0.027507, 0.163574, 0.259277, 0.0289964, 0.164551, 0.259277, 0.029381, 0.165527, 0.259277, 0.0286464, 0.166504, 0.259277, 0.0268212, 0.16748, 0.259277, 0.0239759, 0.168457, 0.259277, 0.0202206, 0.169434, 0.259277, 0.0157, 0.17041, 0.259277, 0.0105887, 0.171387, 0.259277, 0.00508362, 
        0.156738, 0.260254, 0.0010855, 0.157715, 0.260254, 0.00636487, 0.158691, 0.260254, 0.0114094, 0.159668, 0.260254, 0.016025, 0.160645, 0.260254, 0.0200345, 0.161621, 0.260254, 0.0232835, 0.162598, 0.260254, 0.0256474, 0.163574, 0.260254, 0.0270354, 0.164551, 0.260254, 0.0273944, 0.165527, 0.260254, 0.0267108, 0.166504, 0.260254, 0.0250115, 0.16748, 0.260254, 0.022362, 0.168457, 0.260254, 0.0188647, 0.169434, 0.260254, 0.0146548, 0.17041, 0.260254, 0.00989458, 0.171387, 0.260254, 0.00476766, 
        0.156738, 0.26123, 0.000997084, 0.157715, 0.26123, 0.00568564, 0.158691, 0.26123, 0.0101657, 0.159668, 0.26123, 0.014265, 0.160645, 0.26123, 0.017826, 0.161621, 0.26123, 0.0207119, 0.162598, 0.26123, 0.0228118, 0.163574, 0.26123, 0.0240453, 0.164551, 0.26123, 0.0243651, 0.165527, 0.26123, 0.0237593, 0.166504, 0.26123, 0.0222515, 0.16748, 0.26123, 0.0199001, 0.168457, 0.26123, 0.0167961, 0.169434, 0.26123, 0.0130592, 0.17041, 0.26123, 0.00883377, 0.171387, 0.26123, 0.00428275, 
        0.156738, 0.262207, 0.000880297, 0.157715, 0.262207, 0.00479779, 0.158691, 0.262207, 0.00854117, 0.159668, 0.262207, 0.0119665, 0.160645, 0.262207, 0.0149423, 0.161621, 0.262207, 0.0173542, 0.162598, 0.262207, 0.0191097, 0.163574, 0.262207, 0.0201415, 0.164551, 0.262207, 0.0204102, 0.165527, 0.262207, 0.0199057, 0.166504, 0.262207, 0.0186479, 0.16748, 0.262207, 0.0166855, 0.168457, 0.262207, 0.0140945, 0.169434, 0.262207, 0.0109749, 0.17041, 0.262207, 0.00744735, 0.171387, 0.262207, 0.00364785, 
        0.156738, 0.263184, 0.000739825, 0.157715, 0.263184, 0.00373569, 0.158691, 0.263184, 0.00659853, 0.159668, 0.263184, 0.00921833, 0.160645, 0.263184, 0.0114946, 0.161621, 0.263184, 0.01334, 0.162598, 0.263184, 0.0146837, 0.163574, 0.263184, 0.0154744, 0.164551, 0.263184, 0.0156819, 0.165527, 0.263184, 0.0152986, 0.166504, 0.263184, 0.0143396, 0.16748, 0.263184, 0.0128421, 0.168457, 0.263184, 0.0108643, 0.169434, 0.263184, 0.00848252, 0.17041, 0.263184, 0.00578898, 0.171387, 0.263184, 0.00288769, 
        0.156738, 0.26416, 0.000581266, 0.157715, 0.26416, 0.00254041, 0.158691, 0.26416, 0.00441275, 0.159668, 0.26416, 0.00612645, 0.160645, 0.26416, 0.00761589, 0.161621, 0.26416, 0.00882397, 0.162598, 0.26416, 0.00970453, 0.163574, 0.26416, 0.010224, 0.164551, 0.26416, 0.0103627, 0.165527, 0.26416, 0.0101156, 0.166504, 0.26416, 0.00949264, 0.16748, 0.26416, 0.00851813, 0.168457, 0.26416, 0.00722997, 0.169434, 0.26416, 0.00567813, 0.17041, 0.26416, 0.00392275, 0.171387, 0.26416, 0.00203179, 
