{
    "level": 0,
    "idx": {"x": 109, "y": 119},
    "dim": {"x": 8, "y": 8},
    "offset": {"x": 0.852051, "y": 0.930176},
    "cellSize": {"x": 0.000976562, "y": 0.000976562},
    "vertices": [
        0.852051, 0.930176, 0.00437989, 0.853027, 0.930176, 0.00464742, 0.854004, 0.930176, 0.00489501, 0.85498, 0.930176, 0.00512138, 0.855957, 0.930176, 0.00532551, 0.856934, 0.930176, 0.00550656, 0.85791, 0.930176, 0.0056639, 0.858887, 0.930176, 0.00579714, 
        0.852051, 0.931152, 0.00414196, 0.853027, 0.931152, 0.0043913, 0.854004, 0.931152, 0.00462303, 0.85498, 0.931152, 0.00483604, 0.855957, 0.931152, 0.00502943, 0.856934, 0.931152, 0.00520243, 0.85791, 0.931152, 0.00535453, 0.858887, 0.931152, 0.00548533, 
        0.852051, 0.932129, 0.00388769, 0.853027, 0.932129, 0.00411758, 0.854004, 0.932129, 0.00433237, 0.85498, 0.932129, 0.0045311, 0.855957, 0.932129, 0.004713, 0.856934, 0.932129, 0.00487741, 0.85791, 0.932129, 0.00502389, 0.858887, 0.932129, 0.00515211, 
        0.852051, 0.933105, 0.00361936, 0.853027, 0.933105, 0.00382873, 0.854004, 0.933105, 0.00402564, 0.85498, 0.933105, 0.00420929, 0.855957, 0.933105, 0.00437907, 0.856934, 0.933105, 0.00453442, 0.85791, 0.933105, 0.00467497, 0.858887, 0.933105, 0.00480045, 
        0.852051, 0.934082, 0.00333945, 0.853027, 0.934082, 0.00352742, 0.854004, 0.934082, 0.00370568, 0.85498, 0.934082, 0.00387362, 0.855957, 0.934082, 0.00403075, 0.856934, 0.934082, 0.00417664, 0.85791, 0.934082, 0.004311, 0.858887, 0.934082, 0.00443362, 
        0.852051, 0.935059, 0.00305049, 0.853027, 0.935059, 0.00321638, 0.854004, 0.935059, 0.00337539, 0.85498, 0.935059, 0.0035271, 0.855957, 0.935059, 0.00367118, 0.856934, 0.935059, 0.0038073, 0.85791, 0.935059, 0.00393526, 0.858887, 0.935059, 0.00405491, 
        0.852051, 0.936035, 0.00275515, 0.853027, 0.936035, 0.00289848, 0.854004, 0.936035, 0.00303784, 0.85498, 0.936035, 0.00317297, 0.855957, 0.936035, 0.00330369, 0.856934, 0.936035, 0.00342982, 0.85791, 0.936035, 0.00355123, 0.858887, 0.936035, 0.00366783, 
        0.852051, 0.937012, 0.00245607, 0.853027, 0.937012, 0.00257658, 0.854004, 0.937012, 0.00269604, 0.85498, 0.937012, 0.00281438, 0.855957, 0.937012, 0.00293159, 0.856934, 0.937012, 0.00304759, 0.85791, 0.937012, 0.00316235, 0.858887, 0.937012, 0.00327583
    ]
}
