{
    "level": 0,
    "idx": {"x": 100, "y": 0},
    "dim": {"x": 8, "y": 8},
    "offset": {"x": 0.781738, "y": 0.000488281},
    "cellSize": {"x": 0.000976562, "y": 0.000976562},
    "vertices": [
        0.781738, 0.000488281, 5.15122e-07, 0.782715, 0.000488281, 5.03788e-07, 0.783691, 0.000488281, 4.92664e-07, 0.784668, 0.000488281, 4.8175e-07, 0.785645, 0.000488281, 4.71041e-07, 0.786621, 0.000488281, 4.60535e-07, 0.787598, 0.000488281, 4.50228e-07, 0.788574, 0.000488281, 4.40118e-07, 
        0.781738, 0.00146484, 8.60958e-05, 0.782715, 0.00146484, 4.87661e-05, 0.783691, 0.00146484, 1.20139e-05, 0.784668, 0.00146484, -2.38146e-05, 0.785645, 0.00146484, -5.83937e-05, 0.786621, 0.00146484, -9.13992e-05, 0.787598, 0.00146484, -0.000122533, 0.788574, 0.00146484, -0.000151507, 
        0.781738, 0.00244141, 0.000171911, 0.782715, 0.00244141, 9.76093e-05, 0.783691, 0.00244141, 2.44565e-05, 0.784668, 0.00244141, -4.68584e-05, 0.785645, 0.00244141, -0.000115687, 0.786621, 0.00244141, -0.000181384, 0.787598, 0.00244141, -0.000243356, 0.788574, 0.00244141, -0.00030103, 
        0.781738, 0.00341797, 0.000258192, 0.782715, 0.00341797, 0.000147608, 0.783691, 0.00341797, 3.87321e-05, 0.784668, 0.00341797, -6.74098e-05, 0.785645, 0.00341797, -0.000169853, 0.786621, 0.00341797, -0.000267638, 0.787598, 0.00341797, -0.000359881, 0.788574, 0.00341797, -0.00044573, 
        0.781738, 0.00439453, 0.000345164, 0.782715, 0.00439453, 0.000199324, 0.783691, 0.00439453, 5.57336e-05, 0.784668, 0.00439453, -8.42542e-05, 0.785645, 0.00439453, -0.000219368, 0.786621, 0.00439453, -0.000348343, 0.787598, 0.00439453, -0.000470013, 0.788574, 0.00439453, -0.000583256, 
        0.781738, 0.00537109, 0.000433046, 0.782715, 0.00537109, 0.000253302, 0.783691, 0.00537109, 7.63269e-05, 0.784668, 0.00537109, -9.62135e-05, 0.785645, 0.00537109, -0.000262753, 0.786621, 0.00537109, -0.000421732, 0.787598, 0.00537109, -0.000571717, 0.788574, 0.00537109, -0.000711325, 
        0.781738, 0.00634766, 0.000522045, 0.782715, 0.00634766, 0.000310063, 0.783691, 0.00634766, 0.000101342, 0.784668, 0.00634766, -0.000102158, 0.785645, 0.00634766, -0.00029859, 0.786621, 0.00634766, -0.000486115, 0.787598, 0.00634766, -0.000663045, 0.788574, 0.00634766, -0.000827747, 
        0.781738, 0.00732422, 0.000612357, 0.782715, 0.00732422, 0.000370102, 0.783691, 0.00732422, 0.000131563, 0.784668, 0.00732422, -0.000101018, 0.785645, 0.00732422, -0.000325535, 0.786621, 0.00732422, -0.000539887, 0.787598, 0.00732422, -0.000742145, 0.788574, 0.00732422, -0.000930448
    ]
}
