{
    "level": 0,
    "idx": {"x": 106, "y": 38},
    "dim": {"x": 8, "y": 8},
    "offset": {"x": 0.828613, "y": 0.297363},
    "cellSize": {"x": 0.000976562, "y": 0.000976562},
    "vertices": [
        0.828613, 0.297363, -0.00339562, 0.82959, 0.297363, -0.0032796, 0.830566, 0.297363, -0.00312745, 0.831543, 0.297363, -0.00294004, 0.83252, 0.297363, -0.00271852, 0.833496, 0.297363, -0.00246443, 0.834473, 0.297363, -0.00217954, 0.835449, 0.297363, -0.00186598, 
        0.828613, 0.29834, -0.00334619, 0.82959, 0.29834, -0.00323282, 0.830566, 0.29834, -0.0030836, 0.831543, 0.29834, -0.00289938, 0.83252, 0.29834, -0.0026813, 0.833496, 0.29834, -0.00243089, 0.834473, 0.29834, -0.00214991, 0.835449, 0.29834, -0.00184047, 
        0.828613, 0.299316, -0.00326072, 0.82959, 0.299316, -0.00315051, 0.830566, 0.299316, -0.00300504, 0.831543, 0.299316, -0.00282517, 0.83252, 0.299316, -0.00261202, 0.833496, 0.299316, -0.00236709, 0.834473, 0.299316, -0.0020921, 0.835449, 0.299316, -0.00178913, 
        0.828613, 0.300293, -0.00313985, 0.82959, 0.300293, -0.00303326, 0.830566, 0.300293, -0.00289237, 0.831543, 0.300293, -0.002718, 0.83252, 0.300293, -0.00251124, 0.833496, 0.300293, -0.00227354, 0.834473, 0.300293, -0.0020066, 0.835449, 0.300293, -0.00171242, 
        0.828613, 0.30127, -0.00298454, 0.82959, 0.30127, -0.00288205, 0.830566, 0.30127, -0.00274652, 0.831543, 0.30127, -0.00257876, 0.83252, 0.30127, -0.00237981, 0.833496, 0.30127, -0.00215107, 0.834473, 0.30127, -0.00189416, 0.835449, 0.30127, -0.00161103, 
        0.828613, 0.302246, -0.00279607, 0.82959, 0.302246, -0.00269813, 0.830566, 0.302246, -0.00256874, 0.831543, 0.302246, -0.00240866, 0.83252, 0.302246, -0.00221888, 0.833496, 0.302246, -0.00200075, 0.834473, 0.302246, -0.0017558, 0.835449, 0.302246, -0.00148589, 
        0.828613, 0.303223, -0.00257607, 0.82959, 0.303223, -0.00248311, 0.830566, 0.303223, -0.00236059, 0.831543, 0.303223, -0.0022092, 0.83252, 0.303223, -0.00202991, 0.833496, 0.303223, -0.00182395, 0.834473, 0.303223, -0.00159278, 0.835449, 0.303223, -0.00133814, 
        0.828613, 0.304199, -0.00232644, 0.82959, 0.304199, -0.00223887, 0.830566, 0.304199, -0.0021239, 0.831543, 0.304199, -0.00198217, 0.83252, 0.304199, -0.00181458, 0.833496, 0.304199, -0.00162227, 0.834473, 0.304199, -0.0014066, 0.835449, 0.304199, -0.00116918
    ]
}
