{
    "level": 0,
    "idx": {"x": 103, "y": 41},
    "dim": {"x": 8, "y": 8},
    "offset": {"x": 0.805176, "y": 0.320801},
    "cellSize": {"x": 0.000976562, "y": 0.000976562},
    "vertices": [
        0.805176, 0.320801, -0.00075363, 0.806152, 0.320801, -0.00055805, 0.807129, 0.320801, -0.000346148, 0.808105, 0.320801, -0.000120178, 0.809082, 0.320801, 0.000117548, 0.810059, 0.320801, 0.000364543, 0.811035, 0.320801, 0.000618321, 0.812012, 0.320801, 0.000876281, 
        0.805176, 0.321777, -0.000813937, 0.806152, 0.321777, -0.0006026, 0.807129, 0.321777, -0.000373632, 0.808105, 0.321777, -0.000129483, 0.809082, 0.321777, 0.000127337, 0.810059, 0.321777, 0.000394127, 0.811035, 0.321777, 0.000668186, 0.812012, 0.321777, 0.000946689, 
        0.805176, 0.322754, -0.000855115, 0.806152, 0.322754, -0.000630265, 0.807129, 0.322754, -0.000386636, 0.808105, 0.322754, -0.000126845, 0.809082, 0.322754, 0.00014642, 0.810059, 0.322754, 0.000430271, 0.811035, 0.322754, 0.000721818, 0.812012, 0.322754, 0.00101804, 
        0.805176, 0.32373, -0.000875872, 0.806152, 0.32373, -0.000639912, 0.807129, 0.32373, -0.000384192, 0.808105, 0.32373, -0.000111476, 0.809082, 0.32373, 0.000175399, 0.810059, 0.32373, 0.000473387, 0.811035, 0.32373, 0.000779433, 0.812012, 0.32373, 0.00109035, 
        0.805176, 0.324707, -0.00087511, 0.806152, 0.324707, -0.000630576, 0.807129, 0.324707, -0.00036548, 0.808105, 0.324707, -8.27053e-05, 0.809082, 0.324707, 0.000214789, 0.810059, 0.324707, 0.000523823, 0.811035, 0.324707, 0.000841212, 0.812012, 0.324707, 0.00116363, 
        0.805176, 0.325684, -0.000851934, 0.806152, 0.325684, -0.00060147, 0.807129, 0.325684, -0.00032983, 0.808105, 0.325684, -3.9988e-05, 0.809082, 0.325684, 0.000265002, 0.810059, 0.325684, 0.000581862, 0.811035, 0.325684, 0.000907302, 0.812012, 0.325684, 0.00123789, 
        0.805176, 0.32666, -0.000805661, 0.806152, 0.32666, -0.000551996, 0.807129, 0.32666, -0.000276734, 0.808105, 0.32666, 1.70896e-05, 0.809082, 0.32666, 0.000326355, 0.810059, 0.32666, 0.000647715, 0.811035, 0.32666, 0.00097781, 0.812012, 0.32666, 0.00131314, 
        0.805176, 0.327637, -0.000735826, 0.806152, 0.327637, -0.000481748, 0.807129, 0.327637, -0.000205846, 0.808105, 0.327637, 8.88069e-05, 0.809082, 0.327637, 0.000399058, 0.810059, 0.327637, 0.000721522, 0.811035, 0.327637, 0.0010528, 0.812012, 0.327637, 0.00138936
    ]
}
