{
    "level": 0,
    "idx": {"x": 102, "y": 111},
    "dim": {"x": 8, "y": 8},
    "offset": {"x": 0.797363, "y": 0.867676},
    "cellSize": {"x": 0.000976562, "y": 0.000976562},
    "vertices": [
        0.797363, 0.867676, -0.000397878, 0.79834, 0.867676, -0.000362629, 0.799316, 0.867676, -0.000349376, 0.800293, 0.867676, -0.000357627, 0.80127, 0.867676, -0.000386679, 0.802246, 0.867676, -0.000435611, 0.803223, 0.867676, -0.000503317, 0.804199, 0.867676, -0.000588481, 
        0.797363, 0.868652, -0.000758877, 0.79834, 0.868652, -0.000718365, 0.799316, 0.868652, -0.000697043, 0.800293, 0.868652, -0.000694482, 0.80127, 0.868652, -0.000710068, 0.802246, 0.868652, -0.000742995, 0.803223, 0.868652, -0.000792294, 0.804199, 0.868652, -0.000856814, 
        0.797363, 0.869629, -0.00113929, 0.79834, 0.869629, -0.00109328, 0.799316, 0.869629, -0.00106346, 0.800293, 0.869629, -0.00104947, 0.80127, 0.869629, -0.00105079, 0.802246, 0.869629, -0.00106674, 0.803223, 0.869629, -0.00109649, 0.804199, 0.869629, -0.00113907, 
        0.797363, 0.870605, -0.00153604, 0.79834, 0.870605, -0.00148435, 0.799316, 0.870605, -0.00144567, 0.800293, 0.870605, -0.00141974, 0.80127, 0.870605, -0.00140611, 0.802246, 0.870605, -0.00140425, 0.803223, 0.870605, -0.00141348, 0.804199, 0.870605, -0.00143302, 
        0.797363, 0.871582, -0.00194599, 0.79834, 0.871582, -0.00188845, 0.799316, 0.871582, -0.00184064, 0.800293, 0.871582, -0.00180233, 0.80127, 0.871582, -0.00177321, 0.802246, 0.871582, -0.00175287, 0.803223, 0.871582, -0.0017408, 0.804199, 0.871582, -0.0017364, 
        0.797363, 0.872559, -0.00236574, 0.79834, 0.872559, -0.00230225, 0.799316, 0.872559, -0.00224507, 0.800293, 0.872559, -0.00219408, 0.80127, 0.872559, -0.00214905, 0.802246, 0.872559, -0.00210973, 0.803223, 0.872559, -0.00207575, 0.804199, 0.872559, -0.00204674, 
        0.797363, 0.873535, -0.00279189, 0.79834, 0.873535, -0.00272238, 0.799316, 0.873535, -0.00265571, 0.800293, 0.873535, -0.00259182, 0.80127, 0.873535, -0.00253061, 0.802246, 0.873535, -0.00247196, 0.803223, 0.873535, -0.00241568, 0.804199, 0.873535, -0.00236159, 
        0.797363, 0.874512, -0.00322087, 0.79834, 0.874512, -0.00314531, 0.799316, 0.874512, -0.00306909, 0.800293, 0.874512, -0.0029922, 0.80127, 0.874512, -0.00291468, 0.802246, 0.874512, -0.00283653, 0.803223, 0.874512, -0.00275776, 0.804199, 0.874512, -0.00267837
    ]
}
