{
    "level": 0,
    "idx": {"x": 101, "y": 52},
    "dim": {"x": 8, "y": 8},
    "offset": {"x": 0.789551, "y": 0.406738},
    "cellSize": {"x": 0.000976562, "y": 0.000976562},
    "vertices": [
        0.789551, 0.406738, 0.0126609, 0.790527, 0.406738, 0.0124145, 0.791504, 0.406738, 0.0121683, 0.79248, 0.406738, 0.0119221, 0.793457, 0.406738, 0.0116759, 0.794434, 0.406738, 0.0114296, 0.79541, 0.406738, 0.0111832, 0.796387, 0.406738, 0.0109366, 
        0.789551, 0.407715, 0.0130103, 0.790527, 0.407715, 0.0127845, 0.791504, 0.407715, 0.0125559, 0.79248, 0.407715, 0.0123243, 0.793457, 0.407715, 0.0120895, 0.794434, 0.407715, 0.0118512, 0.79541, 0.407715, 0.0116094, 0.796387, 0.407715, 0.0113639, 
        0.789551, 0.408691, 0.0133539, 0.790527, 0.408691, 0.0131483, 0.791504, 0.408691, 0.0129372, 0.79248, 0.408691, 0.01272, 0.793457, 0.408691, 0.0124965, 0.794434, 0.408691, 0.0122661, 0.79541, 0.408691, 0.0120289, 0.796387, 0.408691, 0.0117845, 
        0.789551, 0.409668, 0.013689, 0.790527, 0.409668, 0.0135033, 0.791504, 0.409668, 0.0133092, 0.79248, 0.409668, 0.0131061, 0.793457, 0.409668, 0.0128935, 0.794434, 0.409668, 0.012671, 0.79541, 0.409668, 0.0124381, 0.796387, 0.409668, 0.0121948, 
        0.789551, 0.410645, 0.0140131, 0.790527, 0.410645, 0.0138465, 0.791504, 0.410645, 0.0136689, 0.79248, 0.410645, 0.0134794, 0.793457, 0.410645, 0.0132774, 0.794434, 0.410645, 0.0130623, 0.79541, 0.410645, 0.0128338, 0.796387, 0.410645, 0.0125915, 
        0.789551, 0.411621, 0.0143235, 0.790527, 0.411621, 0.0141752, 0.791504, 0.411621, 0.0140133, 0.79248, 0.411621, 0.0138368, 0.793457, 0.411621, 0.0136449, 0.794434, 0.411621, 0.013437, 0.79541, 0.411621, 0.0132125, 0.796387, 0.411621, 0.0129712, 
        0.789551, 0.412598, 0.014618, 0.790527, 0.412598, 0.0144869, 0.791504, 0.412598, 0.0143398, 0.79248, 0.412598, 0.0141755, 0.793457, 0.412598, 0.0139931, 0.794434, 0.412598, 0.0137919, 0.79541, 0.412598, 0.0135712, 0.796387, 0.412598, 0.0133308, 
        0.789551, 0.413574, 0.0148942, 0.790527, 0.413574, 0.0147791, 0.791504, 0.413574, 0.0146457, 0.79248, 0.413574, 0.0144927, 0.793457, 0.413574, 0.0143191, 0.794434, 0.413574, 0.014124, 0.79541, 0.413574, 0.0139069, 0.796387, 0.413574, 0.0136672
    ]
}
