{
    "level": 0,
    "idx": {"x": 107, "y": 39},
    "dim": {"x": 8, "y": 8},
    "offset": {"x": 0.836426, "y": 0.305176},
    "cellSize": {"x": 0.000976562, "y": 0.000976562},
    "vertices": [
        0.836426, 0.305176, -0.000743969, 0.837402, 0.305176, -0.000490974, 0.838379, 0.305176, -0.000223583, 0.839355, 0.305176, 5.6142e-05, 0.840332, 0.305176, 0.000345941, 0.841309, 0.305176, 0.000643544, 0.842285, 0.305176, 0.00094652, 0.843262, 0.305176, 0.00125248, 
        0.836426, 0.306152, -0.000560063, 0.837402, 0.306152, -0.000331383, 0.838379, 0.306152, -8.98349e-05, 0.839355, 0.306152, 0.000162744, 0.840332, 0.306152, 0.000424336, 0.841309, 0.306152, 0.000692916, 0.842285, 0.306152, 0.000966315, 0.843262, 0.306152, 0.0012424, 
        0.836426, 0.307129, -0.000361835, 0.837402, 0.307129, -0.00015922, 0.838379, 0.307129, 5.46155e-05, 0.839355, 0.307129, 0.000278075, 0.840332, 0.307129, 0.000509401, 0.841309, 0.307129, 0.000746834, 0.842285, 0.307129, 0.000988488, 0.843262, 0.307129, 0.00123251, 
        0.836426, 0.308105, -0.000151169, 0.837402, 0.308105, 2.38588e-05, 0.838379, 0.308105, 0.000208356, 0.839355, 0.308105, 0.000400979, 0.840332, 0.308105, 0.000600251, 0.841309, 0.308105, 0.000804692, 0.842285, 0.308105, 0.00101272, 0.843262, 0.308105, 0.00122277, 
        0.836426, 0.309082, 6.99294e-05, 0.837402, 0.309082, 0.000216093, 0.838379, 0.309082, 0.000369886, 0.839355, 0.309082, 0.000530231, 0.840332, 0.309082, 0.000695945, 0.841309, 0.309082, 0.000865844, 0.842285, 0.309082, 0.00103865, 0.843262, 0.309082, 0.00121313, 
        0.836426, 0.310059, 0.000299358, 0.837402, 0.310059, 0.000415633, 0.838379, 0.310059, 0.000537627, 0.839355, 0.310059, 0.000664541, 0.840332, 0.310059, 0.000795494, 0.841309, 0.310059, 0.00092961, 0.842285, 0.310059, 0.00106594, 0.843262, 0.310059, 0.00120357, 
        0.836426, 0.311035, 0.000534936, 0.837402, 0.311035, 0.000620564, 0.838379, 0.311035, 0.000709947, 0.839355, 0.311035, 0.000802574, 0.840332, 0.311035, 0.000897874, 0.841309, 0.311035, 0.000995287, 0.842285, 0.311035, 0.0010942, 0.843262, 0.311035, 0.00119403, 
        0.836426, 0.312012, 0.000774411, 0.837402, 0.312012, 0.000828904, 0.838379, 0.312012, 0.000885158, 0.839355, 0.312012, 0.000942949, 0.840332, 0.312012, 0.00100203, 0.841309, 0.312012, 0.00106215, 0.842285, 0.312012, 0.00112305, 0.843262, 0.312012, 0.00118447
    ]
}
