{
    "level": 0,
    "idx": {"x": 109, "y": 74},
    "dim": {"x": 8, "y": 8},
    "offset": {"x": 0.852051, "y": 0.578613},
    "cellSize": {"x": 0.000976562, "y": 0.000976562},
    "vertices": [
        0.852051, 0.578613, 0.00133876, 0.853027, 0.578613, 0.0012008, 0.854004, 0.578613, 0.00109271, 0.85498, 0.578613, 0.0010163, 0.855957, 0.578613, 0.000973057, 0.856934, 0.578613, 0.000964174, 0.85791, 0.578613, 0.000990491, 0.858887, 0.578613, 0.00105252, 
        0.852051, 0.57959, 0.00136255, 0.853027, 0.57959, 0.00122736, 0.854004, 0.57959, 0.00112173, 0.85498, 0.57959, 0.00104744, 0.855957, 0.57959, 0.00100597, 0.856934, 0.57959, 0.000998493, 0.85791, 0.57959, 0.00102584, 0.858887, 0.57959, 0.00108851, 
        0.852051, 0.580566, 0.00141269, 0.853027, 0.580566, 0.00128237, 0.854004, 0.580566, 0.001181, 0.85498, 0.580566, 0.00111034, 0.855957, 0.580566, 0.00107183, 0.856934, 0.580566, 0.00106662, 0.85791, 0.580566, 0.00109551, 0.858887, 0.580566, 0.00115902, 
        0.852051, 0.581543, 0.00148863, 0.853027, 0.581543, 0.00136522, 0.854004, 0.581543, 0.00126989, 0.85498, 0.581543, 0.00120433, 0.855957, 0.581543, 0.00116995, 0.856934, 0.581543, 0.00116784, 0.85791, 0.581543, 0.0011988, 0.858887, 0.581543, 0.00126331, 
        0.852051, 0.58252, 0.00158956, 0.853027, 0.58252, 0.00147506, 0.854004, 0.58252, 0.00138748, 0.85498, 0.58252, 0.00132845, 0.855957, 0.58252, 0.00129931, 0.856934, 0.58252, 0.00130112, 0.85791, 0.58252, 0.00133464, 0.858887, 0.58252, 0.00140032, 
        0.852051, 0.583496, 0.00171444, 0.853027, 0.583496, 0.00161073, 0.854004, 0.583496, 0.00153254, 0.85498, 0.583496, 0.00148141, 0.855957, 0.583496, 0.0014586, 0.856934, 0.583496, 0.00146512, 0.85791, 0.583496, 0.00150167, 0.858887, 0.583496, 0.00156869, 
        0.852051, 0.584473, 0.00186195, 0.853027, 0.584473, 0.00177085, 0.854004, 0.584473, 0.0017036, 0.85498, 0.584473, 0.00166166, 0.855957, 0.584473, 0.0016462, 0.856934, 0.584473, 0.00165816, 0.85791, 0.584473, 0.00169819, 0.858887, 0.584473, 0.00176669, 
        0.852051, 0.585449, 0.00203059, 0.853027, 0.585449, 0.00195376, 0.854004, 0.585449, 0.00189892, 0.85498, 0.585449, 0.00186738, 0.855957, 0.585449, 0.00186022, 0.856934, 0.585449, 0.0018783, 0.85791, 0.585449, 0.00192223, 0.858887, 0.585449, 0.00199235
    ]
}
