{
    "level": 0,
    "idx": {"x": 103, "y": 74},
    "dim": {"x": 8, "y": 8},
    "offset": {"x": 0.805176, "y": 0.578613},
    "cellSize": {"x": 0.000976562, "y": 0.000976562},
    "vertices": [
        0.805176, 0.578613, -0.000727531, 0.806152, 0.578613, -0.000446337, 0.807129, 0.578613, -0.000140565, 0.808105, 0.578613, 0.000186647, 0.809082, 0.578613, 0.000532083, 0.810059, 0.578613, 0.000892285, 0.811035, 0.578613, 0.0012638, 0.812012, 0.578613, 0.00164301, 
        0.805176, 0.57959, -0.000741535, 0.806152, 0.57959, -0.000462391, 0.807129, 0.57959, -0.000158898, 0.808105, 0.57959, 0.000165836, 0.809082, 0.57959, 0.000508629, 0.810059, 0.57959, 0.000866059, 0.811035, 0.57959, 0.00123471, 0.812012, 0.57959, 0.00161099, 
        0.805176, 0.580566, -0.000731265, 0.806152, 0.580566, -0.000456988, 0.807129, 0.580566, -0.000158788, 0.808105, 0.580566, 0.000160286, 0.809082, 0.580566, 0.000497115, 0.810059, 0.580566, 0.000848344, 0.811035, 0.580566, 0.00121062, 0.812012, 0.580566, 0.00158044, 
        0.805176, 0.581543, -0.000697183, 0.806152, 0.581543, -0.000430531, 0.807129, 0.581543, -0.000140579, 0.808105, 0.581543, 0.000169715, 0.809082, 0.581543, 0.000497325, 0.810059, 0.581543, 0.000838995, 0.811035, 0.581543, 0.00119147, 0.812012, 0.581543, 0.00155135, 
        0.805176, 0.58252, -0.000639966, 0.806152, 0.58252, -0.000383619, 0.807129, 0.58252, -0.000104781, 0.808105, 0.58252, 0.000193708, 0.809082, 0.58252, 0.000508941, 0.810059, 0.58252, 0.000837791, 0.811035, 0.58252, 0.00117713, 0.812012, 0.58252, 0.00152371, 
        0.805176, 0.583496, -0.000560509, 0.806152, 0.583496, -0.000317037, 0.807129, 0.583496, -5.20633e-05, 0.808105, 0.583496, 0.000231715, 0.809082, 0.583496, 0.00053154, 0.810059, 0.583496, 0.000844442, 0.811035, 0.583496, 0.00116746, 0.812012, 0.583496, 0.00149749, 
        0.805176, 0.584473, -0.000459909, 0.806152, 0.584473, -0.00023175, 0.807129, 0.584473, 1.67501e-05, 0.808105, 0.584473, 0.000283063, 0.809082, 0.584473, 0.000564605, 0.810059, 0.584473, 0.000858593, 0.811035, 0.584473, 0.00116225, 0.812012, 0.584473, 0.00147267, 
        0.805176, 0.585449, -0.000339452, 0.806152, 0.585449, -0.000128889, 0.807129, 0.585449, 0.000100693, 0.808105, 0.585449, 0.000346961, 0.809082, 0.585449, 0.000607528, 0.810059, 0.585449, 0.000879823, 0.811035, 0.585449, 0.00116128, 0.812012, 0.585449, 0.00144923
    ]
}
