{
    "level": 0,
    "idx": {"x": 115, "y": 63},
    "dim": {"x": 8, "y": 8},
    "offset": {"x": 0.898926, "y": 0.492676},
    "cellSize": {"x": 0.000976562, "y": 0.000976562},
    "vertices": [
        0.898926, 0.492676, -0.00211057, 0.899902, 0.492676, -0.0019342, 0.900879, 0.492676, -0.00174333, 0.901855, 0.492676, -0.00154005, 0.902832, 0.492676, -0.00132649, 0.903809, 0.492676, -0.0011049, 0.904785, 0.492676, -0.00087764, 0.905762, 0.492676, -0.000647028, 
        0.898926, 0.493652, -0.00179782, 0.899902, 0.493652, -0.00164295, 0.900879, 0.493652, -0.00147519, 0.901855, 0.493652, -0.00129637, 0.902832, 0.493652, -0.00110839, 0.903809, 0.493652, -0.000913259, 0.904785, 0.493652, -0.000713049, 0.905762, 0.493652, -0.000509834, 
        0.898926, 0.494629, -0.00147097, 0.899902, 0.494629, -0.0013393, 0.900879, 0.494629, -0.00119644, 0.901855, 0.494629, -0.00104399, 0.902832, 0.494629, -0.000883577, 0.903809, 0.494629, -0.000716942, 0.904785, 0.494629, -0.000545878, 0.905762, 0.494629, -0.000372173, 
        0.898926, 0.495605, -0.00113196, 0.899902, 0.495605, -0.00102494, 0.900879, 0.495605, -0.00090854, 0.901855, 0.495605, -0.000784098, 0.902832, 0.495605, -0.00065297, 0.903809, 0.495605, -0.000516603, 0.904785, 0.495605, -0.000376489, 0.905762, 0.495605, -0.000234117, 
        0.898926, 0.496582, -0.000782846, 0.899902, 0.496582, -0.000701681, 0.900879, 0.496582, -0.000613042, 0.901855, 0.496582, -0.000517977, 0.902832, 0.496582, -0.000417558, 0.903809, 0.496582, -0.000312927, 0.904785, 0.496582, -0.000205263, 0.905762, 0.496582, -9.57426e-05, 
        0.898926, 0.497559, -0.00042578, 0.899902, 0.497559, -0.000371428, 0.900879, 0.497559, -0.000311567, 0.901855, 0.497559, -0.000246954, 0.902832, 0.497559, -0.000178366, 0.903809, 0.497559, -0.00010663, 0.904785, 0.497559, -3.25993e-05, 0.905762, 0.497559, 4.28754e-05, 
        0.898926, 0.498535, -6.29893e-05, 0.899902, 0.498535, -3.6139e-05, 0.900879, 0.498535, -5.79091e-06, 0.901855, 0.498535, 2.7594e-05, 0.902832, 0.498535, 6.35406e-05, 0.903809, 0.498535, 0.000101546, 0.904785, 0.498535, 0.000141092, 0.905762, 0.498535, 0.000181659, 
        0.898926, 0.499512, 0.000303242, 0.899902, 0.499512, 0.000302177, 0.900879, 0.499512, 0.000302568, 0.901855, 0.499512, 0.000304256, 0.902832, 0.499512, 0.000307073, 0.903809, 0.499512, 0.000310845, 0.904785, 0.499512, 0.000315392, 0.905762, 0.499512, 0.000320531
    ]
}
