{
    "level": 0,
    "idx": {"x": 119, "y": 76},
    "dim": {"x": 8, "y": 8},
    "offset": {"x": 0.930176, "y": 0.594238},
    "cellSize": {"x": 0.000976562, "y": 0.000976562},
    "vertices": [
        0.930176, 0.594238, 0.00734734, 0.931152, 0.594238, 0.00728988, 0.932129, 0.594238, 0.00722897, 0.933105, 0.594238, 0.00716478, 0.934082, 0.594238, 0.00709754, 0.935059, 0.594238, 0.00702742, 0.936035, 0.594238, 0.00695466, 0.937012, 0.594238, 0.00687946, 
        0.930176, 0.595215, 0.00755205, 0.931152, 0.595215, 0.00746601, 0.932129, 0.595215, 0.00737455, 0.933105, 0.595215, 0.00727814, 0.934082, 0.595215, 0.0071773, 0.935059, 0.595215, 0.00707255, 0.936035, 0.595215, 0.00696446, 0.937012, 0.595215, 0.00685357, 
        0.930176, 0.596191, 0.00775074, 0.931152, 0.596191, 0.00763659, 0.932129, 0.596191, 0.00751507, 0.933105, 0.596191, 0.00738694, 0.934082, 0.596191, 0.00725305, 0.935059, 0.596191, 0.00711422, 0.936035, 0.596191, 0.00697136, 0.937012, 0.596191, 0.00682535, 
        0.930176, 0.597168, 0.00794123, 0.931152, 0.597168, 0.00779968, 0.932129, 0.597168, 0.00764887, 0.933105, 0.597168, 0.00748985, 0.934082, 0.597168, 0.00732376, 0.935059, 0.597168, 0.00715174, 0.936035, 0.597168, 0.00697501, 0.937012, 0.597168, 0.00679478, 
        0.930176, 0.598145, 0.00812132, 0.931152, 0.598145, 0.00795337, 0.932129, 0.598145, 0.00777435, 0.933105, 0.598145, 0.00758556, 0.934082, 0.598145, 0.00738844, 0.935059, 0.598145, 0.00718443, 0.936035, 0.598145, 0.00697507, 0.937012, 0.598145, 0.00676187, 
        0.930176, 0.599121, 0.00828895, 0.931152, 0.599121, 0.00809585, 0.932129, 0.599121, 0.00788995, 0.933105, 0.599121, 0.0076728, 0.934082, 0.599121, 0.00744613, 0.935059, 0.599121, 0.00721164, 0.936035, 0.599121, 0.0069712, 0.937012, 0.599121, 0.0067266, 
        0.930176, 0.600098, 0.00844213, 0.931152, 0.600098, 0.00822539, 0.932129, 0.600098, 0.00799421, 0.933105, 0.600098, 0.00775039, 0.934082, 0.600098, 0.00749591, 0.935059, 0.600098, 0.00723277, 0.936035, 0.600098, 0.00696309, 0.937012, 0.600098, 0.00668896, 
        0.930176, 0.601074, 0.00857901, 0.931152, 0.601074, 0.00834035, 0.932129, 0.601074, 0.00808573, 0.933105, 0.601074, 0.00781718, 0.934082, 0.601074, 0.00753694, 0.935059, 0.601074, 0.00724723, 0.936035, 0.601074, 0.00695045, 0.937012, 0.601074, 0.00664895
    ]
}
