{
    "level": 0,
    "idx": {"x": 118, "y": 106},
    "dim": {"x": 8, "y": 8},
    "offset": {"x": 0.922363, "y": 0.828613},
    "cellSize": {"x": 0.000976562, "y": 0.000976562},
    "vertices": [
        0.922363, 0.828613, -0.00433644, 0.92334, 0.828613, -0.00428398, 0.924316, 0.828613, -0.00419588, 0.925293, 0.828613, -0.00407299, 0.92627, 0.828613, -0.00391646, 0.927246, 0.828613, -0.00372779, 0.928223, 0.828613, -0.00350879, 0.929199, 0.828613, -0.00326153, 
        0.922363, 0.82959, -0.00415187, 0.92334, 0.82959, -0.00410038, 0.924316, 0.82959, -0.00401375, 0.925293, 0.82959, -0.00389282, 0.92627, 0.82959, -0.00373872, 0.927246, 0.82959, -0.00355294, 0.928223, 0.82959, -0.00333727, 0.929199, 0.82959, -0.00309374, 
        0.922363, 0.830566, -0.00393167, 0.92334, 0.830566, -0.00388163, 0.924316, 0.830566, -0.0037973, 0.925293, 0.830566, -0.00367948, 0.92627, 0.830566, -0.00352929, 0.927246, 0.830566, -0.00334817, 0.928223, 0.830566, -0.00313789, 0.929199, 0.830566, -0.00290042, 
        0.922363, 0.831543, -0.00367671, 0.92334, 0.831543, -0.00362861, 0.924316, 0.831543, -0.00354737, 0.925293, 0.831543, -0.0034338, 0.92627, 0.831543, -0.00328895, 0.927246, 0.831543, -0.00311424, 0.928223, 0.831543, -0.00291136, 0.929199, 0.831543, -0.00268222, 
        0.922363, 0.83252, -0.00338814, 0.92334, 0.83252, -0.00334243, 0.924316, 0.83252, -0.00326508, 0.925293, 0.83252, -0.00315684, 0.92627, 0.83252, -0.00301873, 0.927246, 0.83252, -0.00285211, 0.928223, 0.83252, -0.00265858, 0.929199, 0.83252, -0.00243998, 
        0.922363, 0.833496, -0.00306752, 0.92334, 0.833496, -0.00302464, 0.924316, 0.833496, -0.00295192, 0.925293, 0.833496, -0.00285005, 0.92627, 0.833496, -0.00272001, 0.927246, 0.833496, -0.00256308, 0.928223, 0.833496, -0.00238077, 0.929199, 0.833496, -0.00217482, 
        0.922363, 0.834473, -0.00271661, 0.92334, 0.834473, -0.00267698, 0.924316, 0.834473, -0.00260958, 0.925293, 0.834473, -0.00251508, 0.92627, 0.834473, -0.00239437, 0.927246, 0.834473, -0.00224864, 0.928223, 0.834473, -0.00207931, 0.929199, 0.834473, -0.00188801, 
        0.922363, 0.835449, -0.00233754, 0.92334, 0.835449, -0.00230155, 0.924316, 0.835449, -0.00224014, 0.925293, 0.835449, -0.00215391, 0.92627, 0.835449, -0.0020437, 0.927246, 0.835449, -0.0019106, 0.928223, 0.835449, -0.00175589, 0.929199, 0.835449, -0.00158108
    ]
}
