{
    "level": 0,
    "idx": {"x": 113, "y": 61},
    "dim": {"x": 8, "y": 8},
    "offset": {"x": 0.883301, "y": 0.477051},
    "cellSize": {"x": 0.000976562, "y": 0.000976562},
    "vertices": [
        0.883301, 0.477051, -0.0039004, 0.884277, 0.477051, -0.00412175, 0.885254, 0.477051, -0.0043195, 0.88623, 0.477051, -0.00449229, 0.887207, 0.477051, -0.00463896, 0.888184, 0.477051, -0.00475862, 0.88916, 0.477051, -0.00485058, 0.890137, 0.477051, -0.00491447, 
        0.883301, 0.478027, -0.00397605, 0.884277, 0.478027, -0.00421003, 0.885254, 0.478027, -0.00441857, 0.88623, 0.478027, -0.00460021, 0.887207, 0.478027, -0.00475368, 0.888184, 0.478027, -0.00487803, 0.88916, 0.478027, -0.0049725, 0.890137, 0.478027, -0.00503668, 
        0.883301, 0.479004, -0.00402871, 0.884277, 0.479004, -0.00427358, 0.885254, 0.479004, -0.00449141, 0.88623, 0.479004, -0.00468064, 0.887207, 0.479004, -0.00483992, 0.888184, 0.479004, -0.00496821, 0.88916, 0.479004, -0.00506473, 0.890137, 0.479004, -0.00512902, 
        0.883301, 0.47998, -0.00405689, 0.884277, 0.47998, -0.0043108, 0.885254, 0.47998, -0.00453631, 0.88623, 0.47998, -0.00473179, 0.887207, 0.47998, -0.0048958, 0.888184, 0.47998, -0.00502725, 0.88916, 0.47998, -0.00512533, 0.890137, 0.47998, -0.00518955, 
        0.883301, 0.480957, -0.00405934, 0.884277, 0.480957, -0.00432034, 0.885254, 0.480957, -0.00455184, 0.88623, 0.480957, -0.00475214, 0.887207, 0.480957, -0.00491976, 0.888184, 0.480957, -0.00505356, 0.88916, 0.480957, -0.00515268, 0.890137, 0.480957, -0.00521662, 
        0.883301, 0.481934, -0.00403505, 0.884277, 0.481934, -0.0043011, 0.885254, 0.481934, -0.00453683, 0.88623, 0.481934, -0.00474049, 0.887207, 0.481934, -0.00491054, 0.888184, 0.481934, -0.00504583, 0.88916, 0.481934, -0.00514545, 0.890137, 0.481934, -0.0052089, 
        0.883301, 0.48291, -0.00398327, 0.884277, 0.48291, -0.00425227, 0.885254, 0.48291, -0.00449041, 0.88623, 0.48291, -0.00469591, 0.887207, 0.48291, -0.00486719, 0.888184, 0.48291, -0.00500307, 0.88916, 0.48291, -0.00510265, 0.890137, 0.48291, -0.00516539, 
        0.883301, 0.483887, -0.00390349, 0.884277, 0.483887, -0.0041733, 0.885254, 0.483887, -0.00441201, 0.88623, 0.483887, -0.0046178, 0.887207, 0.483887, -0.00478908, 0.888184, 0.483887, -0.00492466, 0.88916, 0.483887, -0.00502363, 0.890137, 0.483887, -0.00508544
    ]
}
