{
    "level": 0,
    "idx": {"x": 119, "y": 112},
    "dim": {"x": 8, "y": 8},
    "offset": {"x": 0.930176, "y": 0.875488},
    "cellSize": {"x": 0.000976562, "y": 0.000976562},
    "vertices": [
        0.930176, 0.875488, 0.00499802, 0.931152, 0.875488, 0.00499663, 0.932129, 0.875488, 0.00499523, 0.933105, 0.875488, 0.00499356, 0.934082, 0.875488, 0.00499137, 0.935059, 0.875488, 0.00498837, 0.936035, 0.875488, 0.00498428, 0.937012, 0.875488, 0.00497882, 
        0.930176, 0.876465, 0.00485648, 0.931152, 0.876465, 0.00488327, 0.932129, 0.876465, 0.004912, 0.933105, 0.876465, 0.00494211, 0.934082, 0.876465, 0.00497303, 0.935059, 0.876465, 0.00500416, 0.936035, 0.876465, 0.00503488, 0.937012, 0.876465, 0.00506456, 
        0.930176, 0.877441, 0.00471737, 0.931152, 0.877441, 0.00477184, 0.932129, 0.877441, 0.00483015, 0.933105, 0.877441, 0.00489146, 0.934082, 0.877441, 0.0049549, 0.935059, 0.877441, 0.00501955, 0.936035, 0.877441, 0.00508444, 0.937012, 0.877441, 0.00514863, 
        0.930176, 0.878418, 0.00458289, 0.931152, 0.878418, 0.00466425, 0.932129, 0.878418, 0.0047513, 0.933105, 0.878418, 0.00484294, 0.934082, 0.878418, 0.00493797, 0.935059, 0.878418, 0.00503518, 0.936035, 0.878418, 0.00513329, 0.937012, 0.878418, 0.00523101, 
        0.930176, 0.879395, 0.00445515, 0.931152, 0.879395, 0.00456236, 0.932129, 0.879395, 0.00467704, 0.933105, 0.879395, 0.00479782, 0.934082, 0.879395, 0.00492322, 0.935059, 0.879395, 0.00505172, 0.936035, 0.879395, 0.00518175, 0.937012, 0.879395, 0.0053117, 
        0.930176, 0.880371, 0.00433621, 0.931152, 0.880371, 0.00446795, 0.932129, 0.880371, 0.00460887, 0.933105, 0.880371, 0.00475732, 0.934082, 0.880371, 0.00491156, 0.935059, 0.880371, 0.00506979, 0.936035, 0.880371, 0.00523012, 0.937012, 0.880371, 0.00539068, 
        0.930176, 0.881348, 0.00422796, 0.931152, 0.881348, 0.00438272, 0.932129, 0.881348, 0.00454822, 0.933105, 0.881348, 0.00472262, 0.934082, 0.881348, 0.00490388, 0.935059, 0.881348, 0.00508997, 0.936035, 0.881348, 0.00527871, 0.937012, 0.881348, 0.00546795, 
        0.930176, 0.882324, 0.00413226, 0.931152, 0.882324, 0.00430825, 0.932129, 0.882324, 0.00449646, 0.933105, 0.882324, 0.0046948, 0.934082, 0.882324, 0.00490102, 0.935059, 0.882324, 0.00511282, 0.936035, 0.882324, 0.00532778, 0.937012, 0.882324, 0.0055435
    ]
}
