{
    "level": 0,
    "idx": {"x": 11, "y": 75},
    "dim": {"x": 8, "y": 8},
    "offset": {"x": 0.0864258, "y": 0.586426},
    "cellSize": {"x": 0.000976562, "y": 0.000976562},
    "vertices": [
        0.0864258, 0.586426, -0.00550513, 0.0874023, 0.586426, -0.00567246, 0.0883789, 0.586426, -0.00585215, 0.0893555, 0.586426, -0.00604227, 0.090332, 0.586426, -0.00624078, 0.0913086, 0.586426, -0.00644554, 0.0922852, 0.586426, -0.00665432, 0.0932617, 0.586426, -0.00686481, 
        0.0864258, 0.587402, -0.00569816, 0.0874023, 0.587402, -0.00584452, 0.0883789, 0.587402, -0.0060015, 0.0893555, 0.587402, -0.00616741, 0.090332, 0.587402, -0.00634043, 0.0913086, 0.587402, -0.00651867, 0.0922852, 0.587402, -0.00670015, 0.0932617, 0.587402, -0.00688284, 
        0.0864258, 0.588379, -0.00590359, 0.0874023, 0.588379, -0.00602743, 0.0883789, 0.588379, -0.00616002, 0.0893555, 0.588379, -0.00629991, 0.090332, 0.588379, -0.00644555, 0.0913086, 0.588379, -0.0065953, 0.0922852, 0.588379, -0.00674745, 0.0932617, 0.588379, -0.00690026, 
        0.0864258, 0.589355, -0.00611936, 0.0874023, 0.589355, -0.00621932, 0.0883789, 0.589355, -0.00632607, 0.0893555, 0.589355, -0.0064384, 0.090332, 0.589355, -0.00655503, 0.0913086, 0.589355, -0.00667459, 0.0922852, 0.589355, -0.00679567, 0.0932617, 0.589355, -0.00691684, 
        0.0864258, 0.590332, -0.00634324, 0.0874023, 0.590332, -0.00641823, 0.0883789, 0.590332, -0.00649794, 0.0893555, 0.590332, -0.00658143, 0.090332, 0.590332, -0.00666769, 0.0913086, 0.590332, -0.00675566, 0.0922852, 0.590332, -0.00684423, 0.0932617, 0.590332, -0.00693228, 
        0.0864258, 0.591309, -0.00657295, 0.0874023, 0.591309, -0.00662209, 0.0883789, 0.591309, -0.00667381, 0.0893555, 0.591309, -0.00672746, 0.090332, 0.591309, -0.0067823, 0.0913086, 0.591309, -0.00683758, 0.0922852, 0.591309, -0.00689252, 0.0932617, 0.591309, -0.0069463, 
        0.0864258, 0.592285, -0.00680609, 0.0874023, 0.592285, -0.00682876, 0.0883789, 0.592285, -0.00685184, 0.0893555, 0.592285, -0.00687492, 0.090332, 0.592285, -0.0068976, 0.0913086, 0.592285, -0.00691942, 0.0922852, 0.592285, -0.00693991, 0.0932617, 0.592285, -0.00695861, 
        0.0864258, 0.593262, -0.00704023, 0.0874023, 0.593262, -0.00703607, 0.0883789, 0.593262, -0.0070301, 0.0893555, 0.593262, -0.00702221, 0.090332, 0.593262, -0.00701228, 0.0913086, 0.593262, -0.00700017, 0.0922852, 0.593262, -0.00698576, 0.0932617, 0.593262, -0.0069689
    ]
}
