{
    "level": 0,
    "idx": {"x": 111, "y": 49},
    "dim": {"x": 8, "y": 8},
    "offset": {"x": 0.867676, "y": 0.383301},
    "cellSize": {"x": 0.000976562, "y": 0.000976562},
    "vertices": [
        0.867676, 0.383301, -0.00471707, 0.868652, 0.383301, -0.00461128, 0.869629, 0.383301, -0.00448864, 0.870605, 0.383301, -0.00435135, 0.871582, 0.383301, -0.00420172, 0.872559, 0.383301, -0.00404221, 0.873535, 0.383301, -0.00387529, 0.874512, 0.383301, -0.00370353, 
        0.867676, 0.384277, -0.00491191, 0.868652, 0.384277, -0.00478897, 0.869629, 0.384277, -0.00464786, 0.870605, 0.384277, -0.00449099, 0.871582, 0.384277, -0.00432085, 0.872559, 0.384277, -0.0041401, 0.873535, 0.384277, -0.00395145, 0.874512, 0.384277, -0.0037577, 
        0.867676, 0.385254, -0.00508692, 0.868652, 0.385254, -0.00494905, 0.869629, 0.385254, -0.00479185, 0.870605, 0.385254, -0.0046179, 0.871582, 0.385254, -0.00442987, 0.872559, 0.385254, -0.0042306, 0.873535, 0.385254, -0.00402299, 0.874512, 0.385254, -0.00381003, 
        0.867676, 0.38623, -0.00524077, 0.868652, 0.38623, -0.00509036, 0.869629, 0.38623, -0.00491962, 0.870605, 0.38623, -0.00473128, 0.871582, 0.38623, -0.00452816, 0.872559, 0.38623, -0.00431328, 0.873535, 0.38623, -0.00408966, 0.874512, 0.38623, -0.00386049, 
        0.867676, 0.387207, -0.00537236, 0.868652, 0.387207, -0.00521191, 0.869629, 0.387207, -0.00503032, 0.870605, 0.387207, -0.00483043, 0.871582, 0.387207, -0.0046152, 0.872559, 0.387207, -0.00438775, 0.873535, 0.387207, -0.00415127, 0.874512, 0.387207, -0.00390905, 
        0.867676, 0.388184, -0.00548077, 0.868652, 0.388184, -0.0053129, 0.869629, 0.388184, -0.00512326, 0.870605, 0.388184, -0.0049148, 0.871582, 0.388184, -0.00469054, 0.872559, 0.388184, -0.00445373, 0.873535, 0.388184, -0.00420763, 0.874512, 0.388184, -0.00395566, 
        0.867676, 0.38916, -0.0055653, 0.868652, 0.38916, -0.00539271, 0.869629, 0.38916, -0.00519793, 0.870605, 0.38916, -0.00498394, 0.871582, 0.38916, -0.00475385, 0.872559, 0.38916, -0.00451096, 0.873535, 0.38916, -0.00425862, 0.874512, 0.38916, -0.00400031, 
        0.867676, 0.390137, -0.00562545, 0.868652, 0.390137, -0.00545091, 0.869629, 0.390137, -0.00525393, 0.870605, 0.390137, -0.00503754, 0.871582, 0.390137, -0.00480488, 0.872559, 0.390137, -0.00455929, 0.873535, 0.390137, -0.00430413, 0.874512, 0.390137, -0.00404295
    ]
}
