{
    "level": 0,
    "idx": {"x": 116, "y": 82},
    "dim": {"x": 8, "y": 8},
    "offset": {"x": 0.906738, "y": 0.641113},
    "cellSize": {"x": 0.000976562, "y": 0.000976562},
    "vertices": [
        0.906738, 0.641113, 0.00323772, 0.907715, 0.641113, 0.00287904, 0.908691, 0.641113, 0.00252611, 0.909668, 0.641113, 0.00218232, 0.910645, 0.641113, 0.00185106, 0.911621, 0.641113, 0.0015355, 0.912598, 0.641113, 0.00123873, 0.913574, 0.641113, 0.000963584, 
        0.906738, 0.64209, 0.00311828, 0.907715, 0.64209, 0.00276328, 0.908691, 0.64209, 0.002414, 0.909668, 0.64209, 0.00207378, 0.910645, 0.64209, 0.00174599, 0.911621, 0.64209, 0.00143375, 0.912598, 0.64209, 0.00114013, 0.913574, 0.64209, 0.000867922, 
        0.906738, 0.643066, 0.0030009, 0.907715, 0.643066, 0.00265306, 0.908691, 0.643066, 0.00231083, 0.909668, 0.643066, 0.0019775, 0.910645, 0.643066, 0.00165636, 0.911621, 0.643066, 0.00135047, 0.912598, 0.643066, 0.00106283, 0.913574, 0.643066, 0.00079617, 
        0.906738, 0.644043, 0.00288558, 0.907715, 0.644043, 0.00254829, 0.908691, 0.644043, 0.00221646, 0.909668, 0.644043, 0.00189325, 0.910645, 0.644043, 0.00158188, 0.911621, 0.644043, 0.00128529, 0.912598, 0.644043, 0.0010064, 0.913574, 0.644043, 0.000747862, 
        0.906738, 0.64502, 0.00277224, 0.907715, 0.64502, 0.0024488, 0.908691, 0.64502, 0.00213059, 0.909668, 0.64502, 0.00182066, 0.910645, 0.64502, 0.00152207, 0.911621, 0.64502, 0.00123766, 0.912598, 0.64502, 0.000970214, 0.913574, 0.64502, 0.000722275, 
        0.906738, 0.645996, 0.00266082, 0.907715, 0.645996, 0.00235438, 0.908691, 0.645996, 0.0020529, 0.909668, 0.645996, 0.00175925, 0.910645, 0.645996, 0.00147634, 0.911621, 0.645996, 0.00120685, 0.912598, 0.645996, 0.000953426, 0.913574, 0.645996, 0.00071847, 
        0.906738, 0.646973, 0.00255119, 0.907715, 0.646973, 0.00226475, 0.908691, 0.646973, 0.00198293, 0.909668, 0.646973, 0.00170842, 0.910645, 0.646973, 0.00144392, 0.911621, 0.646973, 0.00119196, 0.912598, 0.646973, 0.000955001, 0.913574, 0.646973, 0.000735284, 
        0.906738, 0.647949, 0.00244324, 0.907715, 0.647949, 0.00217959, 0.908691, 0.647949, 0.00192016, 0.909668, 0.647949, 0.00166745, 0.910645, 0.647949, 0.00142394, 0.911621, 0.647949, 0.00119193, 0.912598, 0.647949, 0.000973715, 0.913574, 0.647949, 0.000771344
    ]
}
