{
    "level": 0,
    "idx": {"x": 116, "y": 86},
    "dim": {"x": 8, "y": 8},
    "offset": {"x": 0.906738, "y": 0.672363},
    "cellSize": {"x": 0.000976562, "y": 0.000976562},
    "vertices": [
        0.906738, 0.672363, -0.000367505, 0.907715, 0.672363, -9.61494e-06, 0.908691, 0.672363, 0.000341906, 0.909668, 0.672363, 0.000683662, 0.910645, 0.672363, 0.00101225, 0.911621, 0.672363, 0.00132449, 0.912598, 0.672363, 0.00161729, 0.913574, 0.672363, 0.00188782, 
        0.906738, 0.67334, -0.000507809, 0.907715, 0.67334, -0.000154417, 0.908691, 0.67334, 0.000192726, 0.909668, 0.67334, 0.000530263, 0.910645, 0.67334, 0.00085483, 0.911621, 0.67334, 0.00116329, 0.912598, 0.67334, 0.00145257, 0.913574, 0.67334, 0.00171988, 
        0.906738, 0.674316, -0.000650942, 0.907715, 0.674316, -0.000305522, 0.908691, 0.674316, 3.38358e-05, 0.909668, 0.674316, 0.000363844, 0.910645, 0.674316, 0.000681208, 0.911621, 0.674316, 0.00098286, 0.912598, 0.674316, 0.00126579, 0.913574, 0.674316, 0.00152727, 
        0.906738, 0.675293, -0.000796814, 0.907715, 0.675293, -0.000462764, 0.908691, 0.675293, -0.00013453, 0.909668, 0.675293, 0.000184706, 0.910645, 0.675293, 0.000491752, 0.911621, 0.675293, 0.000783635, 0.912598, 0.675293, 0.00105744, 0.913574, 0.675293, 0.00131052, 
        0.906738, 0.67627, -0.000945259, 0.907715, 0.67627, -0.000625873, 0.908691, 0.67627, -0.000311992, 0.909668, 0.67627, -6.6676e-06, 0.910645, 0.67627, 0.000287043, 0.911621, 0.67627, 0.000566291, 0.912598, 0.67627, 0.000828284, 0.913574, 0.67627, 0.00107049, 
        0.906738, 0.677246, -0.00109613, 0.907715, 0.677246, -0.000794563, 0.908691, 0.677246, -0.000498134, 0.909668, 0.677246, -0.000209731, 0.910645, 0.677246, 6.77516e-05, 0.911621, 0.677246, 0.000331617, 0.912598, 0.677246, 0.000579222, 0.913574, 0.677246, 0.000808165, 
        0.906738, 0.678223, -0.0012492, 0.907715, 0.678223, -0.000968441, 0.908691, 0.678223, -0.000692394, 0.909668, 0.678223, -0.000423759, 0.910645, 0.678223, -0.00016524, 0.911621, 0.678223, 8.06436e-05, 0.912598, 0.678223, 0.000311424, 0.913574, 0.678223, 0.000524857, 
        0.906738, 0.679199, -0.00140428, 0.907715, 0.679199, -0.00114711, 0.908691, 0.679199, -0.000894184, 0.909668, 0.679199, -0.00064798, 0.910645, 0.679199, -0.000410983, 0.911621, 0.679199, -0.000185511, 0.912598, 0.679199, 2.61662e-05, 0.913574, 0.679199, 0.000221985
    ]
}
