{
    "level": 0,
    "idx": {"x": 119, "y": 104},
    "dim": {"x": 8, "y": 8},
    "offset": {"x": 0.930176, "y": 0.812988},
    "cellSize": {"x": 0.000976562, "y": 0.000976562},
    "vertices": [
        0.930176, 0.812988, -0.00285931, 0.931152, 0.812988, -0.00282225, 0.932129, 0.812988, -0.00278268, 0.933105, 0.812988, -0.00274082, 0.934082, 0.812988, -0.00269695, 0.935059, 0.812988, -0.00265133, 0.936035, 0.812988, -0.00260425, 0.937012, 0.812988, -0.00255599, 
        0.930176, 0.813965, -0.00296856, 0.931152, 0.813965, -0.00290347, 0.932129, 0.813965, -0.00283391, 0.933105, 0.813965, -0.00276043, 0.934082, 0.813965, -0.00268362, 0.935059, 0.813965, -0.00260404, 0.936035, 0.813965, -0.00252235, 0.937012, 0.813965, -0.00243913, 
        0.930176, 0.814941, -0.00307284, 0.931152, 0.814941, -0.00298021, 0.932129, 0.814941, -0.00288122, 0.933105, 0.814941, -0.0027767, 0.934082, 0.814941, -0.00266754, 0.935059, 0.814941, -0.00255463, 0.936035, 0.814941, -0.00243894, 0.937012, 0.814941, -0.00232142, 
        0.930176, 0.815918, -0.00316999, 0.931152, 0.815918, -0.0030506, 0.932129, 0.815918, -0.00292301, 0.933105, 0.815918, -0.00278832, 0.934082, 0.815918, -0.00264772, 0.935059, 0.815918, -0.00250242, 0.936035, 0.815918, -0.00235371, 0.937012, 0.815918, -0.00220285, 
        0.930176, 0.816895, -0.00325788, 0.931152, 0.816895, -0.00311278, 0.932129, 0.816895, -0.00295771, 0.933105, 0.816895, -0.00279403, 0.934082, 0.816895, -0.00262322, 0.935059, 0.816895, -0.0024468, 0.936035, 0.816895, -0.00226635, 0.937012, 0.816895, -0.00208346, 
        0.930176, 0.817871, -0.0033345, 0.931152, 0.817871, -0.00316498, 0.932129, 0.817871, -0.00298381, 0.933105, 0.817871, -0.0027926, 0.934082, 0.817871, -0.00259311, 0.935059, 0.817871, -0.00238713, 0.936035, 0.817871, -0.00217655, 0.937012, 0.817871, -0.00196325, 
        0.930176, 0.818848, -0.0033979, 0.931152, 0.818848, -0.00320551, 0.932129, 0.818848, -0.00299989, 0.933105, 0.818848, -0.00278288, 0.934082, 0.818848, -0.00255653, 0.935059, 0.818848, -0.00232286, 0.936035, 0.818848, -0.00208406, 0.937012, 0.818848, -0.00184227, 
        0.930176, 0.819824, -0.0034463, 0.931152, 0.819824, -0.00323279, 0.932129, 0.819824, -0.0030046, 0.933105, 0.819824, -0.0027638, 0.934082, 0.819824, -0.00251265, 0.935059, 0.819824, -0.00225343, 0.936035, 0.819824, -0.00198859, 0.937012, 0.819824, -0.00172051
    ]
}
