{
    "level": 0,
    "idx": {"x": 11, "y": 7},
    "dim": {"x": 8, "y": 8},
    "offset": {"x": 0.345703, "y": 0.220703},
    "cellSize": {"x": 0.00390625, "y": 0.00390625},
    "vertices": [
        0.345703, 0.220703, 0.00618541, 0.349609, 0.220703, 0.00953525, 0.353516, 0.220703, 0.0102403, 0.357422, 0.220703, 0.00802774, 0.361328, 0.220703, 0.00434918, 0.365234, 0.220703, 0.00152421, 0.369141, 0.220703, 0.00137086, 0.373047, 0.220703, 0.00413268, 
        0.345703, 0.224609, 0.0118331, 0.349609, 0.224609, 0.0269561, 0.353516, 0.224609, 0.0294278, 0.357422, 0.224609, 0.0179458, 0.361328, 0.224609, -0.000554609, 0.365234, 0.224609, -0.0149928, 0.369141, 0.224609, -0.0166836, 0.373047, 0.224609, -0.00446185, 
        0.345703, 0.228516, 0.0136287, 0.349609, 0.228516, 0.0317551, 0.353516, 0.228516, 0.0346931, 0.357422, 0.228516, 0.0208794, 0.361328, 0.228516, -0.00136035, 0.365234, 0.228516, -0.018724, 0.369141, 0.228516, -0.0207849, 0.373047, 0.228516, -0.0061445, 
        0.345703, 0.232422, 0.010795, 0.349609, 0.232422, 0.0213966, 0.353516, 0.232422, 0.0232398, 0.357422, 0.232422, 0.0154226, 0.361328, 0.232422, 0.00274762, 0.365234, 0.232422, -0.00711212, 0.369141, 0.232422, -0.00814226, 0.373047, 0.232422, 0.000463718, 
        0.345703, 0.236328, 0.00530771, 0.349609, 0.236328, 0.0023119, 0.353516, 0.236328, 0.00216061, 0.357422, 0.236328, 0.00514518, 0.361328, 0.236328, 0.00971033, 0.365234, 0.236328, 0.0133716, 0.369141, 0.236328, 0.0141813, 0.373047, 0.236328, 0.0118775, 
        0.345703, 0.240234, 0.000730434, 0.349609, 0.240234, -0.0138946, 0.353516, 0.240234, -0.0157466, 0.357422, 0.240234, -0.00351303, 0.361328, 0.240234, 0.0158105, 0.365234, 0.240234, 0.0310478, 0.369141, 0.240234, 0.0334383, 0.373047, 0.240234, 0.0218056, 
        0.345703, 0.244141, 0.000112853, 0.349609, 0.244141, -0.0172931, 0.353516, 0.244141, -0.0195307, 0.357422, 0.244141, -0.00504112, 0.361328, 0.244141, 0.0178677, 0.365234, 0.244141, 0.0359231, 0.369141, 0.244141, 0.0387212, 0.373047, 0.244141, 0.024865, 
        0.345703, 0.248047, 0.00419196, 0.349609, 0.248047, -0.00548693, 0.353516, 0.248047, -0.0065486, 0.357422, 0.248047, 0.00189174, 0.361328, 0.248047, 0.0151164, 0.365234, 0.248047, 0.0255888, 0.369141, 0.248047, 0.0274009, 0.373047, 0.248047, 0.0197593
    ]
}
