{
    "level": 0,
    "idx": {"x": 11, "y": 21},
    "dim": {"x": 16, "y": 16},
    "offset": {"x": 0.172363, "y": 0.328613},
    "cellSize": {"x": 0.000976562, "y": 0.000976562},
    "vertices": [
        0.172363, 0.328613, 0.00126899, 0.17334, 0.328613, 0.0016765, 0.174316, 0.328613, 0.00206773, 0.175293, 0.328613, 0.00242888, 0.17627, 0.328613, 0.00274733, 0.177246, 0.328613, 0.00301212, 0.178223, 0.328613, 0.0032144, 0.179199, 0.328613, 0.00334774, 0.180176, 0.328613, 0.00340842, 0.181152, 0.328613, 0.00339553, 0.182129, 0.328613, 0.00331104, 0.183105, 0.328613, 0.00315968, 0.184082, 0.328613, 0.00294882, 0.185059, 0.328613, 0.00268815, 0.186035, 0.328613, 0.0023893, 0.187012, 0.328613, 0.0020654, 
        0.172363, 0.32959, 0.00148152, 0.17334, 0.32959, 0.00301938, 0.174316, 0.32959, 0.00448993, 0.175293, 0.32959, 0.00583779, 0.17627, 0.32959, 0.00701239, 0.177246, 0.32959, 0.00796983, 0.178223, 0.32959, 0.00867456, 0.179199, 0.32959, 0.00910087, 0.180176, 0.32959, 0.00923376, 0.181152, 0.32959, 0.00906957, 0.182129, 0.32959, 0.00861609, 0.183105, 0.32959, 0.0078923, 0.184082, 0.32959, 0.00692764, 0.185059, 0.32959, 0.00576082, 0.186035, 0.32959, 0.0044384, 0.187012, 0.32959, 0.00301295, 
        0.172363, 0.330566, 0.00168411, 0.17334, 0.330566, 0.00429439, 0.174316, 0.330566, 0.00678892, 0.175293, 0.330566, 0.00907292, 0.17627, 0.330566, 0.0110598, 0.177246, 0.330566, 0.0126744, 0.178223, 0.330566, 0.0138558, 0.179199, 0.330566, 0.0145601, 0.180176, 0.330566, 0.0147615, 0.181152, 0.330566, 0.0144538, 0.182129, 0.330566, 0.0136503, 0.183105, 0.330566, 0.0123835, 0.184082, 0.330566, 0.0107037, 0.185059, 0.330566, 0.00867726, 0.186035, 0.330566, 0.00638379, 0.187012, 0.330566, 0.0039133, 
        0.172363, 0.331543, 0.00186958, 0.17334, 0.331543, 0.00545298, 0.174316, 0.331543, 0.00887667, 0.175293, 0.331543, 0.0120101, 0.17627, 0.331543, 0.0147341, 0.177246, 0.331543, 0.016945, 0.178223, 0.331543, 0.0185591, 0.179199, 0.331543, 0.0195156, 0.180176, 0.331543, 0.0197793, 0.181152, 0.331543, 0.0193414, 0.182129, 0.331543, 0.0182203, 0.183105, 0.331543, 0.0164608, 0.184082, 0.331543, 0.0141322, 0.185059, 0.331543, 0.0113258, 0.186035, 0.331543, 0.00815132, 0.187012, 0.331543, 0.00473266, 
        0.172363, 0.33252, 0.00203144, 0.17334, 0.33252, 0.00645124, 0.174316, 0.33252, 0.0106736, 0.175293, 0.33252, 0.0145372, 0.17627, 0.33252, 0.0178946, 0.177246, 0.33252, 0.0206181, 0.178223, 0.33252, 0.0226041, 0.179199, 0.33252, 0.0237775, 0.180176, 0.33252, 0.0240947, 0.181152, 0.33252, 0.0235451, 0.182129, 0.33252, 0.0221512, 0.183105, 0.33252, 0.0199683, 0.184082, 0.33252, 0.0170822, 0.185059, 0.33252, 0.0136055, 0.186035, 0.33252, 0.0096739, 0.187012, 0.33252, 0.00544044, 
        0.172363, 0.333496, 0.0021641, 0.17334, 0.333496, 0.00725139, 0.174316, 0.333496, 0.0121111, 0.175293, 0.333496, 0.0165574, 0.17627, 0.333496, 0.0204205, 0.177246, 0.333496, 0.0235531, 0.178223, 0.333496, 0.0258359, 0.179199, 0.333496, 0.0271825, 0.180176, 0.333496, 0.0275426, 0.181152, 0.333496, 0.0269038, 0.182129, 0.333496, 0.0252923, 0.183105, 0.333496, 0.0227717, 0.184082, 0.333496, 0.0194408, 0.185059, 0.333496, 0.0154295, 0.186035, 0.333496, 0.0108938, 0.187012, 0.333496, 0.00601032, 
        0.172363, 0.334473, 0.00226308, 0.17334, 0.334473, 0.0078233, 0.174316, 0.334473, 0.0131346, 0.175293, 0.334473, 0.0179938, 0.17627, 0.334473, 0.0222151, 0.177246, 0.334473, 0.0256377, 0.178223, 0.334473, 0.0281308, 0.179199, 0.334473, 0.0296003, 0.180176, 0.334473, 0.0299908, 0.181152, 0.334473, 0.0292891, 0.182129, 0.334473, 0.0275237, 0.183105, 0.334473, 0.024764, 0.184082, 0.334473, 0.0211183, 0.185059, 0.334473, 0.0167284, 0.186035, 0.334473, 0.0117651, 0.187012, 0.334473, 0.00642132, 
        0.172363, 0.335449, 0.00232525, 0.17334, 0.335449, 0.00814561, 0.174316, 0.335449, 0.0137053, 0.175293, 0.335449, 0.0187916, 0.17627, 0.335449, 0.0232101, 0.177246, 0.335449, 0.0267922, 0.178223, 0.335449, 0.0294013, 0.179199, 0.335449, 0.0309384, 0.180176, 0.335449, 0.031346, 0.181152, 0.335449, 0.0306099, 0.182129, 0.335449, 0.0287601, 0.183105, 0.335449, 0.0258694, 0.184082, 0.335449, 0.0220508, 0.185059, 0.335449, 0.0174531, 0.186035, 0.335449, 0.012255, 0.187012, 0.335449, 0.00665854, 
        0.172363, 0.336426, 0.00234885, 0.17334, 0.336426, 0.00820657, 0.174316, 0.336426, 0.013802, 0.175293, 0.336426, 0.018921, 0.17627, 0.336426, 0.023368, 0.177246, 0.336426, 0.0269731, 0.178223, 0.336426, 0.0295991, 0.179199, 0.336426, 0.0311463, 0.180176, 0.336426, 0.0315568, 0.181152, 0.336426, 0.0308163, 0.182129, 0.336426, 0.0289549, 0.183105, 0.336426, 0.026046, 0.184082, 0.336426, 0.0222034, 0.185059, 0.336426, 0.0175766, 0.186035, 0.336426, 0.0123457, 0.187012, 0.336426, 0.00671383, 
        0.172363, 0.337402, 0.00233364, 0.17334, 0.337402, 0.00800453, 0.174316, 0.337402, 0.0134216, 0.175293, 0.337402, 0.0183776, 0.17627, 0.337402, 0.0226832, 0.177246, 0.337402, 0.0261742, 0.178223, 0.337402, 0.0287174, 0.179199, 0.337402, 0.0302167, 0.180176, 0.337402, 0.0306158, 0.181152, 0.337402, 0.029901, 0.182129, 0.337402, 0.0281014, 0.183105, 0.337402, 0.0252881, 0.184082, 0.337402, 0.021571, 0.185059, 0.337402, 0.0170951, 0.186035, 0.337402, 0.0120346, 0.187012, 0.337402, 0.00658601, 
        0.172363, 0.338379, 0.00228087, 0.17334, 0.338379, 0.00754794, 0.174316, 0.338379, 0.0125794, 0.175293, 0.338379, 0.0171831, 0.17627, 0.338379, 0.021183, 0.177246, 0.338379, 0.0244268, 0.178223, 0.338379, 0.026791, 0.179199, 0.338379, 0.0281861, 0.180176, 0.338379, 0.0285601, 0.181152, 0.338379, 0.0279002, 0.182129, 0.338379, 0.0262334, 0.183105, 0.338379, 0.0236256, 0.184082, 0.338379, 0.020179, 0.185059, 0.338379, 0.0160281, 0.186035, 0.338379, 0.0113346, 0.187012, 0.338379, 0.00628098, 
        0.172363, 0.339355, 0.00219325, 0.17334, 0.339355, 0.00685508, 0.174316, 0.339355, 0.0113087, 0.175293, 0.339355, 0.0153841, 0.17627, 0.339355, 0.0189259, 0.177246, 0.339355, 0.0217992, 0.178223, 0.339355, 0.0238948, 0.179199, 0.339355, 0.0251336, 0.180176, 0.339355, 0.0254697, 0.181152, 0.339355, 0.0248917, 0.182129, 0.339355, 0.0234235, 0.183105, 0.339355, 0.0211234, 0.184082, 0.339355, 0.0180818, 0.185059, 0.339355, 0.0144176, 0.186035, 0.339355, 0.0102737, 0.187012, 0.339355, 0.00581146, 
        0.172363, 0.340332, 0.00207481, 0.17334, 0.340332, 0.00595331, 0.174316, 0.340332, 0.00965904, 0.175293, 0.340332, 0.0130508, 0.17627, 0.340332, 0.0159995, 0.177246, 0.340332, 0.0183931, 0.178223, 0.340332, 0.020141, 0.179199, 0.340332, 0.0211775, 0.180176, 0.340332, 0.0214644, 0.181152, 0.340332, 0.0209922, 0.182129, 0.340332, 0.019781, 0.183105, 0.340332, 0.0178789, 0.184082, 0.340332, 0.0153612, 0.185059, 0.340332, 0.0123265, 0.186035, 0.340332, 0.00889356, 0.187012, 0.340332, 0.00519652, 
        0.172363, 0.341309, 0.0019308, 0.17334, 0.341309, 0.00487805, 0.174316, 0.341309, 0.00769464, 0.175293, 0.341309, 0.0102736, 0.17627, 0.341309, 0.0125172, 0.177246, 0.341309, 0.0143406, 0.178223, 0.341309, 0.0156751, 0.179199, 0.341309, 0.016471, 0.180176, 0.341309, 0.0166993, 0.181152, 0.341309, 0.0163528, 0.182129, 0.341309, 0.0154468, 0.183105, 0.341309, 0.0140178, 0.184082, 0.341309, 0.0121227, 0.185059, 0.341309, 0.00983623, 0.186035, 0.341309, 0.00724842, 0.187012, 0.341309, 0.00446082, 
        0.172363, 0.342285, 0.00176745, 0.17334, 0.342285, 0.00367135, 0.174316, 0.342285, 0.00549178, 0.175293, 0.342285, 0.00716016, 0.17627, 0.342285, 0.00861377, 0.177246, 0.342285, 0.00979825, 0.178223, 0.342285, 0.0106695, 0.179199, 0.342285, 0.0111958, 0.180176, 0.342285, 0.0113584, 0.181152, 0.342285, 0.0111528, 0.182129, 0.342285, 0.0105886, 0.183105, 0.342285, 0.00968949, 0.184082, 0.342285, 0.00849181, 0.185059, 0.342285, 0.00704359, 0.186035, 0.342285, 0.00540248, 0.187012, 0.342285, 0.00363365, 
