{
    "level": 0,
    "idx": {"x": 113, "y": 107},
    "dim": {"x": 8, "y": 8},
    "offset": {"x": 0.883301, "y": 0.836426},
    "cellSize": {"x": 0.000976562, "y": 0.000976562},
    "vertices": [
        0.883301, 0.836426, 0.00225808, 0.884277, 0.836426, 0.00240704, 0.885254, 0.836426, 0.00253655, 0.88623, 0.836426, 0.00264542, 0.887207, 0.836426, 0.00273264, 0.888184, 0.836426, 0.00279741, 0.88916, 0.836426, 0.00283914, 0.890137, 0.836426, 0.00285748, 
        0.883301, 0.837402, 0.00214604, 0.884277, 0.837402, 0.00227909, 0.885254, 0.837402, 0.00239499, 0.88623, 0.837402, 0.00249268, 0.887207, 0.837402, 0.00257127, 0.888184, 0.837402, 0.00263007, 0.88916, 0.837402, 0.00266855, 0.890137, 0.837402, 0.00268639, 
        0.883301, 0.838379, 0.00201807, 0.884277, 0.838379, 0.002134, 0.885254, 0.838379, 0.00223523, 0.88623, 0.838379, 0.00232086, 0.887207, 0.838379, 0.00239012, 0.888184, 0.838379, 0.00244243, 0.88916, 0.838379, 0.00247733, 0.890137, 0.838379, 0.00249456, 
        0.883301, 0.839355, 0.00187645, 0.884277, 0.839355, 0.0019742, 0.885254, 0.839355, 0.00205985, 0.88623, 0.839355, 0.00213266, 0.887207, 0.839355, 0.00219199, 0.888184, 0.839355, 0.00223737, 0.88916, 0.839355, 0.00226842, 0.890137, 0.839355, 0.00228494, 
        0.883301, 0.840332, 0.00172359, 0.884277, 0.840332, 0.00180232, 0.885254, 0.840332, 0.00187164, 0.88623, 0.840332, 0.001931, 0.887207, 0.840332, 0.00197991, 0.888184, 0.840332, 0.002018, 0.88916, 0.840332, 0.00204499, 0.890137, 0.840332, 0.00206069, 
        0.883301, 0.841309, 0.00156198, 0.884277, 0.841309, 0.00162102, 0.885254, 0.841309, 0.00167345, 0.88623, 0.841309, 0.00171889, 0.887207, 0.841309, 0.00175699, 0.888184, 0.841309, 0.00178751, 0.88916, 0.841309, 0.00181025, 0.890137, 0.841309, 0.00182508, 
        0.883301, 0.842285, 0.00139424, 0.884277, 0.842285, 0.00143313, 0.885254, 0.842285, 0.00146827, 0.88623, 0.842285, 0.00149946, 0.887207, 0.842285, 0.0015265, 0.888184, 0.842285, 0.00154926, 0.88916, 0.842285, 0.00156762, 0.890137, 0.842285, 0.00158153, 
        0.883301, 0.843262, 0.00122298, 0.884277, 0.843262, 0.00124148, 0.885254, 0.843262, 0.00125912, 0.88623, 0.843262, 0.00127587, 0.887207, 0.843262, 0.0012917, 0.888184, 0.843262, 0.00130659, 0.88916, 0.843262, 0.00132051, 0.890137, 0.843262, 0.00133347
    ]
}
