{
    "level": 0,
    "idx": {"x": 118, "y": 59},
    "dim": {"x": 8, "y": 8},
    "offset": {"x": 0.922363, "y": 0.461426},
    "cellSize": {"x": 0.000976562, "y": 0.000976562},
    "vertices": [
        0.922363, 0.461426, -0.00726391, 0.92334, 0.461426, -0.00722482, 0.924316, 0.461426, -0.00715987, 0.925293, 0.461426, -0.00706965, 0.92627, 0.461426, -0.00695493, 0.927246, 0.461426, -0.00681676, 0.928223, 0.461426, -0.00665636, 0.929199, 0.461426, -0.00647514, 
        0.922363, 0.462402, -0.00687724, 0.92334, 0.462402, -0.00684229, 0.924316, 0.462402, -0.00678421, 0.925293, 0.462402, -0.00670351, 0.92627, 0.462402, -0.0066009, 0.927246, 0.462402, -0.00647728, 0.928223, 0.462402, -0.00633377, 0.929199, 0.462402, -0.0061716, 
        0.922363, 0.463379, -0.00646735, 0.92334, 0.463379, -0.00643685, 0.924316, 0.463379, -0.00638614, 0.925293, 0.463379, -0.00631568, 0.92627, 0.463379, -0.00622607, 0.927246, 0.463379, -0.0061181, 0.928223, 0.463379, -0.00599273, 0.929199, 0.463379, -0.00585103, 
        0.922363, 0.464355, -0.00603724, 0.92334, 0.464355, -0.00601144, 0.924316, 0.464355, -0.00596854, 0.925293, 0.464355, -0.00590892, 0.92627, 0.464355, -0.00583309, 0.927246, 0.464355, -0.00574171, 0.928223, 0.464355, -0.00563557, 0.929199, 0.464355, -0.00551557, 
        0.922363, 0.465332, -0.00559004, 0.92334, 0.465332, -0.00556915, 0.924316, 0.465332, -0.00553443, 0.925293, 0.465332, -0.00548617, 0.92627, 0.465332, -0.00542477, 0.927246, 0.465332, -0.00535075, 0.928223, 0.465332, -0.00526476, 0.929199, 0.465332, -0.00516749, 
        0.922363, 0.466309, -0.00512906, 0.92334, 0.466309, -0.00511326, 0.924316, 0.466309, -0.005087, 0.925293, 0.466309, -0.0050505, 0.92627, 0.466309, -0.00500404, 0.927246, 0.466309, -0.00494802, 0.928223, 0.466309, -0.00488288, 0.929199, 0.466309, -0.00480916, 
        0.922363, 0.467285, -0.00465772, 0.92334, 0.467285, -0.00464714, 0.924316, 0.467285, -0.00462955, 0.925293, 0.467285, -0.0046051, 0.92627, 0.467285, -0.00457396, 0.927246, 0.467285, -0.00453637, 0.928223, 0.467285, -0.00449262, 0.929199, 0.467285, -0.00444303, 
        0.922363, 0.468262, -0.00417953, 0.92334, 0.468262, -0.00417424, 0.924316, 0.468262, -0.00416546, 0.925293, 0.468262, -0.00415323, 0.92627, 0.468262, -0.00413764, 0.927246, 0.468262, -0.00411877, 0.928223, 0.468262, -0.00409672, 0.929199, 0.468262, -0.00407162
    ]
}
