{
    "level": 0,
    "idx": {"x": 119, "y": 63},
    "dim": {"x": 8, "y": 8},
    "offset": {"x": 0.930176, "y": 0.492676},
    "cellSize": {"x": 0.000976562, "y": 0.000976562},
    "vertices": [
        0.930176, 0.492676, 0.00078513, 0.931152, 0.492676, 0.000586681, 0.932129, 0.492676, 0.000375116, 0.933105, 0.492676, 0.000152436, 0.934082, 0.492676, -7.91782e-05, 0.935059, 0.492676, -0.000317525, 0.936035, 0.492676, -0.000560262, 0.937012, 0.492676, -0.000805073, 
        0.930176, 0.493652, 0.000735528, 0.931152, 0.493652, 0.000558741, 0.932129, 0.493652, 0.000370331, 0.933105, 0.493652, 0.000172075, 0.934082, 0.493652, -3.40937e-05, 0.935059, 0.493652, -0.000246224, 0.936035, 0.493652, -0.000462236, 0.937012, 0.493652, -0.000680077, 
        0.930176, 0.494629, 0.000672408, 0.931152, 0.494629, 0.000518974, 0.932129, 0.494629, 0.00035553, 0.933105, 0.494629, 0.000183606, 0.934082, 0.494629, 4.87149e-06, 0.935059, 0.494629, -0.00017899, 0.936035, 0.494629, -0.000366185, 0.937012, 0.494629, -0.000554942, 
        0.930176, 0.495605, 0.000597614, 0.931152, 0.495605, 0.000468995, 0.932129, 0.495605, 0.000332077, 0.933105, 0.495605, 0.000188133, 0.934082, 0.495605, 3.8549e-05, 0.935059, 0.495605, -0.000115274, 0.936035, 0.495605, -0.000271846, 0.937012, 0.495605, -0.000429694, 
        0.930176, 0.496582, 0.000513106, 0.931152, 0.496582, 0.000410516, 0.932129, 0.496582, 0.000301423, 0.933105, 0.496582, 0.000186828, 0.934082, 0.496582, 6.78239e-05, 0.935059, 0.496582, -5.44886e-05, 0.936035, 0.496582, -0.000178935, 0.937012, 0.496582, -0.000304357, 
        0.930176, 0.497559, 0.000420938, 0.931152, 0.497559, 0.000345335, 0.932129, 0.497559, 0.00026509, 0.933105, 0.497559, 0.000180925, 0.934082, 0.497559, 9.36251e-05, 0.935059, 0.497559, 3.98352e-06, 0.936035, 0.497559, -8.71541e-05, 0.937012, 0.497559, -0.000178953, 
        0.930176, 0.498535, 0.00032324, 0.931152, 0.498535, 0.000275315, 0.932129, 0.498535, 0.000224658, 0.933105, 0.498535, 0.000171701, 0.934082, 0.498535, 0.000116917, 0.935059, 0.498535, 6.0783e-05, 0.936035, 0.498535, 3.80833e-06, 0.937012, 0.498535, -5.35051e-05, 
        0.930176, 0.499512, 0.000222199, 0.931152, 0.499512, 0.000202369, 0.932129, 0.499512, 0.000181744, 0.933105, 0.499512, 0.000160465, 0.934082, 0.499512, 0.000138688, 0.935059, 0.499512, 0.000116567, 0.936035, 0.499512, 9.42716e-05, 0.937012, 0.499512, 7.19647e-05
    ]
}
