{
    "level": 0,
    "idx": {"x": 114, "y": 67},
    "dim": {"x": 8, "y": 8},
    "offset": {"x": 0.891113, "y": 0.523926},
    "cellSize": {"x": 0.000976562, "y": 0.000976562},
    "vertices": [
        0.891113, 0.523926, 0.00602309, 0.89209, 0.523926, 0.00599797, 0.893066, 0.523926, 0.00594854, 0.894043, 0.523926, 0.00587536, 0.89502, 0.523926, 0.00577916, 0.895996, 0.523926, 0.00566094, 0.896973, 0.523926, 0.00552186, 0.897949, 0.523926, 0.00536332, 
        0.891113, 0.524902, 0.00584781, 0.89209, 0.524902, 0.00582756, 0.893066, 0.524902, 0.00578569, 0.894043, 0.524902, 0.00572265, 0.89502, 0.524902, 0.00563912, 0.895996, 0.524902, 0.00553596, 0.896973, 0.524902, 0.00541421, 0.897949, 0.524902, 0.0052751, 
        0.891113, 0.525879, 0.00565006, 0.89209, 0.525879, 0.00563497, 0.893066, 0.525879, 0.00560112, 0.894043, 0.525879, 0.00554891, 0.89502, 0.525879, 0.00547892, 0.895996, 0.525879, 0.00539188, 0.896973, 0.525879, 0.00528869, 0.897949, 0.525879, 0.00517042, 
        0.891113, 0.526855, 0.00543275, 0.89209, 0.526855, 0.00542306, 0.893066, 0.526855, 0.00539765, 0.894043, 0.526855, 0.00535686, 0.89502, 0.526855, 0.00530116, 0.895996, 0.526855, 0.00523116, 0.896973, 0.526855, 0.00514759, 0.897949, 0.526855, 0.00505134, 
        0.891113, 0.527832, 0.00519896, 0.89209, 0.527832, 0.00519486, 0.893066, 0.527832, 0.00517824, 0.894043, 0.527832, 0.00514935, 0.89502, 0.527832, 0.00510857, 0.895996, 0.527832, 0.00505636, 0.896973, 0.527832, 0.0049933, 0.897949, 0.527832, 0.00492008, 
        0.891113, 0.528809, 0.00495195, 0.89209, 0.528809, 0.00495359, 0.893066, 0.528809, 0.00494603, 0.894043, 0.528809, 0.00492943, 0.89502, 0.528809, 0.00490405, 0.895996, 0.528809, 0.00487022, 0.896973, 0.528809, 0.00482836, 0.897949, 0.528809, 0.00477895, 
        0.891113, 0.529785, 0.00469507, 0.89209, 0.529785, 0.00470256, 0.893066, 0.529785, 0.00470424, 0.894043, 0.529785, 0.00470019, 0.89502, 0.529785, 0.00469056, 0.895996, 0.529785, 0.00467555, 0.896973, 0.529785, 0.00465538, 0.897949, 0.529785, 0.00463034, 
        0.891113, 0.530762, 0.00443175, 0.89209, 0.530762, 0.00444516, 0.893066, 0.530762, 0.00445619, 0.894043, 0.530762, 0.00446485, 0.89502, 0.530762, 0.00447118, 0.895996, 0.530762, 0.00447522, 0.896973, 0.530762, 0.00447704, 0.897949, 0.530762, 0.0044767
    ]
}
