{
    "level": 0,
    "idx": {"x": 114, "y": 122},
    "dim": {"x": 8, "y": 8},
    "offset": {"x": 0.891113, "y": 0.953613},
    "cellSize": {"x": 0.000976562, "y": 0.000976562},
    "vertices": [
        0.891113, 0.953613, 0.00880147, 0.89209, 0.953613, 0.00879873, 0.893066, 0.953613, 0.00875884, 0.894043, 0.953613, 0.00868262, 0.89502, 0.953613, 0.00857119, 0.895996, 0.953613, 0.00842604, 0.896973, 0.953613, 0.00824892, 0.897949, 0.953613, 0.00804193, 
        0.891113, 0.95459, 0.00866874, 0.89209, 0.95459, 0.00866595, 0.893066, 0.95459, 0.00862654, 0.894043, 0.95459, 0.00855131, 0.89502, 0.95459, 0.00844137, 0.895996, 0.95459, 0.00829818, 0.896973, 0.95459, 0.00812348, 0.897949, 0.95459, 0.00791933, 
        0.891113, 0.955566, 0.00849894, 0.89209, 0.955566, 0.00849656, 0.893066, 0.955566, 0.00845843, 0.894043, 0.955566, 0.00838531, 0.89502, 0.955566, 0.00827831, 0.895996, 0.955566, 0.00813884, 0.896973, 0.955566, 0.00796859, 0.897949, 0.955566, 0.00776958, 
        0.891113, 0.956543, 0.00829291, 0.89209, 0.956543, 0.0082914, 0.893066, 0.956543, 0.00825531, 0.894043, 0.956543, 0.00818542, 0.89502, 0.956543, 0.00808276, 0.895996, 0.956543, 0.00794871, 0.896973, 0.956543, 0.00778491, 0.897949, 0.956543, 0.0075933, 
        0.891113, 0.95752, 0.0080519, 0.89209, 0.95752, 0.00805168, 0.893066, 0.95752, 0.0080184, 0.894043, 0.95752, 0.00795278, 0.89502, 0.95752, 0.00785583, 0.895996, 0.95752, 0.00772886, 0.896973, 0.95752, 0.00757342, 0.897949, 0.95752, 0.00739138, 
        0.891113, 0.958496, 0.00777739, 0.89209, 0.958496, 0.00777888, 0.893066, 0.958496, 0.00774912, 0.894043, 0.958496, 0.0076888, 0.89502, 0.958496, 0.00759886, 0.895996, 0.958496, 0.00748053, 0.896973, 0.958496, 0.00733529, 0.897949, 0.958496, 0.00716489, 
        0.891113, 0.959473, 0.00747127, 0.89209, 0.959473, 0.00747486, 0.893066, 0.959473, 0.0074493, 0.894043, 0.959473, 0.00739522, 0.89502, 0.959473, 0.00731351, 0.895996, 0.959473, 0.00720532, 0.896973, 0.959473, 0.00707201, 0.897949, 0.959473, 0.00691521, 
        0.891113, 0.960449, 0.00713563, 0.89209, 0.960449, 0.00714167, 0.893066, 0.960449, 0.00712093, 0.894043, 0.960449, 0.007074, 0.89502, 0.960449, 0.00700166, 0.895996, 0.960449, 0.00690498, 0.896973, 0.960449, 0.0067852, 0.897949, 0.960449, 0.00664382
    ]
}
