{
    "level": 0,
    "idx": {"x": 110, "y": 98},
    "dim": {"x": 8, "y": 8},
    "offset": {"x": 0.859863, "y": 0.766113},
    "cellSize": {"x": 0.000976562, "y": 0.000976562},
    "vertices": [
        0.859863, 0.766113, -0.00710145, 0.86084, 0.766113, -0.00716964, 0.861816, 0.766113, -0.00720106, 0.862793, 0.766113, -0.0071965, 0.86377, 0.766113, -0.00715707, 0.864746, 0.766113, -0.00708419, 0.865723, 0.766113, -0.00697963, 0.866699, 0.766113, -0.0068454, 
        0.859863, 0.76709, -0.00703688, 0.86084, 0.76709, -0.00710492, 0.861816, 0.76709, -0.00713664, 0.862793, 0.76709, -0.0071328, 0.86377, 0.76709, -0.00709451, 0.864746, 0.76709, -0.00702318, 0.865723, 0.76709, -0.00692054, 0.866699, 0.76709, -0.0067886, 
        0.859863, 0.768066, -0.00693559, 0.86084, 0.768066, -0.00700391, 0.861816, 0.768066, -0.00703669, 0.862793, 0.768066, -0.00703468, 0.86377, 0.768066, -0.00699895, 0.864746, 0.768066, -0.00693089, 0.865723, 0.768066, -0.0068322, 0.866699, 0.768066, -0.00670481, 
        0.859863, 0.769043, -0.00679837, 0.86084, 0.769043, -0.00686739, 0.861816, 0.769043, -0.00690198, 0.862793, 0.769043, -0.00690287, 0.86377, 0.769043, -0.00687109, 0.864746, 0.769043, -0.00680799, 0.865723, 0.769043, -0.00671519, 0.866699, 0.769043, -0.0065946, 
        0.859863, 0.77002, -0.00662635, 0.86084, 0.77002, -0.00669648, 0.861816, 0.77002, -0.0067336, 0.862793, 0.77002, -0.00673843, 0.86377, 0.77002, -0.00671194, 0.864746, 0.77002, -0.00665542, 0.865723, 0.77002, -0.00657044, 0.866699, 0.77002, -0.0064588, 
        0.859863, 0.770996, -0.00642097, 0.86084, 0.770996, -0.00649259, 0.861816, 0.770996, -0.00653294, 0.862793, 0.770996, -0.00654269, 0.86377, 0.770996, -0.00652278, 0.864746, 0.770996, -0.0064744, 0.865723, 0.770996, -0.00639905, 0.866699, 0.770996, -0.00629843, 
        0.859863, 0.771973, -0.00618402, 0.86084, 0.771973, -0.00625749, 0.861816, 0.771973, -0.00630172, 0.862793, 0.771973, -0.00631733, 0.86377, 0.771973, -0.0063052, 0.864746, 0.771973, -0.00626644, 0.865723, 0.771973, -0.00620244, 0.866699, 0.771973, -0.00611479, 
        0.859863, 0.772949, -0.00591751, 0.86084, 0.772949, -0.00599316, 0.861816, 0.772949, -0.00604188, 0.862793, 0.772949, -0.00606424, 0.86377, 0.772949, -0.00606101, 0.864746, 0.772949, -0.00603324, 0.865723, 0.772949, -0.00598219, 0.866699, 0.772949, -0.00590932
    ]
}
