{
    "level": 0,
    "idx": {"x": 115, "y": 123},
    "dim": {"x": 8, "y": 8},
    "offset": {"x": 0.898926, "y": 0.961426},
    "cellSize": {"x": 0.000976562, "y": 0.000976562},
    "vertices": [
        0.898926, 0.961426, 0.00621015, 0.899902, 0.961426, 0.00605141, 0.900879, 0.961426, 0.00587807, 0.901855, 0.961426, 0.00569206, 0.902832, 0.961426, 0.0054954, 0.903809, 0.961426, 0.00529021, 0.904785, 0.961426, 0.0050787, 0.905762, 0.961426, 0.00486306, 
        0.898926, 0.962402, 0.00592141, 0.899902, 0.962402, 0.00578518, 0.900879, 0.962402, 0.00563598, 0.901855, 0.962402, 0.00547552, 0.902832, 0.962402, 0.00530555, 0.903809, 0.962402, 0.00512795, 0.904785, 0.962402, 0.00494463, 0.905762, 0.962402, 0.00475753, 
        0.898926, 0.963379, 0.00561814, 0.899902, 0.963379, 0.00550599, 0.900879, 0.963379, 0.00538262, 0.901855, 0.963379, 0.00524948, 0.902832, 0.963379, 0.00510807, 0.903809, 0.963379, 0.00495996, 0.904785, 0.963379, 0.00480679, 0.905762, 0.963379, 0.00465021, 
        0.898926, 0.964355, 0.00530235, 0.899902, 0.964355, 0.00521561, 0.900879, 0.964355, 0.0051195, 0.901855, 0.964355, 0.00501519, 0.902832, 0.964355, 0.0049039, 0.903809, 0.964355, 0.00478691, 0.904785, 0.964355, 0.00466556, 0.905762, 0.964355, 0.00454116, 
        0.898926, 0.965332, 0.00497608, 0.899902, 0.965332, 0.00491584, 0.900879, 0.965332, 0.00484816, 0.901855, 0.965332, 0.00477391, 0.902832, 0.965332, 0.00469402, 0.903809, 0.965332, 0.00460948, 0.904785, 0.965332, 0.00452128, 0.905762, 0.965332, 0.00443044, 
        0.898926, 0.966309, 0.00464158, 0.899902, 0.966309, 0.00460866, 0.900879, 0.966309, 0.00457027, 0.901855, 0.966309, 0.00452701, 0.902832, 0.966309, 0.0044795, 0.903809, 0.966309, 0.0044284, 0.904785, 0.966309, 0.00437438, 0.905762, 0.966309, 0.00431813, 
        0.898926, 0.967285, 0.00430103, 0.899902, 0.967285, 0.00429598, 0.900879, 0.967285, 0.00428749, 0.901855, 0.967285, 0.00427585, 0.902832, 0.967285, 0.00426137, 0.903809, 0.967285, 0.00424439, 0.904785, 0.967285, 0.00422524, 0.905762, 0.967285, 0.00420429, 
        0.898926, 0.968262, 0.00395677, 0.899902, 0.968262, 0.00397988, 0.900879, 0.968262, 0.00400158, 0.901855, 0.968262, 0.00402187, 0.902832, 0.968262, 0.00404075, 0.903809, 0.968262, 0.00405823, 0.904785, 0.968262, 0.0040743, 0.905762, 0.968262, 0.00408899
    ]
}
