{
    "level": 0,
    "idx": {"x": 117, "y": 16},
    "dim": {"x": 8, "y": 8},
    "offset": {"x": 0.914551, "y": 0.125488},
    "cellSize": {"x": 0.000976562, "y": 0.000976562},
    "vertices": [
        0.914551, 0.125488, -0.00532267, 0.915527, 0.125488, -0.00532767, 0.916504, 0.125488, -0.00533051, 0.91748, 0.125488, -0.00533116, 0.918457, 0.125488, -0.00532961, 0.919434, 0.125488, -0.00532583, 0.92041, 0.125488, -0.00531983, 0.921387, 0.125488, -0.00531159, 
        0.914551, 0.126465, -0.00550611, 0.915527, 0.126465, -0.00553283, 0.916504, 0.126465, -0.00555449, 0.91748, 0.126465, -0.00557087, 0.918457, 0.126465, -0.00558181, 0.919434, 0.126465, -0.00558718, 0.92041, 0.126465, -0.00558689, 0.921387, 0.126465, -0.00558086, 
        0.914551, 0.127441, -0.00568473, 0.915527, 0.127441, -0.00573292, 0.916504, 0.127441, -0.00577319, 0.91748, 0.127441, -0.00580513, 0.918457, 0.127441, -0.00582844, 0.919434, 0.127441, -0.00584286, 0.92041, 0.127441, -0.00584821, 0.921387, 0.127441, -0.00584438, 
        0.914551, 0.128418, -0.00585586, 0.915527, 0.128418, -0.00592508, 0.916504, 0.128418, -0.00598357, 0.91748, 0.128418, -0.00603076, 0.918457, 0.128418, -0.00606618, 0.919434, 0.128418, -0.00608947, 0.92041, 0.128418, -0.00610035, 0.921387, 0.128418, -0.00609867, 
        0.914551, 0.129395, -0.00601689, 0.915527, 0.129395, -0.00610651, 0.916504, 0.129395, -0.00618266, 0.91748, 0.129395, -0.00624462, 0.918457, 0.129395, -0.00629179, 0.919434, 0.129395, -0.00632367, 0.92041, 0.129395, -0.00633993, 0.921387, 0.129395, -0.00634034, 
        0.914551, 0.130371, -0.00616532, 0.915527, 0.130371, -0.00627447, 0.916504, 0.130371, -0.00636756, 0.91748, 0.130371, -0.00644369, 0.918457, 0.130371, -0.00650212, 0.919434, 0.130371, -0.00654225, 0.92041, 0.130371, -0.00656366, 0.921387, 0.130371, -0.00656609, 
        0.914551, 0.131348, -0.00629871, 0.915527, 0.131348, -0.00642637, 0.916504, 0.131348, -0.0065355, 0.91748, 0.131348, -0.00662505, 0.918457, 0.131348, -0.00669415, 0.919434, 0.131348, -0.0067421, 0.92041, 0.131348, -0.00676841, 0.921387, 0.131348, -0.00677276, 
        0.914551, 0.132324, -0.00641479, 0.915527, 0.132324, -0.00655974, 0.916504, 0.132324, -0.00668387, 0.91748, 0.132324, -0.00678596, 0.918457, 0.132324, -0.00686504, 0.919434, 0.132324, -0.00692031, 0.92041, 0.132324, -0.0069512, 0.921387, 0.132324, -0.00695736
    ]
}
