{
    "level": 0,
    "idx": {"x": 115, "y": 113},
    "dim": {"x": 8, "y": 8},
    "offset": {"x": 0.898926, "y": 0.883301},
    "cellSize": {"x": 0.000976562, "y": 0.000976562},
    "vertices": [
        0.898926, 0.883301, 0.00761756, 0.899902, 0.883301, 0.00742773, 0.900879, 0.883301, 0.00722031, 0.901855, 0.883301, 0.00699762, 0.902832, 0.883301, 0.00676207, 0.903809, 0.883301, 0.00651623, 0.904785, 0.883301, 0.00626273, 0.905762, 0.883301, 0.00600422, 
        0.898926, 0.884277, 0.00783581, 0.899902, 0.884277, 0.00762899, 0.900879, 0.884277, 0.00740334, 0.901855, 0.884277, 0.00716137, 0.902832, 0.884277, 0.00690567, 0.903809, 0.884277, 0.006639, 0.904785, 0.884277, 0.00636421, 0.905762, 0.884277, 0.00608415, 
        0.898926, 0.885254, 0.00803289, 0.899902, 0.885254, 0.00781142, 0.900879, 0.885254, 0.00757002, 0.901855, 0.885254, 0.00731139, 0.902832, 0.885254, 0.00703828, 0.903809, 0.885254, 0.00675362, 0.904785, 0.885254, 0.00646044, 0.905762, 0.885254, 0.00616175, 
        0.898926, 0.88623, 0.00820761, 0.899902, 0.88623, 0.00797395, 0.900879, 0.88623, 0.00771946, 0.901855, 0.88623, 0.00744697, 0.902832, 0.88623, 0.00715936, 0.903809, 0.88623, 0.00685971, 0.904785, 0.88623, 0.00655119, 0.905762, 0.88623, 0.00623699, 
        0.898926, 0.887207, 0.00835893, 0.899902, 0.887207, 0.00811567, 0.900879, 0.887207, 0.00785086, 0.901855, 0.887207, 0.00756744, 0.902832, 0.887207, 0.00726839, 0.903809, 0.887207, 0.0069569, 0.904785, 0.887207, 0.00663628, 0.905762, 0.887207, 0.0063098, 
        0.898926, 0.888184, 0.00848605, 0.899902, 0.888184, 0.00823588, 0.900879, 0.888184, 0.00796363, 0.901855, 0.888184, 0.00767231, 0.902832, 0.888184, 0.00736499, 0.903809, 0.888184, 0.00704494, 0.904785, 0.888184, 0.00671554, 0.905762, 0.888184, 0.00638018, 
        0.898926, 0.88916, 0.00858834, 0.899902, 0.88916, 0.00833402, 0.900879, 0.88916, 0.0080573, 0.901855, 0.88916, 0.0077612, 0.902832, 0.88916, 0.00744886, 0.903809, 0.88916, 0.0071236, 0.904785, 0.88916, 0.00678886, 0.905762, 0.88916, 0.00644806, 
        0.898926, 0.890137, 0.00866545, 0.899902, 0.890137, 0.00840979, 0.900879, 0.890137, 0.00813157, 0.901855, 0.890137, 0.00783387, 0.902832, 0.890137, 0.00751982, 0.903809, 0.890137, 0.00719276, 0.904785, 0.890137, 0.00685615, 0.905762, 0.890137, 0.00651345
    ]
}
