{
    "level": 0,
    "idx": {"x": 111, "y": 37},
    "dim": {"x": 8, "y": 8},
    "offset": {"x": 0.867676, "y": 0.289551},
    "cellSize": {"x": 0.000976562, "y": 0.000976562},
    "vertices": [
        0.867676, 0.289551, 0.00533566, 0.868652, 0.289551, 0.00519682, 0.869629, 0.289551, 0.00504208, 0.870605, 0.289551, 0.00487361, 0.871582, 0.289551, 0.00469368, 0.872559, 0.289551, 0.00450472, 0.873535, 0.289551, 0.00430916, 0.874512, 0.289551, 0.00410956, 
        0.867676, 0.290527, 0.00543621, 0.868652, 0.290527, 0.00527718, 0.869629, 0.290527, 0.00510096, 0.870605, 0.290527, 0.00490993, 0.871582, 0.290527, 0.00470655, 0.872559, 0.290527, 0.00449346, 0.873535, 0.290527, 0.00427332, 0.874512, 0.290527, 0.0040489, 
        0.867676, 0.291504, 0.00551723, 0.868652, 0.291504, 0.00534022, 0.869629, 0.291504, 0.0051449, 0.870605, 0.291504, 0.0049338, 0.871582, 0.291504, 0.00470957, 0.872559, 0.291504, 0.00447505, 0.873535, 0.291504, 0.00423307, 0.874512, 0.291504, 0.00398663, 
        0.867676, 0.29248, 0.00557745, 0.868652, 0.29248, 0.00538483, 0.869629, 0.29248, 0.00517293, 0.870605, 0.29248, 0.00494444, 0.871582, 0.29248, 0.00470217, 0.872559, 0.29248, 0.00444909, 0.873535, 0.29248, 0.00418823, 0.874512, 0.29248, 0.00392273, 
        0.867676, 0.293457, 0.00561575, 0.868652, 0.293457, 0.00541003, 0.869629, 0.293457, 0.00518423, 0.870605, 0.293457, 0.00494119, 0.871582, 0.293457, 0.00468382, 0.872559, 0.293457, 0.00441525, 0.873535, 0.293457, 0.00413861, 0.874512, 0.293457, 0.00385721, 
        0.867676, 0.294434, 0.00563125, 0.868652, 0.294434, 0.00541503, 0.869629, 0.294434, 0.00517815, 0.870605, 0.294434, 0.00492351, 0.871582, 0.294434, 0.00465413, 0.872559, 0.294434, 0.00437325, 0.873535, 0.294434, 0.0040841, 0.874512, 0.294434, 0.00379009, 
        0.867676, 0.29541, 0.00562325, 0.868652, 0.29541, 0.00539924, 0.869629, 0.29541, 0.00515416, 0.870605, 0.29541, 0.00489098, 0.871582, 0.29541, 0.00461279, 0.872559, 0.29541, 0.00432288, 0.873535, 0.29541, 0.00402458, 0.874512, 0.29541, 0.00372136, 
        0.867676, 0.296387, 0.00559129, 0.868652, 0.296387, 0.00536225, 0.869629, 0.296387, 0.00511193, 0.870605, 0.296387, 0.00484333, 0.871582, 0.296387, 0.00455959, 0.872559, 0.296387, 0.00426402, 0.873535, 0.296387, 0.00396, 0.874512, 0.296387, 0.00365105
    ]
}
