{
    "level": 0,
    "idx": {"x": 110, "y": 51},
    "dim": {"x": 8, "y": 8},
    "offset": {"x": 0.859863, "y": 0.398926},
    "cellSize": {"x": 0.000976562, "y": 0.000976562},
    "vertices": [
        0.859863, 0.398926, -0.00490616, 0.86084, 0.398926, -0.0050162, 0.861816, 0.398926, -0.00510011, 0.862793, 0.398926, -0.00515844, 0.86377, 0.398926, -0.00519194, 0.864746, 0.398926, -0.00520159, 0.865723, 0.398926, -0.0051886, 0.866699, 0.398926, -0.00515434, 
        0.859863, 0.399902, -0.0046378, 0.86084, 0.399902, -0.00475248, 0.861816, 0.399902, -0.0048437, 0.862793, 0.399902, -0.00491195, 0.86377, 0.399902, -0.00495788, 0.864746, 0.399902, -0.00498237, 0.865723, 0.399902, -0.00498649, 0.866699, 0.399902, -0.00497145, 
        0.859863, 0.400879, -0.0043465, 0.86084, 0.400879, -0.00446608, 0.861816, 0.400879, -0.00456506, 0.862793, 0.400879, -0.00464388, 0.86377, 0.400879, -0.0047031, 0.864746, 0.400879, -0.00474347, 0.865723, 0.400879, -0.00476592, 0.866699, 0.400879, -0.00477149, 
        0.859863, 0.401855, -0.00403522, 0.86084, 0.401855, -0.00415989, 0.861816, 0.401855, -0.00426703, 0.862793, 0.401855, -0.00435698, 0.86377, 0.401855, -0.00443022, 0.864746, 0.401855, -0.00448737, 0.865723, 0.401855, -0.00452919, 0.866699, 0.401855, -0.00455657, 
        0.859863, 0.402832, -0.00370703, 0.86084, 0.402832, -0.00383697, 0.861816, 0.402832, -0.00395258, 0.862793, 0.402832, -0.00405413, 0.86377, 0.402832, -0.00414199, 0.864746, 0.402832, -0.00421666, 0.865723, 0.402832, -0.00427873, 0.866699, 0.402832, -0.0043289, 
        0.859863, 0.403809, -0.0033652, 0.86084, 0.403809, -0.00350053, 0.861816, 0.403809, -0.00362485, 0.862793, 0.403809, -0.00373836, 0.86377, 0.403809, -0.00384132, 0.864746, 0.403809, -0.00393409, 0.865723, 0.403809, -0.00401709, 0.866699, 0.403809, -0.00409083, 
        0.859863, 0.404785, -0.00301311, 0.86084, 0.404785, -0.0031539, 0.861816, 0.404785, -0.0032871, 0.862793, 0.404785, -0.00341282, 0.86377, 0.404785, -0.00353121, 0.864746, 0.404785, -0.00364249, 0.865723, 0.404785, -0.00374691, 0.866699, 0.404785, -0.00384477, 
        0.859863, 0.405762, -0.0026542, 0.86084, 0.405762, -0.0028005, 0.861816, 0.405762, -0.00294267, 0.862793, 0.405762, -0.00308074, 0.86377, 0.405762, -0.00321475, 0.864746, 0.405762, -0.00334478, 0.865723, 0.405762, -0.0034709, 0.866699, 0.405762, -0.00359322
    ]
}
