{
    "level": 0,
    "idx": {"x": 115, "y": 87},
    "dim": {"x": 8, "y": 8},
    "offset": {"x": 0.898926, "y": 0.680176},
    "cellSize": {"x": 0.000976562, "y": 0.000976562},
    "vertices": [
        0.898926, 0.680176, -0.0032655, 0.899902, 0.680176, -0.00308725, 0.900879, 0.680176, -0.00289481, 0.901855, 0.680176, -0.00269022, 0.902832, 0.680176, -0.00247555, 0.903809, 0.680176, -0.00225301, 0.904785, 0.680176, -0.00202489, 0.905762, 0.680176, -0.00179345, 
        0.898926, 0.681152, -0.00320814, 0.899902, 0.681152, -0.00305321, 0.900879, 0.681152, -0.00288564, 0.901855, 0.681152, -0.00270721, 0.902832, 0.681152, -0.00251975, 0.903809, 0.681152, -0.00232521, 0.904785, 0.681152, -0.00212561, 0.905762, 0.681152, -0.00192296, 
        0.898926, 0.682129, -0.0031366, 0.899902, 0.682129, -0.00300665, 0.900879, 0.682129, -0.00286569, 0.901855, 0.682129, -0.00271528, 0.902832, 0.682129, -0.00255696, 0.903809, 0.682129, -0.00239242, 0.904785, 0.682129, -0.00222339, 0.905762, 0.682129, -0.00205158, 
        0.898926, 0.683105, -0.00305275, 0.899902, 0.683105, -0.00294918, 0.900879, 0.683105, -0.00283636, 0.901855, 0.683105, -0.00271555, 0.902832, 0.683105, -0.00258804, 0.903809, 0.683105, -0.00245521, 0.904785, 0.683105, -0.00231849, 0.905762, 0.683105, -0.0021793, 
        0.898926, 0.684082, -0.00295859, 0.899902, 0.684082, -0.00288257, 0.900879, 0.684082, -0.00279912, 0.901855, 0.684082, -0.00270923, 0.902832, 0.684082, -0.0026139, 0.903809, 0.684082, -0.00251419, 0.904785, 0.684082, -0.00241122, 0.905762, 0.684082, -0.0023061, 
        0.898926, 0.685059, -0.0028562, 0.899902, 0.685059, -0.00280863, 0.900879, 0.685059, -0.00275552, 0.901855, 0.685059, -0.00269756, 0.902832, 0.685059, -0.00263547, 0.903809, 0.685059, -0.00256998, 0.904785, 0.685059, -0.00250188, 0.905762, 0.685059, -0.00243196, 
        0.898926, 0.686035, -0.00274773, 0.899902, 0.686035, -0.00272925, 0.900879, 0.686035, -0.00270716, 0.901855, 0.686035, -0.00268185, 0.902832, 0.686035, -0.00265374, 0.903809, 0.686035, -0.00262324, 0.904785, 0.686035, -0.00259081, 0.905762, 0.686035, -0.00255689, 
        0.898926, 0.687012, -0.00263539, 0.899902, 0.687012, -0.00264635, 0.900879, 0.687012, -0.00265566, 0.901855, 0.687012, -0.00266342, 0.902832, 0.687012, -0.00266971, 0.903809, 0.687012, -0.00267464, 0.904785, 0.687012, -0.00267832, 0.905762, 0.687012, -0.00268085
    ]
}
