{
    "level": 0,
    "idx": {"x": 117, "y": 99},
    "dim": {"x": 8, "y": 8},
    "offset": {"x": 0.914551, "y": 0.773926},
    "cellSize": {"x": 0.000976562, "y": 0.000976562},
    "vertices": [
        0.914551, 0.773926, -0.00859112, 0.915527, 0.773926, -0.00873897, 0.916504, 0.773926, -0.00886502, 0.91748, 0.773926, -0.00896808, 0.918457, 0.773926, -0.00904714, 0.919434, 0.773926, -0.0091014, 0.92041, 0.773926, -0.00913028, 0.921387, 0.773926, -0.00913344, 
        0.914551, 0.774902, -0.00830609, 0.915527, 0.774902, -0.00843668, 0.916504, 0.774902, -0.00854783, 0.91748, 0.774902, -0.00863846, 0.918457, 0.774902, -0.00870771, 0.919434, 0.774902, -0.00875485, 0.92041, 0.774902, -0.00877939, 0.921387, 0.774902, -0.00878102, 
        0.914551, 0.775879, -0.00800287, 0.915527, 0.775879, -0.00811499, 0.916504, 0.775879, -0.00821016, 0.91748, 0.775879, -0.00828749, 0.918457, 0.775879, -0.00834621, 0.919434, 0.775879, -0.00838573, 0.92041, 0.775879, -0.00840562, 0.921387, 0.775879, -0.0084056, 
        0.914551, 0.776855, -0.00768375, 0.915527, 0.776855, -0.00777633, 0.916504, 0.776855, -0.00785463, 0.91748, 0.776855, -0.00791789, 0.918457, 0.776855, -0.0079655, 0.919434, 0.776855, -0.00799696, 0.92041, 0.776855, -0.00801192, 0.921387, 0.776855, -0.00801017, 
        0.914551, 0.777832, -0.00735122, 0.915527, 0.777832, -0.0074234, 0.916504, 0.777832, -0.00748407, 0.91748, 0.777832, -0.00753264, 0.918457, 0.777832, -0.00756864, 0.919434, 0.777832, -0.00759169, 0.92041, 0.777832, -0.00760151, 0.921387, 0.777832, -0.00759794, 
        0.914551, 0.778809, -0.00700787, 0.915527, 0.778809, -0.00705899, 0.916504, 0.778809, -0.00710146, 0.91748, 0.778809, -0.00713486, 0.918457, 0.778809, -0.00715887, 0.919434, 0.778809, -0.00717323, 0.92041, 0.778809, -0.00717775, 0.921387, 0.778809, -0.0071723, 
        0.914551, 0.779785, -0.00665631, 0.915527, 0.779785, -0.0066859, 0.916504, 0.779785, -0.00670976, 0.91748, 0.779785, -0.00672766, 0.918457, 0.779785, -0.00673943, 0.919434, 0.779785, -0.00674491, 0.92041, 0.779785, -0.006744, 0.921387, 0.779785, -0.00673663, 
        0.914551, 0.780762, -0.0062993, 0.915527, 0.780762, -0.00630711, 0.916504, 0.780762, -0.00631215, 0.91748, 0.780762, -0.00631437, 0.918457, 0.780762, -0.00631373, 0.919434, 0.780762, -0.00631023, 0.92041, 0.780762, -0.00630383, 0.921387, 0.780762, -0.00629454
    ]
}
