{
    "level": 0,
    "idx": {"x": 117, "y": 24},
    "dim": {"x": 8, "y": 8},
    "offset": {"x": 0.914551, "y": 0.187988},
    "cellSize": {"x": 0.000976562, "y": 0.000976562},
    "vertices": [
        0.914551, 0.187988, 0.00284523, 0.915527, 0.187988, 0.00284219, 0.916504, 0.187988, 0.00283872, 0.91748, 0.187988, 0.00283486, 0.918457, 0.187988, 0.00283063, 0.919434, 0.187988, 0.00282607, 0.92041, 0.187988, 0.00282118, 0.921387, 0.187988, 0.00281598, 
        0.914551, 0.188965, 0.00269015, 0.915527, 0.188965, 0.00266541, 0.916504, 0.188965, 0.00264313, 0.91748, 0.188965, 0.00262353, 0.918457, 0.188965, 0.00260679, 0.919434, 0.188965, 0.00259306, 0.92041, 0.188965, 0.00258243, 0.921387, 0.188965, 0.00257497, 
        0.914551, 0.189941, 0.00253729, 0.915527, 0.189941, 0.0024911, 0.916504, 0.189941, 0.00245023, 0.91748, 0.189941, 0.00241507, 0.918457, 0.189941, 0.00238596, 0.919434, 0.189941, 0.00236316, 0.92041, 0.189941, 0.00234685, 0.921387, 0.189941, 0.00233716, 
        0.914551, 0.190918, 0.00238929, 0.915527, 0.190918, 0.0023221, 0.916504, 0.190918, 0.00226304, 0.91748, 0.190918, 0.00221266, 0.918457, 0.190918, 0.00217143, 0.919434, 0.190918, 0.00213976, 0.92041, 0.190918, 0.00211789, 0.921387, 0.190918, 0.00210601, 
        0.914551, 0.191895, 0.00224874, 0.915527, 0.191895, 0.00216122, 0.916504, 0.191895, 0.00208452, 0.91748, 0.191895, 0.0020194, 0.918457, 0.191895, 0.00196644, 0.919434, 0.191895, 0.00192616, 0.92041, 0.191895, 0.00189891, 0.921387, 0.191895, 0.0018849, 
        0.914551, 0.192871, 0.00211815, 0.915527, 0.192871, 0.00201116, 0.916504, 0.192871, 0.00191757, 0.91748, 0.192871, 0.00183831, 0.918457, 0.192871, 0.00177412, 0.919434, 0.192871, 0.0017256, 0.92041, 0.192871, 0.00169317, 0.921387, 0.192871, 0.00167713, 
        0.914551, 0.193848, 0.00199993, 0.915527, 0.193848, 0.0018745, 0.916504, 0.193848, 0.00176493, 0.91748, 0.193848, 0.0016723, 0.918457, 0.193848, 0.00159746, 0.919434, 0.193848, 0.00154113, 0.92041, 0.193848, 0.00150381, 0.921387, 0.193848, 0.00148582, 
        0.914551, 0.194824, 0.00189634, 0.915527, 0.194824, 0.0017537, 0.916504, 0.194824, 0.00162921, 0.91748, 0.194824, 0.00152408, 0.918457, 0.194824, 0.0014393, 0.919434, 0.194824, 0.00137567, 0.92041, 0.194824, 0.00133377, 0.921387, 0.194824, 0.00131396
    ]
}
