{
    "level": 0,
    "idx": {"x": 116, "y": 127},
    "dim": {"x": 8, "y": 8},
    "offset": {"x": 0.906738, "y": 0.992676},
    "cellSize": {"x": 0.000976562, "y": 0.000976562},
    "vertices": [
        0.906738, 0.992676, 0.00116092, 0.907715, 0.992676, 0.0013956, 0.908691, 0.992676, 0.00162565, 0.909668, 0.992676, 0.00184892, 0.910645, 0.992676, 0.00206325, 0.911621, 0.992676, 0.00226662, 0.912598, 0.992676, 0.00245704, 0.913574, 0.992676, 0.00263274, 
        0.906738, 0.993652, 0.000999634, 0.907715, 0.993652, 0.0012051, 0.908691, 0.993652, 0.00140654, 0.909668, 0.993652, 0.00160203, 0.910645, 0.993652, 0.0017897, 0.911621, 0.993652, 0.00196778, 0.912598, 0.993652, 0.00213453, 0.913574, 0.993652, 0.00228838, 
        0.906738, 0.994629, 0.000836265, 0.907715, 0.994629, 0.00101057, 0.908691, 0.994629, 0.00118146, 0.909668, 0.994629, 0.00134731, 0.910645, 0.994629, 0.00150653, 0.911621, 0.994629, 0.00165761, 0.912598, 0.994629, 0.00179908, 0.913574, 0.994629, 0.00192961, 
        0.906738, 0.995605, 0.000671161, 0.907715, 0.995605, 0.000812646, 0.908691, 0.995605, 0.000951354, 0.909668, 0.995605, 0.00108598, 0.910645, 0.995605, 0.00121522, 0.911621, 0.995605, 0.00133786, 0.912598, 0.995605, 0.0014527, 0.913574, 0.995605, 0.00155866, 
        0.906738, 0.996582, 0.000504626, 0.907715, 0.996582, 0.000611937, 0.908691, 0.996582, 0.000717142, 0.909668, 0.996582, 0.000819254, 0.910645, 0.996582, 0.000917282, 0.911621, 0.996582, 0.0010103, 0.912598, 0.996582, 0.00109741, 0.913574, 0.996582, 0.00117778, 
        0.906738, 0.997559, 0.000337018, 0.907715, 0.997559, 0.000409131, 0.908691, 0.997559, 0.000479829, 0.909668, 0.997559, 0.00054845, 0.910645, 0.997559, 0.000614326, 0.911621, 0.997559, 0.000676837, 0.912598, 0.997559, 0.000735375, 0.913574, 0.997559, 0.000789389, 
        0.906738, 0.998535, 0.000168702, 0.907715, 0.998535, 0.000204932, 0.908691, 0.998535, 0.000240451, 0.909668, 0.998535, 0.000274927, 0.910645, 0.998535, 0.000308024, 0.911621, 0.998535, 0.00033943, 0.912598, 0.998535, 0.000368841, 0.913574, 0.998535, 0.000395978, 
        0.906738, 0.999512, 1.11675e-08, 0.907715, 0.999512, 9.62988e-09, 0.908691, 0.999512, 8.12733e-09, 0.909668, 0.999512, 6.6689e-09, 0.910645, 0.999512, 5.26382e-09, 0.911621, 0.999512, 3.92054e-09, 0.912598, 0.999512, 2.64747e-09, 0.913574, 0.999512, 1.4521e-09
    ]
}
