{
    "level": 0,
    "idx": {"x": 115, "y": 85},
    "dim": {"x": 8, "y": 8},
    "offset": {"x": 0.898926, "y": 0.664551},
    "cellSize": {"x": 0.000976562, "y": 0.000976562},
    "vertices": [
        0.898926, 0.664551, -0.00138485, 0.899902, 0.664551, -0.00116755, 0.900879, 0.664551, -0.000934837, 0.901855, 0.664551, -0.000689042, 0.902832, 0.664551, -0.00043253, 0.903809, 0.664551, -0.000167831, 0.904785, 0.664551, 0.000102443, 0.905762, 0.664551, 0.000375692, 
        0.898926, 0.665527, -0.00166481, 0.899902, 0.665527, -0.0014303, 0.900879, 0.665527, -0.00117909, 0.901855, 0.665527, -0.000913697, 0.902832, 0.665527, -0.000636676, 0.903809, 0.665527, -0.000350762, 0.904785, 0.665527, -5.8779e-05, 0.905762, 0.665527, 0.000236462, 
        0.898926, 0.666504, -0.00192593, 0.899902, 0.666504, -0.00167652, 0.900879, 0.666504, -0.00140928, 0.901855, 0.666504, -0.00112689, 0.902832, 0.666504, -0.000832065, 0.903809, 0.666504, -0.000527731, 0.904785, 0.666504, -0.000216892, 0.905762, 0.666504, 9.74567e-05, 
        0.898926, 0.66748, -0.00216691, 0.899902, 0.66748, -0.00190505, 0.900879, 0.66748, -0.0016244, 0.901855, 0.66748, -0.00132777, 0.902832, 0.66748, -0.00101804, 0.903809, 0.66748, -0.000698272, 0.904785, 0.66748, -0.000371619, 0.905762, 0.66748, -4.12366e-05, 
        0.898926, 0.668457, -0.00238668, 0.899902, 0.668457, -0.00211495, 0.900879, 0.668457, -0.00182366, 0.901855, 0.668457, -0.00151571, 0.902832, 0.668457, -0.00119411, 0.903809, 0.668457, -0.000862032, 0.904785, 0.668457, -0.000522763, 0.905762, 0.668457, -0.000179579, 
        0.898926, 0.669434, -0.00258433, 0.899902, 0.669434, -0.00230542, 0.900879, 0.669434, -0.00200635, 0.901855, 0.669434, -0.00169012, 0.902832, 0.669434, -0.0013598, 0.903809, 0.669434, -0.00101868, 0.904785, 0.669434, -0.000670115, 0.905762, 0.669434, -0.00031749, 
        0.898926, 0.67041, -0.00275922, 0.899902, 0.67041, -0.00247589, 0.900879, 0.67041, -0.00217199, 0.901855, 0.67041, -0.00185059, 0.902832, 0.67041, -0.00151481, 0.903809, 0.67041, -0.00116798, 0.904785, 0.67041, -0.000813548, 0.905762, 0.67041, -0.000454938, 
        0.898926, 0.671387, -0.00291088, 0.899902, 0.671387, -0.00262592, 0.900879, 0.671387, -0.00232021, 0.901855, 0.671387, -0.0019968, 0.902832, 0.671387, -0.00165887, 0.903809, 0.671387, -0.00130975, 0.904785, 0.671387, -0.000952925, 0.905762, 0.671387, -0.000591848
    ]
}
