{
    "level": 0,
    "idx": {"x": 119, "y": 39},
    "dim": {"x": 8, "y": 8},
    "offset": {"x": 0.930176, "y": 0.305176},
    "cellSize": {"x": 0.000976562, "y": 0.000976562},
    "vertices": [
        0.930176, 0.305176, 0.00537024, 0.931152, 0.305176, 0.00514827, 0.932129, 0.305176, 0.00491119, 0.933105, 0.305176, 0.00466105, 0.934082, 0.305176, 0.00440009, 0.935059, 0.305176, 0.00413056, 0.936035, 0.305176, 0.00385488, 0.937012, 0.305176, 0.00357542, 
        0.930176, 0.306152, 0.00507609, 0.931152, 0.306152, 0.00487669, 0.932129, 0.306152, 0.00466374, 0.933105, 0.306152, 0.00443905, 0.934082, 0.306152, 0.00420464, 0.935059, 0.306152, 0.00396251, 0.936035, 0.306152, 0.0037148, 0.937012, 0.306152, 0.00346363, 
        0.930176, 0.307129, 0.00476659, 0.931152, 0.307129, 0.0045915, 0.932129, 0.307129, 0.00440454, 0.933105, 0.307129, 0.00420728, 0.934082, 0.307129, 0.00400146, 0.935059, 0.307129, 0.00378883, 0.936035, 0.307129, 0.00357124, 0.937012, 0.307129, 0.00335055, 
        0.930176, 0.308105, 0.00444365, 0.931152, 0.308105, 0.00429439, 0.932129, 0.308105, 0.00413503, 0.933105, 0.308105, 0.0039669, 0.934082, 0.308105, 0.00379145, 0.935059, 0.308105, 0.00361015, 0.936035, 0.308105, 0.00342456, 0.937012, 0.308105, 0.00323622, 
        0.930176, 0.309082, 0.00410929, 0.931152, 0.309082, 0.00398712, 0.932129, 0.309082, 0.00385673, 0.933105, 0.309082, 0.00371915, 0.934082, 0.309082, 0.00357557, 0.935059, 0.309082, 0.00342714, 0.936035, 0.309082, 0.00327512, 0.937012, 0.309082, 0.00312072, 
        0.930176, 0.310059, 0.00376564, 0.931152, 0.310059, 0.00367158, 0.932129, 0.310059, 0.00357123, 0.933105, 0.310059, 0.00346535, 0.934082, 0.310059, 0.00335482, 0.935059, 0.310059, 0.00324049, 0.936035, 0.310059, 0.00312328, 0.937012, 0.310059, 0.0030041, 
        0.930176, 0.311035, 0.00341489, 0.931152, 0.311035, 0.00334969, 0.932129, 0.311035, 0.00328018, 0.933105, 0.311035, 0.00320685, 0.934082, 0.311035, 0.00313025, 0.935059, 0.311035, 0.00305092, 0.936035, 0.311035, 0.00296945, 0.937012, 0.311035, 0.00288642, 
        0.930176, 0.312012, 0.00305933, 0.931152, 0.312012, 0.00302345, 0.932129, 0.312012, 0.00298529, 0.933105, 0.312012, 0.00294503, 0.934082, 0.312012, 0.00290292, 0.935059, 0.312012, 0.00285917, 0.936035, 0.312012, 0.00281403, 0.937012, 0.312012, 0.00276774
    ]
}
