{
    "level": 0,
    "idx": {"x": 110, "y": 88},
    "dim": {"x": 8, "y": 8},
    "offset": {"x": 0.859863, "y": 0.687988},
    "cellSize": {"x": 0.000976562, "y": 0.000976562},
    "vertices": [
        0.859863, 0.687988, -0.00130077, 0.86084, 0.687988, -0.0013557, 0.861816, 0.687988, -0.00140744, 0.862793, 0.687988, -0.00145605, 0.86377, 0.687988, -0.00150159, 0.864746, 0.687988, -0.00154416, 0.865723, 0.687988, -0.00158385, 0.866699, 0.687988, -0.00162082, 
        0.859863, 0.688965, -0.0017324, 0.86084, 0.688965, -0.00178441, 0.861816, 0.688965, -0.00182974, 0.862793, 0.688965, -0.00186853, 0.86377, 0.688965, -0.00190096, 0.864746, 0.688965, -0.00192725, 0.865723, 0.688965, -0.0019477, 0.866699, 0.688965, -0.00196263, 
        0.859863, 0.689941, -0.00215754, 0.86084, 0.689941, -0.0022067, 0.861816, 0.689941, -0.00224574, 0.862793, 0.689941, -0.00227489, 0.86377, 0.689941, -0.00229443, 0.864746, 0.689941, -0.00230473, 0.865723, 0.689941, -0.00230625, 0.866699, 0.689941, -0.00229952, 
        0.859863, 0.690918, -0.00257266, 0.86084, 0.690918, -0.00261906, 0.861816, 0.690918, -0.00265202, 0.862793, 0.690918, -0.00267181, 0.86377, 0.690918, -0.00267883, 0.864746, 0.690918, -0.00267359, 0.865723, 0.690918, -0.00265672, 0.866699, 0.690918, -0.00262893, 
        0.859863, 0.691895, -0.00297442, 0.86084, 0.691895, -0.00301823, 0.861816, 0.691895, -0.00304537, 0.862793, 0.691895, -0.00305619, 0.86377, 0.691895, -0.0030512, 0.864746, 0.691895, -0.00303104, 0.865723, 0.691895, -0.00299649, 0.866699, 0.691895, -0.00294845, 
        0.859863, 0.692871, -0.0033595, 0.86084, 0.692871, -0.00340091, 0.861816, 0.692871, -0.00342257, 0.862793, 0.692871, -0.00342493, 0.86377, 0.692871, -0.00340856, 0.864746, 0.692871, -0.00337426, 0.865723, 0.692871, -0.00332294, 0.866699, 0.692871, -0.00325569, 
        0.859863, 0.693848, -0.00372485, 0.86084, 0.693848, -0.00376408, 0.861816, 0.693848, -0.00378069, 0.862793, 0.693848, -0.00377516, 0.86377, 0.693848, -0.0037482, 0.864746, 0.693848, -0.00370067, 0.865723, 0.693848, -0.00363367, 0.866699, 0.693848, -0.00354844, 
        0.859863, 0.694824, -0.00406747, 0.86084, 0.694824, -0.0041048, 0.861816, 0.694824, -0.00411684, 0.862793, 0.694824, -0.00410412, 0.86377, 0.694824, -0.00406744, 0.864746, 0.694824, -0.00400777, 0.865723, 0.694824, -0.00392634, 0.866699, 0.694824, -0.00382455
    ]
}
