{
    "level": 0,
    "idx": {"x": 117, "y": 59},
    "dim": {"x": 8, "y": 8},
    "offset": {"x": 0.914551, "y": 0.461426},
    "cellSize": {"x": 0.000976562, "y": 0.000976562},
    "vertices": [
        0.914551, 0.461426, -0.00665357, 0.915527, 0.461426, -0.00681416, 0.916504, 0.461426, -0.00695261, 0.91748, 0.461426, -0.00706768, 0.918457, 0.461426, -0.00715834, 0.919434, 0.461426, -0.00722377, 0.92041, 0.461426, -0.00726338, 0.921387, 0.461426, -0.0072768, 
        0.914551, 0.462402, -0.00633085, 0.915527, 0.462402, -0.00647462, 0.916504, 0.462402, -0.00659856, 0.91748, 0.462402, -0.00670156, 0.918457, 0.462402, -0.0067827, 0.919434, 0.462402, -0.00684126, 0.92041, 0.462402, -0.00687671, 0.921387, 0.462402, -0.00688874, 
        0.914551, 0.463379, -0.00598986, 0.915527, 0.463379, -0.00611554, 0.916504, 0.463379, -0.00622385, 0.91748, 0.463379, -0.00631385, 0.918457, 0.463379, -0.00638474, 0.919434, 0.463379, -0.0064359, 0.92041, 0.463379, -0.00646687, 0.921387, 0.463379, -0.00647739, 
        0.914551, 0.464355, -0.00563291, 0.915527, 0.464355, -0.00573938, 0.916504, 0.464355, -0.00583111, 0.91748, 0.464355, -0.0059073, 0.918457, 0.464355, -0.00596731, 0.919434, 0.464355, -0.00601061, 0.92041, 0.464355, -0.00603682, 0.921387, 0.464355, -0.00604573, 
        0.914551, 0.465332, -0.00526242, 0.915527, 0.465332, -0.00534876, 0.916504, 0.465332, -0.00542311, 0.91748, 0.465332, -0.00548484, 0.918457, 0.465332, -0.00553344, 0.919434, 0.465332, -0.00556849, 0.92041, 0.465332, -0.00558971, 0.921387, 0.465332, -0.00559691, 
        0.914551, 0.466309, -0.00488096, 0.915527, 0.466309, -0.00494644, 0.916504, 0.466309, -0.00500277, 0.91748, 0.466309, -0.00504951, 0.918457, 0.466309, -0.00508628, 0.919434, 0.466309, -0.00511279, 0.92041, 0.466309, -0.00512883, 0.921387, 0.466309, -0.00513426, 
        0.914551, 0.467285, -0.00449117, 0.915527, 0.467285, -0.00453526, 0.916504, 0.467285, -0.00457312, 0.91748, 0.467285, -0.00460449, 0.918457, 0.467285, -0.00462913, 0.919434, 0.467285, -0.00464687, 0.92041, 0.467285, -0.0046576, 0.921387, 0.467285, -0.00466122, 
        0.914551, 0.468262, -0.00409575, 0.915527, 0.468262, -0.00411814, 0.916504, 0.468262, -0.00413725, 0.91748, 0.468262, -0.00415301, 0.918457, 0.468262, -0.00416535, 0.919434, 0.468262, -0.00417419, 0.92041, 0.468262, -0.00417952, 0.921387, 0.468262, -0.0041813
    ]
}
