{
    "level": 0,
    "idx": {"x": 12, "y": 22},
    "dim": {"x": 16, "y": 16},
    "offset": {"x": 0.187988, "y": 0.344238},
    "cellSize": {"x": 0.000976562, "y": 0.000976562},
    "vertices": [
        0.187988, 0.344238, 0.00228934, 0.188965, 0.344238, 0.00273822, 0.189941, 0.344238, 0.00317024, 0.190918, 0.344238, 0.00357097, 0.191895, 0.344238, 0.0039272, 0.192871, 0.344238, 0.00422751, 0.193848, 0.344238, 0.00446266, 0.194824, 0.344238, 0.00462598, 0.195801, 0.344238, 0.0047136, 0.196777, 0.344238, 0.00472464, 0.197754, 0.344238, 0.00466119, 0.19873, 0.344238, 0.00452829, 0.199707, 0.344238, 0.00433369, 0.200684, 0.344238, 0.00408758, 0.20166, 0.344238, 0.00380218, 0.202637, 0.344238, 0.00349128, 
        0.187988, 0.345215, 0.00253052, 0.188965, 0.345215, 0.00410899, 0.189941, 0.345215, 0.00561889, 0.190918, 0.345215, 0.00700433, 0.191895, 0.345215, 0.00821423, 0.192871, 0.345215, 0.00920431, 0.193848, 0.345215, 0.0099388, 0.194824, 0.345215, 0.0103918, 0.195801, 0.345215, 0.0105484, 0.196777, 0.345215, 0.0104051, 0.197754, 0.345215, 0.00996981, 0.19873, 0.345215, 0.00926206, 0.199707, 0.345215, 0.00831173, 0.200684, 0.345215, 0.00715812, 0.20166, 0.345215, 0.00584846, 0.202637, 0.345215, 0.004436, 
        0.187988, 0.346191, 0.00276075, 0.188965, 0.346191, 0.00541018, 0.189941, 0.346191, 0.00794203, 0.190918, 0.346191, 0.0102611, 0.191895, 0.346191, 0.0122803, 0.192871, 0.346191, 0.0139244, 0.193848, 0.346191, 0.0151324, 0.194824, 0.346191, 0.0158601, 0.195801, 0.346191, 0.0160821, 0.196777, 0.346191, 0.0157924, 0.197754, 0.346191, 0.0150047, 0.19873, 0.346191, 0.013752, 0.199707, 0.346191, 0.0120853, 0.200684, 0.346191, 0.0100713, 0.20166, 0.346191, 0.00779067, 0.202637, 0.346191, 0.00533392, 
        0.187988, 0.347168, 0.00297222, 0.188965, 0.347168, 0.00659278, 0.189941, 0.347168, 0.0100513, 0.190918, 0.347168, 0.0132169, 0.191895, 0.347168, 0.0159702, 0.192871, 0.347168, 0.0182073, 0.193848, 0.347168, 0.0198446, 0.194824, 0.347168, 0.0208215, 0.195801, 0.347168, 0.0211029, 0.196777, 0.347168, 0.0206806, 0.197754, 0.347168, 0.0195734, 0.19873, 0.347168, 0.0178267, 0.199707, 0.347168, 0.0155104, 0.200684, 0.347168, 0.0127165, 0.20166, 0.347168, 0.00955551, 0.202637, 0.347168, 0.00615197, 
        0.187988, 0.348145, 0.00315786, 0.188965, 0.348145, 0.00761234, 0.189941, 0.348145, 0.0118666, 0.190918, 0.348145, 0.0157593, 0.191895, 0.348145, 0.0191427, 0.192871, 0.348145, 0.0218892, 0.193848, 0.348145, 0.0238952, 0.194824, 0.348145, 0.0250862, 0.195801, 0.348145, 0.0254188, 0.196777, 0.348145, 0.0248827, 0.197754, 0.348145, 0.0235014, 0.19873, 0.348145, 0.0213306, 0.199707, 0.348145, 0.0184567, 0.200684, 0.348145, 0.0149933, 0.20166, 0.348145, 0.0110765, 0.202637, 0.348145, 0.00686018, 
        0.187988, 0.349121, 0.00331156, 0.188965, 0.349121, 0.00843068, 0.189941, 0.349121, 0.0133192, 0.190918, 0.349121, 0.0177913, 0.191895, 0.349121, 0.0216771, 0.192871, 0.349121, 0.0248296, 0.193848, 0.349121, 0.0271296, 0.194824, 0.349121, 0.0284914, 0.195801, 0.349121, 0.0288648, 0.196777, 0.349121, 0.0282383, 0.197754, 0.349121, 0.0266386, 0.19873, 0.349121, 0.0241301, 0.199707, 0.349121, 0.0208122, 0.200684, 0.349121, 0.0168154, 0.20166, 0.349121, 0.0122966, 0.202637, 0.349121, 0.00743281, 
        0.187988, 0.350098, 0.00342851, 0.188965, 0.350098, 0.00901741, 0.189941, 0.350098, 0.0143542, 0.190918, 0.350098, 0.0192359, 0.191895, 0.350098, 0.0234769, 0.192871, 0.350098, 0.0269164, 0.193848, 0.350098, 0.0294245, 0.194824, 0.350098, 0.030907, 0.195801, 0.350098, 0.0313096, 0.196777, 0.350098, 0.0306194, 0.197754, 0.350098, 0.0288658, 0.19873, 0.350098, 0.0261189, 0.199707, 0.350098, 0.0224875, 0.200684, 0.350098, 0.0181141, 0.20166, 0.350098, 0.0131703, 0.202637, 0.350098, 0.00784934, 
        0.187988, 0.351074, 0.00350525, 0.188965, 0.351074, 0.00935103, 0.189941, 0.351074, 0.014933, 0.190918, 0.351074, 0.0200387, 0.191895, 0.351074, 0.024474, 0.192871, 0.351074, 0.0280706, 0.193848, 0.351074, 0.0306926, 0.194824, 0.351074, 0.0322415, 0.195801, 0.351074, 0.0326604, 0.196777, 0.351074, 0.0319358, 0.197754, 0.351074, 0.0300984, 0.19873, 0.351074, 0.0272218, 0.199707, 0.351074, 0.0234196, 0.200684, 0.351074, 0.018841, 0.20166, 0.351074, 0.0136655, 0.202637, 0.351074, 0.00809528, 
        0.187988, 0.352051, 0.00353993, 0.188965, 0.352051, 0.00941981, 0.189941, 0.352051, 0.0150344, 0.190918, 0.352051, 0.0201699, 0.191895, 0.352051, 0.0246312, 0.192871, 0.352051, 0.028249, 0.193848, 0.352051, 0.0308864, 0.194824, 0.352051, 0.0324447, 0.195801, 0.352051, 0.0328664, 0.196777, 0.352051, 0.0321381, 0.197754, 0.352051, 0.0302906, 0.19873, 0.352051, 0.0273978, 0.199707, 0.352051, 0.0235741, 0.200684, 0.352051, 0.0189695, 0.20166, 0.352051, 0.0137646, 0.202637, 0.352051, 0.00816272, 
        0.187988, 0.353027, 0.0035323, 0.188965, 0.353027, 0.00922221, 0.189941, 0.353027, 0.0146555, 0.190918, 0.353027, 0.0196256, 0.191895, 0.353027, 0.0239436, 0.192871, 0.353027, 0.0274458, 0.193848, 0.353027, 0.0299998, 0.194824, 0.353027, 0.0315101, 0.195801, 0.353027, 0.0319211, 0.196777, 0.353027, 0.0312199, 0.197754, 0.353027, 0.0294361, 0.19873, 0.353027, 0.0266414, 0.199707, 0.353027, 0.0229464, 0.200684, 0.353027, 0.0184962, 0.20166, 0.353027, 0.0134653, 0.202637, 0.353027, 0.00805062, 
        0.187988, 0.354004, 0.00348375, 0.188965, 0.354004, 0.00876695, 0.189941, 0.354004, 0.0138123, 0.190918, 0.354004, 0.018428, 0.191895, 0.354004, 0.0224389, 0.192871, 0.354004, 0.0256932, 0.193848, 0.354004, 0.0280681, 0.194824, 0.354004, 0.0294749, 0.195801, 0.354004, 0.0298621, 0.196777, 0.354004, 0.0292177, 0.197754, 0.354004, 0.0275693, 0.19873, 0.354004, 0.0249833, 0.199707, 0.354004, 0.0215622, 0.200684, 0.354004, 0.0174407, 0.20166, 0.354004, 0.0127807, 0.202637, 0.354004, 0.00776486, 
        0.187988, 0.35498, 0.00339724, 0.188965, 0.35498, 0.00807271, 0.189941, 0.35498, 0.0125382, 0.190918, 0.35498, 0.0166243, 0.191895, 0.35498, 0.0201763, 0.192871, 0.35498, 0.02306, 0.193848, 0.35498, 0.0251669, 0.194824, 0.35498, 0.0264188, 0.195801, 0.35498, 0.0267702, 0.196777, 0.35498, 0.0262102, 0.197754, 0.35498, 0.0247635, 0.19873, 0.35498, 0.0224886, 0.199707, 0.35498, 0.0194762, 0.200684, 0.35498, 0.0158452, 0.20166, 0.35498, 0.0117387, 0.202637, 0.35498, 0.00731802, 
        0.187988, 0.355957, 0.00327722, 0.188965, 0.355957, 0.00716735, 0.189941, 0.355957, 0.0108835, 0.190918, 0.355957, 0.0142852, 0.191895, 0.355957, 0.0172441, 0.192871, 0.355957, 0.0196488, 0.193848, 0.355957, 0.0214094, 0.194824, 0.355957, 0.0224609, 0.195801, 0.355957, 0.0227656, 0.196777, 0.355957, 0.0223146, 0.197754, 0.355957, 0.0211282, 0.19873, 0.355957, 0.0192551, 0.199707, 0.355957, 0.0167703, 0.200684, 0.355957, 0.0137728, 0.20166, 0.355957, 0.010381, 0.202637, 0.355957, 0.00672891, 
        0.187988, 0.356934, 0.00312941, 0.188965, 0.356934, 0.00608687, 0.189941, 0.356934, 0.00891315, 0.190918, 0.356934, 0.011502, 0.191895, 0.356934, 0.0137564, 0.192871, 0.356934, 0.0155922, 0.193848, 0.356934, 0.0169414, 0.194824, 0.356934, 0.0177548, 0.195801, 0.356934, 0.018004, 0.196777, 0.356934, 0.0176821, 0.197754, 0.356934, 0.0168047, 0.19873, 0.356934, 0.0154084, 0.199707, 0.356934, 0.0135502, 0.200684, 0.356934, 0.0113046, 0.20166, 0.356934, 0.00876141, 0.202637, 0.356934, 0.00602179, 
        0.187988, 0.35791, 0.00296062, 0.188965, 0.35791, 0.00487401, 0.189941, 0.35791, 0.0067041, 0.190918, 0.35791, 0.00838305, 0.191895, 0.35791, 0.00984883, 0.192871, 0.35791, 0.0110477, 0.193848, 0.35791, 0.0119363, 0.194824, 0.35791, 0.0124831, 0.195801, 0.35791, 0.01267, 0.196777, 0.35791, 0.0124926, 0.197754, 0.35791, 0.0119609, 0.19873, 0.35791, 0.0110984, 0.199707, 0.35791, 0.00994125, 0.200684, 0.35791, 0.00853728, 0.20166, 0.35791, 0.00694381, 0.202637, 0.35791, 0.00522548, 
