{
    "level": 0,
    "idx": {"x": 126, "y": 97},
    "dim": {"x": 8, "y": 8},
    "offset": {"x": 0.984863, "y": 0.758301},
    "cellSize": {"x": 0.000976562, "y": 0.000976562},
    "vertices": [
        0.984863, 0.758301, -0.00484683, 0.98584, 0.758301, -0.00467476, 0.986816, 0.758301, -0.00447514, 0.987793, 0.758301, -0.00424868, 0.98877, 0.758301, -0.00399631, 0.989746, 0.758301, -0.00371926, 0.990723, 0.758301, -0.0034189, 0.991699, 0.758301, -0.00309695, 
        0.984863, 0.759277, -0.00506577, 0.98584, 0.759277, -0.00489089, 0.986816, 0.759277, -0.0046863, 0.987793, 0.759277, -0.0044528, 0.98877, 0.759277, -0.00419137, 0.989746, 0.759277, -0.00390332, 0.990723, 0.759277, -0.00359016, 0.991699, 0.759277, -0.00325372, 
        0.984863, 0.760254, -0.00525458, 0.98584, 0.760254, -0.00507734, 0.986816, 0.760254, -0.00486855, 0.987793, 0.760254, -0.00462902, 0.98877, 0.760254, -0.00435981, 0.989746, 0.760254, -0.00406231, 0.990723, 0.760254, -0.00373812, 0.991699, 0.760254, -0.00338918, 
        0.984863, 0.76123, -0.00541134, 0.98584, 0.76123, -0.00523225, 0.986816, 0.76123, -0.00502003, 0.987793, 0.76123, -0.00477557, 0.98877, 0.76123, -0.00449994, 0.989746, 0.76123, -0.00419462, 0.990723, 0.76123, -0.00386129, 0.991699, 0.76123, -0.00350197, 
        0.984863, 0.762207, -0.00553448, 0.98584, 0.762207, -0.00535405, 0.986816, 0.762207, -0.00513925, 0.987793, 0.762207, -0.00489098, 0.98877, 0.762207, -0.00461037, 0.989746, 0.762207, -0.00429895, 0.990723, 0.762207, -0.00395845, 0.991699, 0.762207, -0.00359098, 
        0.984863, 0.763184, -0.00562273, 0.98584, 0.763184, -0.0054415, 0.986816, 0.763184, -0.00522497, 0.987793, 0.763184, -0.00497407, 0.98877, 0.763184, -0.00468996, 0.989746, 0.763184, -0.00437422, 0.990723, 0.763184, -0.00402861, 0.991699, 0.763184, -0.0036553, 
        0.984863, 0.76416, -0.00567516, 0.98584, 0.76416, -0.00549368, 0.986816, 0.76416, -0.00527631, 0.987793, 0.76416, -0.00502399, 0.98877, 0.76416, -0.0047379, 0.989746, 0.76416, -0.00441966, 0.990723, 0.76416, -0.00407105, 0.991699, 0.76416, -0.00369427, 
        0.984863, 0.765137, -0.00569117, 0.98584, 0.765137, -0.00550998, 0.986816, 0.765137, -0.00529267, 0.987793, 0.765137, -0.00504016, 0.98877, 0.765137, -0.00475365, 0.989746, 0.765137, -0.00443476, 0.990723, 0.765137, -0.00408529, 0.991699, 0.765137, -0.00370746
    ]
}
