{
    "level": 0,
    "idx": {"x": 120, "y": 107},
    "dim": {"x": 8, "y": 8},
    "offset": {"x": 0.937988, "y": 0.836426},
    "cellSize": {"x": 0.000976562, "y": 0.000976562},
    "vertices": [
        0.937988, 0.836426, 0.000667736, 0.938965, 0.836426, 0.000899924, 0.939941, 0.836426, 0.00112753, 0.940918, 0.836426, 0.00134832, 0.941895, 0.836426, 0.00156015, 0.942871, 0.836426, 0.0017609, 0.943848, 0.836426, 0.00194863, 0.944824, 0.836426, 0.00212146, 
        0.937988, 0.837402, 0.000767207, 0.938965, 0.837402, 0.00096993, 0.939941, 0.837402, 0.00116857, 0.940918, 0.837402, 0.00136114, 0.941895, 0.837402, 0.00154578, 0.942871, 0.837402, 0.00172062, 0.943848, 0.837402, 0.00188395, 0.944824, 0.837402, 0.00203412, 
        0.937988, 0.838379, 0.000864584, 0.938965, 0.838379, 0.00103585, 0.939941, 0.838379, 0.00120355, 0.940918, 0.838379, 0.00136601, 0.941895, 0.838379, 0.00152163, 0.942871, 0.838379, 0.00166882, 0.943848, 0.838379, 0.00180612, 0.944824, 0.838379, 0.00193212, 
        0.937988, 0.839355, 0.000960118, 0.938965, 0.839355, 0.00109821, 0.939941, 0.839355, 0.0012333, 0.940918, 0.839355, 0.00136402, 0.941895, 0.839355, 0.00148906, 0.942871, 0.839355, 0.00160712, 0.943848, 0.839355, 0.001717, 0.944824, 0.839355, 0.00181755, 
        0.937988, 0.840332, 0.00105404, 0.938965, 0.840332, 0.00115757, 0.939941, 0.840332, 0.00125869, 0.940918, 0.840332, 0.00135634, 0.941895, 0.840332, 0.00144952, 0.942871, 0.840332, 0.00153723, 0.943848, 0.840332, 0.00161856, 0.944824, 0.840332, 0.00169262, 
        0.937988, 0.841309, 0.00114664, 0.938965, 0.841309, 0.00121453, 0.939941, 0.841309, 0.00128062, 0.940918, 0.841309, 0.00134418, 0.941895, 0.841309, 0.00140452, 0.942871, 0.841309, 0.00146096, 0.943848, 0.841309, 0.00151286, 0.944824, 0.841309, 0.00155961, 
        0.937988, 0.842285, 0.00123817, 0.938965, 0.842285, 0.00126968, 0.939941, 0.842285, 0.00130002, 0.940918, 0.842285, 0.00132879, 0.941895, 0.842285, 0.00135562, 0.942871, 0.842285, 0.00138014, 0.943848, 0.842285, 0.00140202, 0.944824, 0.842285, 0.00142092, 
        0.937988, 0.843262, 0.00132892, 0.938965, 0.843262, 0.00132366, 0.939941, 0.843262, 0.00131786, 0.940918, 0.843262, 0.00131146, 0.941895, 0.843262, 0.00130441, 0.942871, 0.843262, 0.00129667, 0.943848, 0.843262, 0.0012882, 0.944824, 0.843262, 0.00127896
    ]
}
