{
    "level": 0,
    "idx": {"x": 122, "y": 47},
    "dim": {"x": 8, "y": 8},
    "offset": {"x": 0.953613, "y": 0.367676},
    "cellSize": {"x": 0.000976562, "y": 0.000976562},
    "vertices": [
        0.953613, 0.367676, -0.00594076, 0.95459, 0.367676, -0.00585194, 0.955566, 0.367676, -0.00573774, 0.956543, 0.367676, -0.00559874, 0.95752, 0.367676, -0.0054358, 0.958496, 0.367676, -0.00524993, 0.959473, 0.367676, -0.00504242, 0.960449, 0.367676, -0.00481469, 
        0.953613, 0.368652, -0.00574345, 0.95459, 0.368652, -0.00565726, 0.955566, 0.368652, -0.00554833, 0.956543, 0.368652, -0.00541717, 0.95752, 0.368652, -0.00526456, 0.958496, 0.368652, -0.0050914, 0.959473, 0.368652, -0.00489884, 0.960449, 0.368652, -0.00468814, 
        0.953613, 0.369629, -0.00552312, 0.95459, 0.369629, -0.00543988, 0.955566, 0.369629, -0.00533674, 0.956543, 0.369629, -0.00521418, 0.95752, 0.369629, -0.00507283, 0.958496, 0.369629, -0.0049135, 0.959473, 0.369629, -0.00473718, 0.960449, 0.369629, -0.00454498, 
        0.953613, 0.370605, -0.00528264, 0.95459, 0.370605, -0.00520264, 0.955566, 0.370605, -0.00510578, 0.956543, 0.370605, -0.00499243, 0.95752, 0.370605, -0.00486316, 0.958496, 0.370605, -0.00471863, 0.959473, 0.370605, -0.00455969, 0.960449, 0.370605, -0.00438725, 
        0.953613, 0.371582, -0.0050251, 0.95459, 0.371582, -0.00494858, 0.955566, 0.371582, -0.00485837, 0.956543, 0.371582, -0.00475479, 0.95752, 0.371582, -0.00463828, 0.958496, 0.371582, -0.00450938, 0.959473, 0.371582, -0.00436875, 0.960449, 0.371582, -0.00421714, 
        0.953613, 0.372559, -0.00475372, 0.95459, 0.372559, -0.00468087, 0.955566, 0.372559, -0.00459764, 0.956543, 0.372559, -0.00450426, 0.95752, 0.372559, -0.00440106, 0.958496, 0.372559, -0.00428843, 0.959473, 0.372559, -0.00416687, 0.960449, 0.372559, -0.00403694, 
        0.953613, 0.373535, -0.00447184, 0.95459, 0.373535, -0.00440282, 0.955566, 0.373535, -0.00432681, 0.956543, 0.373535, -0.00424394, 0.95752, 0.373535, -0.00415445, 0.958496, 0.373535, -0.00405858, 0.959473, 0.373535, -0.00395667, 0.960449, 0.373535, -0.00384904, 
        0.953613, 0.374512, -0.0041829, 0.95459, 0.374512, -0.00411781, 0.955566, 0.374512, -0.00404917, 0.956543, 0.374512, -0.00397703, 0.95752, 0.374512, -0.00390152, 0.958496, 0.374512, -0.00382272, 0.959473, 0.374512, -0.0037408, 0.960449, 0.374512, -0.00365589
    ]
}
