{
    "level": 0,
    "idx": {"x": 125, "y": 18},
    "dim": {"x": 8, "y": 8},
    "offset": {"x": 0.977051, "y": 0.141113},
    "cellSize": {"x": 0.000976562, "y": 0.000976562},
    "vertices": [
        0.977051, 0.141113, -0.00433989, 0.978027, 0.141113, -0.00450062, 0.979004, 0.141113, -0.00463083, 0.97998, 0.141113, -0.00472872, 0.980957, 0.141113, -0.00479277, 0.981934, 0.141113, -0.00482181, 0.98291, 0.141113, -0.00481499, 0.983887, 0.141113, -0.00477179, 
        0.977051, 0.14209, -0.00427157, 0.978027, 0.14209, -0.00443301, 0.979004, 0.14209, -0.00456413, 0.97998, 0.14209, -0.00466314, 0.980957, 0.14209, -0.00472854, 0.981934, 0.14209, -0.00475915, 0.98291, 0.14209, -0.00475413, 0.983887, 0.14209, -0.00471298, 
        0.977051, 0.143066, -0.00417504, 0.978027, 0.143066, -0.00433509, 0.979004, 0.143066, -0.00446532, 0.97998, 0.143066, -0.00456396, 0.980957, 0.143066, -0.00462952, 0.981934, 0.143066, -0.00466086, 0.98291, 0.143066, -0.00465715, 0.983887, 0.143066, -0.00461788, 
        0.977051, 0.144043, -0.00405074, 0.978027, 0.144043, -0.00420735, 0.979004, 0.144043, -0.00433491, 0.97998, 0.144043, -0.0044317, 0.980957, 0.144043, -0.00449628, 0.981934, 0.144043, -0.00452752, 0.98291, 0.144043, -0.00452461, 0.983887, 0.144043, -0.00448706, 
        0.977051, 0.14502, -0.0038994, 0.978027, 0.14502, -0.00405057, 0.979004, 0.14502, -0.00417373, 0.97998, 0.14502, -0.00426724, 0.980957, 0.14502, -0.0043297, 0.981934, 0.14502, -0.00436002, 0.98291, 0.14502, -0.00435743, 0.983887, 0.14502, -0.00432146, 
        0.977051, 0.145996, -0.003722, 0.978027, 0.145996, -0.00386579, 0.979004, 0.145996, -0.00398289, 0.97998, 0.145996, -0.00407173, 0.980957, 0.145996, -0.00413098, 0.981934, 0.145996, -0.00415961, 0.98291, 0.145996, -0.00415688, 0.983887, 0.145996, -0.00412233, 
        0.977051, 0.146973, -0.00351976, 0.978027, 0.146973, -0.00365433, 0.979004, 0.146973, -0.00376378, 0.97998, 0.146973, -0.00384663, 0.980957, 0.146973, -0.00390164, 0.981934, 0.146973, -0.00392784, 0.98291, 0.146973, -0.00392451, 0.983887, 0.146973, -0.00389125, 
        0.977051, 0.147949, -0.00329414, 0.978027, 0.147949, -0.00341776, 0.979004, 0.147949, -0.00351807, 0.97998, 0.147949, -0.0035937, 0.980957, 0.147949, -0.00364349, 0.981934, 0.147949, -0.00366654, 0.98291, 0.147949, -0.00366221, 0.983887, 0.147949, -0.0036301
    ]
}
