{
    "level": 0,
    "idx": {"x": 127, "y": 57},
    "dim": {"x": 8, "y": 8},
    "offset": {"x": 0.992676, "y": 0.445801},
    "cellSize": {"x": 0.000976562, "y": 0.000976562},
    "vertices": [
        0.992676, 0.445801, -0.00256411, 0.993652, 0.445801, -0.00222953, 0.994629, 0.445801, -0.00187982, 0.995605, 0.445801, -0.00151733, 0.996582, 0.445801, -0.00114441, 0.997559, 0.445801, -0.000763602, 0.998535, 0.445801, -0.000377514, 0.999512, 0.445801, 1.12788e-05, 
        0.992676, 0.446777, -0.00270398, 0.993652, 0.446777, -0.00235218, 0.994629, 0.446777, -0.00198401, 0.995605, 0.446777, -0.00160198, 0.996582, 0.446777, -0.00120866, 0.997559, 0.446777, -0.000806785, 0.998535, 0.446777, -0.000399193, 0.999512, 0.446777, 1.13273e-05, 
        0.992676, 0.447754, -0.00282518, 0.993652, 0.447754, -0.0024585, 0.994629, 0.447754, -0.00207433, 0.995605, 0.447754, -0.00167538, 0.996582, 0.447754, -0.00126437, 0.997559, 0.447754, -0.000844235, 0.998535, 0.447754, -0.000417992, 0.999512, 0.447754, 1.13749e-05, 
        0.992676, 0.44873, -0.00292646, 0.993652, 0.44873, -0.00254738, 0.994629, 0.44873, -0.00214987, 0.995605, 0.44873, -0.00173678, 0.996582, 0.44873, -0.00131098, 0.997559, 0.44873, -0.000875565, 0.998535, 0.44873, -0.000433718, 0.999512, 0.44873, 1.14218e-05, 
        0.992676, 0.449707, -0.00300676, 0.993652, 0.449707, -0.00261788, 0.994629, 0.449707, -0.00220981, 0.995605, 0.449707, -0.00178552, 0.996582, 0.449707, -0.00134799, 0.997559, 0.449707, -0.000900446, 0.998535, 0.449707, -0.000446203, 0.999512, 0.449707, 1.1468e-05, 
        0.992676, 0.450684, -0.0030652, 0.993652, 0.450684, -0.00266925, 0.994629, 0.450684, -0.00225352, 0.995605, 0.450684, -0.00182108, 0.996582, 0.450684, -0.001375, 0.997559, 0.450684, -0.000918611, 0.998535, 0.450684, -0.000455314, 0.999512, 0.450684, 1.15133e-05, 
        0.992676, 0.45166, -0.00310112, 0.993652, 0.45166, -0.00270089, 0.994629, 0.45166, -0.0022805, 0.995605, 0.45166, -0.00184306, 0.996582, 0.45166, -0.00139172, 0.997559, 0.45166, -0.000929856, 0.998535, 0.45166, -0.000460949, 0.999512, 0.45166, 1.15578e-05, 
        0.992676, 0.452637, -0.00311407, 0.993652, 0.452637, -0.00271243, 0.994629, 0.452637, -0.00229042, 0.995605, 0.452637, -0.0018512, 0.996582, 0.452637, -0.00139794, 0.997559, 0.452637, -0.000934042, 0.998535, 0.452637, -0.000463038, 0.999512, 0.452637, 1.16015e-05
    ]
}
