{
    "level": 0,
    "idx": {"x": 121, "y": 72},
    "dim": {"x": 8, "y": 8},
    "offset": {"x": 0.945801, "y": 0.562988},
    "cellSize": {"x": 0.000976562, "y": 0.000976562},
    "vertices": [
        0.945801, 0.562988, 0.00614864, 0.946777, 0.562988, 0.00608913, 0.947754, 0.562988, 0.00602607, 0.94873, 0.562988, 0.0059594, 0.949707, 0.562988, 0.00588903, 0.950684, 0.562988, 0.00581493, 0.95166, 0.562988, 0.00573708, 0.952637, 0.562988, 0.00565545, 
        0.945801, 0.563965, 0.00647294, 0.946777, 0.563965, 0.00643454, 0.947754, 0.563965, 0.00638964, 0.94873, 0.563965, 0.006338, 0.949707, 0.563965, 0.0062794, 0.950684, 0.563965, 0.00621367, 0.95166, 0.563965, 0.00614071, 0.952637, 0.563965, 0.00606045, 
        0.945801, 0.564941, 0.00679096, 0.946777, 0.564941, 0.00677336, 0.947754, 0.564941, 0.00674636, 0.94873, 0.564941, 0.00670955, 0.949707, 0.564941, 0.00666255, 0.950684, 0.564941, 0.00660508, 0.95166, 0.564941, 0.00653696, 0.952637, 0.564941, 0.00645807, 
        0.945801, 0.565918, 0.0071, 0.946777, 0.565918, 0.00710269, 0.947754, 0.565918, 0.00709317, 0.94873, 0.565918, 0.00707083, 0.949707, 0.565918, 0.00703515, 0.950684, 0.565918, 0.00698576, 0.95166, 0.565918, 0.00692237, 0.952637, 0.565918, 0.00684481, 
        0.945801, 0.566895, 0.00739744, 0.946777, 0.566895, 0.00741972, 0.947754, 0.566895, 0.00742706, 0.94873, 0.566895, 0.00741868, 0.949707, 0.566895, 0.00739394, 0.950684, 0.566895, 0.00735234, 0.95166, 0.566895, 0.00729353, 0.952637, 0.566895, 0.00721728, 
        0.945801, 0.567871, 0.00768074, 0.946777, 0.567871, 0.0077217, 0.947754, 0.567871, 0.00774513, 0.94873, 0.567871, 0.00775009, 0.949707, 0.567871, 0.00773579, 0.950684, 0.567871, 0.00770163, 0.95166, 0.567871, 0.00764718, 0.952637, 0.567871, 0.00757218, 
        0.945801, 0.568848, 0.00794749, 0.946777, 0.568848, 0.00800606, 0.947754, 0.568848, 0.00804464, 0.94873, 0.568848, 0.00806215, 0.949707, 0.568848, 0.00805768, 0.950684, 0.568848, 0.00803053, 0.95166, 0.568848, 0.0079802, 0.952637, 0.568848, 0.00790638, 
        0.945801, 0.569824, 0.00819542, 0.946777, 0.569824, 0.00827033, 0.947754, 0.569824, 0.00832298, 0.94873, 0.569824, 0.00835215, 0.949707, 0.569824, 0.00835681, 0.950684, 0.569824, 0.00833617, 0.95166, 0.569824, 0.00828966, 0.952637, 0.569824, 0.00821693
    ]
}
