{
    "level": 0,
    "idx": {"x": 12, "y": 33},
    "dim": {"x": 16, "y": 16},
    "offset": {"x": 0.187988, "y": 0.516113},
    "cellSize": {"x": 0.000976562, "y": 0.000976562},
    "vertices": [
        0.187988, 0.516113, 0.00572345, 0.188965, 0.516113, 0.00527838, 0.189941, 0.516113, 0.00486348, 0.190918, 0.516113, 0.00450048, 0.191895, 0.516113, 0.00420925, 0.192871, 0.516113, 0.004007, 0.193848, 0.516113, 0.00390766, 0.194824, 0.516113, 0.00392133, 0.195801, 0.516113, 0.00405388, 0.196777, 0.516113, 0.00430674, 0.197754, 0.516113, 0.00467685, 0.19873, 0.516113, 0.00515676, 0.199707, 0.516113, 0.00573494, 0.200684, 0.516113, 0.00639625, 0.20166, 0.516113, 0.00712243, 0.202637, 0.516113, 0.00789292, 
        0.187988, 0.51709, 0.00550325, 0.188965, 0.51709, 0.0039361, 0.189941, 0.51709, 0.00245052, 0.190918, 0.51709, 0.00110944, 0.191895, 0.51709, -2.96269e-05, 0.192871, 0.51709, -0.000916823, 0.193848, 0.51709, -0.00151185, 0.194824, 0.51709, -0.00178555, 0.195801, 0.51709, -0.00172098, 0.196777, 0.51709, -0.0013141, 0.197754, 0.51709, -0.000573925, 0.19873, 0.51709, 0.000477854, 0.199707, 0.51709, 0.00180768, 0.200684, 0.51709, 0.00337146, 0.20166, 0.51709, 0.00511616, 0.202637, 0.51709, 0.006982, 
        0.187988, 0.518066, 0.0052951, 0.188965, 0.518066, 0.00267178, 0.189941, 0.518066, 0.000178416, 0.190918, 0.518066, -0.0020833, 0.191895, 0.518066, -0.00402041, 0.192871, 0.518066, -0.00555233, 0.193848, 0.518066, -0.00661395, 0.194824, 0.518066, -0.00715816, 0.195801, 0.518066, -0.0071576, 0.196777, 0.518066, -0.00660578, 0.197754, 0.518066, -0.0055173, 0.19873, 0.518066, -0.00392728, 0.199707, 0.518066, -0.00189001, 0.200684, 0.518066, 0.00052319, 0.20166, 0.518066, 0.00322653, 0.202637, 0.518066, 0.00612334, 
        0.187988, 0.519043, 0.00510671, 0.188965, 0.519043, 0.00153379, 0.189941, 0.519043, -0.00186568, 0.190918, 0.519043, -0.00495514, 0.191895, 0.519043, -0.00760977, 0.192871, 0.519043, -0.00972138, 0.193848, 0.519043, -0.0112025, 0.194824, 0.519043, -0.01199, 0.195801, 0.519043, -0.012047, 0.196777, 0.519043, -0.0113649, 0.197754, 0.519043, -0.00996333, 0.19873, 0.519043, -0.00788943, 0.199707, 0.519043, -0.00521616, 0.200684, 0.519043, -0.00203931, 0.20166, 0.519043, 0.00152588, 0.202637, 0.519043, 0.00534955, 
        0.187988, 0.52002, 0.004945, 0.188965, 0.52002, 0.00056561, 0.189941, 0.52002, -0.0036034, 0.190918, 0.52002, -0.00739585, 0.191895, 0.52002, -0.0106599, 0.192871, 0.52002, -0.0132638, 0.193848, 0.52002, -0.0151013, 0.194824, 0.52002, -0.0160954, 0.195801, 0.52002, -0.0162014, 0.196777, 0.52002, -0.0154087, 0.197754, 0.52002, -0.0137412, 0.19873, 0.52002, -0.0112565, 0.199707, 0.52002, -0.00804313, 0.200684, 0.52002, -0.00421782, 0.20166, 0.52002, 7.92169e-05, 0.202637, 0.52002, 0.00468995, 
        0.187988, 0.520996, 0.00481587, 0.188965, 0.520996, -0.000195832, 0.189941, 0.520996, -0.00496819, 0.190918, 0.520996, -0.00931183, 0.191895, 0.520996, -0.0130537, 0.192871, 0.520996, -0.0160436, 0.193848, 0.520996, -0.0181605, 0.194824, 0.520996, -0.0193167, 0.195801, 0.520996, -0.0194611, 0.196777, 0.520996, -0.0185818, 0.197754, 0.520996, -0.016706, 0.19873, 0.520996, -0.0138992, 0.199707, 0.520996, -0.0102625, 0.200684, 0.520996, -0.00592893, 0.20166, 0.520996, -0.00105822, 0.202637, 0.520996, 0.00416947, 
        0.187988, 0.521973, 0.00472391, 0.188965, 0.521973, -0.000721583, 0.189941, 0.521973, -0.00590788, 0.190918, 0.521973, -0.0106297, 0.191895, 0.521973, -0.0146993, 0.192871, 0.521973, -0.0179542, 0.193848, 0.521973, -0.0202629, 0.194824, 0.521973, -0.0215302, 0.195801, 0.521973, -0.0217011, 0.196777, 0.521973, -0.0207625, 0.197754, 0.521973, -0.0187439, 0.19873, 0.521973, -0.0157163, 0.199707, 0.521973, -0.0117894, 0.200684, 0.521973, -0.00710725, 0.20166, 0.521973, -0.00184315, 0.202637, 0.521973, 0.00380761, 
        0.187988, 0.522949, 0.00467231, 0.188965, 0.522949, -0.000991786, 0.189941, 0.522949, -0.00638668, 0.190918, 0.522949, -0.0112991, 0.191895, 0.522949, -0.015534, 0.192871, 0.522949, -0.0189224, 0.193848, 0.522949, -0.0213278, 0.194824, 0.522949, -0.0226513, 0.195801, 0.522949, -0.0228357, 0.196777, 0.522949, -0.0218673, 0.197754, 0.522949, -0.019777, 0.19873, 0.522949, -0.0166383, 0.199707, 0.522949, -0.0125654, 0.200684, 0.522949, -0.00770791, 0.20166, 0.522949, -0.00224587, 0.202637, 0.522949, 0.00361779, 
        0.187988, 0.523926, 0.00466266, 0.188965, 0.523926, -0.000996437, 0.189941, 0.523926, -0.00638658, 0.190918, 0.523926, -0.0112946, 0.191895, 0.523926, -0.0155258, 0.192871, 0.523926, -0.0189113, 0.193848, 0.523926, -0.0213147, 0.194824, 0.523926, -0.0226372, 0.195801, 0.523926, -0.0228215, 0.196777, 0.523926, -0.0218542, 0.197754, 0.523926, -0.0197659, 0.19873, 0.523926, -0.0166303, 0.199707, 0.523926, -0.0125612, 0.200684, 0.523926, -0.00770832, 0.20166, 0.523926, -0.00225141, 0.202637, 0.523926, 0.00360674, 
        0.187988, 0.524902, 0.00469491, 0.188965, 0.524902, -0.000735776, 0.189941, 0.524902, -0.00590799, 0.190918, 0.524902, -0.010617, 0.191895, 0.524902, -0.0146757, 0.192871, 0.524902, -0.0179219, 0.193848, 0.524902, -0.0202246, 0.194824, 0.524902, -0.0214888, 0.195801, 0.524902, -0.0216597, 0.196777, 0.524902, -0.0207242, 0.197754, 0.524902, -0.0187117, 0.19873, 0.524902, -0.015693, 0.199707, 0.524902, -0.0117776, 0.200684, 0.524902, -0.00710903, 0.20166, 0.524902, -0.00186015, 0.202637, 0.524902, 0.00377431, 
        0.187988, 0.525879, 0.0047674, 0.188965, 0.525879, -0.000220273, 0.189941, 0.525879, -0.00496979, 0.190918, 0.525879, -0.00929272, 0.191895, 0.525879, -0.0130168, 0.192871, 0.525879, -0.0159928, 0.193848, 0.525879, -0.0180999, 0.194824, 0.525879, -0.0192511, 0.195801, 0.525879, -0.0193955, 0.196777, 0.525879, -0.0185212, 0.197754, 0.525879, -0.0166554, 0.19873, 0.525879, -0.0138632, 0.199707, 0.525879, -0.0102452, 0.200684, 0.525879, -0.00593369, 0.20166, 0.525879, -0.00108773, 0.202637, 0.525879, 0.00411343, 
        0.187988, 0.526855, 0.00487691, 0.188965, 0.526855, 0.000529772, 0.189941, 0.526855, -0.00360858, 0.190918, 0.526855, -0.00737323, 0.191895, 0.526855, -0.0106135, 0.192871, 0.526855, -0.0131986, 0.193848, 0.526855, -0.0150231, 0.194824, 0.526855, -0.0160105, 0.195801, 0.526855, -0.0161166, 0.196777, 0.526855, -0.0153308, 0.197754, 0.526855, -0.0136769, 0.19873, 0.526855, -0.0112118, 0.199707, 0.526855, -0.00802364, 0.200684, 0.526855, -0.00422816, 0.20166, 0.526855, 3.54747e-05, 0.202637, 0.526855, 0.00461042, 
        0.187988, 0.527832, 0.00501876, 0.188965, 0.527832, 0.00148505, 0.189941, 0.527832, -0.00187716, 0.190918, 0.527832, -0.00493285, 0.191895, 0.527832, -0.0075586, 0.192871, 0.527832, -0.00964741, 0.193848, 0.527832, -0.0111129, 0.194824, 0.527832, -0.0118924, 0.195801, 0.527832, -0.0119496, 0.196777, 0.527832, -0.0112761, 0.197754, 0.527832, -0.0098911, 0.19873, 0.527832, -0.00784135, 0.199707, 0.527832, -0.00519896, 0.200684, 0.527832, -0.00205864, 0.20166, 0.527832, 0.00146565, 0.202637, 0.527832, 0.00524551, 
        0.187988, 0.528809, 0.00518701, 0.188965, 0.528809, 0.00260822, 0.189941, 0.528809, 0.000157159, 0.190918, 0.528809, -0.00206623, 0.191895, 0.528809, -0.0039706, 0.192871, 0.528809, -0.00547673, 0.193848, 0.528809, -0.00652063, 0.194824, 0.528809, -0.007056, 0.195801, 0.528809, -0.00705595, 0.196777, 0.528809, -0.0065141, 0.197754, 0.528809, -0.0054448, 0.19873, 0.528809, -0.00388257, 0.199707, 0.528809, -0.00188076, 0.200684, 0.528809, 0.00049052, 0.20166, 0.528809, 0.00314696, 0.202637, 0.528809, 0.00599353, 
