{
    "level": 0,
    "idx": {"x": 121, "y": 116},
    "dim": {"x": 8, "y": 8},
    "offset": {"x": 0.945801, "y": 0.906738},
    "cellSize": {"x": 0.000976562, "y": 0.000976562},
    "vertices": [
        0.945801, 0.906738, 0.00600582, 0.946777, 0.906738, 0.00591319, 0.947754, 0.906738, 0.00582111, 0.94873, 0.906738, 0.00572979, 0.949707, 0.906738, 0.00563939, 0.950684, 0.906738, 0.00555004, 0.95166, 0.906738, 0.00546185, 0.952637, 0.906738, 0.00537489, 
        0.945801, 0.907715, 0.00574489, 0.946777, 0.907715, 0.00563052, 0.947754, 0.907715, 0.00551962, 0.94873, 0.907715, 0.00541258, 0.949707, 0.907715, 0.00530968, 0.950684, 0.907715, 0.00521119, 0.95166, 0.907715, 0.00511731, 0.952637, 0.907715, 0.00502815, 
        0.945801, 0.908691, 0.00548703, 0.946777, 0.908691, 0.00535136, 0.947754, 0.908691, 0.005222, 0.94873, 0.908691, 0.00509954, 0.949707, 0.908691, 0.0049844, 0.950684, 0.908691, 0.00487697, 0.95166, 0.908691, 0.00477753, 0.952637, 0.908691, 0.00468624, 
        0.945801, 0.909668, 0.00523486, 0.946777, 0.909668, 0.0050785, 0.947754, 0.909668, 0.00493124, 0.94873, 0.909668, 0.00479381, 0.949707, 0.909668, 0.0046668, 0.950684, 0.909668, 0.0045507, 0.95166, 0.909668, 0.00444588, 0.952637, 0.909668, 0.00435255, 
        0.945801, 0.910645, 0.00499099, 0.946777, 0.910645, 0.00481477, 0.947754, 0.910645, 0.00465032, 0.94873, 0.910645, 0.00449854, 0.949707, 0.910645, 0.00436014, 0.950684, 0.910645, 0.00423573, 0.95166, 0.910645, 0.00412576, 0.952637, 0.910645, 0.00403047, 
        0.945801, 0.911621, 0.00475787, 0.946777, 0.911621, 0.00456281, 0.947754, 0.911621, 0.00438204, 0.94873, 0.911621, 0.00421664, 0.949707, 0.911621, 0.00406744, 0.950684, 0.911621, 0.00393516, 0.95166, 0.911621, 0.00382031, 0.952637, 0.911621, 0.0037232, 
        0.945801, 0.912598, 0.00453789, 0.946777, 0.912598, 0.00432517, 0.947754, 0.912598, 0.00412913, 0.94873, 0.912598, 0.00395098, 0.949707, 0.912598, 0.00379168, 0.950684, 0.912598, 0.00365203, 0.95166, 0.912598, 0.00353263, 0.952637, 0.912598, 0.00343382, 
        0.945801, 0.913574, 0.00433322, 0.946777, 0.913574, 0.00410421, 0.947754, 0.913574, 0.00389408, 0.94873, 0.913574, 0.00370416, 0.949707, 0.913574, 0.00353555, 0.950684, 0.913574, 0.00338912, 0.95166, 0.913574, 0.00326553, 0.952637, 0.913574, 0.00316518
    ]
}
