{
    "level": 0,
    "idx": {"x": 127, "y": 11},
    "dim": {"x": 8, "y": 8},
    "offset": {"x": 0.992676, "y": 0.0864258},
    "cellSize": {"x": 0.000976562, "y": 0.000976562},
    "vertices": [
        0.992676, 0.0864258, -0.0026327, 0.993652, 0.0864258, -0.00228835, 0.994629, 0.0864258, -0.00192958, 0.995605, 0.0864258, -0.00155863, 0.996582, 0.0864258, -0.00117775, 0.997559, 0.0864258, -0.000789361, 0.998535, 0.0864258, -0.000395952, 0.999512, 0.0864258, 2.40203e-08, 
        0.992676, 0.0874023, -0.00245702, 0.993652, 0.0874023, -0.0021345, 0.994629, 0.0874023, -0.00179905, 0.995605, 0.0874023, -0.00145267, 0.996582, 0.0874023, -0.00109738, 0.997559, 0.0874023, -0.000735349, 0.998535, 0.0874023, -0.000368814, 0.999512, 0.0874023, 2.36682e-08, 
        0.992676, 0.0883789, -0.00226658, 0.993652, 0.0883789, -0.00196774, 0.994629, 0.0883789, -0.00165757, 0.995605, 0.0883789, -0.00133783, 0.996582, 0.0883789, -0.00101027, 0.997559, 0.0883789, -0.000676807, 0.998535, 0.0883789, -0.000339402, 0.999512, 0.0883789, 2.3264e-08, 
        0.992676, 0.0893555, -0.00206322, 0.993652, 0.0893555, -0.00178967, 0.994629, 0.0893555, -0.0015065, 0.995605, 0.0893555, -0.00121519, 0.996582, 0.0893555, -0.000917252, 0.997559, 0.0893555, -0.000614297, 0.998535, 0.0893555, -0.000307995, 0.999512, 0.0893555, 2.28163e-08, 
        0.992676, 0.090332, -0.00184888, 0.993652, 0.090332, -0.00160199, 0.994629, 0.090332, -0.00134727, 0.995605, 0.090332, -0.00108595, 0.996582, 0.090332, -0.00081922, 0.997559, 0.090332, -0.000548417, 0.998535, 0.090332, -0.000274896, 0.999512, 0.090332, 2.2334e-08, 
        0.992676, 0.0913086, -0.00162562, 0.993652, 0.0913086, -0.0014065, 0.994629, 0.0913086, -0.00118142, 0.995605, 0.0913086, -0.000951321, 0.996582, 0.0913086, -0.000717111, 0.997559, 0.0913086, -0.000479798, 0.998535, 0.0913086, -0.000240421, 0.999512, 0.0913086, 2.18264e-08, 
        0.992676, 0.0922852, -0.00139555, 0.993652, 0.0922852, -0.00120506, 0.994629, 0.0922852, -0.00101053, 0.995605, 0.0922852, -0.000812605, 0.996582, 0.0922852, -0.000611899, 0.997559, 0.0922852, -0.000409095, 0.998535, 0.0922852, -0.000204899, 0.999512, 0.0922852, 2.13034e-08, 
        0.992676, 0.0932617, -0.00116088, 0.993652, 0.0932617, -0.000999595, 0.994629, 0.0932617, -0.000836228, 0.995605, 0.0932617, -0.000671125, 0.996582, 0.0932617, -0.000504591, 0.997559, 0.0932617, -0.000336984, 0.998535, 0.0932617, -0.000168669, 0.999512, 0.0932617, 2.0775e-08
    ]
}
