{
    "level": 0,
    "idx": {"x": 124, "y": 14},
    "dim": {"x": 8, "y": 8},
    "offset": {"x": 0.969238, "y": 0.109863},
    "cellSize": {"x": 0.000976562, "y": 0.000976562},
    "vertices": [
        0.969238, 0.109863, -0.00321563, 0.970215, 0.109863, -0.00274811, 0.971191, 0.109863, -0.00228635, 0.972168, 0.109863, -0.00183388, 0.973145, 0.109863, -0.00139403, 0.974121, 0.109863, -0.000970077, 0.975098, 0.109863, -0.000565153, 0.976074, 0.109863, -0.000182089, 
        0.969238, 0.11084, -0.00318176, 0.970215, 0.11084, -0.00271743, 0.971191, 0.11084, -0.00225881, 0.972168, 0.11084, -0.00180945, 0.973145, 0.11084, -0.00137263, 0.974121, 0.11084, -0.00095162, 0.975098, 0.11084, -0.000549532, 0.976074, 0.11084, -0.000169178, 
        0.969238, 0.111816, -0.00315012, 0.970215, 0.111816, -0.0026925, 0.971191, 0.111816, -0.0022405, 0.972168, 0.111816, -0.0017976, 0.973145, 0.111816, -0.00136704, 0.974121, 0.111816, -0.000952049, 0.975098, 0.111816, -0.000555676, 0.976074, 0.111816, -0.000180693, 
        0.969238, 0.112793, -0.00312065, 0.970215, 0.112793, -0.00267322, 0.971191, 0.112793, -0.00223124, 0.972168, 0.112793, -0.00179812, 0.973145, 0.112793, -0.00137702, 0.974121, 0.112793, -0.000971065, 0.975098, 0.112793, -0.000583241, 0.976074, 0.112793, -0.00021625, 
        0.969238, 0.11377, -0.00309329, 0.970215, 0.11377, -0.00265943, 0.971191, 0.11377, -0.00223081, 0.972168, 0.11377, -0.0018107, 0.973145, 0.11377, -0.00140215, 0.974121, 0.11377, -0.00100818, 0.975098, 0.11377, -0.000631669, 0.976074, 0.11377, -0.000275221, 
        0.969238, 0.114746, -0.00306793, 0.970215, 0.114746, -0.00265092, 0.971191, 0.114746, -0.00223885, 0.972168, 0.114746, -0.00183487, 0.973145, 0.114746, -0.00144186, 0.974121, 0.114746, -0.00106272, 0.975098, 0.114746, -0.000700188, 0.976074, 0.114746, -0.000356748, 
        0.969238, 0.115723, -0.00304444, 0.970215, 0.115723, -0.00264738, 0.971191, 0.115723, -0.00225494, 0.972168, 0.115723, -0.00187005, 0.973145, 0.115723, -0.00149544, 0.974121, 0.115723, -0.00113384, 0.975098, 0.115723, -0.000787828, 0.976074, 0.115723, -0.000459743, 
        0.969238, 0.116699, -0.00302265, 0.970215, 0.116699, -0.00264849, 0.971191, 0.116699, -0.00227854, 0.972168, 0.116699, -0.00191554, 0.973145, 0.116699, -0.00156203, 0.974121, 0.116699, -0.00122052, 0.975098, 0.116699, -0.000893421, 0.976074, 0.116699, -0.000582904
    ]
}
