{
    "level": 0,
    "idx": {"x": 124, "y": 79},
    "dim": {"x": 8, "y": 8},
    "offset": {"x": 0.969238, "y": 0.617676},
    "cellSize": {"x": 0.000976562, "y": 0.000976562},
    "vertices": [
        0.969238, 0.617676, 0.00348919, 0.970215, 0.617676, 0.00363686, 0.971191, 0.617676, 0.0037789, 0.972168, 0.617676, 0.00391302, 0.973145, 0.617676, 0.00403706, 0.974121, 0.617676, 0.00414891, 0.975098, 0.617676, 0.00424656, 0.976074, 0.617676, 0.00432817, 
        0.969238, 0.618652, 0.00341591, 0.970215, 0.618652, 0.00353697, 0.971191, 0.618652, 0.00365294, 0.972168, 0.618652, 0.00376181, 0.973145, 0.618652, 0.00386166, 0.974121, 0.618652, 0.00395063, 0.975098, 0.618652, 0.00402696, 0.976074, 0.618652, 0.00408901, 
        0.969238, 0.619629, 0.00333954, 0.970215, 0.619629, 0.00343195, 0.971191, 0.619629, 0.00351986, 0.972168, 0.619629, 0.00360155, 0.973145, 0.619629, 0.00367536, 0.974121, 0.619629, 0.0037397, 0.975098, 0.619629, 0.00379306, 0.976074, 0.619629, 0.00383404, 
        0.969238, 0.620605, 0.00326037, 0.970215, 0.620605, 0.00332239, 0.971191, 0.620605, 0.00338053, 0.972168, 0.620605, 0.00343337, 0.973145, 0.620605, 0.00347955, 0.974121, 0.620605, 0.00351775, 0.975098, 0.620605, 0.00354673, 0.976074, 0.620605, 0.00356534, 
        0.969238, 0.621582, 0.00317871, 0.970215, 0.621582, 0.00320891, 0.971191, 0.621582, 0.00323588, 0.972168, 0.621582, 0.00325851, 0.973145, 0.621582, 0.00327575, 0.974121, 0.621582, 0.00328657, 0.975098, 0.621582, 0.00329002, 0.976074, 0.621582, 0.00328519, 
        0.969238, 0.622559, 0.00309491, 0.970215, 0.622559, 0.00309217, 0.971191, 0.622559, 0.00308687, 0.972168, 0.622559, 0.00307823, 0.973145, 0.622559, 0.00306551, 0.974121, 0.622559, 0.00304799, 0.975098, 0.622559, 0.003025, 0.976074, 0.622559, 0.0029959, 
        0.969238, 0.623535, 0.00300929, 0.970215, 0.623535, 0.00297283, 0.971191, 0.623535, 0.00293449, 0.972168, 0.623535, 0.00289384, 0.973145, 0.623535, 0.00285045, 0.974121, 0.623535, 0.00280391, 0.975098, 0.623535, 0.00275385, 0.976074, 0.623535, 0.00269991, 
        0.969238, 0.624512, 0.00292222, 0.970215, 0.624512, 0.00285159, 0.971191, 0.624512, 0.00277978, 0.972168, 0.624512, 0.00270669, 0.973145, 0.624512, 0.00263222, 0.974121, 0.624512, 0.00255628, 0.975098, 0.624512, 0.0024788, 0.976074, 0.624512, 0.00239969
    ]
}
