{
    "level": 0,
    "idx": {"x": 122, "y": 70},
    "dim": {"x": 8, "y": 8},
    "offset": {"x": 0.953613, "y": 0.547363},
    "cellSize": {"x": 0.000976562, "y": 0.000976562},
    "vertices": [
        0.953613, 0.547363, 0.000792176, 0.95459, 0.547363, 0.000771612, 0.955566, 0.547363, 0.000785109, 0.956543, 0.547363, 0.000831843, 0.95752, 0.547363, 0.000910649, 0.958496, 0.547363, 0.00102006, 0.959473, 0.547363, 0.00115826, 0.960449, 0.547363, 0.00132321, 
        0.953613, 0.54834, 0.000894783, 0.95459, 0.54834, 0.000872666, 0.955566, 0.54834, 0.00088423, 0.956543, 0.54834, 0.00092866, 0.95752, 0.54834, 0.0010048, 0.958496, 0.54834, 0.0011112, 0.959473, 0.54834, 0.00124608, 0.960449, 0.54834, 0.00140738, 
        0.953613, 0.549316, 0.00103146, 0.95459, 0.549316, 0.00100732, 0.955566, 0.549316, 0.00101614, 0.956543, 0.549316, 0.00105712, 0.95752, 0.549316, 0.00112913, 0.958496, 0.549316, 0.00123076, 0.959473, 0.549316, 0.00136024, 0.960449, 0.549316, 0.00151559, 
        0.953613, 0.550293, 0.00120149, 0.95459, 0.550293, 0.00117485, 0.955566, 0.550293, 0.00118012, 0.956543, 0.550293, 0.00121653, 0.95752, 0.550293, 0.00128299, 0.958496, 0.550293, 0.00137811, 0.959473, 0.550293, 0.0015002, 0.960449, 0.550293, 0.00164731, 
        0.953613, 0.55127, 0.0014038, 0.95459, 0.55127, 0.00137422, 0.955566, 0.55127, 0.00137517, 0.956543, 0.55127, 0.00140593, 0.95752, 0.55127, 0.00146544, 0.958496, 0.55127, 0.00155237, 0.959473, 0.55127, 0.00166511, 0.960449, 0.55127, 0.00180179, 
        0.953613, 0.552246, 0.00163699, 0.95459, 0.552246, 0.00160403, 0.955566, 0.552246, 0.00159994, 0.956543, 0.552246, 0.001624, 0.95752, 0.552246, 0.00167523, 0.958496, 0.552246, 0.00175236, 0.959473, 0.552246, 0.00185388, 0.960449, 0.552246, 0.001978, 
        0.953613, 0.553223, 0.00189937, 0.95459, 0.553223, 0.00186263, 0.955566, 0.553223, 0.00185278, 0.956543, 0.553223, 0.00186916, 0.95752, 0.553223, 0.00191085, 0.958496, 0.553223, 0.00197667, 0.959473, 0.553223, 0.00206518, 0.960449, 0.553223, 0.00217475, 
        0.953613, 0.554199, 0.00218893, 0.95459, 0.554199, 0.00214803, 0.955566, 0.554199, 0.00213177, 0.956543, 0.554199, 0.00213955, 0.95752, 0.554199, 0.00217052, 0.958496, 0.554199, 0.0022236, 0.959473, 0.554199, 0.00229746, 0.960449, 0.554199, 0.0023906
    ]
}
