{
    "level": 0,
    "idx": {"x": 126, "y": 53},
    "dim": {"x": 8, "y": 8},
    "offset": {"x": 0.984863, "y": 0.414551},
    "cellSize": {"x": 0.000976562, "y": 0.000976562},
    "vertices": [
        0.984863, 0.414551, 0.000716497, 0.98584, 0.414551, 0.000809662, 0.986816, 0.414551, 0.000877402, 0.987793, 0.414551, 0.000920294, 0.98877, 0.414551, 0.000939175, 0.989746, 0.414551, 0.000935109, 0.990723, 0.414551, 0.000909392, 0.991699, 0.414551, 0.000863535, 
        0.984863, 0.415527, 0.000950349, 0.98584, 0.415527, 0.00104022, 0.986816, 0.415527, 0.00110243, 0.987793, 0.415527, 0.00113761, 0.98877, 0.415527, 0.00114668, 0.989746, 0.415527, 0.00113079, 0.990723, 0.415527, 0.00109135, 0.991699, 0.415527, 0.00103001, 
        0.984863, 0.416504, 0.00115615, 0.98584, 0.416504, 0.00124309, 0.986816, 0.416504, 0.00130041, 0.987793, 0.416504, 0.00132879, 0.98877, 0.416504, 0.0013292, 0.989746, 0.416504, 0.0013029, 0.990723, 0.416504, 0.00125139, 0.991699, 0.416504, 0.00117643, 
        0.984863, 0.41748, 0.0013319, 0.98584, 0.41748, 0.00141631, 0.986816, 0.41748, 0.00146943, 0.987793, 0.41748, 0.00149198, 0.98877, 0.41748, 0.00148499, 0.989746, 0.41748, 0.00144978, 0.990723, 0.41748, 0.00138795, 0.991699, 0.41748, 0.00130136, 
        0.984863, 0.418457, 0.00147591, 0.98584, 0.418457, 0.00155821, 0.986816, 0.418457, 0.00160786, 0.987793, 0.418457, 0.00162561, 0.98877, 0.418457, 0.00161254, 0.989746, 0.418457, 0.00157002, 0.990723, 0.418457, 0.00149973, 0.991699, 0.418457, 0.00140361, 
        0.984863, 0.419434, 0.00158681, 0.98584, 0.419434, 0.00166743, 0.986816, 0.419434, 0.00171437, 0.987793, 0.419434, 0.00172839, 0.98877, 0.419434, 0.00171062, 0.989746, 0.419434, 0.00166247, 0.990723, 0.419434, 0.00158565, 0.991699, 0.419434, 0.00148219, 
        0.984863, 0.42041, 0.00166353, 0.98584, 0.42041, 0.00174294, 0.986816, 0.42041, 0.00178795, 0.987793, 0.42041, 0.00179936, 0.98877, 0.42041, 0.0017783, 0.989746, 0.42041, 0.00172623, 0.990723, 0.42041, 0.00164489, 0.991699, 0.42041, 0.00153635, 
        0.984863, 0.421387, 0.00170537, 0.98584, 0.421387, 0.00178402, 0.986816, 0.421387, 0.00182791, 0.987793, 0.421387, 0.00183783, 0.98877, 0.421387, 0.00181494, 0.989746, 0.421387, 0.00176071, 0.990723, 0.421387, 0.0016769, 0.991699, 0.421387, 0.00156559
    ]
}
