{
    "level": 0,
    "idx": {"x": 123, "y": 47},
    "dim": {"x": 8, "y": 8},
    "offset": {"x": 0.961426, "y": 0.367676},
    "cellSize": {"x": 0.000976562, "y": 0.000976562},
    "vertices": [
        0.961426, 0.367676, -0.00456842, 0.962402, 0.367676, -0.00430538, 0.963379, 0.367676, -0.00402756, 0.964355, 0.367676, -0.00373707, 0.965332, 0.367676, -0.00343606, 0.966309, 0.367676, -0.0031269, 0.967285, 0.367676, -0.0028119, 0.968262, 0.367676, -0.00249353, 
        0.961426, 0.368652, -0.00446081, 0.962402, 0.368652, -0.00421842, 0.963379, 0.368652, -0.00396273, 0.964355, 0.368652, -0.00369563, 0.965332, 0.368652, -0.00341906, 0.966309, 0.368652, -0.0031351, 0.967285, 0.368652, -0.00284582, 0.968262, 0.368652, -0.00255343, 
        0.961426, 0.369629, -0.00433819, 0.962402, 0.369629, -0.00411819, 0.963379, 0.369629, -0.0038865, 0.964355, 0.369629, -0.00364478, 0.965332, 0.369629, -0.00339468, 0.966309, 0.369629, -0.00313803, 0.967285, 0.369629, -0.00287663, 0.968262, 0.369629, -0.00261238, 
        0.961426, 0.370605, -0.0042024, 0.962402, 0.370605, -0.00400631, 0.963379, 0.370605, -0.00380025, 0.964355, 0.370605, -0.0035856, 0.965332, 0.370605, -0.00336376, 0.966309, 0.370605, -0.00313626, 0.967285, 0.370605, -0.0029046, 0.968262, 0.370605, -0.00267038, 
        0.961426, 0.371582, -0.00405542, 0.962402, 0.371582, -0.0038845, 0.963379, 0.371582, -0.00370542, 0.964355, 0.371582, -0.00351928, 0.965332, 0.371582, -0.00332719, 0.966309, 0.371582, -0.00313037, 0.967285, 0.371582, -0.00293002, 0.968262, 0.371582, -0.00272742, 
        0.961426, 0.372559, -0.00389928, 0.962402, 0.372559, -0.00375456, 0.963379, 0.372559, -0.00360355, 0.964355, 0.372559, -0.00344706, 0.965332, 0.372559, -0.0032859, 0.966309, 0.372559, -0.00312099, 0.967285, 0.372559, -0.0029532, 0.968262, 0.372559, -0.00278349, 
        0.961426, 0.373535, -0.00373613, 0.962402, 0.373535, -0.00361836, 0.963379, 0.373535, -0.00349622, 0.964355, 0.373535, -0.00337022, 0.965332, 0.373535, -0.00324088, 0.966309, 0.373535, -0.00310878, 0.967285, 0.373535, -0.00297448, 0.968262, 0.373535, -0.00283858, 
        0.961426, 0.374512, -0.00356817, 0.962402, 0.374512, -0.00347783, 0.963379, 0.374512, -0.00338506, 0.964355, 0.374512, -0.00329008, 0.965332, 0.374512, -0.00319312, 0.966309, 0.374512, -0.00309441, 0.967285, 0.374512, -0.00299417, 0.968262, 0.374512, -0.00289268
    ]
}
