{
    "level": 0,
    "idx": {"x": 122, "y": 86},
    "dim": {"x": 8, "y": 8},
    "offset": {"x": 0.953613, "y": 0.672363},
    "cellSize": {"x": 0.000976562, "y": 0.000976562},
    "vertices": [
        0.953613, 0.672363, -0.0043334, 0.95459, 0.672363, -0.00427189, 0.955566, 0.672363, -0.0041747, 0.956543, 0.672363, -0.00404268, 0.95752, 0.672363, -0.00387703, 0.958496, 0.672363, -0.00367922, 0.959473, 0.672363, -0.00345112, 0.960449, 0.672363, -0.00319477, 
        0.953613, 0.67334, -0.00439607, 0.95459, 0.67334, -0.00433349, 0.955566, 0.67334, -0.0042356, 0.956543, 0.67334, -0.00410322, 0.95752, 0.67334, -0.00393756, 0.958496, 0.67334, -0.00374008, 0.959473, 0.67334, -0.0035126, 0.960449, 0.67334, -0.00325718, 
        0.953613, 0.674316, -0.00442295, 0.95459, 0.674316, -0.0043598, 0.955566, 0.674316, -0.00426204, 0.956543, 0.674316, -0.00413049, 0.95752, 0.674316, -0.00396631, 0.958496, 0.674316, -0.00377094, 0.959473, 0.674316, -0.00354618, 0.960449, 0.674316, -0.00329402, 
        0.953613, 0.675293, -0.00441475, 0.95459, 0.675293, -0.00435152, 0.955566, 0.675293, -0.00425472, 0.956543, 0.675293, -0.00412513, 0.95752, 0.675293, -0.0039639, 0.958496, 0.675293, -0.00377241, 0.959473, 0.675293, -0.0035524, 0.960449, 0.675293, -0.0033058, 
        0.953613, 0.67627, -0.00437253, 0.95459, 0.67627, -0.00430969, 0.955566, 0.67627, -0.00421465, 0.956543, 0.67627, -0.00408814, 0.95752, 0.67627, -0.00393127, 0.958496, 0.67627, -0.00374536, 0.959473, 0.67627, -0.00353207, 0.960449, 0.67627, -0.00329327, 
        0.953613, 0.677246, -0.00429764, 0.95459, 0.677246, -0.00423567, 0.955566, 0.677246, -0.00414315, 0.956543, 0.677246, -0.00402079, 0.95752, 0.677246, -0.00386963, 0.958496, 0.677246, -0.00369093, 0.959473, 0.677246, -0.00348626, 0.960449, 0.677246, -0.0032574, 
        0.953613, 0.678223, -0.0041918, 0.95459, 0.678223, -0.00413112, 0.955566, 0.678223, -0.00404185, 0.956543, 0.678223, -0.00392465, 0.95752, 0.678223, -0.00378049, 0.958496, 0.678223, -0.00361055, 0.959473, 0.678223, -0.0034163, 0.960449, 0.678223, -0.00319938, 
        0.953613, 0.679199, -0.00405696, 0.95459, 0.679199, -0.00399798, 0.955566, 0.679199, -0.00391264, 0.956543, 0.679199, -0.00380155, 0.95752, 0.679199, -0.00366559, 0.958496, 0.679199, -0.00350585, 0.959473, 0.679199, -0.00332369, 0.960449, 0.679199, -0.00312063
    ]
}
