{
    "level": 0,
    "idx": {"x": 127, "y": 50},
    "dim": {"x": 8, "y": 8},
    "offset": {"x": 0.992676, "y": 0.391113},
    "cellSize": {"x": 0.000976562, "y": 0.000976562},
    "vertices": [
        0.992676, 0.391113, -0.00322284, 0.993652, 0.391113, -0.00280627, 0.994629, 0.391113, -0.0023693, 0.995605, 0.391113, -0.00191508, 0.996582, 0.391113, -0.00144679, 0.997559, 0.391113, -0.000967861, 0.998535, 0.391113, -0.000481812, 0.999512, 0.391113, 7.8753e-06, 
        0.992676, 0.39209, -0.00321043, 0.993652, 0.39209, -0.00279525, 0.994629, 0.39209, -0.00235983, 0.995605, 0.39209, -0.00190731, 0.996582, 0.39209, -0.00144085, 0.997559, 0.39209, -0.000963826, 0.998535, 0.39209, -0.000479746, 0.999512, 0.39209, 7.94271e-06, 
        0.992676, 0.393066, -0.00317497, 0.993652, 0.393066, -0.00276404, 0.994629, 0.393066, -0.00233324, 0.995605, 0.393066, -0.00188565, 0.996582, 0.393066, -0.00142436, 0.997559, 0.393066, -0.000952708, 0.998535, 0.393066, -0.000474121, 0.999512, 0.393066, 8.00998e-06, 
        0.992676, 0.394043, -0.00311686, 0.993652, 0.394043, -0.00271301, 0.994629, 0.394043, -0.00228984, 0.995605, 0.394043, -0.00185034, 0.996582, 0.394043, -0.00139753, 0.997559, 0.394043, -0.000934633, 0.998535, 0.394043, -0.000465001, 0.999512, 0.394043, 8.07711e-06, 
        0.992676, 0.39502, -0.00303675, 0.993652, 0.39502, -0.00264271, 0.994629, 0.39502, -0.00223009, 0.995605, 0.39502, -0.00180176, 0.996582, 0.39502, -0.00136062, 0.997559, 0.39502, -0.000909795, 0.998535, 0.39502, -0.000452483, 0.999512, 0.39502, 8.14407e-06, 
        0.992676, 0.395996, -0.00293547, 0.993652, 0.395996, -0.00255388, 0.994629, 0.395996, -0.00215461, 0.995605, 0.395996, -0.00174042, 0.996582, 0.395996, -0.00131404, 0.997559, 0.395996, -0.000878453, 0.998535, 0.395996, -0.000436698, 0.999512, 0.395996, 8.21088e-06, 
        0.992676, 0.396973, -0.00281406, 0.993652, 0.396973, -0.00244742, 0.994629, 0.396973, -0.00206419, 0.995605, 0.396973, -0.00166694, 0.996582, 0.396973, -0.00125826, 0.997559, 0.396973, -0.000840926, 0.998535, 0.396973, -0.000417806, 0.999512, 0.396973, 8.27752e-06, 
        0.992676, 0.397949, -0.00267376, 0.993652, 0.397949, -0.00232442, 0.994629, 0.397949, -0.00195973, 0.995605, 0.397949, -0.00158208, 0.996582, 0.397949, -0.00119384, 0.997559, 0.397949, -0.000797595, 0.998535, 0.397949, -0.000395997, 0.999512, 0.397949, 8.34398e-06
    ]
}
