{
    "level": 0,
    "idx": {"x": 127, "y": 106},
    "dim": {"x": 8, "y": 8},
    "offset": {"x": 0.992676, "y": 0.828613},
    "cellSize": {"x": 0.000976562, "y": 0.000976562},
    "vertices": [
        0.992676, 0.828613, -0.00245272, 0.993652, 0.828613, -0.00214662, 0.994629, 0.828613, -0.00182041, 0.995605, 0.828613, -0.0014772, 0.996582, 0.828613, -0.00112013, 0.997559, 0.828613, -0.000752568, 0.998535, 0.828613, -0.000377983, 0.999512, 0.828613, 1.73109e-07, 
        0.992676, 0.82959, -0.00240456, 0.993652, 0.82959, -0.00210476, 0.994629, 0.82959, -0.00178512, 0.995605, 0.82959, -0.0014487, 0.996582, 0.82959, -0.00109859, 0.997559, 0.82959, -0.000738134, 0.998535, 0.82959, -0.000370745, 0.999512, 0.82959, 1.68745e-07, 
        0.992676, 0.830566, -0.00233377, 0.993652, 0.830566, -0.00204309, 0.994629, 0.830566, -0.00173301, 0.995605, 0.830566, -0.00140654, 0.996582, 0.830566, -0.0010667, 0.997559, 0.830566, -0.00071674, 0.998535, 0.830566, -0.00036001, 0.999512, 0.830566, 1.64376e-07, 
        0.992676, 0.831543, -0.00224089, 0.993652, 0.831543, -0.00196206, 0.994629, 0.831543, -0.00166448, 0.995605, 0.831543, -0.00135105, 0.996582, 0.831543, -0.00102469, 0.997559, 0.831543, -0.000688548, 0.998535, 0.831543, -0.000345859, 0.999512, 0.831543, 1.60003e-07, 
        0.992676, 0.83252, -0.00212661, 0.993652, 0.83252, -0.0018623, 0.994629, 0.83252, -0.00158006, 0.995605, 0.83252, -0.00128265, 0.996582, 0.83252, -0.000972894, 0.997559, 0.83252, -0.00065378, 0.998535, 0.83252, -0.000328404, 0.999512, 0.83252, 1.55626e-07, 
        0.992676, 0.833496, -0.00199191, 0.993652, 0.833496, -0.00174464, 0.994629, 0.833496, -0.00148045, 0.995605, 0.833496, -0.00120194, 0.996582, 0.833496, -0.00091175, 0.997559, 0.833496, -0.000612728, 0.998535, 0.833496, -0.000307792, 0.999512, 0.833496, 1.51249e-07, 
        0.992676, 0.834473, -0.00183789, 0.993652, 0.834473, -0.00161007, 0.994629, 0.834473, -0.00136649, 0.995605, 0.834473, -0.00110956, 0.996582, 0.834473, -0.000841765, 0.997559, 0.834473, -0.000565735, 0.998535, 0.834473, -0.000284195, 0.999512, 0.834473, 1.46874e-07, 
        0.992676, 0.835449, -0.00166588, 0.993652, 0.835449, -0.00145975, 0.994629, 0.835449, -0.00123917, 0.995605, 0.835449, -0.00100634, 0.996582, 0.835449, -0.00076355, 0.997559, 0.835449, -0.00051321, 0.998535, 0.835449, -0.000257818, 0.999512, 0.835449, 1.42505e-07
    ]
}
