{
    "level": 0,
    "idx": {"x": 124, "y": 22},
    "dim": {"x": 8, "y": 8},
    "offset": {"x": 0.969238, "y": 0.172363},
    "cellSize": {"x": 0.000976562, "y": 0.000976562},
    "vertices": [
        0.969238, 0.172363, 0.000767177, 0.970215, 0.172363, 0.0011198, 0.971191, 0.172363, 0.00146535, 0.972168, 0.172363, 0.00180035, 0.973145, 0.172363, 0.00212148, 0.974121, 0.172363, 0.00242552, 0.975098, 0.172363, 0.0027094, 0.976074, 0.172363, 0.00297029, 
        0.969238, 0.17334, 0.000839136, 0.970215, 0.17334, 0.00118725, 0.971191, 0.17334, 0.00152832, 0.972168, 0.17334, 0.00185888, 0.973145, 0.17334, 0.00217564, 0.974121, 0.17334, 0.00247539, 0.975098, 0.17334, 0.00275509, 0.976074, 0.17334, 0.00301194, 
        0.969238, 0.174316, 0.000907514, 0.970215, 0.174316, 0.00124764, 0.971191, 0.174316, 0.0015808, 0.972168, 0.174316, 0.00190359, 0.973145, 0.174316, 0.00221279, 0.974121, 0.174316, 0.00250523, 0.975098, 0.174316, 0.00277791, 0.976074, 0.174316, 0.00302809, 
        0.969238, 0.175293, 0.000972342, 0.970215, 0.175293, 0.00130104, 0.971191, 0.175293, 0.00162293, 0.972168, 0.175293, 0.00193469, 0.973145, 0.175293, 0.00223318, 0.974121, 0.175293, 0.00251533, 0.975098, 0.175293, 0.00277821, 0.976074, 0.175293, 0.00301915, 
        0.969238, 0.17627, 0.00103368, 0.970215, 0.17627, 0.00134761, 0.971191, 0.17627, 0.00165495, 0.972168, 0.17627, 0.0019525, 0.973145, 0.17627, 0.00223723, 0.974121, 0.17627, 0.00250618, 0.975098, 0.17627, 0.00275654, 0.976074, 0.17627, 0.00298573, 
        0.969238, 0.177246, 0.00109163, 0.970215, 0.177246, 0.00138757, 0.971191, 0.177246, 0.0016772, 0.972168, 0.177246, 0.00195747, 0.973145, 0.177246, 0.0022255, 0.974121, 0.177246, 0.00247846, 0.975098, 0.177246, 0.00271369, 0.976074, 0.177246, 0.00292872, 
        0.969238, 0.178223, 0.0011463, 0.970215, 0.178223, 0.00142119, 0.971191, 0.178223, 0.00169011, 0.972168, 0.178223, 0.00195018, 0.973145, 0.178223, 0.0021987, 0.974121, 0.178223, 0.00243302, 0.975098, 0.178223, 0.00265062, 0.976074, 0.178223, 0.00284919, 
        0.969238, 0.179199, 0.00119786, 0.970215, 0.179199, 0.00144882, 0.971191, 0.179199, 0.00169419, 0.972168, 0.179199, 0.00193132, 0.973145, 0.179199, 0.0021577, 0.974121, 0.179199, 0.00237088, 0.975098, 0.179199, 0.00256851, 0.976074, 0.179199, 0.00274847
    ]
}
