{
    "level": 0,
    "idx": {"x": 126, "y": 95},
    "dim": {"x": 8, "y": 8},
    "offset": {"x": 0.984863, "y": 0.742676},
    "cellSize": {"x": 0.000976562, "y": 0.000976562},
    "vertices": [
        0.984863, 0.742676, 0.000413652, 0.98584, 0.742676, 0.000510667, 0.986816, 0.742676, 0.000585131, 0.987793, 0.742676, 0.000637547, 0.98877, 0.742676, 0.000668658, 0.989746, 0.742676, 0.000679405, 0.990723, 0.742676, 0.000670937, 0.991699, 0.742676, 0.000644592, 
        0.984863, 0.743652, 0.000120026, 0.98584, 0.743652, 0.000221492, 0.986816, 0.743652, 0.000303156, 0.987793, 0.743652, 0.000365454, 0.98877, 0.743652, 0.000409038, 0.989746, 0.743652, 0.00043473, 0.990723, 0.743652, 0.000443539, 0.991699, 0.743652, 0.000436637, 
        0.984863, 0.744629, -0.000193641, 0.98584, 0.744629, -8.74717e-05, 0.986816, 0.744629, 1.84139e-06, 0.987793, 0.744629, 7.4663e-05, 0.98877, 0.744629, 0.000131548, 0.989746, 0.744629, 0.000173189, 0.990723, 0.744629, 0.000200447, 0.991699, 0.744629, 0.000214315, 
        0.984863, 0.745605, -0.000524409, 0.98584, 0.745605, -0.000413326, 0.986816, 0.745605, -0.000315984, 0.987793, 0.745605, -0.000232095, 0.98877, 0.745605, -0.000161207, 0.989746, 0.745605, -0.000102761, 0.990723, 0.745605, -5.60558e-05, 0.991699, 0.745605, -2.02858e-05, 
        0.984863, 0.746582, -0.000869065, 0.98584, 0.746582, -0.000752906, 0.986816, 0.746582, -0.000647233, 0.987793, 0.746582, -0.000551838, 0.98877, 0.746582, -0.000466378, 0.989746, 0.746582, -0.000390435, 0.990723, 0.746582, -0.000323472, 0.991699, 0.746582, -0.00026488, 
        0.984863, 0.747559, -0.00122436, 0.98584, 0.747559, -0.00110301, 0.986816, 0.747559, -0.000988779, 0.987793, 0.747559, -0.000881549, 0.98877, 0.747559, -0.000781086, 0.989746, 0.747559, -0.000687118, 0.990723, 0.747559, -0.000599278, 0.991699, 0.747559, -0.00051716, 
        0.984863, 0.748535, -0.00158684, 0.98584, 0.748535, -0.00146022, 0.986816, 0.748535, -0.00133729, 0.987793, 0.748535, -0.00121801, 0.98877, 0.748535, -0.00110226, 0.989746, 0.748535, -0.000989914, 0.990723, 0.748535, -0.00088078, 0.991699, 0.748535, -0.000774662, 
        0.984863, 0.749512, -0.00195306, 0.98584, 0.749512, -0.00182116, 0.986816, 0.749512, -0.00168947, 0.987793, 0.749512, -0.00155804, 0.98877, 0.749512, -0.00142686, 0.989746, 0.749512, -0.00129596, 0.990723, 0.749512, -0.00116531, 0.991699, 0.749512, -0.00103495
    ]
}
