{
    "level": 0,
    "idx": {"x": 12, "y": 21},
    "dim": {"x": 16, "y": 16},
    "offset": {"x": 0.187988, "y": 0.328613},
    "cellSize": {"x": 0.000976562, "y": 0.000976562},
    "vertices": [
        0.187988, 0.328613, 0.00173061, 0.188965, 0.328613, 0.0013995, 0.189941, 0.328613, 0.00108658, 0.190918, 0.328613, 0.000805675, 0.191895, 0.328613, 0.000569415, 0.192871, 0.328613, 0.000388753, 0.193848, 0.328613, 0.000272541, 0.194824, 0.328613, 0.000227189, 0.195801, 0.328613, 0.000256421, 0.196777, 0.328613, 0.000361128, 0.197754, 0.328613, 0.000539338, 0.19873, 0.328613, 0.000786291, 0.199707, 0.328613, 0.00109463, 0.200684, 0.328613, 0.00145467, 0.20166, 0.328613, 0.00185478, 0.202637, 0.328613, 0.00228183, 
        0.187988, 0.32959, 0.00154104, 0.188965, 0.32959, 8.1045e-05, 0.189941, 0.32959, -0.00130899, 0.190918, 0.32959, -0.00257377, 0.191895, 0.32959, -0.00366276, 0.192871, 0.32959, -0.00453214, 0.193848, 0.32959, -0.00514652, 0.194824, 0.32959, -0.00548028, 0.195801, 0.32959, -0.00551856, 0.196777, 0.32959, -0.00525785, 0.197754, 0.32959, -0.00470609, 0.19873, 0.32959, -0.00388241, 0.199707, 0.32959, -0.00281634, 0.200684, 0.32959, -0.00154668, 0.20166, 0.32959, -0.000120101, 0.202637, 0.32959, 0.0014108, 
        0.187988, 0.330566, 0.00136263, 0.188965, 0.330566, -0.00116831, 0.189941, 0.330566, -0.00358019, 0.190918, 0.330566, -0.00577835, 0.191895, 0.330566, -0.0076763, 0.192871, 0.330566, -0.00919904, 0.193848, 0.330566, -0.010286, 0.194824, 0.330566, -0.0108933, 0.195801, 0.330566, -0.0109956, 0.196777, 0.330566, -0.0105869, 0.197754, 0.330566, -0.00968068, 0.19873, 0.330566, -0.0083098, 0.199707, 0.330566, -0.0065248, 0.200684, 0.330566, -0.00439213, 0.20166, 0.330566, -0.00199168, 0.202637, 0.330566, 0.000586503, 
        0.187988, 0.331543, 0.00120322, 0.188965, 0.331543, -0.00229941, 0.189941, 0.331543, -0.0056384, 0.190918, 0.331543, -0.00868342, 0.191895, 0.331543, -0.0113153, 0.192871, 0.331543, -0.0134308, 0.193848, 0.331543, -0.0149465, 0.194824, 0.331543, -0.015802, 0.195801, 0.331543, -0.0159623, 0.196777, 0.331543, -0.0154191, 0.197754, 0.331543, -0.0141913, 0.19873, 0.331543, -0.0123238, 0.199707, 0.331543, -0.00988643, 0.200684, 0.331543, -0.00697061, 0.20166, 0.331543, -0.00368642, 0.202637, 0.331543, -0.000157892, 
        0.187988, 0.33252, 0.00106989, 0.188965, 0.33252, -0.00326775, 0.189941, 0.33252, -0.00740346, 0.190918, 0.33252, -0.0111762, 0.191895, 0.33252, -0.0144388, 0.192871, 0.33252, -0.0170637, 0.193848, 0.33252, -0.0189477, 0.194824, 0.33252, -0.0200164, 0.195801, 0.33252, -0.0202265, 0.196777, 0.33252, -0.0195677, 0.197754, 0.33252, -0.0180632, 0.19873, 0.33252, -0.0157689, 0.199707, 0.33252, -0.0127707, 0.200684, 0.33252, -0.00918165, 0.20166, 0.33252, -0.00513781, 0.202637, 0.33252, -0.00079239, 
        0.187988, 0.333496, 0.000968732, 0.188965, 0.333496, -0.00403508, 0.189941, 0.333496, -0.0088064, 0.190918, 0.333496, -0.0131597, 0.191895, 0.333496, -0.0169254, 0.192871, 0.333496, -0.0199566, 0.193848, 0.333496, -0.0221344, 0.194824, 0.333496, -0.0233731, 0.195801, 0.333496, -0.0236227, 0.196777, 0.333496, -0.0228715, 0.197754, 0.333496, -0.0211462, 0.19873, 0.333496, -0.018511, 0.199707, 0.333496, -0.0150651, 0.200684, 0.333496, -0.0109388, 0.20166, 0.333496, -0.00628863, 0.202637, 0.333496, -0.00129118, 
        0.187988, 0.334473, 0.000904615, 0.188965, 0.334473, -0.00457086, 0.189941, 0.334473, -0.00979218, 0.190918, 0.334473, -0.0145565, 0.191895, 0.334473, -0.0186784, 0.192871, 0.334473, -0.0219971, 0.193848, 0.334473, -0.0243828, 0.194824, 0.334473, -0.0257417, 0.195801, 0.334473, -0.0260191, 0.196777, 0.334473, -0.0252022, 0.197754, 0.334473, -0.0233202, 0.19873, 0.334473, -0.0204435, 0.199707, 0.334473, -0.0166802, 0.200684, 0.334473, -0.0121731, 0.20166, 0.334473, -0.00709319, 0.202637, 0.334473, -0.00163368, 
        0.187988, 0.335449, 0.000880982, 0.188965, 0.335449, -0.00485345, 0.189941, 0.335449, -0.0103218, 0.190918, 0.335449, -0.0153117, 0.191895, 0.335449, -0.0196291, 0.192871, 0.335449, -0.0231056, 0.193848, 0.335449, -0.0256052, 0.194824, 0.335449, -0.0270298, 0.195801, 0.335449, -0.0273221, 0.196777, 0.335449, -0.0264688, 0.197754, 0.335449, -0.0245004, 0.19873, 0.335449, -0.0214905, 0.199707, 0.335449, -0.0175525, 0.200684, 0.335449, -0.0128356, 0.20166, 0.335449, -0.00751916, 0.202637, 0.335449, -0.00180529, 
        0.187988, 0.336426, 0.000899724, 0.188965, 0.336426, -0.00487097, 0.189941, 0.336426, -0.0103739, 0.190918, 0.336426, -0.0153953, 0.191895, 0.336426, -0.0197398, 0.192871, 0.336426, -0.0232382, 0.193848, 0.336426, -0.0257534, 0.194824, 0.336426, -0.0271867, 0.195801, 0.336426, -0.0274805, 0.196777, 0.336426, -0.0266214, 0.197754, 0.336426, -0.02464, 0.19873, 0.336426, -0.0216105, 0.199707, 0.336426, -0.0176469, 0.200684, 0.336426, -0.0128995, 0.20166, 0.336426, -0.00754876, 0.202637, 0.336426, -0.00179799, 
        0.187988, 0.337402, 0.000961108, 0.188965, 0.337402, -0.00462173, 0.189941, 0.337402, -0.00994537, 0.190918, 0.337402, -0.0148029, 0.191895, 0.337402, -0.0190053, 0.192871, 0.337402, -0.0223887, 0.193848, 0.337402, -0.0248206, 0.194824, 0.337402, -0.0262052, 0.195801, 0.337402, -0.0264869, 0.196777, 0.337402, -0.0256527, 0.197754, 0.337402, -0.0237324, 0.19873, 0.337402, -0.0207975, 0.199707, 0.337402, -0.0169587, 0.200684, 0.337402, -0.0123611, 0.20166, 0.337402, -0.00717946, 0.202637, 0.337402, -0.00161066, 
        0.187988, 0.338379, 0.00106377, 0.188965, 0.338379, -0.00411431, 0.189941, 0.338379, -0.00905168, 0.190918, 0.338379, -0.0135563, 0.191895, 0.338379, -0.0174527, 0.192871, 0.338379, -0.0205887, 0.193848, 0.338379, -0.0228414, 0.194824, 0.338379, -0.0241218, 0.195801, 0.338379, -0.0243784, 0.196777, 0.338379, -0.023599, 0.197754, 0.338379, -0.0218113, 0.19873, 0.338379, -0.0190817, 0.199707, 0.338379, -0.0155129, 0.200684, 0.338379, -0.0112396, 0.20166, 0.338379, -0.0064241, 0.202637, 0.338379, -0.00124907, 
        0.187988, 0.339355, 0.00120475, 0.188965, 0.339355, -0.00336721, 0.189941, 0.339355, -0.0077262, 0.190918, 0.339355, -0.0117024, 0.191895, 0.339355, -0.0151407, 0.192871, 0.339355, -0.0179064, 0.193848, 0.339355, -0.0198909, 0.194824, 0.339355, -0.0210157, 0.195801, 0.339355, -0.0212349, 0.196777, 0.339355, -0.020538, 0.197754, 0.339355, -0.0189494, 0.19873, 0.339355, -0.0165277, 0.199707, 0.339355, -0.0133638, 0.200684, 0.339355, -0.0095769, 0.20166, 0.339355, -0.00531034, 0.202637, 0.339355, -0.000725718, 
        0.187988, 0.340332, 0.00137964, 0.188965, 0.340332, -0.00240817, 0.189941, 0.340332, -0.0060189, 0.190918, 0.340332, -0.0093115, 0.191895, 0.340332, -0.0121571, 0.192871, 0.340332, -0.0144439, 0.193848, 0.340332, -0.0160817, 0.194824, 0.340332, -0.0170051, 0.195801, 0.340332, -0.0171763, 0.196777, 0.340332, -0.0165863, 0.197754, 0.340332, -0.0152555, 0.19873, 0.340332, -0.0132326, 0.199707, 0.340332, -0.0105929, 0.200684, 0.340332, -0.0074356, 0.20166, 0.340332, -0.00387966, 0.202637, 0.340332, -5.92972e-05, 
        0.187988, 0.341309, 0.00158272, 0.188965, 0.341309, -0.00127307, 0.189941, 0.341309, -0.00399445, 0.190918, 0.341309, -0.00647456, 0.191895, 0.341309, -0.00861576, 0.192871, 0.341309, -0.0103334, 0.193848, 0.341309, -0.0115591, 0.194824, 0.341309, -0.0122434, 0.195801, 0.341309, -0.0123576, 0.196777, 0.341309, -0.0118949, 0.197754, 0.341309, -0.0108706, 0.19873, 0.341309, -0.00932184, 0.199707, 0.341309, -0.00730556, 0.200684, 0.341309, -0.00489679, 0.20166, 0.341309, -0.00218573, 0.202637, 0.341309, 0.000725985, 
