{
    "level": 0,
    "idx": {"x": 124, "y": 35},
    "dim": {"x": 8, "y": 8},
    "offset": {"x": 0.969238, "y": 0.273926},
    "cellSize": {"x": 0.000976562, "y": 0.000976562},
    "vertices": [
        0.969238, 0.273926, 0.00341679, 0.970215, 0.273926, 0.00306041, 0.971191, 0.273926, 0.00270759, 0.972168, 0.273926, 0.00236079, 0.973145, 0.273926, 0.0020223, 0.974121, 0.273926, 0.0016944, 0.975098, 0.273926, 0.00137924, 0.976074, 0.273926, 0.00107879, 
        0.969238, 0.274902, 0.00341055, 0.970215, 0.274902, 0.00308228, 0.971191, 0.274902, 0.00275707, 0.972168, 0.274902, 0.00243711, 0.973145, 0.274902, 0.00212445, 0.974121, 0.274902, 0.00182112, 0.975098, 0.274902, 0.00152906, 0.976074, 0.274902, 0.00125, 
        0.969238, 0.275879, 0.00340519, 0.970215, 0.275879, 0.00310723, 0.971191, 0.275879, 0.00281178, 0.972168, 0.275879, 0.00252076, 0.973145, 0.275879, 0.00223594, 0.974121, 0.275879, 0.00195909, 0.975098, 0.275879, 0.00169191, 0.976074, 0.275879, 0.0014359, 
        0.969238, 0.276855, 0.00340045, 0.970215, 0.276855, 0.00313471, 0.971191, 0.276855, 0.00287089, 0.972168, 0.276855, 0.00261062, 0.973145, 0.276855, 0.00235539, 0.974121, 0.276855, 0.00210669, 0.975098, 0.276855, 0.00186594, 0.976074, 0.276855, 0.00163443, 
        0.969238, 0.277832, 0.00339604, 0.970215, 0.277832, 0.00316412, 0.971191, 0.277832, 0.00293352, 0.972168, 0.277832, 0.00270553, 0.973145, 0.277832, 0.00248137, 0.974121, 0.277832, 0.00226222, 0.975098, 0.277832, 0.00204923, 0.976074, 0.277832, 0.00184343, 
        0.969238, 0.278809, 0.00339166, 0.970215, 0.278809, 0.00319486, 0.971191, 0.278809, 0.00299874, 0.972168, 0.278809, 0.00280428, 0.973145, 0.278809, 0.00261236, 0.974121, 0.278809, 0.00242389, 0.975098, 0.278809, 0.00223972, 0.976074, 0.278809, 0.00206061, 
        0.969238, 0.279785, 0.00338702, 0.970215, 0.279785, 0.00322629, 0.971191, 0.279785, 0.0030656, 0.972168, 0.279785, 0.00290558, 0.973145, 0.279785, 0.00274679, 0.974121, 0.279785, 0.00258984, 0.975098, 0.279785, 0.00243527, 0.976074, 0.279785, 0.00228359, 
        0.969238, 0.280762, 0.00338178, 0.970215, 0.280762, 0.00325776, 0.971191, 0.280762, 0.00313311, 0.972168, 0.280762, 0.00300812, 0.973145, 0.280762, 0.00288305, 0.974121, 0.280762, 0.00275816, 0.975098, 0.280762, 0.00263372, 0.976074, 0.280762, 0.00250994
    ]
}
