{
    "level": 0,
    "idx": {"x": 12, "y": 7},
    "dim": {"x": 8, "y": 8},
    "offset": {"x": 0.376953, "y": 0.220703},
    "cellSize": {"x": 0.00390625, "y": 0.00390625},
    "vertices": [
        0.376953, 0.220703, 0.0083345, 0.380859, 0.220703, 0.0116529, 0.384766, 0.220703, 0.0122868, 0.388672, 0.220703, 0.0100202, 0.392578, 0.220703, 0.00634927, 0.396484, 0.220703, 0.00359886, 0.400391, 0.220703, 0.00355024, 0.404297, 0.220703, 0.00638941, 
        0.376953, 0.224609, 0.0146285, 0.380859, 0.224609, 0.0294922, 0.384766, 0.224609, 0.031529, 0.388672, 0.224609, 0.0197097, 0.392578, 0.224609, 0.00118231, 0.396484, 0.224609, -0.0129459, 0.400391, 0.224609, -0.0141648, 0.404297, 0.224609, -0.00158314, 
        0.376953, 0.228516, 0.0167413, 0.380859, 0.228516, 0.0345528, 0.384766, 0.228516, 0.0369657, 0.388672, 0.228516, 0.0227445, 0.392578, 0.228516, 0.000470257, 0.396484, 0.228516, -0.0165228, 0.400391, 0.228516, -0.0180181, 0.404297, 0.228516, -0.00294593, 
        0.376953, 0.232422, 0.0138276, 0.380859, 0.232422, 0.0242656, 0.384766, 0.232422, 0.0258216, 0.388672, 0.232422, 0.0177826, 0.392578, 0.232422, 0.00509814, 0.396484, 0.232422, -0.00454018, 0.400391, 0.232422, -0.00523937, 0.404297, 0.232422, 0.00361727, 
        0.376953, 0.236328, 0.00803826, 0.380859, 0.236328, 0.00514965, 0.384766, 0.236328, 0.00513847, 0.388672, 0.236328, 0.00823438, 0.392578, 0.236328, 0.012834, 0.396484, 0.236328, 0.0164466, 0.400391, 0.236328, 0.0171633, 0.404297, 0.236328, 0.0147831, 
        0.376953, 0.240234, 0.00325234, 0.380859, 0.240234, -0.0110331, 0.384766, 0.240234, -0.0123787, 0.388672, 0.240234, 0.000251902, 0.392578, 0.240234, 0.019648, 0.396484, 0.240234, 0.0346058, 0.400391, 0.240234, 0.0365405, 0.404297, 0.240234, 0.0245517, 
        0.376953, 0.244141, 0.00278959, 0.380859, 0.244141, -0.0142177, 0.384766, 0.244141, -0.0158579, 0.388672, 0.244141, -0.00090026, 0.392578, 0.244141, 0.022092, 0.396484, 0.244141, 0.0398135, 0.400391, 0.244141, 0.0420692, 0.404297, 0.244141, 0.0277896, 
        0.376953, 0.248047, 0.00745276, 0.380859, 0.248047, -0.00197432, 0.384766, 0.248047, -0.0026747, 0.388672, 0.248047, 0.00604996, 0.392578, 0.248047, 0.0193368, 0.396484, 0.248047, 0.0296303, 0.400391, 0.248047, 0.0311411, 0.404297, 0.248047, 0.0232612
    ]
}
