{
    "level": 0,
    "idx": {"x": 121, "y": 120},
    "dim": {"x": 8, "y": 8},
    "offset": {"x": 0.945801, "y": 0.937988},
    "cellSize": {"x": 0.000976562, "y": 0.000976562},
    "vertices": [
        0.945801, 0.937988, 0.00610295, 0.946777, 0.937988, 0.00605525, 0.947754, 0.937988, 0.00600283, 0.94873, 0.937988, 0.00594555, 0.949707, 0.937988, 0.00588329, 0.950684, 0.937988, 0.00581596, 0.95166, 0.937988, 0.00574351, 0.952637, 0.937988, 0.00566592, 
        0.945801, 0.938965, 0.00633591, 0.946777, 0.938965, 0.00631026, 0.947754, 0.938965, 0.00627699, 0.94873, 0.938965, 0.00623578, 0.949707, 0.938965, 0.00618636, 0.950684, 0.938965, 0.00612852, 0.95166, 0.938965, 0.00606213, 0.952637, 0.938965, 0.00598711, 
        0.945801, 0.939941, 0.00656164, 0.946777, 0.939941, 0.00655765, 0.947754, 0.939941, 0.00654321, 0.94873, 0.939941, 0.0065178, 0.949707, 0.939941, 0.00648101, 0.950684, 0.939941, 0.00643253, 0.95166, 0.939941, 0.00637212, 0.952637, 0.939941, 0.00629967, 
        0.945801, 0.940918, 0.00677747, 0.946777, 0.940918, 0.00679457, 0.947754, 0.940918, 0.00679844, 0.94873, 0.940918, 0.00678842, 0.949707, 0.940918, 0.00676395, 0.950684, 0.940918, 0.00672459, 0.95166, 0.940918, 0.00667004, 0.952637, 0.940918, 0.00660012, 
        0.945801, 0.941895, 0.00698088, 0.946777, 0.941895, 0.00701828, 0.947754, 0.941895, 0.0070398, 0.94873, 0.941895, 0.00704461, 0.949707, 0.941895, 0.00703202, 0.950684, 0.941895, 0.00700148, 0.95166, 0.941895, 0.00695261, 0.952637, 0.941895, 0.00688518, 
        0.945801, 0.942871, 0.00716937, 0.946777, 0.942871, 0.0072261, 0.947754, 0.942871, 0.00726443, 0.94873, 0.942871, 0.00728338, 0.949707, 0.942871, 0.00728213, 0.950684, 0.942871, 0.00726002, 0.95166, 0.942871, 0.0072166, 0.952637, 0.942871, 0.0071516, 
        0.945801, 0.943848, 0.00734064, 0.946777, 0.943848, 0.00741554, 0.947754, 0.943848, 0.00746969, 0.94873, 0.943848, 0.00750196, 0.949707, 0.943848, 0.0075114, 0.950684, 0.943848, 0.00749727, 0.95166, 0.943848, 0.00745903, 0.952637, 0.943848, 0.00739638, 
        0.945801, 0.944824, 0.00749247, 0.946777, 0.944824, 0.00758422, 0.947754, 0.944824, 0.00765306, 0.94873, 0.944824, 0.0076977, 0.949707, 0.944824, 0.00771709, 0.950684, 0.944824, 0.00771039, 0.95166, 0.944824, 0.00767703, 0.952637, 0.944824, 0.00761663
    ]
}
