{
    "level": 0,
    "idx": {"x": 124, "y": 64},
    "dim": {"x": 8, "y": 8},
    "offset": {"x": 0.969238, "y": 0.500488},
    "cellSize": {"x": 0.000976562, "y": 0.000976562},
    "vertices": [
        0.969238, 0.500488, 6.12874e-05, 0.970215, 0.500488, 4.08003e-05, 0.971191, 0.500488, 2.06928e-05, 0.972168, 0.500488, 1.13625e-06, 0.973145, 0.500488, -1.77092e-05, 0.974121, 0.500488, -3.56851e-05, 0.975098, 0.500488, -5.26414e-05, 0.976074, 0.500488, -6.84413e-05, 
        0.969238, 0.501465, 0.000101136, 0.970215, 0.501465, 4.28605e-05, 0.971191, 0.501465, -1.43829e-05, 0.972168, 0.501465, -7.00791e-05, 0.973145, 0.501465, -0.000123745, 0.974121, 0.501465, -0.000174905, 0.975098, 0.501465, -0.000223106, 0.976074, 0.501465, -0.000267936, 
        0.969238, 0.502441, 0.000141449, 0.970215, 0.502441, 4.59025e-05, 0.971191, 0.502441, -4.79689e-05, 0.972168, 0.502441, -0.000139312, 0.973145, 0.502441, -0.000227325, 0.974121, 0.502441, -0.000311218, 0.975098, 0.502441, -0.000390242, 0.976074, 0.502441, -0.000463714, 
        0.969238, 0.503418, 0.000182532, 0.970215, 0.503418, 5.05719e-05, 0.971191, 0.503418, -7.90864e-05, 0.972168, 0.503418, -0.000205259, 0.973145, 0.503418, -0.000326834, 0.974121, 0.503418, -0.000442716, 0.975098, 0.503418, -0.000551867, 0.976074, 0.503418, -0.000653336, 
        0.969238, 0.504395, 0.000224684, 0.970215, 0.504395, 5.74983e-05, 0.971191, 0.504395, -0.000106782, 0.972168, 0.504395, -0.000266653, 0.973145, 0.504395, -0.000420704, 0.974121, 0.504395, -0.000567544, 0.975098, 0.504395, -0.000705854, 0.976074, 0.504395, -0.00083443, 
        0.969238, 0.505371, 0.000268189, 0.970215, 0.505371, 6.72879e-05, 0.971191, 0.505371, -0.000130133, 0.972168, 0.505371, -0.000322264, 0.973145, 0.505371, -0.00050741, 0.974121, 0.505371, -0.000683896, 0.975098, 0.505371, -0.000850137, 0.976074, 0.505371, -0.00100468, 
        0.969238, 0.506348, 0.000313322, 0.970215, 0.506348, 8.0519e-05, 0.971191, 0.506348, -0.000148262, 0.972168, 0.506348, -0.000370926, 0.973145, 0.506348, -0.000585506, 0.974121, 0.506348, -0.000790064, 0.975098, 0.506348, -0.00098276, 0.976074, 0.506348, -0.00116192, 
        0.969238, 0.507324, 0.000360338, 0.970215, 0.507324, 9.77351e-05, 0.971191, 0.507324, -0.000160345, 0.972168, 0.507324, -0.000411539, 0.973145, 0.507324, -0.000653631, 0.974121, 0.507324, -0.000884433, 0.975098, 0.507324, -0.00110187, 0.976074, 0.507324, -0.00130406
    ]
}
