{
    "level": 0,
    "idx": {"x": 12, "y": 51},
    "dim": {"x": 8, "y": 8},
    "offset": {"x": 0.0942383, "y": 0.398926},
    "cellSize": {"x": 0.000976562, "y": 0.000976562},
    "vertices": [
        0.0942383, 0.398926, 0.00717625, 0.0952148, 0.398926, 0.00690813, 0.0961914, 0.398926, 0.00664055, 0.097168, 0.398926, 0.00637591, 0.0981445, 0.398926, 0.00611656, 0.0991211, 0.398926, 0.00586478, 0.100098, 0.398926, 0.00562278, 0.101074, 0.398926, 0.00539261, 
        0.0942383, 0.399902, 0.00722444, 0.0952148, 0.399902, 0.00698391, 0.0961914, 0.399902, 0.00674362, 0.097168, 0.399902, 0.0065057, 0.0981445, 0.399902, 0.00627224, 0.0991211, 0.399902, 0.00604528, 0.100098, 0.399902, 0.00582676, 0.101074, 0.399902, 0.00561854, 
        0.0942383, 0.400879, 0.00727045, 0.0952148, 0.400879, 0.00705967, 0.0961914, 0.400879, 0.0068488, 0.097168, 0.400879, 0.00663968, 0.0981445, 0.400879, 0.00643414, 0.0991211, 0.400879, 0.00623393, 0.100098, 0.400879, 0.00604075, 0.101074, 0.400879, 0.0058562, 
        0.0942383, 0.401855, 0.00731424, 0.0952148, 0.401855, 0.00713507, 0.0961914, 0.401855, 0.00695546, 0.097168, 0.401855, 0.00677696, 0.0981445, 0.401855, 0.00660109, 0.0991211, 0.401855, 0.00642932, 0.100098, 0.401855, 0.00626307, 0.101074, 0.401855, 0.00610368, 
        0.0942383, 0.402832, 0.00735578, 0.0952148, 0.402832, 0.00720977, 0.0961914, 0.402832, 0.00706297, 0.097168, 0.402832, 0.00691659, 0.0981445, 0.402832, 0.00677186, 0.0991211, 0.402832, 0.00662994, 0.100098, 0.402832, 0.00649195, 0.101074, 0.402832, 0.00635897, 
        0.0942383, 0.403809, 0.00739502, 0.0952148, 0.403809, 0.00728341, 0.0961914, 0.403809, 0.00717063, 0.097168, 0.403809, 0.00705759, 0.0981445, 0.403809, 0.00694515, 0.0991211, 0.403809, 0.00683419, 0.100098, 0.403809, 0.00672554, 0.101074, 0.403809, 0.00661996, 
        0.0942383, 0.404785, 0.00743191, 0.0952148, 0.404785, 0.00735561, 0.0961914, 0.404785, 0.00727776, 0.097168, 0.404785, 0.00719891, 0.0981445, 0.404785, 0.00711963, 0.0991211, 0.404785, 0.00704046, 0.100098, 0.404785, 0.0069619, 0.101074, 0.404785, 0.00688447, 
        0.0942383, 0.405762, 0.00746642, 0.0952148, 0.405762, 0.00742599, 0.0961914, 0.405762, 0.00738361, 0.097168, 0.405762, 0.00733952, 0.0981445, 0.405762, 0.00729393, 0.0991211, 0.405762, 0.00724704, 0.100098, 0.405762, 0.00719908, 0.101074, 0.405762, 0.00715024
    ]
}
