{
    "level": 0,
    "idx": {"x": 126, "y": 7},
    "dim": {"x": 8, "y": 8},
    "offset": {"x": 0.984863, "y": 0.0551758},
    "cellSize": {"x": 0.000976562, "y": 0.000976562},
    "vertices": [
        0.984863, 0.0551758, 0.000868549, 0.98584, 0.0551758, 0.000945282, 0.986816, 0.0551758, 0.000997612, 0.987793, 0.0551758, 0.00102609, 0.98877, 0.0551758, 0.00103154, 0.989746, 0.0551758, 0.00101496, 0.990723, 0.0551758, 0.000977609, 0.991699, 0.0551758, 0.000920937, 
        0.984863, 0.0561523, 0.000576498, 0.98584, 0.0561523, 0.000658389, 0.986816, 0.0561523, 0.000718478, 0.987793, 0.0561523, 0.000757259, 0.98877, 0.0561523, 0.000775451, 0.989746, 0.0561523, 0.000773965, 0.990723, 0.0561523, 0.000753912, 0.991699, 0.0561523, 0.000716588, 
        0.984863, 0.0571289, 0.000262353, 0.98584, 0.0571289, 0.000349687, 0.986816, 0.0571289, 0.000418039, 0.987793, 0.0571289, 0.000467831, 0.98877, 0.0571289, 0.000499689, 0.989746, 0.0571289, 0.000514403, 0.990723, 0.0571289, 0.000512941, 0.991699, 0.0571289, 0.000496426, 
        0.984863, 0.0581055, -7.10249e-05, 0.98584, 0.0581055, 2.19972e-05, 0.986816, 0.0581055, 9.90443e-05, 0.987793, 0.0581055, 0.000160465, 0.98877, 0.0581055, 0.000206785, 0.989746, 0.0581055, 0.000238663, 0.990723, 0.0581055, 0.000256916, 0.991699, 0.0581055, 0.000262484, 
        0.984863, 0.059082, -0.000420584, 0.98584, 0.059082, -0.000321673, 0.986816, 0.059082, -0.00023557, 0.987793, 0.059082, -0.000162004, 0.98877, 0.059082, -0.000100556, 0.989746, 0.059082, -5.07033e-05, 0.990723, 0.059082, -1.17906e-05, 0.991699, 0.059082, 1.69323e-05, 
        0.984863, 0.0600586, -0.000783115, 0.98584, 0.0600586, -0.00067816, 0.986816, 0.0600586, -0.000582717, 0.987793, 0.0600586, -0.000496598, 0.98877, 0.0600586, -0.00041949, 0.989746, 0.0600586, -0.000351015, 0.990723, 0.0600586, -0.000290685, 0.991699, 0.0600586, -0.000237949, 
        0.984863, 0.0610352, -0.00115527, 0.98584, 0.0610352, -0.00104417, 0.986816, 0.0610352, -0.000939181, 0.987793, 0.0610352, -0.000840209, 0.98877, 0.0610352, -0.000747051, 0.989746, 0.0610352, -0.000659477, 0.990723, 0.0610352, -0.00057717, 0.991699, 0.0610352, -0.000499783, 
        0.984863, 0.0620117, -0.00153361, 0.98584, 0.0620117, -0.0014163, 0.986816, 0.0620117, -0.00130165, 0.987793, 0.0620117, -0.00118964, 0.98877, 0.0620117, -0.00108019, 0.989746, 0.0620117, -0.000973212, 0.990723, 0.0620117, -0.000868569, 0.991699, 0.0620117, -0.000766123
    ]
}
