{
    "level": 0,
    "idx": {"x": 12, "y": 58},
    "dim": {"x": 8, "y": 8},
    "offset": {"x": 0.0942383, "y": 0.453613},
    "cellSize": {"x": 0.000976562, "y": 0.000976562},
    "vertices": [
        0.0942383, 0.453613, 0.0059681, 0.0952148, 0.453613, 0.00559049, 0.0961914, 0.453613, 0.00521521, 0.097168, 0.453613, 0.00484576, 0.0981445, 0.453613, 0.00448561, 0.0991211, 0.453613, 0.00413811, 0.100098, 0.453613, 0.00380648, 0.101074, 0.453613, 0.00349375, 
        0.0942383, 0.45459, 0.00588193, 0.0952148, 0.45459, 0.00550809, 0.0961914, 0.45459, 0.00513656, 0.097168, 0.45459, 0.00477083, 0.0981445, 0.45459, 0.00441433, 0.0991211, 0.45459, 0.00407038, 0.100098, 0.45459, 0.00374216, 0.101074, 0.45459, 0.0034327, 
        0.0942383, 0.455566, 0.00579418, 0.0952148, 0.455566, 0.00542762, 0.0961914, 0.455566, 0.00506333, 0.097168, 0.455566, 0.00470473, 0.0981445, 0.455566, 0.00435519, 0.0991211, 0.455566, 0.00401797, 0.100098, 0.455566, 0.00369618, 0.101074, 0.455566, 0.00339279, 
        0.0942383, 0.456543, 0.00570488, 0.0952148, 0.456543, 0.00534905, 0.0961914, 0.456543, 0.00499541, 0.097168, 0.456543, 0.0046473, 0.0981445, 0.456543, 0.00430796, 0.0991211, 0.456543, 0.00398058, 0.100098, 0.456543, 0.00366817, 0.101074, 0.456543, 0.00337363, 
        0.0942383, 0.45752, 0.00561405, 0.0952148, 0.45752, 0.0052723, 0.0961914, 0.45752, 0.00493263, 0.097168, 0.45752, 0.00459825, 0.0981445, 0.45752, 0.00427227, 0.0991211, 0.45752, 0.00395775, 0.100098, 0.45752, 0.0036576, 0.101074, 0.45752, 0.00337457, 
        0.0942383, 0.458496, 0.00552169, 0.0952148, 0.458496, 0.00519725, 0.0961914, 0.458496, 0.00487474, 0.097168, 0.458496, 0.00455721, 0.0981445, 0.458496, 0.00424762, 0.0991211, 0.458496, 0.00394887, 0.100098, 0.458496, 0.00366372, 0.101074, 0.458496, 0.0033948, 
        0.0942383, 0.459473, 0.00542784, 0.0952148, 0.459473, 0.00512376, 0.0961914, 0.459473, 0.00482144, 0.097168, 0.459473, 0.00452372, 0.0981445, 0.459473, 0.0042334, 0.0991211, 0.459473, 0.00395317, 0.100098, 0.459473, 0.00368565, 0.101074, 0.459473, 0.00343327, 
        0.0942383, 0.460449, 0.00533251, 0.0952148, 0.460449, 0.00505165, 0.0961914, 0.460449, 0.00477235, 0.097168, 0.460449, 0.00449723, 0.0981445, 0.460449, 0.00422886, 0.0991211, 0.460449, 0.00396975, 0.100098, 0.460449, 0.00372229, 0.101074, 0.460449, 0.00348876
    ]
}
