{
    "level": 0,
    "idx": {"x": 13, "y": 107},
    "dim": {"x": 8, "y": 8},
    "offset": {"x": 0.102051, "y": 0.836426},
    "cellSize": {"x": 0.000976562, "y": 0.000976562},
    "vertices": [
        0.102051, 0.836426, -0.00218142, 0.103027, 0.836426, -0.00233636, 0.104004, 0.836426, -0.00247291, 0.10498, 0.836426, -0.00258971, 0.105957, 0.836426, -0.00268561, 0.106934, 0.836426, -0.00275964, 0.10791, 0.836426, -0.00281105, 0.108887, 0.836426, -0.00283931, 
        0.102051, 0.837402, -0.00210246, 0.103027, 0.837402, -0.00223746, 0.104004, 0.837402, -0.00235621, 0.10498, 0.837402, -0.00245754, 0.105957, 0.837402, -0.00254042, 0.106934, 0.837402, -0.00260401, 0.10791, 0.837402, -0.00264764, 0.108887, 0.837402, -0.00267086, 
        0.102051, 0.838379, -0.00200862, 0.103027, 0.838379, -0.00212232, 0.104004, 0.838379, -0.0022221, 0.10498, 0.838379, -0.00230693, 0.105957, 0.838379, -0.00237595, 0.106934, 0.838379, -0.00242844, 0.10791, 0.838379, -0.00246383, 0.108887, 0.838379, -0.00248172, 
        0.102051, 0.839355, -0.00190198, 0.103027, 0.839355, -0.00199325, 0.104004, 0.839355, -0.00207303, 0.10498, 0.839355, -0.0021405, 0.105957, 0.839355, -0.00219494, 0.106934, 0.839355, -0.00223576, 0.10791, 0.839355, -0.0022625, 0.108887, 0.839355, -0.00227485, 
        0.102051, 0.840332, -0.00178479, 0.103027, 0.840332, -0.0018527, 0.104004, 0.840332, -0.00191166, 0.10498, 0.840332, -0.00196105, 0.105957, 0.840332, -0.00200032, 0.106934, 0.840332, -0.00202902, 0.10791, 0.840332, -0.00204679, 0.108887, 0.840332, -0.00205339, 
        0.102051, 0.841309, -0.00165938, 0.103027, 0.841309, -0.00170319, 0.104004, 0.841309, -0.00174071, 0.10498, 0.841309, -0.00177147, 0.105957, 0.841309, -0.00179512, 0.106934, 0.841309, -0.00181134, 0.10791, 0.841309, -0.0018199, 0.108887, 0.841309, -0.00182061, 
        0.102051, 0.842285, -0.00152816, 0.103027, 0.842285, -0.0015474, 0.104004, 0.842285, -0.00156302, 0.10498, 0.842285, -0.00157479, 0.105957, 0.842285, -0.00158251, 0.106934, 0.842285, -0.00158602, 0.10791, 0.842285, -0.00158518, 0.108887, 0.842285, -0.0015799, 
        0.102051, 0.843262, -0.00139358, 0.103027, 0.843262, -0.00138798, 0.104004, 0.843262, -0.00138147, 0.10498, 0.843262, -0.00137404, 0.105957, 0.843262, -0.00136567, 0.106934, 0.843262, -0.00135633, 0.10791, 0.843262, -0.001346, 0.108887, 0.843262, -0.00133469
    ]
}
