{
    "level": 0,
    "idx": {"x": 14, "y": 43},
    "dim": {"x": 16, "y": 16},
    "offset": {"x": 0.219238, "y": 0.672363},
    "cellSize": {"x": 0.000976562, "y": 0.000976562},
    "vertices": [
        0.219238, 0.672363, 0.00358469, 0.220215, 0.672363, 0.00290119, 0.221191, 0.672363, 0.00225535, 0.222168, 0.672363, 0.00167535, 0.223145, 0.672363, 0.00118689, 0.224121, 0.672363, 0.000812202, 0.225098, 0.672363, 0.000569236, 0.226074, 0.672363, 0.000470899, 0.227051, 0.672363, 0.000524605, 0.228027, 0.672363, 0.000731976, 0.229004, 0.672363, 0.00108879, 0.22998, 0.672363, 0.00158515, 0.230957, 0.672363, 0.00220581, 0.231934, 0.672363, 0.00293086, 0.23291, 0.672363, 0.0037364, 0.233887, 0.672363, 0.00459553, 
        0.219238, 0.67334, 0.00328753, 0.220215, 0.67334, 0.00148944, 0.221191, 0.67334, -0.000218661, 0.222168, 0.67334, -0.00176773, 0.223145, 0.67334, -0.0030948, 0.224121, 0.67334, -0.00414539, 0.225098, 0.67334, -0.00487557, 0.226074, 0.67334, -0.00525373, 0.227051, 0.67334, -0.00526173, 0.228027, 0.67334, -0.00489562, 0.229004, 0.67334, -0.00416578, 0.22998, 0.67334, -0.00309652, 0.230957, 0.67334, -0.00172521, 0.231934, 0.67334, -0.000100718, 0.23291, 0.67334, 0.00171838, 0.233887, 0.67334, 0.0036661, 
        0.219238, 0.674316, 0.00300682, 0.220215, 0.674316, 0.000166642, 0.221191, 0.674316, -0.00253461, 0.222168, 0.674316, -0.00498971, 0.223145, 0.674316, -0.00710084, 0.224121, 0.674316, -0.00878341, 0.225098, 0.674316, -0.00996915, 0.226074, 0.674316, -0.010609, 0.227051, 0.674316, -0.0106747, 0.228027, 0.674316, -0.0101603, 0.229004, 0.674316, -0.0090818, 0.22998, 0.674316, -0.00747702, 0.230957, 0.674316, -0.00540402, 0.231934, 0.674316, -0.00293873, 0.23291, 0.674316, -0.000172152, 0.233887, 0.674316, 0.00279318, 
        0.219238, 0.675293, 0.00275138, 0.220215, 0.675293, -0.00101844, 0.221191, 0.675293, -0.0046057, 0.222168, 0.675293, -0.00786909, 0.223145, 0.675293, -0.0106797, 0.224121, 0.675293, -0.0129261, 0.225098, 0.675293, -0.0145184, 0.226074, 0.675293, -0.0153917, 0.227051, 0.675293, -0.0155091, 0.228027, 0.675293, -0.0148625, 0.229004, 0.675293, -0.0134731, 0.22998, 0.675293, -0.0113908, 0.230957, 0.675293, -0.00869205, 0.231934, 0.675293, -0.00547691, 0.23291, 0.675293, -0.00186532, 0.233887, 0.675293, 0.00200758, 
        0.219238, 0.67627, 0.00252918, 0.220215, 0.67627, -0.00202196, 0.221191, 0.67627, -0.00635388, 0.222168, 0.67627, -0.0102966, 0.223145, 0.67627, -0.0136952, 0.224121, 0.67627, -0.0164156, 0.225098, 0.67627, -0.0183495, 0.226074, 0.67627, -0.0194193, 0.227051, 0.67627, -0.0195803, 0.228027, 0.67627, -0.0188228, 0.229004, 0.67627, -0.0171725, 0.22998, 0.67627, -0.0146891, 0.230957, 0.67627, -0.0114647, 0.231934, 0.67627, -0.00761968, 0.23291, 0.67627, -0.00329828, 0.233887, 0.67627, 0.00133701, 
        0.219238, 0.677246, 0.00234682, 0.220215, 0.677246, -0.00280739, 0.221191, 0.677246, -0.00771409, 0.222168, 0.677246, -0.0121813, 0.223145, 0.677246, -0.0160337, 0.224121, 0.677246, -0.01912, 0.225098, 0.677246, -0.0213179, 0.226074, 0.677246, -0.0225395, 0.227051, 0.677246, -0.0227344, 0.228027, 0.677246, -0.0218917, 0.229004, 0.677246, -0.0200402, 0.22998, 0.677246, -0.0172477, 0.230957, 0.677246, -0.0136181, 0.231934, 0.677246, -0.0092874, 0.23291, 0.677246, -0.00441865, 0.233887, 0.677246, 0.00080454, 
        0.219238, 0.678223, 0.00220946, 0.220215, 0.678223, -0.0033463, 0.221191, 0.678223, -0.00863574, 0.222168, 0.678223, -0.0134521, 0.223145, 0.678223, -0.0176069, 0.224121, 0.678223, -0.0209371, 0.225098, 0.678223, -0.0233109, 0.226074, 0.678223, -0.024634, 0.227051, 0.678223, -0.0248518, 0.228027, 0.678223, -0.0239528, 0.229004, 0.678223, -0.0219679, 0.22998, 0.678223, -0.0189702, 0.230957, 0.678223, -0.0150714, 0.231934, 0.678223, -0.0104181, 0.23291, 0.678223, -0.00518568, 0.233887, 0.678223, 0.000428148, 
        0.219238, 0.679199, 0.0021205, 0.220215, 0.679199, -0.00361993, 0.221191, 0.679199, -0.00908543, 0.222168, 0.679199, -0.0140625, 0.223145, 0.679199, -0.0183566, 0.224121, 0.679199, -0.0217991, 0.225098, 0.679199, -0.0242543, 0.226074, 0.679199, -0.0256244, 0.227051, 0.679199, -0.0258535, 0.228027, 0.679199, -0.0249293, 0.229004, 0.679199, -0.022884, 0.22998, 0.679199, -0.0197928, 0.230957, 0.679199, -0.0157714, 0.231934, 0.679199, -0.0109709, 0.23291, 0.679199, -0.00557249, 0.233887, 0.679199, 0.000219677, 
        0.219238, 0.680176, 0.00208151, 0.220215, 0.680176, -0.00361962, 0.221191, 0.680176, -0.00904773, 0.222168, 0.680176, -0.0139908, 0.223145, 0.680176, -0.0182556, 0.224121, 0.680176, -0.0216748, 0.225098, 0.680176, -0.0241136, 0.226074, 0.680176, -0.0254748, 0.227051, 0.680176, -0.0257029, 0.228027, 0.680176, -0.0247858, 0.229004, 0.680176, -0.0227553, 0.22998, 0.680176, -0.0196863, 0.230957, 0.680176, -0.0156934, 0.231934, 0.680176, -0.0109269, 0.23291, 0.680176, -0.00556665, 0.233887, 0.680176, 0.000184615, 
        0.219238, 0.681152, 0.00209214, 0.220215, 0.681152, -0.00334725, 0.221191, 0.681152, -0.008526, 0.222168, 0.681152, -0.0132418, 0.223145, 0.681152, -0.0173101, 0.224121, 0.681152, -0.0205712, 0.225098, 0.681152, -0.0228964, 0.226074, 0.681152, -0.0241931, 0.227051, 0.681152, -0.0244081, 0.228027, 0.681152, -0.0235299, 0.229004, 0.681152, -0.0215891, 0.22998, 0.681152, -0.0186569, 0.230957, 0.681152, -0.0148428, 0.231934, 0.681152, -0.0102902, 0.23291, 0.681152, -0.00517087, 0.233887, 0.681152, 0.000321759, 
        0.219238, 0.682129, 0.00215016, 0.220215, 0.682129, -0.00281523, 0.221191, 0.682129, -0.00754234, 0.222168, 0.682129, -0.0118463, 0.223145, 0.682129, -0.0155584, 0.224121, 0.682129, -0.0185328, 0.225098, 0.682129, -0.0206518, 0.226074, 0.682129, -0.0218308, 0.227051, 0.682129, -0.0220213, 0.228027, 0.682129, -0.0212126, 0.229004, 0.682129, -0.0194327, 0.22998, 0.682129, -0.0167468, 0.230957, 0.682129, -0.0132548, 0.231934, 0.682129, -0.00908791, 0.23291, 0.682129, -0.00440293, 0.233887, 0.682129, 0.000623281, 
        0.219238, 0.683105, 0.00225152, 0.220215, 0.683105, -0.00204581, 0.221191, 0.683105, -0.00613635, 0.222168, 0.683105, -0.00985974, 0.223145, 0.683105, -0.0130697, 0.224121, 0.683105, -0.0156398, 0.225098, 0.683105, -0.017468, 0.226074, 0.683105, -0.0184808, 0.227051, 0.683105, -0.0186361, 0.228027, 0.683105, -0.0179248, 0.229004, 0.683105, -0.0163711, 0.22998, 0.683105, -0.0140315, 0.230957, 0.683105, -0.0109927, 0.231934, 0.683105, -0.00736846, 0.23291, 0.683105, -0.00329473, 0.233887, 0.683105, 0.00107512, 
        0.219238, 0.684082, 0.00239054, 0.220215, 0.684082, -0.00107049, 0.221191, 0.684082, -0.00436411, 0.222168, 0.684082, -0.00736071, 0.223145, 0.684082, -0.00994205, 0.224121, 0.684082, -0.0120059, 0.225098, 0.684082, -0.0134697, 0.226074, 0.684082, -0.0142742, 0.227051, 0.684082, -0.0143852, 0.228027, 0.684082, -0.0137955, 0.229004, 0.684082, -0.0125246, 0.22998, 0.684082, -0.010618, 0.230957, 0.684082, -0.0081461, 0.231934, 0.684082, -0.00520055, 0.23291, 0.684082, -0.00189142, 0.233887, 0.684082, 0.00165736, 
        0.219238, 0.685059, 0.00256005, 0.220215, 0.685059, 7.12599e-05, 0.221191, 0.685059, -0.00229591, 0.222168, 0.685059, -0.00444754, 0.223145, 0.685059, -0.006298, 0.224121, 0.685059, -0.00777319, 0.225098, 0.685059, -0.00881334, 0.226074, 0.685059, -0.00937547, 0.227051, 0.685059, -0.0094349, 0.228027, 0.685059, -0.00898629, 0.229004, 0.685059, -0.00804377, 0.22998, 0.685059, -0.00664041, 0.230957, 0.685059, -0.00482706, 0.231934, 0.685059, -0.00267022, 0.23291, 0.685059, -0.000249575, 0.233887, 0.685059, 0.00234509, 
