{
    "level": 0,
    "idx": {"x": 14, "y": 15},
    "dim": {"x": 8, "y": 8},
    "offset": {"x": 0.439453, "y": 0.470703},
    "cellSize": {"x": 0.00390625, "y": 0.00390625},
    "vertices": [
        0.439453, 0.470703, 0.253324, 0.443359, 0.470703, 0.264159, 0.447266, 0.470703, 0.268969, 0.451172, 0.470703, 0.267525, 0.455078, 0.470703, 0.263144, 0.458984, 0.470703, 0.260725, 0.462891, 0.470703, 0.263842, 0.466797, 0.470703, 0.272636, 
        0.439453, 0.474609, 0.261127, 0.443359, 0.474609, 0.281452, 0.447266, 0.474609, 0.286851, 0.451172, 0.474609, 0.276772, 0.455078, 0.474609, 0.259649, 0.458984, 0.474609, 0.247919, 0.462891, 0.474609, 0.250672, 0.466797, 0.474609, 0.268279, 
        0.439453, 0.478516, 0.26315, 0.443359, 0.478516, 0.283752, 0.447266, 0.478516, 0.289199, 0.451172, 0.478516, 0.278929, 0.455078, 0.478516, 0.261509, 0.458984, 0.478516, 0.249568, 0.462891, 0.478516, 0.252336, 0.466797, 0.478516, 0.270191, 
        0.439453, 0.482422, 0.259301, 0.443359, 0.482422, 0.270825, 0.447266, 0.482422, 0.275769, 0.451172, 0.482422, 0.273885, 0.455078, 0.482422, 0.268806, 0.458984, 0.482422, 0.265892, 0.462891, 0.482422, 0.269062, 0.466797, 0.482422, 0.278466, 
        0.439453, 0.486328, 0.252777, 0.443359, 0.486328, 0.251242, 0.447266, 0.486328, 0.255445, 0.451172, 0.486328, 0.265589, 0.455078, 0.486328, 0.278221, 0.458984, 0.486328, 0.288261, 0.462891, 0.486328, 0.291993, 0.466797, 0.486328, 0.289247, 
        0.439453, 0.490234, 0.248171, 0.443359, 0.490234, 0.237317, 0.447266, 0.490234, 0.240993, 0.451172, 0.490234, 0.259722, 0.455078, 0.490234, 0.284994, 0.458984, 0.490234, 0.30428, 0.462891, 0.490234, 0.308413, 0.466797, 0.490234, 0.296996, 
        0.439453, 0.494141, 0.248762, 0.443359, 0.494141, 0.23784, 0.447266, 0.494141, 0.241522, 0.451172, 0.494141, 0.260336, 0.455078, 0.494141, 0.285727, 0.458984, 0.494141, 0.305102, 0.462891, 0.494141, 0.309247, 0.466797, 0.494141, 0.297763, 
        0.439453, 0.498047, 0.254576, 0.443359, 0.498047, 0.252883, 0.447266, 0.498047, 0.257109, 0.451172, 0.498047, 0.267463, 0.455078, 0.498047, 0.280388, 0.458984, 0.498047, 0.290648, 0.462891, 0.498047, 0.294413, 0.466797, 0.498047, 0.29151
    ]
}
