{
    "level": 0,
    "idx": {"x": 14, "y": 121},
    "dim": {"x": 8, "y": 8},
    "offset": {"x": 0.109863, "y": 0.945801},
    "cellSize": {"x": 0.000976562, "y": 0.000976562},
    "vertices": [
        0.109863, 0.945801, -0.00849304, 0.11084, 0.945801, -0.00841962, 0.111816, 0.945801, -0.00831664, 0.112793, 0.945801, -0.00818454, 0.11377, 0.945801, -0.00802403, 0.114746, 0.945801, -0.00783609, 0.115723, 0.945801, -0.00762193, 0.116699, 0.945801, -0.00738302, 
        0.109863, 0.946777, -0.00864866, 0.11084, 0.946777, -0.0085746, 0.111816, 0.946777, -0.00846888, 0.112793, 0.946777, -0.00833197, 0.11377, 0.946777, -0.00816465, 0.114746, 0.946777, -0.00796796, 0.115723, 0.946777, -0.0077432, 0.116699, 0.946777, -0.00749194, 
        0.109863, 0.947754, -0.00877243, 0.11084, 0.947754, -0.00869793, 0.111816, 0.947754, -0.00858995, 0.112793, 0.947754, -0.00844901, 0.11377, 0.947754, -0.00827591, 0.114746, 0.947754, -0.00807177, 0.115723, 0.947754, -0.00783797, 0.116699, 0.947754, -0.00757618, 
        0.109863, 0.94873, -0.00886251, 0.11084, 0.94873, -0.00878777, 0.111816, 0.94873, -0.00867805, 0.112793, 0.94873, -0.00853388, 0.11377, 0.94873, -0.00835612, 0.114746, 0.94873, -0.00814592, 0.115723, 0.94873, -0.00790475, 0.116699, 0.94873, -0.00763433, 
        0.109863, 0.949707, -0.00891741, 0.11084, 0.949707, -0.00884264, 0.111816, 0.949707, -0.00873171, 0.112793, 0.949707, -0.00858517, 0.11377, 0.949707, -0.0084039, 0.114746, 0.949707, -0.0081891, 0.115723, 0.949707, -0.00794228, 0.116699, 0.949707, -0.00766524, 
        0.109863, 0.950684, -0.00893591, 0.11084, 0.950684, -0.00886134, 0.111816, 0.950684, -0.00874975, 0.112793, 0.950684, -0.00860172, 0.11377, 0.950684, -0.00841814, 0.114746, 0.950684, -0.00820025, 0.115723, 0.950684, -0.00794959, 0.116699, 0.950684, -0.00766801, 
        0.109863, 0.95166, -0.00891718, 0.11084, 0.95166, -0.00884303, 0.111816, 0.95166, -0.00873135, 0.112793, 0.95166, -0.00858273, 0.11377, 0.95166, -0.00839808, 0.114746, 0.95166, -0.00817864, 0.115723, 0.95166, -0.00792598, 0.116699, 0.95166, -0.00764197, 
        0.109863, 0.952637, -0.00886068, 0.11084, 0.952637, -0.00878719, 0.111816, 0.952637, -0.008676, 0.112793, 0.952637, -0.0085277, 0.11377, 0.952637, -0.00834322, 0.114746, 0.952637, -0.0081238, 0.115723, 0.952637, -0.00787101, 0.116699, 0.952637, -0.00758675
    ]
}
