{
    "level": 0,
    "idx": {"x": 15, "y": 18},
    "dim": {"x": 8, "y": 8},
    "offset": {"x": 0.117676, "y": 0.141113},
    "cellSize": {"x": 0.000976562, "y": 0.000976562},
    "vertices": [
        0.117676, 0.141113, 0.000205263, 0.118652, 0.141113, 0.000441954, 0.119629, 0.141113, 0.00070033, 0.120605, 0.141113, 0.000977526, 0.121582, 0.141113, 0.00127049, 0.122559, 0.141113, 0.001576, 0.123535, 0.141113, 0.00189072, 0.124512, 0.141113, 0.00221119, 
        0.117676, 0.14209, 0.000123248, 0.118652, 0.14209, 0.000359606, 0.119629, 0.14209, 0.00061754, 0.120605, 0.14209, 0.000894206, 0.121582, 0.14209, 0.00118657, 0.122559, 0.14209, 0.00149143, 0.123535, 0.14209, 0.00180546, 0.124512, 0.14209, 0.00212524, 
        0.117676, 0.143066, 6.54437e-05, 0.118652, 0.143066, 0.000298836, 0.119629, 0.143066, 0.000553482, 0.120605, 0.143066, 0.000826581, 0.121582, 0.143066, 0.00111515, 0.122559, 0.143066, 0.00141603, 0.123535, 0.143066, 0.00172595, 0.124512, 0.143066, 0.00204155, 
        0.117676, 0.144043, 3.14844e-05, 0.118652, 0.144043, 0.000259321, 0.119629, 0.144043, 0.000507875, 0.120605, 0.144043, 0.000774417, 0.121582, 0.144043, 0.00105604, 0.122559, 0.144043, 0.00134967, 0.123535, 0.144043, 0.00165212, 0.124512, 0.144043, 0.00196011, 
        0.117676, 0.14502, 2.07676e-05, 0.118652, 0.14502, 0.000240526, 0.119629, 0.14502, 0.000480257, 0.120605, 0.14502, 0.00073733, 0.121582, 0.14502, 0.00100894, 0.122559, 0.14502, 0.00129213, 0.123535, 0.14502, 0.00158383, 0.124512, 0.14502, 0.00188086, 
        0.117676, 0.145996, 3.24573e-05, 0.118652, 0.145996, 0.000241704, 0.119629, 0.145996, 0.00046998, 0.120605, 0.145996, 0.000714776, 0.121582, 0.145996, 0.000973422, 0.122559, 0.145996, 0.0012431, 0.123535, 0.145996, 0.00152088, 0.124512, 0.145996, 0.00180374, 
        0.117676, 0.146973, 6.54944e-05, 0.118652, 0.146973, 0.000261913, 0.119629, 0.146973, 0.000476224, 0.120605, 0.146973, 0.000706069, 0.121582, 0.146973, 0.000948934, 0.122559, 0.146973, 0.00120217, 0.123535, 0.146973, 0.00146301, 0.124512, 0.146973, 0.00172864, 
        0.117676, 0.147949, 0.000118606, 0.118652, 0.147949, 0.000300015, 0.119629, 0.147949, 0.000498001, 0.120605, 0.147949, 0.000710378, 0.121582, 0.147949, 0.000934814, 0.122559, 0.147949, 0.00116885, 0.123535, 0.147949, 0.00140993, 0.124512, 0.147949, 0.00165542
    ]
}
