{
    "level": 0,
    "idx": {"x": 15, "y": 19},
    "dim": {"x": 8, "y": 8},
    "offset": {"x": 0.470703, "y": 0.595703},
    "cellSize": {"x": 0.00390625, "y": 0.00390625},
    "vertices": [
        0.470703, 0.595703, 0.204641, 0.474609, 0.595703, 0.213891, 0.478516, 0.595703, 0.215587, 0.482422, 0.595703, 0.209609, 0.486328, 0.595703, 0.200225, 0.490234, 0.595703, 0.193568, 0.494141, 0.595703, 0.194015, 0.498047, 0.595703, 0.201602, 
        0.470703, 0.599609, 0.203965, 0.474609, 0.599609, 0.221481, 0.478516, 0.599609, 0.223344, 0.482422, 0.599609, 0.209309, 0.486328, 0.599609, 0.188376, 0.490234, 0.599609, 0.173476, 0.494141, 0.599609, 0.173836, 0.498047, 0.599609, 0.189535, 
        0.470703, 0.603516, 0.19716, 0.474609, 0.603516, 0.213599, 0.478516, 0.603516, 0.21539, 0.482422, 0.603516, 0.202302, 0.486328, 0.603516, 0.182754, 0.490234, 0.603516, 0.168841, 0.494141, 0.603516, 0.169195, 0.498047, 0.603516, 0.183887, 
        0.470703, 0.607422, 0.184635, 0.474609, 0.607422, 0.19126, 0.478516, 0.607422, 0.192754, 0.482422, 0.607422, 0.189036, 0.486328, 0.607422, 0.182971, 0.490234, 0.607422, 0.178679, 0.494141, 0.607422, 0.1791, 0.498047, 0.607422, 0.184258, 
        0.470703, 0.611328, 0.170157, 0.474609, 0.611328, 0.16399, 0.478516, 0.611328, 0.165111, 0.482422, 0.611328, 0.173633, 0.486328, 0.611328, 0.185174, 0.490234, 0.611328, 0.193446, 0.494141, 0.611328, 0.19396, 0.498047, 0.611328, 0.186675, 
        0.470703, 0.615234, 0.158636, 0.474609, 0.615234, 0.144217, 0.478516, 0.615234, 0.145082, 0.482422, 0.615234, 0.161467, 0.486328, 0.615234, 0.184329, 0.490234, 0.615234, 0.200678, 0.494141, 0.615234, 0.201246, 0.498047, 0.615234, 0.185951, 
        0.470703, 0.619141, 0.153238, 0.474609, 0.619141, 0.139945, 0.478516, 0.619141, 0.140794, 0.482422, 0.619141, 0.156003, 0.486328, 0.619141, 0.1772, 0.490234, 0.619141, 0.19236, 0.494141, 0.619141, 0.192902, 0.498047, 0.619141, 0.17875, 
        0.470703, 0.623047, 0.153524, 0.474609, 0.623047, 0.150039, 0.478516, 0.623047, 0.151095, 0.482422, 0.623047, 0.156759, 0.486328, 0.623047, 0.16427, 0.490234, 0.623047, 0.169662, 0.494141, 0.623047, 0.170104, 0.498047, 0.623047, 0.165571
    ]
}
