{
    "level": 0,
    "idx": {"x": 15, "y": 31},
    "dim": {"x": 8, "y": 8},
    "offset": {"x": 0.470703, "y": 0.970703},
    "cellSize": {"x": 0.00390625, "y": 0.00390625},
    "vertices": [
        0.470703, 0.970703, 0.00753205, 0.474609, 0.970703, 0.0190449, 0.478516, 0.970703, 0.0193397, 0.482422, 0.970703, 0.0082428, 0.486328, 0.970703, -0.0076971, 0.490234, 0.970703, -0.0190727, 0.494141, 0.970703, -0.0191708, 0.498047, 0.970703, -0.00793341, 
        0.470703, 0.974609, 0.0108663, 0.474609, 0.974609, 0.0275075, 0.478516, 0.974609, 0.0279335, 0.482422, 0.974609, 0.0118932, 0.486328, 0.974609, -0.0111474, 0.490234, 0.974609, -0.0275905, 0.494141, 0.974609, -0.0277324, 0.498047, 0.974609, -0.0114892, 
        0.470703, 0.978516, 0.00780677, 0.474609, 0.978516, 0.0197558, 0.478516, 0.978516, 0.0200617, 0.482422, 0.978516, 0.00854421, 0.486328, 0.978516, -0.00799976, 0.490234, 0.978516, -0.0198065, 0.494141, 0.978516, -0.0199083, 0.498047, 0.978516, -0.00824511, 
        0.470703, 0.982422, 0.000156301, 0.474609, 0.982422, 0.000361498, 0.478516, 0.982422, 0.000366916, 0.482422, 0.982422, 0.000169457, 0.486328, 0.982422, -0.000114265, 0.490234, 0.982422, -0.000316741, 0.494141, 0.982422, -0.000318431, 0.498047, 0.982422, -0.000118303, 
        0.470703, 0.986328, -0.00757244, 0.474609, 0.986328, -0.019232, 0.478516, 0.986328, -0.0195302, 0.482422, 0.986328, -0.00829101, 0.486328, 0.986328, 0.00785303, 0.490234, 0.986328, 0.0193743, 0.494141, 0.986328, 0.0194738, 0.498047, 0.986328, 0.00809279, 
        0.470703, 0.990234, -0.0108203, 0.474609, 0.990234, -0.0274635, 0.478516, 0.990234, -0.0278893, 0.482422, 0.990234, -0.0118462, 0.486328, 0.990234, 0.0111981, 0.490234, 0.990234, 0.0276439, 0.494141, 0.990234, 0.0277859, 0.498047, 0.990234, 0.0115403, 
        0.470703, 0.994141, -0.0076723, 0.474609, 0.994141, -0.0194773, 0.478516, 0.994141, -0.0197792, 0.482422, 0.994141, -0.00839996, 0.486328, 0.994141, 0.00794529, 0.490234, 0.994141, 0.0196102, 0.494141, 0.994141, 0.0197109, 0.498047, 0.994141, 0.008188, 
        0.470703, 0.998047, 1.23123e-005, 0.474609, 0.998047, 1.25122e-005, 0.478516, 0.998047, 1.26068e-005, 0.482422, 0.998047, 1.25944e-005, 0.486328, 0.998047, 1.25277e-005, 0.490234, 0.998047, 1.24826e-005, 0.494141, 0.998047, 1.25131e-005, 0.498047, 0.998047, 1.26197e-005
    ]
}
