{
    "level": 0,
    "idx": {"x": 16, "y": 1},
    "dim": {"x": 16, "y": 16},
    "offset": {"x": 0.250488, "y": 0.0161133},
    "cellSize": {"x": 0.000976562, "y": 0.000976562},
    "vertices": [
        0.250488, 0.0161133, -2.61336e-06, 0.251465, 0.0161133, -2.04571e-05, 0.252441, 0.0161133, -3.74378e-05, 0.253418, 0.0161133, -5.28995e-05, 0.254395, 0.0161133, -6.62457e-05, 0.255371, 0.0161133, -7.6961e-05, 0.256348, 0.0161133, -8.46312e-05, 0.257324, 0.0161133, -8.89595e-05, 0.258301, 0.0161133, -8.97775e-05, 0.259277, 0.0161133, -8.7052e-05, 0.260254, 0.0161133, -8.08865e-05, 0.26123, 0.0161133, -7.15166e-05, 0.262207, 0.0161133, -5.93014e-05, 0.263184, 0.0161133, -4.47095e-05, 0.26416, 0.0161133, -2.83007e-05, 0.265137, 0.0161133, -1.07057e-05, 
        0.250488, 0.0170898, -0.000290184, 0.251465, 0.0170898, -0.00144476, 0.252441, 0.0170898, -0.00254366, 0.253418, 0.0170898, -0.00354451, 0.254395, 0.0170898, -0.0044088, 0.255371, 0.0170898, -0.00510325, 0.256348, 0.0170898, -0.00560112, 0.257324, 0.0170898, -0.00588323, 0.258301, 0.0170898, -0.00593873, 0.259277, 0.0170898, -0.00576547, 0.260254, 0.0170898, -0.00537012, 0.26123, 0.0170898, -0.00476791, 0.262207, 0.0170898, -0.00398202, 0.263184, 0.0170898, -0.00304271, 0.26416, 0.0170898, -0.00198612, 0.265137, 0.0170898, -0.000852975, 
        0.250488, 0.0180664, -0.000566501, 0.251465, 0.0180664, -0.00281336, 0.252441, 0.0180664, -0.00495185, 0.253418, 0.0180664, -0.00689955, 0.254395, 0.0180664, -0.00858151, 0.255371, 0.0180664, -0.00993295, 0.256348, 0.0180664, -0.0109018, 0.257324, 0.0180664, -0.0114509, 0.258301, 0.0180664, -0.0115589, 0.259277, 0.0180664, -0.0112218, 0.260254, 0.0180664, -0.0104525, 0.26123, 0.0180664, -0.00928063, 0.262207, 0.0180664, -0.00775132, 0.263184, 0.0180664, -0.00592345, 0.26416, 0.0180664, -0.00386736, 0.265137, 0.0180664, -0.0016623, 
        0.250488, 0.019043, -0.000820924, 0.251465, 0.019043, -0.00407355, 0.252441, 0.019043, -0.00716929, 0.253418, 0.019043, -0.00998884, 0.254395, 0.019043, -0.0124237, 0.255371, 0.019043, -0.0143801, 0.256348, 0.019043, -0.0157827, 0.257324, 0.019043, -0.0165775, 0.258301, 0.019043, -0.0167339, 0.259277, 0.019043, -0.0162459, 0.260254, 0.019043, -0.0151323, 0.26123, 0.019043, -0.0134359, 0.262207, 0.019043, -0.011222, 0.263184, 0.019043, -0.008576, 0.26416, 0.019043, -0.00559958, 0.265137, 0.019043, -0.0024075, 
        0.250488, 0.0200195, -0.00104365, 0.251465, 0.0200195, -0.0051768, 0.252441, 0.0200195, -0.0091106, 0.253418, 0.0200195, -0.0126934, 0.254395, 0.0200195, -0.0157874, 0.255371, 0.0200195, -0.0182735, 0.256348, 0.0200195, -0.0200558, 0.257324, 0.0200195, -0.0210658, 0.258301, 0.0200195, -0.0212645, 0.259277, 0.0200195, -0.0206444, 0.260254, 0.0200195, -0.0192293, 0.26123, 0.0200195, -0.0170737, 0.262207, 0.0200195, -0.0142606, 0.263184, 0.0200195, -0.0108982, 0.26416, 0.0200195, -0.00711609, 0.265137, 0.0200195, -0.00305989, 
        0.250488, 0.0209961, -0.00122611, 0.251465, 0.0209961, -0.00608062, 0.252441, 0.0209961, -0.010701, 0.253418, 0.0209961, -0.0149092, 0.254395, 0.0209961, -0.0185432, 0.255371, 0.0209961, -0.0214631, 0.256348, 0.0209961, -0.0235565, 0.257324, 0.0209961, -0.0247428, 0.258301, 0.0209961, -0.0249763, 0.259277, 0.0209961, -0.0242479, 0.260254, 0.0209961, -0.0225858, 0.26123, 0.0209961, -0.020054, 0.262207, 0.0209961, -0.0167499, 0.263184, 0.0209961, -0.0128007, 0.26416, 0.0209961, -0.00835847, 0.265137, 0.0209961, -0.00359435, 
        0.250488, 0.0219727, -0.00136126, 0.251465, 0.0219727, -0.00675023, 0.252441, 0.0219727, -0.0118793, 0.253418, 0.0219727, -0.0165508, 0.254395, 0.0219727, -0.0205848, 0.255371, 0.0219727, -0.0238262, 0.256348, 0.0219727, -0.0261501, 0.257324, 0.0219727, -0.027467, 0.258301, 0.0219727, -0.0277262, 0.259277, 0.0219727, -0.0269177, 0.260254, 0.0219727, -0.0250726, 0.26123, 0.0219727, -0.022262, 0.262207, 0.0219727, -0.0185942, 0.263184, 0.0219727, -0.0142102, 0.26416, 0.0219727, -0.0092789, 0.265137, 0.0219727, -0.00399028, 
        0.250488, 0.0229492, -0.0014439, 0.251465, 0.0229492, -0.00715982, 0.252441, 0.0229492, -0.0126001, 0.253418, 0.0229492, -0.017555, 0.254395, 0.0229492, -0.0218338, 0.255371, 0.0229492, -0.0252718, 0.256348, 0.0229492, -0.0277367, 0.257324, 0.0229492, -0.0291335, 0.258301, 0.0229492, -0.0294084, 0.259277, 0.0229492, -0.0285508, 0.260254, 0.0229492, -0.0265938, 0.26123, 0.0229492, -0.0236127, 0.262207, 0.0229492, -0.0197223, 0.263184, 0.0229492, -0.0150724, 0.26416, 0.0229492, -0.00984193, 0.265137, 0.0229492, -0.00423245, 
        0.250488, 0.0239258, -0.00147085, 0.251465, 0.0239258, -0.00729363, 0.252441, 0.0239258, -0.0128356, 0.253418, 0.0239258, -0.0178831, 0.254395, 0.0239258, -0.0222419, 0.255371, 0.0239258, -0.0257443, 0.256348, 0.0239258, -0.0282552, 0.257324, 0.0239258, -0.0296781, 0.258301, 0.0239258, -0.0299582, 0.259277, 0.0239258, -0.0290846, 0.260254, 0.0239258, -0.027091, 0.26123, 0.0239258, -0.0240541, 0.262207, 0.0239258, -0.020091, 0.263184, 0.0239258, -0.0153541, 0.26416, 0.0239258, -0.0100259, 0.265137, 0.0239258, -0.00431151, 
        0.250488, 0.0249023, -0.00144105, 0.251465, 0.0249023, -0.0071465, 0.252441, 0.0249023, -0.0125768, 0.253418, 0.0249023, -0.0175226, 0.254395, 0.0249023, -0.0217936, 0.255371, 0.0249023, -0.0252253, 0.256348, 0.0249023, -0.0276857, 0.257324, 0.0249023, -0.0290799, 0.258301, 0.0249023, -0.0293543, 0.259277, 0.0249023, -0.0284983, 0.260254, 0.0249023, -0.0265448, 0.26123, 0.0249023, -0.0235692, 0.262207, 0.0249023, -0.0196859, 0.263184, 0.0249023, -0.0150445, 0.26416, 0.0249023, -0.00982363, 0.265137, 0.0249023, -0.00422443, 
        0.250488, 0.0258789, -0.00135567, 0.251465, 0.0258789, -0.00672409, 0.252441, 0.0258789, -0.0118336, 0.253418, 0.0258789, -0.0164872, 0.254395, 0.0258789, -0.0205059, 0.255371, 0.0258789, -0.0237349, 0.256348, 0.0258789, -0.02605, 0.257324, 0.0258789, -0.0273618, 0.258301, 0.0258789, -0.02762, 0.259277, 0.0258789, -0.0268146, 0.260254, 0.0258789, -0.0249765, 0.26123, 0.0258789, -0.0221766, 0.262207, 0.0258789, -0.0185228, 0.263184, 0.0258789, -0.0141555, 0.26416, 0.0258789, -0.009243, 0.265137, 0.0258789, -0.00397454, 
        0.250488, 0.0268555, -0.00121797, 0.251465, 0.0268555, -0.00604265, 0.252441, 0.0268555, -0.0106346, 0.253418, 0.0268555, -0.0148169, 0.254395, 0.0268555, -0.0184286, 0.255371, 0.0268555, -0.0213306, 0.256348, 0.0268555, -0.0234111, 0.257324, 0.0268555, -0.0245901, 0.258301, 0.0268555, -0.0248221, 0.259277, 0.0268555, -0.0240982, 0.260254, 0.0268555, -0.0224463, 0.26123, 0.0268555, -0.01993, 0.262207, 0.0268555, -0.0166462, 0.263184, 0.0268555, -0.0127213, 0.26416, 0.0268555, -0.00830633, 0.265137, 0.0268555, -0.00357147, 
        0.250488, 0.027832, -0.00103327, 0.251465, 0.027832, -0.00512843, 0.252441, 0.027832, -0.00902609, 0.253418, 0.027832, -0.012576, 0.254395, 0.027832, -0.0156416, 0.255371, 0.027832, -0.0181047, 0.256348, 0.027832, -0.0198707, 0.257324, 0.027832, -0.0208714, 0.258301, 0.027832, -0.0210683, 0.259277, 0.027832, -0.0204539, 0.260254, 0.027832, -0.0190517, 0.26123, 0.027832, -0.0169159, 0.262207, 0.027832, -0.0141286, 0.263184, 0.027832, -0.0107971, 0.26416, 0.027832, -0.00704968, 0.265137, 0.027832, -0.00303072, 
        0.250488, 0.0288086, -0.000808654, 0.251465, 0.0288086, -0.00401662, 0.252441, 0.0288086, -0.00706987, 0.253418, 0.0288086, -0.00985071, 0.254395, 0.0288086, -0.0122521, 0.255371, 0.0288086, -0.0141817, 0.256348, 0.0288086, -0.015565, 0.257324, 0.0288086, -0.0163489, 0.258301, 0.0288086, -0.0165032, 0.259277, 0.0288086, -0.0160218, 0.260254, 0.0288086, -0.0149234, 0.26123, 0.0288086, -0.0132503, 0.262207, 0.0288086, -0.0110668, 0.263184, 0.0288086, -0.00845703, 0.26416, 0.0288086, -0.00552143, 0.265137, 0.0288086, -0.00237313, 
