{
    "level": 0,
    "idx": {"x": 16, "y": 81},
    "dim": {"x": 8, "y": 8},
    "offset": {"x": 0.125488, "y": 0.633301},
    "cellSize": {"x": 0.000976562, "y": 0.000976562},
    "vertices": [
        0.125488, 0.633301, -0.00255827, 0.126465, 0.633301, -0.00220945, 0.127441, 0.633301, -0.00186217, 0.128418, 0.633301, -0.00151907, 0.129395, 0.633301, -0.00118275, 0.130371, 0.633301, -0.000855708, 0.131348, 0.633301, -0.000540353, 0.132324, 0.633301, -0.000238958, 
        0.125488, 0.634277, -0.00248129, 0.126465, 0.634277, -0.00211157, 0.127441, 0.634277, -0.00174366, 0.128418, 0.634277, -0.00138044, 0.129395, 0.634277, -0.00102468, 0.130371, 0.634277, -0.000679115, 0.131348, 0.634277, -0.000346333, 0.132324, 0.634277, -2.87962e-05, 
        0.125488, 0.635254, -0.00240363, 0.126465, 0.635254, -0.0020159, 0.127441, 0.635254, -0.00163024, 0.128418, 0.635254, -0.00124969, 0.129395, 0.635254, -0.000877223, 0.130371, 0.635254, -0.000515738, 0.131348, 0.635254, -0.000168002, 0.132324, 0.635254, 0.000163363, 
        0.125488, 0.63623, -0.00232533, 0.126465, 0.63623, -0.00192269, 0.127441, 0.63623, -0.00152232, 0.128418, 0.63623, -0.00112743, 0.129395, 0.63623, -0.000741156, 0.130371, 0.63623, -0.000366534, 0.131348, 0.63623, -6.4797e-06, 0.132324, 0.63623, 0.000336251, 
        0.125488, 0.637207, -0.00224645, 0.126465, 0.637207, -0.00183213, 0.127441, 0.637207, -0.00142027, 0.128418, 0.637207, -0.0010142, 0.129395, 0.637207, -0.000617155, 0.130371, 0.637207, -0.000232321, 0.131348, 0.637207, 0.000137281, 0.132324, 0.637207, 0.000488784, 
        0.125488, 0.638184, -0.00216702, 0.126465, 0.638184, -0.00174441, 0.127441, 0.638184, -0.00132439, 0.128418, 0.638184, -0.000910386, 0.129395, 0.638184, -0.000505753, 0.130371, 0.638184, -0.000113744, 0.131348, 0.638184, 0.000262526, 0.132324, 0.638184, 0.00062011, 
        0.125488, 0.63916, -0.00208709, 0.126465, 0.63916, -0.00165965, 0.127441, 0.63916, -0.0012349, 0.128418, 0.63916, -0.000816339, 0.129395, 0.63916, -0.000407371, 0.130371, 0.63916, -1.13146e-05, 0.131348, 0.63916, 0.000368661, 0.132324, 0.63916, 0.000729555, 
        0.125488, 0.640137, -0.0020067, 0.126465, 0.640137, -0.00157796, 0.127441, 0.640137, -0.00115198, 0.128418, 0.640137, -0.000732281, 0.129395, 0.640137, -0.000322298, 0.130371, 0.640137, 7.46242e-05, 0.131348, 0.640137, 0.00045529, 0.132324, 0.640137, 0.000816674
    ]
}
