{
    "level": 0,
    "idx": {"x": 16, "y": 61},
    "dim": {"x": 16, "y": 16},
    "offset": {"x": 0.250488, "y": 0.953613},
    "cellSize": {"x": 0.000976562, "y": 0.000976562},
    "vertices": [
        0.250488, 0.953613, -0.000268394, 0.251465, 0.953613, -0.00135269, 0.252441, 0.953613, -0.00238468, 0.253418, 0.953613, -0.00332459, 0.254395, 0.953613, -0.00413624, 0.255371, 0.953613, -0.00478838, 0.256348, 0.953613, -0.00525589, 0.257324, 0.953613, -0.00552076, 0.258301, 0.953613, -0.00557279, 0.259277, 0.953613, -0.00540997, 0.260254, 0.953613, -0.00503857, 0.26123, 0.953613, -0.00447288, 0.262207, 0.953613, -0.00373468, 0.263184, 0.953613, -0.00285238, 0.26416, 0.953613, -0.00185994, 0.265137, 0.953613, -0.000795591, 
        0.250488, 0.95459, -0.000546031, 0.251465, 0.95459, -0.00272669, 0.252441, 0.95459, -0.00480216, 0.253418, 0.95459, -0.00669246, 0.254395, 0.95459, -0.00832483, 0.255371, 0.95459, -0.00963642, 0.256348, 0.95459, -0.0105767, 0.257324, 0.95459, -0.0111095, 0.258301, 0.95459, -0.0112143, 0.259277, 0.95459, -0.010887, 0.260254, 0.95459, -0.0101402, 0.26123, 0.95459, -0.00900278, 0.262207, 0.95459, -0.0075184, 0.263184, 0.95459, -0.00574424, 0.26416, 0.95459, -0.00374857, 0.265137, 0.95459, -0.00160832, 
        0.250488, 0.955566, -0.000802393, 0.251465, 0.955566, -0.00399536, 0.252441, 0.955566, -0.00703432, 0.253418, 0.955566, -0.00980215, 0.254395, 0.955566, -0.0121923, 0.255371, 0.955566, -0.0141128, 0.256348, 0.955566, -0.0154896, 0.257324, 0.955566, -0.0162698, 0.258301, 0.955566, -0.0164233, 0.259277, 0.955566, -0.0159442, 0.260254, 0.955566, -0.0148508, 0.26123, 0.955566, -0.0131854, 0.262207, 0.955566, -0.0110121, 0.263184, 0.955566, -0.00841441, 0.26416, 0.955566, -0.00549243, 0.265137, 0.955566, -0.00235875, 
        0.250488, 0.956543, -0.00102766, 0.251465, 0.956543, -0.00511006, 0.252441, 0.956543, -0.00899556, 0.253418, 0.956543, -0.0125344, 0.254395, 0.956543, -0.0155904, 0.255371, 0.956543, -0.0180459, 0.256348, 0.956543, -0.0198063, 0.257324, 0.956543, -0.0208038, 0.258301, 0.956543, -0.0210001, 0.259277, 0.956543, -0.0203875, 0.260254, 0.956543, -0.0189897, 0.26123, 0.956543, -0.0168604, 0.262207, 0.956543, -0.0140817, 0.263184, 0.956543, -0.0107605, 0.26416, 0.956543, -0.00702465, 0.265137, 0.956543, -0.00301812, 
        0.250488, 0.95752, -0.00121312, 0.251465, 0.95752, -0.0060277, 0.252441, 0.95752, -0.0106101, 0.253418, 0.95752, -0.0147836, 0.254395, 0.95752, -0.0183877, 0.255371, 0.95752, -0.0212836, 0.256348, 0.95752, -0.0233597, 0.257324, 0.95752, -0.0245362, 0.258301, 0.95752, -0.0247677, 0.259277, 0.95752, -0.0240453, 0.260254, 0.95752, -0.0223968, 0.26123, 0.95752, -0.0198857, 0.262207, 0.95752, -0.0166086, 0.263184, 0.95752, -0.0126918, 0.26416, 0.95752, -0.008286, 0.265137, 0.95752, -0.00356094, 
        0.250488, 0.958496, -0.00135168, 0.251465, 0.958496, -0.00671311, 0.252441, 0.958496, -0.0118159, 0.253418, 0.958496, -0.0164635, 0.254395, 0.958496, -0.020477, 0.255371, 0.958496, -0.0237018, 0.256348, 0.958496, -0.0260137, 0.257324, 0.958496, -0.0273238, 0.258301, 0.958496, -0.0275816, 0.259277, 0.958496, -0.0267772, 0.260254, 0.958496, -0.0249415, 0.26123, 0.958496, -0.0221452, 0.262207, 0.958496, -0.018496, 0.263184, 0.958496, -0.0141343, 0.26416, 0.958496, -0.00922812, 0.265137, 0.958496, -0.00396642, 
        0.250488, 0.959473, -0.00143798, 0.251465, 0.959473, -0.00713978, 0.252441, 0.959473, -0.0125666, 0.253418, 0.959473, -0.0175092, 0.254395, 0.959473, -0.0217775, 0.255371, 0.959473, -0.025207, 0.256348, 0.959473, -0.0276657, 0.257324, 0.959473, -0.029059, 0.258301, 0.959473, -0.0293332, 0.259277, 0.959473, -0.0284777, 0.260254, 0.959473, -0.0265255, 0.26123, 0.959473, -0.0235516, 0.262207, 0.959473, -0.0196708, 0.263184, 0.959473, -0.0150323, 0.26416, 0.959473, -0.0098146, 0.265137, 0.959473, -0.00421888, 
        0.250488, 0.960449, -0.00146873, 0.251465, 0.960449, -0.00729137, 0.252441, 0.960449, -0.0128332, 0.253418, 0.960449, -0.0178806, 0.254395, 0.960449, -0.0222393, 0.255371, 0.960449, -0.0257415, 0.256348, 0.960449, -0.0282523, 0.257324, 0.960449, -0.0296752, 0.258301, 0.960449, -0.0299552, 0.259277, 0.960449, -0.0290815, 0.260254, 0.960449, -0.0270879, 0.26123, 0.960449, -0.0240511, 0.262207, 0.960449, -0.020088, 0.263184, 0.960449, -0.0153512, 0.26416, 0.960449, -0.010023, 0.265137, 0.960449, -0.00430866, 
        0.250488, 0.961426, -0.00144275, 0.251465, 0.961426, -0.00716202, 0.252441, 0.961426, -0.0126055, 0.253418, 0.961426, -0.0175632, 0.254395, 0.961426, -0.0218446, 0.255371, 0.961426, -0.0252846, 0.256348, 0.961426, -0.0277509, 0.257324, 0.961426, -0.0291485, 0.258301, 0.961426, -0.0294235, 0.259277, 0.961426, -0.0285654, 0.260254, 0.961426, -0.0266072, 0.26123, 0.961426, -0.0236243, 0.262207, 0.961426, -0.0197315, 0.263184, 0.961426, -0.0150788, 0.26416, 0.961426, -0.00984514, 0.265137, 0.961426, -0.00423228, 
        0.250488, 0.962402, -0.00136102, 0.251465, 0.962402, -0.00675671, 0.252441, 0.962402, -0.0118922, 0.253418, 0.962402, -0.0165694, 0.254395, 0.962402, -0.0206085, 0.255371, 0.962402, -0.0238539, 0.256348, 0.962402, -0.0261807, 0.257324, 0.962402, -0.0274992, 0.258301, 0.962402, -0.0277586, 0.259277, 0.962402, -0.0269491, 0.260254, 0.962402, -0.0251016, 0.26123, 0.962402, -0.0222875, 0.262207, 0.962402, -0.018615, 0.263184, 0.962402, -0.0142255, 0.26416, 0.962402, -0.00928799, 0.265137, 0.962402, -0.0039927, 
        0.250488, 0.963379, -0.00122672, 0.251465, 0.963379, -0.00609103, 0.252441, 0.963379, -0.0107207, 0.253418, 0.963379, -0.0149374, 0.254395, 0.963379, -0.0185787, 0.255371, 0.963379, -0.0215045, 0.256348, 0.963379, -0.0236021, 0.257324, 0.963379, -0.0247908, 0.258301, 0.963379, -0.0250247, 0.259277, 0.963379, -0.0242948, 0.260254, 0.963379, -0.0226293, 0.26123, 0.963379, -0.0200923, 0.262207, 0.963379, -0.0167815, 0.263184, 0.963379, -0.0128242, 0.26416, 0.963379, -0.00837295, 0.265137, 0.963379, -0.00359914, 
        0.250488, 0.964355, -0.00104502, 0.251465, 0.964355, -0.00519072, 0.252441, 0.964355, -0.00913646, 0.253418, 0.964355, -0.0127302, 0.254395, 0.964355, -0.0158335, 0.255371, 0.964355, -0.0183271, 0.256348, 0.964355, -0.0201148, 0.257324, 0.964355, -0.0211278, 0.258301, 0.964355, -0.0213272, 0.259277, 0.964355, -0.0207051, 0.260254, 0.964355, -0.0192857, 0.26123, 0.964355, -0.0171235, 0.262207, 0.964355, -0.0143017, 0.263184, 0.964355, -0.0109291, 0.26416, 0.964355, -0.00713539, 0.265137, 0.964355, -0.00306681, 
        0.250488, 0.965332, -0.000822918, 0.251465, 0.965332, -0.0040903, 0.252441, 0.965332, -0.00720009, 0.253418, 0.965332, -0.0100324, 0.254395, 0.965332, -0.0124783, 0.255371, 0.965332, -0.0144436, 0.256348, 0.965332, -0.0158525, 0.257324, 0.965332, -0.0166509, 0.258301, 0.965332, -0.016808, 0.259277, 0.965332, -0.0163177, 0.260254, 0.965332, -0.015199, 0.26123, 0.965332, -0.0134948, 0.262207, 0.965332, -0.0112709, 0.263184, 0.965332, -0.00861277, 0.26416, 0.965332, -0.00562277, 0.265137, 0.965332, -0.00241613, 
        0.250488, 0.966309, -0.000568989, 0.251465, 0.966309, -0.00283232, 0.252441, 0.966309, -0.00498648, 0.253418, 0.966309, -0.00694845, 0.254395, 0.966309, -0.00864272, 0.255371, 0.966309, -0.0100041, 0.256348, 0.966309, -0.01098, 0.257324, 0.966309, -0.0115331, 0.258301, 0.966309, -0.0116419, 0.259277, 0.966309, -0.0113022, 0.260254, 0.966309, -0.0105272, 0.26123, 0.966309, -0.00934672, 0.262207, 0.966309, -0.00780614, 0.263184, 0.966309, -0.00596481, 0.26416, 0.966309, -0.00389358, 0.265137, 0.966309, -0.00167228, 
