{
    "level": 0,
    "idx": {"x": 16, "y": 7},
    "dim": {"x": 16, "y": 16},
    "offset": {"x": 0.250488, "y": 0.109863},
    "cellSize": {"x": 0.000976562, "y": 0.000976562},
    "vertices": [
        0.250488, 0.109863, 2.05336e-05, 0.251465, 0.109863, -0.000103598, 0.252441, 0.109863, -0.000221676, 0.253418, 0.109863, -0.000329109, 0.254395, 0.109863, -0.000421722, 0.255371, 0.109863, -0.000495907, 0.256348, 0.109863, -0.000548764, 0.257324, 0.109863, -0.000578216, 0.258301, 0.109863, -0.000583085, 0.259277, 0.109863, -0.000563137, 0.260254, 0.109863, -0.000519097, 0.26123, 0.109863, -0.000452614, 0.262207, 0.109863, -0.000366201, 0.263184, 0.109863, -0.000263139, 0.26416, 0.109863, -0.000147346, 0.265137, 0.109863, -2.3235e-05, 
        0.250488, 0.11084, -0.000264893, 0.251465, 0.11084, -0.0015234, 0.252441, 0.11084, -0.00272115, 0.253418, 0.11084, -0.00381192, 0.254395, 0.11084, -0.0047537, 0.255371, 0.11084, -0.00551019, 0.256348, 0.11084, -0.00605221, 0.257324, 0.11084, -0.00635885, 0.258301, 0.11084, -0.00641825, 0.259277, 0.11084, -0.00622808, 0.260254, 0.11084, -0.00579562, 0.26123, 0.11084, -0.00513748, 0.262207, 0.11084, -0.00427893, 0.263184, 0.11084, -0.00325301, 0.26416, 0.11084, -0.00209913, 0.265137, 0.11084, -0.000861711, 
        0.250488, 0.111816, -0.000538002, 0.251465, 0.111816, -0.00288239, 0.252441, 0.111816, -0.00511364, 0.253418, 0.111816, -0.00714571, 0.254395, 0.111816, -0.00890036, 0.255371, 0.111816, -0.01031, 0.256348, 0.111816, -0.0113202, 0.257324, 0.111816, -0.0118922, 0.258301, 0.111816, -0.0120038, 0.259277, 0.111816, -0.0116507, 0.260254, 0.111816, -0.0108464, 0.26123, 0.111816, -0.0096219, 0.262207, 0.111816, -0.00802424, 0.263184, 0.111816, -0.0061149, 0.26416, 0.111816, -0.00396731, 0.265137, 0.111816, -0.00166419, 
        0.250488, 0.112793, -0.000788212, 0.251465, 0.112793, -0.00412818, 0.252441, 0.112793, -0.00730699, 0.253418, 0.112793, -0.0102021, 0.254395, 0.112793, -0.012702, 0.255371, 0.112793, -0.0147104, 0.256348, 0.112793, -0.01615, 0.257324, 0.112793, -0.0169652, 0.258301, 0.112793, -0.0171247, 0.259277, 0.112793, -0.0166222, 0.260254, 0.112793, -0.015477, 0.26123, 0.112793, -0.0137332, 0.262207, 0.112793, -0.0114579, 0.263184, 0.112793, -0.00873857, 0.26416, 0.112793, -0.0056799, 0.265137, 0.112793, -0.00239968, 
        0.250488, 0.11377, -0.00100582, 0.251465, 0.11377, -0.0052127, 0.252441, 0.11377, -0.00921662, 0.253418, 0.11377, -0.0128632, 0.254395, 0.11377, -0.0160121, 0.255371, 0.11377, -0.0185419, 0.256348, 0.11377, -0.0203553, 0.257324, 0.11377, -0.0213824, 0.258301, 0.11377, -0.0215835, 0.259277, 0.11377, -0.0209509, 0.260254, 0.11377, -0.0195088, 0.26123, 0.11377, -0.0173129, 0.262207, 0.11377, -0.0144474, 0.263184, 0.11377, -0.0110228, 0.26416, 0.11377, -0.00717082, 0.265137, 0.11377, -0.00303977, 
        0.250488, 0.114746, -0.00118237, 0.251465, 0.114746, -0.00609415, 0.252441, 0.114746, -0.010769, 0.253418, 0.114746, -0.0150266, 0.254395, 0.114746, -0.0187031, 0.255371, 0.114746, -0.0216569, 0.256348, 0.114746, -0.0237743, 0.257324, 0.114746, -0.0249735, 0.258301, 0.114746, -0.0252085, 0.259277, 0.114746, -0.0244701, 0.260254, 0.114746, -0.0227867, 0.26123, 0.114746, -0.020223, 0.262207, 0.114746, -0.0168778, 0.263184, 0.114746, -0.0128797, 0.26416, 0.114746, -0.0083826, 0.265137, 0.114746, -0.00355972, 
        0.250488, 0.115723, -0.00131101, 0.251465, 0.115723, -0.00673851, 0.252441, 0.115723, -0.0119042, 0.253418, 0.115723, -0.0166088, 0.254395, 0.115723, -0.0206714, 0.255371, 0.115723, -0.0239354, 0.256348, 0.115723, -0.0262751, 0.257324, 0.115723, -0.0276004, 0.258301, 0.115723, -0.0278602, 0.259277, 0.115723, -0.0270443, 0.260254, 0.115723, -0.0251843, 0.26123, 0.115723, -0.0223516, 0.262207, 0.115723, -0.0186553, 0.263184, 0.115723, -0.0142376, 0.26416, 0.115723, -0.0092685, 0.265137, 0.115723, -0.00393943, 
        0.250488, 0.116699, -0.0013867, 0.251465, 0.116699, -0.00712089, 0.252441, 0.116699, -0.0125784, 0.253418, 0.116699, -0.0175489, 0.254395, 0.116699, -0.0218411, 0.255371, 0.116699, -0.0252896, 0.256348, 0.116699, -0.0277615, 0.257324, 0.116699, -0.0291617, 0.258301, 0.116699, -0.0294362, 0.259277, 0.116699, -0.0285743, 0.260254, 0.116699, -0.0266092, 0.26123, 0.116699, -0.0236165, 0.262207, 0.116699, -0.0197114, 0.263184, 0.116699, -0.0150441, 0.26416, 0.116699, -0.00979429, 0.265137, 0.116699, -0.00416416, 
        0.250488, 0.117676, -0.00140645, 0.251465, 0.117676, -0.00722649, 0.252441, 0.117676, -0.0127657, 0.253418, 0.117676, -0.0178107, 0.254395, 0.117676, -0.0221671, 0.255371, 0.117676, -0.0256671, 0.256348, 0.117676, -0.0281761, 0.257324, 0.117676, -0.0295972, 0.258301, 0.117676, -0.0298758, 0.259277, 0.117676, -0.029001, 0.260254, 0.117676, -0.0270064, 0.26123, 0.117676, -0.0239689, 0.262207, 0.117676, -0.0200053, 0.263184, 0.117676, -0.0152681, 0.26416, 0.117676, -0.00993963, 0.265137, 0.117676, -0.00422517, 
        0.250488, 0.118652, -0.00136943, 0.251465, 0.118652, -0.00705116, 0.252441, 0.118652, -0.0124588, 0.253418, 0.118652, -0.0173838, 0.254395, 0.118652, -0.0216367, 0.255371, 0.118652, -0.0250535, 0.256348, 0.118652, -0.0275028, 0.257324, 0.118652, -0.0288901, 0.258301, 0.118652, -0.029162, 0.259277, 0.118652, -0.0283079, 0.260254, 0.118652, -0.0263606, 0.26123, 0.118652, -0.0233951, 0.262207, 0.118652, -0.0195256, 0.263184, 0.118652, -0.0149008, 0.26416, 0.118652, -0.00969883, 0.265137, 0.118652, -0.00412, 
        0.250488, 0.119629, -0.00127698, 0.251465, 0.119629, -0.00660159, 0.252441, 0.119629, -0.0116693, 0.253418, 0.119629, -0.0162847, 0.254395, 0.119629, -0.0202703, 0.255371, 0.119629, -0.0234723, 0.256348, 0.119629, -0.0257675, 0.257324, 0.119629, -0.0270675, 0.258301, 0.119629, -0.0273222, 0.259277, 0.119629, -0.0265216, 0.260254, 0.119629, -0.0246965, 0.26123, 0.119629, -0.0219173, 0.262207, 0.119629, -0.0182907, 0.263184, 0.119629, -0.0139564, 0.26416, 0.119629, -0.00908105, 0.265137, 0.119629, -0.0038526, 
        0.250488, 0.120605, -0.00113258, 0.251465, 0.120605, -0.00589499, 0.252441, 0.120605, -0.0104276, 0.253418, 0.120605, -0.0145557, 0.254395, 0.120605, -0.0181203, 0.255371, 0.120605, -0.0209842, 0.256348, 0.120605, -0.023037, 0.257324, 0.120605, -0.0241996, 0.258301, 0.120605, -0.0244271, 0.259277, 0.120605, -0.0237108, 0.260254, 0.120605, -0.0220782, 0.26123, 0.120605, -0.019592, 0.262207, 0.120605, -0.016348, 0.263184, 0.120605, -0.0124709, 0.26416, 0.120605, -0.00810998, 0.265137, 0.120605, -0.00343315, 
        0.250488, 0.121582, -0.000941702, 0.251465, 0.121582, -0.00495847, 0.252441, 0.121582, -0.00878142, 0.253418, 0.121582, -0.0122631, 0.254395, 0.121582, -0.0152696, 0.255371, 0.121582, -0.017685, 0.256348, 0.121582, -0.0194162, 0.257324, 0.121582, -0.0203965, 0.258301, 0.121582, -0.0205881, 0.259277, 0.121582, -0.0199836, 0.260254, 0.121582, -0.0186062, 0.26123, 0.121582, -0.0165088, 0.262207, 0.121582, -0.0137722, 0.263184, 0.121582, -0.0105016, 0.26416, 0.121582, -0.00682289, 0.265137, 0.121582, -0.0028777, 
        0.250488, 0.122559, -0.000711614, 0.251465, 0.122559, -0.00382803, 0.252441, 0.122559, -0.00679405, 0.253418, 0.122559, -0.00949529, 0.254395, 0.122559, -0.0118277, 0.255371, 0.122559, -0.0137015, 0.256348, 0.122559, -0.0150444, 0.257324, 0.122559, -0.0158047, 0.258301, 0.122559, -0.015953, 0.259277, 0.122559, -0.0154835, 0.260254, 0.122559, -0.0144142, 0.26123, 0.122559, -0.0127864, 0.262207, 0.122559, -0.0106624, 0.263184, 0.122559, -0.0081242, 0.26416, 0.122559, -0.00526923, 0.265137, 0.122559, -0.00220751, 
