{
    "level": 0,
    "idx": {"x": 16, "y": 46},
    "dim": {"x": 8, "y": 8},
    "offset": {"x": 0.125488, "y": 0.359863},
    "cellSize": {"x": 0.000976562, "y": 0.000976562},
    "vertices": [
        0.125488, 0.359863, 0.00295131, 0.126465, 0.359863, 0.00255083, 0.127441, 0.359863, 0.00215389, 0.128418, 0.359863, 0.00176401, 0.129395, 0.359863, 0.00138465, 0.130371, 0.359863, 0.00101919, 0.131348, 0.359863, 0.000670818, 0.132324, 0.359863, 0.000342599, 
        0.125488, 0.36084, 0.00304216, 0.126465, 0.36084, 0.00264329, 0.127441, 0.36084, 0.0022479, 0.128418, 0.36084, 0.00185949, 0.129395, 0.36084, 0.00148149, 0.130371, 0.36084, 0.00111724, 0.131348, 0.36084, 0.000769917, 0.132324, 0.36084, 0.000442554, 
        0.125488, 0.361816, 0.00313258, 0.126465, 0.361816, 0.00273886, 0.127441, 0.361816, 0.00234852, 0.128418, 0.361816, 0.001965, 0.129395, 0.361816, 0.00159168, 0.130371, 0.361816, 0.00123182, 0.131348, 0.361816, 0.000888563, 0.132324, 0.361816, 0.000564879, 
        0.125488, 0.362793, 0.00322255, 0.126465, 0.362793, 0.00283744, 0.127441, 0.362793, 0.00245558, 0.128418, 0.362793, 0.00208032, 0.129395, 0.362793, 0.00171493, 0.130371, 0.362793, 0.00136259, 0.131348, 0.362793, 0.00102637, 0.132324, 0.362793, 0.000709132, 
        0.125488, 0.36377, 0.00331201, 0.126465, 0.36377, 0.00293889, 0.127441, 0.36377, 0.00256885, 0.128418, 0.36377, 0.00220511, 0.129395, 0.36377, 0.00185083, 0.130371, 0.36377, 0.00150906, 0.131348, 0.36377, 0.00118274, 0.132324, 0.36377, 0.000874652, 
        0.125488, 0.364746, 0.00340092, 0.126465, 0.364746, 0.00304303, 0.127441, 0.364746, 0.00268803, 0.128418, 0.364746, 0.00233896, 0.129395, 0.364746, 0.00199883, 0.130371, 0.364746, 0.00167056, 0.131348, 0.364746, 0.00135692, 0.132324, 0.364746, 0.00106057, 
        0.125488, 0.365723, 0.00348924, 0.126465, 0.365723, 0.00314967, 0.127441, 0.365723, 0.00281275, 0.128418, 0.365723, 0.00248135, 0.129395, 0.365723, 0.00215828, 0.130371, 0.365723, 0.00184627, 0.131348, 0.365723, 0.00154796, 0.132324, 0.365723, 0.00126581, 
        0.125488, 0.366699, 0.0035769, 0.126465, 0.366699, 0.00325856, 0.127441, 0.366699, 0.00294259, 0.128418, 0.366699, 0.00263166, 0.129395, 0.366699, 0.00232836, 0.130371, 0.366699, 0.00203524, 0.131348, 0.366699, 0.00175472, 0.132324, 0.366699, 0.00148909
    ]
}
