{
    "level": 0,
    "idx": {"x": 17, "y": 103},
    "dim": {"x": 8, "y": 8},
    "offset": {"x": 0.133301, "y": 0.805176},
    "cellSize": {"x": 0.000976562, "y": 0.000976562},
    "vertices": [
        0.133301, 0.805176, 0.000519796, 0.134277, 0.805176, 0.000306349, 0.135254, 0.805176, 0.000110533, 0.13623, 0.805176, -6.6277e-05, 0.137207, 0.805176, -0.000222904, 0.138184, 0.805176, -0.000358371, 0.13916, 0.805176, -0.000471905, 0.140137, 0.805176, -0.000562959, 
        0.133301, 0.806152, 0.000656585, 0.134277, 0.806152, 0.000463869, 0.135254, 0.806152, 0.00028661, 0.13623, 0.806152, 0.000126017, 0.137207, 0.806152, -1.68693e-05, 0.138184, 0.806152, -0.000141188, 0.13916, 0.806152, -0.000246259, 0.140137, 0.806152, -0.000331596, 
        0.133301, 0.807129, 0.000807474, 0.134277, 0.807129, 0.000636853, 0.135254, 0.807129, 0.000479358, 0.13623, 0.807129, 0.000336025, 0.137207, 0.807129, 0.000207743, 0.138184, 0.807129, 9.52505e-05, 0.13916, 0.807129, -8.68432e-07, 0.140137, 0.807129, -8.0197e-05, 
        0.133301, 0.808105, 0.000970303, 0.134277, 0.808105, 0.000822943, 0.135254, 0.808105, 0.000686244, 0.13623, 0.808105, 0.000561059, 0.137207, 0.808105, 0.00044812, 0.138184, 0.808105, 0.000348035, 0.13916, 0.808105, 0.000261285, 0.140137, 0.808105, 0.000188215, 
        0.133301, 0.809082, 0.00114284, 0.134277, 0.809082, 0.0010197, 0.135254, 0.809082, 0.000904652, 0.13623, 0.809082, 0.00079835, 0.137207, 0.809082, 0.000701364, 0.138184, 0.809082, 0.000614166, 0.13916, 0.809082, 0.000537131, 0.140137, 0.809082, 0.000470528, 
        0.133301, 0.810059, 0.00132271, 0.134277, 0.810059, 0.00122453, 0.135254, 0.810059, 0.00113178, 0.13623, 0.810059, 0.00104493, 0.137207, 0.810059, 0.00096437, 0.138184, 0.810059, 0.000890432, 0.13916, 0.810059, 0.000823381, 0.140137, 0.810059, 0.000763409, 
        0.133301, 0.811035, 0.0015075, 0.134277, 0.811035, 0.0014348, 0.135254, 0.811035, 0.00136482, 0.13623, 0.811035, 0.00129782, 0.137207, 0.811035, 0.00123401, 0.138184, 0.811035, 0.0011736, 0.13916, 0.811035, 0.00111672, 0.140137, 0.811035, 0.0010635, 
        0.133301, 0.812012, 0.00169472, 0.134277, 0.812012, 0.00164779, 0.135254, 0.812012, 0.00160083, 0.13623, 0.812012, 0.0015539, 0.137207, 0.812012, 0.00150704, 0.138184, 0.812012, 0.0014603, 0.13916, 0.812012, 0.00141371, 0.140137, 0.812012, 0.00136731
    ]
}
