{
    "level": 0,
    "idx": {"x": 17, "y": 26},
    "dim": {"x": 16, "y": 16},
    "offset": {"x": 0.266113, "y": 0.406738},
    "cellSize": {"x": 0.000976562, "y": 0.000976562},
    "vertices": [
        0.266113, 0.406738, 0.0230889, 0.26709, 0.406738, 0.0230557, 0.268066, 0.406738, 0.0230514, 0.269043, 0.406738, 0.023093, 0.27002, 0.406738, 0.023196, 0.270996, 0.406738, 0.0233737, 0.271973, 0.406738, 0.0236371, 0.272949, 0.406738, 0.0239936, 0.273926, 0.406738, 0.0244478, 0.274902, 0.406738, 0.0250004, 0.275879, 0.406738, 0.0256488, 0.276855, 0.406738, 0.0263868, 0.277832, 0.406738, 0.0272052, 0.278809, 0.406738, 0.0280916, 0.279785, 0.406738, 0.0290316, 0.280762, 0.406738, 0.0300088, 
        0.266113, 0.407715, 0.0229569, 0.26709, 0.407715, 0.021803, 0.268066, 0.407715, 0.0207328, 0.269043, 0.407715, 0.0198046, 0.27002, 0.407715, 0.0190714, 0.270996, 0.407715, 0.018579, 0.271973, 0.407715, 0.0183639, 0.272949, 0.407715, 0.0184525, 0.273926, 0.407715, 0.0188595, 0.274902, 0.407715, 0.0195879, 0.275879, 0.407715, 0.0206281, 0.276855, 0.407715, 0.0219592, 0.277832, 0.407715, 0.0235492, 0.278809, 0.407715, 0.0253562, 0.279785, 0.407715, 0.0273304, 0.280762, 0.407715, 0.0294159, 
        0.266113, 0.408691, 0.0228409, 0.26709, 0.408691, 0.0206272, 0.268066, 0.408691, 0.0185493, 0.269043, 0.408691, 0.0167043, 0.27002, 0.408691, 0.0151807, 0.270996, 0.408691, 0.0140546, 0.271973, 0.408691, 0.0133874, 0.272949, 0.408691, 0.0132227, 0.273926, 0.408691, 0.0135854, 0.274902, 0.408691, 0.01448, 0.275879, 0.408691, 0.015891, 0.276855, 0.408691, 0.0177831, 0.277832, 0.408691, 0.0201029, 0.278809, 0.408691, 0.0227806, 0.279785, 0.408691, 0.025733, 0.280762, 0.408691, 0.0288665, 
        0.266113, 0.409668, 0.0227517, 0.26709, 0.409668, 0.0195804, 0.268066, 0.409668, 0.0165919, 0.269043, 0.409668, 0.0139184, 0.27002, 0.409668, 0.0116805, 0.270996, 0.409668, 0.00998197, 0.271973, 0.409668, 0.00890629, 0.272949, 0.409668, 0.00851308, 0.273926, 0.409668, 0.00883596, 0.274902, 0.409668, 0.00988125, 0.275879, 0.409668, 0.0116277, 0.276855, 0.409668, 0.0140273, 0.277832, 0.409668, 0.0170071, 0.278809, 0.409668, 0.0204722, 0.279785, 0.409668, 0.0243092, 0.280762, 0.409668, 0.0283905, 
        0.266113, 0.410645, 0.0226993, 0.26709, 0.410645, 0.0187095, 0.268066, 0.410645, 0.0149425, 0.269043, 0.410645, 0.011561, 0.27002, 0.410645, 0.00871261, 0.270996, 0.410645, 0.00652501, 0.271973, 0.410645, 0.00510049, 0.272949, 0.410645, 0.00451226, 0.273926, 0.410645, 0.0048016, 0.274902, 0.410645, 0.00597624, 0.275879, 0.410645, 0.0080101, 0.276855, 0.410645, 0.0108442, 0.277832, 0.410645, 0.0143891, 0.278809, 0.410645, 0.0185281, 0.279785, 0.410645, 0.0231221, 0.280762, 0.410645, 0.0280146, 
        0.266113, 0.411621, 0.0226922, 0.26709, 0.411621, 0.0180544, 0.268066, 0.411621, 0.0136715, 0.269043, 0.411621, 0.00972959, 0.27002, 0.411621, 0.00639824, 0.270996, 0.411621, 0.00382381, 0.271973, 0.411621, 0.0021236, 0.272949, 0.411621, 0.00138156, 0.273926, 0.411621, 0.00164503, 0.274902, 0.411621, 0.00292285, 0.275879, 0.411621, 0.00518514, 0.276855, 0.411621, 0.00836421, 0.277832, 0.411621, 0.0123575, 0.278809, 0.411621, 0.0170312, 0.279785, 0.411621, 0.0222258, 0.280762, 0.411621, 0.0277618, 
        0.266113, 0.412598, 0.022737, 0.26709, 0.412598, 0.0176472, 0.268066, 0.412598, 0.0128344, 0.269043, 0.412598, 0.00850166, 0.27002, 0.412598, 0.00483357, 0.270996, 0.412598, 0.00198964, 0.271973, 0.412598, 9.76457e-05, 0.272949, 0.412598, -0.000750931, 0.273926, 0.412598, -0.000504537, 0.274902, 0.412598, 0.000846475, 0.275879, 0.412598, 0.00326953, 0.276855, 0.412598, 0.00669089, 0.277832, 0.412598, 0.0109988, 0.278809, 0.412598, 0.0160475, 0.279785, 0.412598, 0.0216631, 0.280762, 0.412598, 0.0276501, 
        0.266113, 0.413574, 0.0228385, 0.26709, 0.413574, 0.0175099, 0.268066, 0.413574, 0.0124701, 0.269043, 0.413574, 0.00793118, 0.27002, 0.413574, 0.00408565, 0.270996, 0.413574, 0.00110002, 0.271973, 0.413574, -0.000892338, 0.272949, 0.413574, -0.00179597, 0.273926, 0.413574, -0.00155705, 0.274902, 0.413574, -0.000165537, 0.275879, 0.413574, 0.00234459, 0.276855, 0.413574, 0.00589636, 0.277832, 0.413574, 0.0103731, 0.278809, 0.413574, 0.0156228, 0.279785, 0.413574, 0.0214639, 0.280762, 0.413574, 0.0276923, 
        0.266113, 0.414551, 0.0229992, 0.26709, 0.414551, 0.0176543, 0.268066, 0.414551, 0.0125994, 0.269043, 0.414551, 0.00804686, 0.27002, 0.414551, 0.00419014, 0.270996, 0.414551, 0.00119621, 0.271973, 0.414551, -0.000801116, 0.272949, 0.414551, -0.00170605, 0.273926, 0.414551, -0.00146462, 0.274902, 0.414551, -6.67055e-05, 0.275879, 0.414551, 0.00245357, 0.276855, 0.414551, 0.00601899, 0.277832, 0.414551, 0.0105125, 0.278809, 0.414551, 0.0157815, 0.279785, 0.414551, 0.021644, 0.280762, 0.414551, 0.027895, 
        0.266113, 0.415527, 0.0232191, 0.26709, 0.415527, 0.0180814, 0.268066, 0.415527, 0.0132236, 0.269043, 0.415527, 0.00885095, 0.27002, 0.415527, 0.00514985, 0.270996, 0.415527, 0.00228145, 0.271973, 0.415527, 0.000374886, 0.272949, 0.415527, -0.00047744, 0.273926, 0.415527, -0.000223438, 0.274902, 0.415527, 0.00114664, 0.275879, 0.415527, 0.00359988, 0.276855, 0.415527, 0.0070618, 0.277832, 0.415527, 0.0114195, 0.278809, 0.415527, 0.0165256, 0.279785, 0.415527, 0.0222046, 0.280762, 0.415527, 0.0282589, 
        0.266113, 0.416504, 0.0234962, 0.26709, 0.416504, 0.0187811, 0.268066, 0.416504, 0.0143255, 0.269043, 0.416504, 0.0103192, 0.27002, 0.416504, 0.00693463, 0.270996, 0.416504, 0.0043209, 0.271973, 0.416504, 0.00259744, 0.272949, 0.416504, 0.00184975, 0.273926, 0.416504, 0.002126, 0.274902, 0.416504, 0.00343523, 0.275879, 0.416504, 0.00574698, 0.276855, 0.416504, 0.00899236, 0.277832, 0.416504, 0.0130669, 0.278809, 0.416504, 0.0178344, 0.279785, 0.416504, 0.0231324, 0.280762, 0.416504, 0.0287781, 
        0.266113, 0.41748, 0.0238261, 0.26709, 0.41748, 0.0197329, 0.268066, 0.41748, 0.0158691, 0.269043, 0.41748, 0.0124017, 0.27002, 0.41748, 0.00948253, 0.270996, 0.41748, 0.00724291, 0.271973, 0.41748, 0.005788, 0.272949, 0.41748, 0.00519305, 0.273926, 0.41748, 0.00550052, 0.274902, 0.41748, 0.00671834, 0.275879, 0.41748, 0.00881972, 0.276855, 0.41748, 0.011744, 0.277832, 0.41748, 0.0153992, 0.278809, 0.41748, 0.0196654, 0.279785, 0.41748, 0.0243996, 0.280762, 0.41748, 0.0294409, 
        0.266113, 0.418457, 0.0242023, 0.26709, 0.418457, 0.0209066, 0.268066, 0.418457, 0.0178015, 0.269043, 0.418457, 0.0150249, 0.27002, 0.418457, 0.0127022, 0.270996, 0.418457, 0.0109418, 0.271973, 0.418457, 0.00983068, 0.272949, 0.418457, 0.00943085, 0.273926, 0.418457, 0.00977741, 0.274902, 0.418457, 0.0108769, 0.275879, 0.418457, 0.0127073, 0.276855, 0.418457, 0.0152184, 0.277832, 0.418457, 0.0183343, 0.278809, 0.418457, 0.0219561, 0.279785, 0.418457, 0.0259656, 0.280762, 0.418457, 0.0302299, 
        0.266113, 0.419434, 0.0246166, 0.26709, 0.419434, 0.0222633, 0.268066, 0.419434, 0.0200547, 0.269043, 0.419434, 0.0180943, 0.27002, 0.419434, 0.0164763, 0.270996, 0.419434, 0.0152821, 0.271973, 0.419434, 0.0145768, 0.272949, 0.419434, 0.014407, 0.273926, 0.419434, 0.0147992, 0.274902, 0.419434, 0.0157582, 0.275879, 0.419434, 0.0172675, 0.276855, 0.419434, 0.0192894, 0.277832, 0.419434, 0.021767, 0.278809, 0.419434, 0.0246261, 0.279785, 0.419434, 0.0277779, 0.280762, 0.419434, 0.0311229, 
        0.266113, 0.42041, 0.0250592, 0.26709, 0.42041, 0.023757, 0.268066, 0.42041, 0.0225483, 0.269043, 0.42041, 0.0214984, 0.27002, 0.42041, 0.0206663, 0.270996, 0.42041, 0.0201033, 0.271973, 0.42041, 0.0198505, 0.272949, 0.42041, 0.0199371, 0.273926, 0.42041, 0.0203797, 0.274902, 0.42041, 0.0211815, 0.275879, 0.42041, 0.0223321, 0.276855, 0.42041, 0.0238077, 0.277832, 0.42041, 0.0255728, 0.278809, 0.42041, 0.0275804, 0.279785, 0.42041, 0.0297749, 0.280762, 0.42041, 0.0320936, 
