{
    "level": 0,
    "idx": {"x": 17, "y": 11},
    "dim": {"x": 16, "y": 16},
    "offset": {"x": 0.266113, "y": 0.172363},
    "cellSize": {"x": 0.000976562, "y": 0.000976562},
    "vertices": [
        0.266113, 0.172363, 0.000485892, 0.26709, 0.172363, 0.000690513, 0.268066, 0.172363, 0.000885644, 0.269043, 0.172363, 0.00106409, 0.27002, 0.172363, 0.00121929, 0.270996, 0.172363, 0.0013456, 0.271973, 0.172363, 0.00143848, 0.272949, 0.172363, 0.00149469, 0.273926, 0.172363, 0.0015124, 0.274902, 0.172363, 0.00149128, 0.275879, 0.172363, 0.00143247, 0.276855, 0.172363, 0.00133861, 0.277832, 0.172363, 0.00121365, 0.278809, 0.172363, 0.00106277, 0.279785, 0.172363, 0.000892146, 0.280762, 0.172363, 0.000708717, 
        0.266113, 0.17334, 0.000801719, 0.26709, 0.17334, 0.00213868, 0.268066, 0.17334, 0.00341083, 0.269043, 0.17334, 0.00456952, 0.27002, 0.17334, 0.00557048, 0.270996, 0.17334, 0.00637546, 0.271973, 0.17334, 0.00695382, 0.272949, 0.17334, 0.00728363, 0.273926, 0.17334, 0.00735255, 0.274902, 0.17334, 0.00715826, 0.275879, 0.17334, 0.0067086, 0.276855, 0.17334, 0.00602126, 0.277832, 0.17334, 0.00512306, 0.278809, 0.17334, 0.00404895, 0.279785, 0.17334, 0.00284067, 0.280762, 0.17334, 0.00154512, 
        0.266113, 0.174316, 0.00110405, 0.26709, 0.174316, 0.00352218, 0.268066, 0.174316, 0.00582271, 0.269043, 0.174316, 0.00791736, 0.27002, 0.174316, 0.00972587, 0.270996, 0.174316, 0.0111789, 0.271973, 0.174316, 0.0122208, 0.272949, 0.174316, 0.0128118, 0.273926, 0.174316, 0.0129297, 0.274902, 0.174316, 0.0125701, 0.275879, 0.174316, 0.0117472, 0.276855, 0.174316, 0.0104932, 0.277832, 0.174316, 0.00885676, 0.278809, 0.174316, 0.00690116, 0.279785, 0.174316, 0.00470213, 0.280762, 0.174316, 0.00234474, 
        0.266113, 0.175293, 0.00138168, 0.26709, 0.175293, 0.00478822, 0.268066, 0.175293, 0.00802887, 0.269043, 0.175293, 0.0109792, 0.27002, 0.175293, 0.0135259, 0.270996, 0.175293, 0.0155714, 0.271973, 0.175293, 0.0170371, 0.272949, 0.175293, 0.017867, 0.273926, 0.175293, 0.0180295, 0.274902, 0.175293, 0.0175188, 0.275879, 0.175293, 0.0163549, 0.276855, 0.175293, 0.0145829, 0.277832, 0.175293, 0.0122715, 0.278809, 0.175293, 0.00951014, 0.279785, 0.175293, 0.00640543, 0.280762, 0.175293, 0.00307736, 
        0.266113, 0.17627, 0.0016244, 0.26709, 0.17627, 0.00588852, 0.268066, 0.17627, 0.00994485, 0.269043, 0.17627, 0.0136376, 0.27002, 0.17627, 0.0168249, 0.270996, 0.17627, 0.0193843, 0.271973, 0.17627, 0.0212177, 0.272949, 0.17627, 0.0222549, 0.273926, 0.17627, 0.0224563, 0.274902, 0.17627, 0.0218146, 0.275879, 0.17627, 0.0203547, 0.276855, 0.17627, 0.0181334, 0.277832, 0.17627, 0.0152365, 0.278809, 0.17627, 0.011776, 0.279785, 0.17627, 0.00788559, 0.280762, 0.17627, 0.0037154, 
        0.266113, 0.177246, 0.00182332, 0.26709, 0.177246, 0.00678119, 0.268066, 0.177246, 0.0114974, 0.269043, 0.177246, 0.0157907, 0.27002, 0.177246, 0.0194962, 0.270996, 0.177246, 0.0224715, 0.271973, 0.177246, 0.0246024, 0.272949, 0.177246, 0.0258073, 0.273926, 0.177246, 0.0260402, 0.274902, 0.177246, 0.0252925, 0.275879, 0.177246, 0.0235933, 0.276855, 0.177246, 0.0210085, 0.277832, 0.177246, 0.0176381, 0.278809, 0.177246, 0.0136122, 0.279785, 0.177246, 0.00908623, 0.280762, 0.177246, 0.0042349, 
        0.266113, 0.178223, 0.00197127, 0.26709, 0.178223, 0.00743234, 0.268066, 0.178223, 0.0126272, 0.269043, 0.178223, 0.0173561, 0.27002, 0.178223, 0.0214375, 0.270996, 0.178223, 0.0247144, 0.271973, 0.178223, 0.0270612, 0.272949, 0.178223, 0.0283878, 0.273926, 0.178223, 0.0286436, 0.274902, 0.178223, 0.0278191, 0.275879, 0.178223, 0.0259464, 0.276855, 0.178223, 0.0230982, 0.277832, 0.178223, 0.0193844, 0.278809, 0.178223, 0.0149485, 0.279785, 0.178223, 0.0099617, 0.280762, 0.178223, 0.00461646, 
        0.266113, 0.179199, 0.00206305, 0.26709, 0.179199, 0.0078174, 0.268066, 0.179199, 0.0132912, 0.269043, 0.179199, 0.0182741, 0.27002, 0.179199, 0.0225746, 0.270996, 0.179199, 0.0260274, 0.271973, 0.179199, 0.0285, 0.272949, 0.179199, 0.0298976, 0.273926, 0.179199, 0.0301669, 0.274902, 0.179199, 0.0292978, 0.275879, 0.179199, 0.0273241, 0.276855, 0.179199, 0.0243225, 0.277832, 0.179199, 0.0204088, 0.278809, 0.179199, 0.0157341, 0.279785, 0.179199, 0.0104789, 0.280762, 0.179199, 0.00484607, 
        0.266113, 0.180176, 0.00209561, 0.26709, 0.180176, 0.00792206, 0.268066, 0.180176, 0.0134645, 0.269043, 0.180176, 0.0185098, 0.27002, 0.180176, 0.0228642, 0.270996, 0.180176, 0.0263603, 0.271973, 0.180176, 0.028864, 0.272949, 0.180176, 0.0302793, 0.273926, 0.180176, 0.030552, 0.274902, 0.180176, 0.0296722, 0.275879, 0.180176, 0.027674, 0.276855, 0.180176, 0.0246349, 0.277832, 0.180176, 0.0206724, 0.278809, 0.180176, 0.0159394, 0.279785, 0.180176, 0.0106187, 0.280762, 0.180176, 0.00491552, 
        0.266113, 0.181152, 0.00206824, 0.26709, 0.181152, 0.00774283, 0.268066, 0.181152, 0.0131408, 0.269043, 0.181152, 0.0180547, 0.27002, 0.181152, 0.0222958, 0.270996, 0.181152, 0.025701, 0.271973, 0.181152, 0.0281398, 0.272949, 0.181152, 0.0295186, 0.273926, 0.181152, 0.0297847, 0.274902, 0.181152, 0.0289285, 0.275879, 0.181152, 0.0269831, 0.276855, 0.181152, 0.0240241, 0.277832, 0.181152, 0.0201658, 0.278809, 0.181152, 0.0155572, 0.279785, 0.181152, 0.0103762, 0.280762, 0.181152, 0.00482283, 
        0.266113, 0.182129, 0.0019825, 0.26709, 0.182129, 0.00728713, 0.268066, 0.182129, 0.0123332, 0.269043, 0.182129, 0.0169269, 0.27002, 0.182129, 0.0208918, 0.270996, 0.182129, 0.0240754, 0.271973, 0.182129, 0.0263558, 0.272949, 0.182129, 0.0276454, 0.273926, 0.182129, 0.0278952, 0.274902, 0.182129, 0.027096, 0.275879, 0.182129, 0.0252788, 0.276855, 0.182129, 0.0225142, 0.277832, 0.182129, 0.0189092, 0.278809, 0.182129, 0.0146029, 0.279785, 0.182129, 0.00976159, 0.280762, 0.182129, 0.00457225, 
        0.266113, 0.183105, 0.00184224, 0.26709, 0.183105, 0.00657305, 0.268066, 0.183105, 0.0110734, 0.269043, 0.183105, 0.0151704, 0.27002, 0.183105, 0.0187067, 0.270996, 0.183105, 0.0215466, 0.271973, 0.183105, 0.0235812, 0.272949, 0.183105, 0.0247326, 0.273926, 0.183105, 0.0249568, 0.274902, 0.183105, 0.0242457, 0.275879, 0.183105, 0.0226272, 0.276855, 0.183105, 0.020164, 0.277832, 0.183105, 0.0169515, 0.278809, 0.183105, 0.0131137, 0.279785, 0.183105, 0.00879908, 0.280762, 0.183105, 0.00417412, 
        0.266113, 0.184082, 0.00165341, 0.26709, 0.184082, 0.00562867, 0.268066, 0.184082, 0.00941038, 0.269043, 0.184082, 0.0128534, 0.27002, 0.184082, 0.0158255, 0.270996, 0.184082, 0.0182128, 0.271973, 0.184082, 0.0199237, 0.272949, 0.184082, 0.0208928, 0.273926, 0.184082, 0.0210833, 0.274902, 0.184082, 0.0204883, 0.275879, 0.184082, 0.0191312, 0.276855, 0.184082, 0.0170647, 0.277832, 0.184082, 0.0143688, 0.278809, 0.184082, 0.0111479, 0.279785, 0.184082, 0.00752652, 0.280762, 0.184082, 0.00364451, 
        0.266113, 0.185059, 0.00142383, 0.26709, 0.185059, 0.00449091, 0.268066, 0.185059, 0.00740883, 0.269043, 0.185059, 0.0100657, 0.27002, 0.185059, 0.0123597, 0.270996, 0.185059, 0.0142028, 0.271973, 0.185059, 0.0155246, 0.272949, 0.185059, 0.0162746, 0.273926, 0.185059, 0.0164245, 0.274902, 0.185059, 0.015969, 0.275879, 0.185059, 0.014926, 0.276855, 0.185059, 0.0133362, 0.277832, 0.185059, 0.0112614, 0.278809, 0.185059, 0.00878184, 0.279785, 0.185059, 0.0059936, 0.280762, 0.185059, 0.00300454, 
        0.266113, 0.186035, 0.00116294, 0.26709, 0.186035, 0.00320417, 0.268066, 0.186035, 0.00514638, 0.269043, 0.186035, 0.00691525, 0.27002, 0.186035, 0.00844315, 0.270996, 0.186035, 0.00967164, 0.271973, 0.186035, 0.0105539, 0.272949, 0.186035, 0.0110565, 0.273926, 0.186035, 0.0111605, 0.274902, 0.186035, 0.0108625, 0.275879, 0.186035, 0.0101742, 0.276855, 0.186035, 0.00912292, 0.277832, 0.186035, 0.00774946, 0.278809, 0.186035, 0.00610727, 0.279785, 0.186035, 0.0042601, 0.280762, 0.186035, 0.0022796, 
