{
    "level": 0,
    "idx": {"x": 17, "y": 13},
    "dim": {"x": 8, "y": 8},
    "offset": {"x": 0.533203, "y": 0.408203},
    "cellSize": {"x": 0.00390625, "y": 0.00390625},
    "vertices": [
        0.533203, 0.408203, 0.207592, 0.537109, 0.408203, 0.21032, 0.541016, 0.408203, 0.207615, 0.544922, 0.408203, 0.199619, 0.548828, 0.408203, 0.18947, 0.552734, 0.408203, 0.181458, 0.556641, 0.408203, 0.178498, 0.560547, 0.408203, 0.180416, 
        0.533203, 0.412109, 0.220563, 0.537109, 0.412109, 0.232416, 0.541016, 0.412109, 0.229228, 0.544922, 0.412109, 0.211382, 0.548828, 0.412109, 0.187785, 0.552734, 0.412109, 0.170613, 0.556641, 0.412109, 0.168135, 0.560547, 0.412109, 0.179837, 
        0.533203, 0.416016, 0.226991, 0.537109, 0.416016, 0.239603, 0.541016, 0.416016, 0.236308, 0.544922, 0.416016, 0.21751, 0.548828, 0.416016, 0.192632, 0.552734, 0.416016, 0.174559, 0.556641, 0.416016, 0.17204, 0.560547, 0.416016, 0.184529, 
        0.533203, 0.419922, 0.226484, 0.537109, 0.419922, 0.231004, 0.541016, 0.419922, 0.227999, 0.544922, 0.419922, 0.217663, 0.548828, 0.419922, 0.20438, 0.552734, 0.419922, 0.194145, 0.556641, 0.419922, 0.191031, 0.560547, 0.419922, 0.19479, 
        0.533203, 0.423828, 0.222675, 0.537109, 0.423828, 0.21499, 0.541016, 0.423828, 0.212462, 0.544922, 0.423828, 0.214963, 0.548828, 0.423828, 0.219261, 0.552734, 0.423828, 0.220927, 0.556641, 0.423828, 0.216961, 0.560547, 0.423828, 0.207568, 
        0.533203, 0.427734, 0.22107, 0.537109, 0.427734, 0.204233, 0.541016, 0.427734, 0.202046, 0.544922, 0.427734, 0.214143, 0.548828, 0.427734, 0.231584, 0.552734, 0.427734, 0.242141, 0.556641, 0.427734, 0.237519, 0.560547, 0.427734, 0.218258, 
        0.533203, 0.431641, 0.225784, 0.537109, 0.431641, 0.208215, 0.541016, 0.431641, 0.205995, 0.544922, 0.431641, 0.218739, 0.548828, 0.431641, 0.237086, 0.552734, 0.431641, 0.248229, 0.556641, 0.431641, 0.24348, 0.560547, 0.431641, 0.223406, 
        0.533203, 0.435547, 0.237108, 0.537109, 0.435547, 0.227624, 0.541016, 0.435547, 0.224977, 0.544922, 0.435547, 0.228999, 0.548828, 0.435547, 0.235436, 0.552734, 0.435547, 0.238468, 0.556641, 0.435547, 0.234148, 0.560547, 0.435547, 0.222743
    ]
}
