{
    "level": 0,
    "idx": {"x": 17, "y": 11},
    "dim": {"x": 8, "y": 8},
    "offset": {"x": 0.533203, "y": 0.345703},
    "cellSize": {"x": 0.00390625, "y": 0.00390625},
    "vertices": [
        0.533203, 0.345703, 0.112384, 0.537109, 0.345703, 0.115414, 0.541016, 0.345703, 0.113896, 0.544922, 0.345703, 0.107944, 0.548828, 0.345703, 0.100227, 0.552734, 0.345703, 0.0943868, 0.556641, 0.345703, 0.0928999, 0.560547, 0.345703, 0.0956151, 
        0.533203, 0.349609, 0.125161, 0.537109, 0.349609, 0.137704, 0.541016, 0.349609, 0.13569, 0.544922, 0.349609, 0.119491, 0.548828, 0.349609, 0.0977769, 0.552734, 0.349609, 0.0824078, 0.556641, 0.349609, 0.0814346, 0.560547, 0.349609, 0.094352, 
        0.533203, 0.353516, 0.131777, 0.537109, 0.353516, 0.145679, 0.541016, 0.353516, 0.143535, 0.544922, 0.353516, 0.125751, 0.548828, 0.353516, 0.101893, 0.552734, 0.353516, 0.085038, 0.556641, 0.353516, 0.0840652, 0.560547, 0.353516, 0.0984171, 
        0.533203, 0.357422, 0.131576, 0.537109, 0.357422, 0.137847, 0.541016, 0.357422, 0.135973, 0.544922, 0.357422, 0.126163, 0.548828, 0.357422, 0.113231, 0.552734, 0.357422, 0.103761, 0.556641, 0.357422, 0.102223, 0.560547, 0.357422, 0.10834, 
        0.533203, 0.361328, 0.127992, 0.537109, 0.361328, 0.122107, 0.541016, 0.361328, 0.120705, 0.544922, 0.361328, 0.123676, 0.548828, 0.361328, 0.128246, 0.552734, 0.361328, 0.130623, 0.556641, 0.361328, 0.128235, 0.560547, 0.361328, 0.121252, 
        0.533203, 0.365234, 0.126513, 0.537109, 0.365234, 0.111084, 0.541016, 0.365234, 0.110036, 0.544922, 0.365234, 0.123008, 0.548828, 0.365234, 0.141279, 0.552734, 0.365234, 0.152923, 0.556641, 0.365234, 0.149846, 0.560547, 0.365234, 0.132571, 
        0.533203, 0.369141, 0.131438, 0.537109, 0.369141, 0.114672, 0.541016, 0.369141, 0.113609, 0.544922, 0.369141, 0.127854, 0.548828, 0.369141, 0.147891, 0.552734, 0.369141, 0.1607, 0.556641, 0.369141, 0.157449, 0.560547, 0.369141, 0.138707, 
        0.533203, 0.373047, 0.143333, 0.537109, 0.373047, 0.134187, 0.541016, 0.373047, 0.132707, 0.544922, 0.373047, 0.138702, 0.548828, 0.373047, 0.147477, 0.552734, 0.373047, 0.15261, 0.556641, 0.373047, 0.149745, 0.560547, 0.373047, 0.139167
    ]
}
