{
    "level": 0,
    "idx": {"x": 17, "y": 122},
    "dim": {"x": 8, "y": 8},
    "offset": {"x": 0.133301, "y": 0.953613},
    "cellSize": {"x": 0.000976562, "y": 0.000976562},
    "vertices": [
        0.133301, 0.953613, -0.000717483, 0.134277, 0.953613, -0.000389483, 0.135254, 0.953613, -8.85034e-05, 0.13623, 0.953613, 0.000183349, 0.137207, 0.953613, 0.00042427, 0.138184, 0.953613, 0.00063276, 0.13916, 0.953613, 0.000807638, 0.140137, 0.953613, 0.000948062, 
        0.133301, 0.95459, -0.000701314, 0.134277, 0.95459, -0.000378073, 0.135254, 0.95459, -8.14754e-05, 0.13623, 0.95459, 0.000186402, 0.137207, 0.95459, 0.00042378, 0.138184, 0.95459, 0.000629181, 0.13916, 0.95459, 0.000801441, 0.140137, 0.95459, 0.000939728, 
        0.133301, 0.955566, -0.000709454, 0.134277, 0.955566, -0.000393309, 0.135254, 0.955566, -0.000103163, 0.13623, 0.955566, 0.000158957, 0.137207, 0.955566, 0.000391314, 0.138184, 0.955566, 0.000592465, 0.13916, 0.955566, 0.000761274, 0.140137, 0.955566, 0.000896929, 
        0.133301, 0.956543, -0.000741314, 0.134277, 0.956543, -0.000434549, 0.135254, 0.956543, -0.000152876, 0.13623, 0.956543, 0.000101745, 0.137207, 0.956543, 0.000327636, 0.138184, 0.956543, 0.000523404, 0.13916, 0.956543, 0.000687949, 0.140137, 0.956543, 0.000820489, 
        0.133301, 0.95752, -0.000796063, 0.134277, 0.95752, -0.00050088, 0.135254, 0.95752, -0.000229633, 0.13623, 0.95752, 1.58085e-05, 0.137207, 0.95752, 0.00023384, 0.138184, 0.95752, 0.000423129, 0.13916, 0.95752, 0.000582626, 0.140137, 0.95752, 0.000711583, 
        0.133301, 0.958496, -0.000872648, 0.134277, 0.958496, -0.000591155, 0.135254, 0.958496, -0.000332199, 0.13623, 0.958496, -9.75456e-05, 0.137207, 0.958496, 0.000111292, 0.138184, 0.958496, 0.000293055, 0.13916, 0.958496, 0.000446753, 0.140137, 0.958496, 0.000571678, 
        0.133301, 0.959473, -0.000969777, 0.134277, 0.959473, -0.000703961, 0.135254, 0.959473, -0.000459056, 0.13623, 0.959473, -0.000236706, 0.137207, 0.959473, -3.83211e-05, 0.138184, 0.959473, 0.000134929, 0.13916, 0.959473, 0.000282119, 0.140137, 0.959473, 0.000402591, 
        0.133301, 0.960449, -0.00108598, 0.134277, 0.960449, -0.00083769, 0.135254, 0.960449, -0.000608476, 0.13623, 0.960449, -0.000399843, 0.137207, 0.960449, -0.000213083, 0.138184, 0.960449, -4.92683e-05, 0.13916, 0.960449, 9.07526e-05, 0.140137, 0.960449, 0.000206375
    ]
}
