{
    "level": 0,
    "idx": {"x": 18, "y": 6},
    "dim": {"x": 8, "y": 8},
    "offset": {"x": 0.564453, "y": 0.189453},
    "cellSize": {"x": 0.00390625, "y": 0.00390625},
    "vertices": [
        0.564453, 0.189453, 0.00694745, 0.568359, 0.189453, 0.00911368, 0.572266, 0.189453, 0.00881649, 0.576172, 0.189453, 0.00616723, 0.580078, 0.189453, 0.00266327, 0.583984, 0.189453, 0.000304646, 0.587891, 0.189453, 0.000413749, 0.591797, 0.189453, 0.00285533, 
        0.564453, 0.193359, 0.0159388, 0.568359, 0.193359, 0.0282424, 0.572266, 0.193359, 0.0270936, 0.576172, 0.193359, 0.0130997, 0.580078, 0.193359, -0.00555378, 0.583984, 0.193359, -0.0179332, 0.587891, 0.193359, -0.0168096, 0.591797, 0.193359, -0.00292421, 
        0.564453, 0.197266, 0.0188571, 0.568359, 0.197266, 0.0339677, 0.572266, 0.197266, 0.0325733, 0.576172, 0.197266, 0.015419, 0.580078, 0.197266, -0.00745202, 0.583984, 0.197266, -0.0226246, 0.587891, 0.197266, -0.0212293, 0.591797, 0.197266, -0.00417557, 
        0.564453, 0.201172, 0.014317, 0.568359, 0.201172, 0.0232405, 0.572266, 0.201172, 0.0223441, 0.576172, 0.201172, 0.0120712, 0.580078, 0.201172, -0.00160394, 0.583984, 0.201172, -0.0107016, 0.587891, 0.201172, -0.00994577, 0.591797, 0.201172, 0.000122852, 
        0.564453, 0.205078, 0.00536351, 0.568359, 0.205078, 0.00274963, 0.572266, 0.205078, 0.00279312, 0.576172, 0.205078, 0.00537431, 0.580078, 0.205078, 0.00887295, 0.583984, 0.205078, 0.0111246, 0.587891, 0.205078, 0.0106985, 0.591797, 0.205078, 0.00774189, 
        0.564453, 0.208984, -0.00232259, 0.568359, 0.208984, -0.0150236, 0.572266, 0.208984, -0.0141617, 0.576172, 0.208984, -0.000348516, 0.580078, 0.208984, 0.0181577, 0.583984, 0.208984, 0.0303259, 0.587891, 0.208984, 0.0288634, 0.591797, 0.208984, 0.0145187, 
        0.564453, 0.212891, -0.00377567, 0.568359, 0.212891, -0.0191698, 0.572266, 0.212891, -0.018103, 0.576172, 0.212891, -0.00131799, 0.580078, 0.212891, 0.0211631, 0.583984, 0.212891, 0.035953, 0.587891, 0.212891, 0.0342009, 0.591797, 0.212891, 0.0168154, 
        0.564453, 0.216797, 0.00232673, 0.568359, 0.216797, -0.00678664, 0.572266, 0.216797, -0.00625968, 0.576172, 0.216797, 0.00347284, 0.580078, 0.216797, 0.0165397, 0.583984, 0.216797, 0.0250981, 0.587891, 0.216797, 0.0239631, 0.591797, 0.216797, 0.0136674
    ]
}
