{
    "level": 0,
    "idx": {"x": 18, "y": 123},
    "dim": {"x": 8, "y": 8},
    "offset": {"x": 0.141113, "y": 0.961426},
    "cellSize": {"x": 0.000976562, "y": 0.000976562},
    "vertices": [
        0.141113, 0.961426, 7.36588e-05, 0.14209, 0.961426, 0.000139633, 0.143066, 0.961426, 0.00018345, 0.144043, 0.961426, 0.000205448, 0.14502, 0.961426, 0.000206178, 0.145996, 0.961426, 0.000186407, 0.146973, 0.961426, 0.000147102, 0.147949, 0.961426, 8.94291e-05, 
        0.141113, 0.962402, -0.000172207, 0.14209, 0.962402, -0.000106124, 0.143066, 0.962402, -5.93846e-05, 0.144043, 0.962402, -3.1696e-05, 0.14502, 0.962402, -2.2577e-05, 0.145996, 0.962402, -3.13594e-05, 0.146973, 0.962402, -5.71968e-05, 0.147949, 0.962402, -9.90717e-05, 
        0.141113, 0.963379, -0.000437515, 0.14209, 0.963379, -0.000371225, 0.143066, 0.963379, -0.000321272, 0.144043, 0.963379, -0.00028741, 0.14502, 0.963379, -0.000269235, 0.145996, 0.963379, -0.000266181, 0.146973, 0.963379, -0.000277535, 0.147949, 0.963379, -0.000302434, 
        0.141113, 0.964355, -0.000719217, 0.14209, 0.964355, -0.000652641, 0.143066, 0.964355, -0.00059923, 0.144043, 0.964355, -0.00055879, 0.14502, 0.964355, -0.000530995, 0.145996, 0.964355, -0.000515391, 0.146973, 0.964355, -0.000511401, 0.147949, 0.964355, -0.000518329, 
        0.141113, 0.965332, -0.00101417, 0.14209, 0.965332, -0.000947245, 0.143066, 0.965332, -0.000890181, 0.144043, 0.965332, -0.000842836, 0.14502, 0.965332, -0.000804967, 0.145996, 0.965332, -0.000776234, 0.146973, 0.965332, -0.000756203, 0.147949, 0.965332, -0.000744353, 
        0.141113, 0.966309, -0.001319, 0.14209, 0.966309, -0.00125168, 0.143066, 0.966309, -0.00119083, 0.144043, 0.966309, -0.00113633, 0.14502, 0.966309, -0.00108805, 0.145996, 0.966309, -0.00104576, 0.146973, 0.966309, -0.00100917, 0.147949, 0.966309, -0.000977931, 
        0.141113, 0.967285, -0.00163032, 0.14209, 0.967285, -0.0015626, 0.143066, 0.967285, -0.00149786, 0.144043, 0.967285, -0.00143607, 0.14502, 0.967285, -0.00137715, 0.145996, 0.967285, -0.00132101, 0.146973, 0.967285, -0.00126751, 0.147949, 0.967285, -0.00121648, 
        0.141113, 0.968262, -0.0019446, 0.14209, 0.968262, -0.00187648, 0.143066, 0.968262, -0.00180782, 0.144043, 0.968262, -0.00173865, 0.14502, 0.968262, -0.001669, 0.145996, 0.968262, -0.00159888, 0.146973, 0.968262, -0.0015283, 0.147949, 0.968262, -0.0014573
    ]
}
