{
    "level": 0,
    "idx": {"x": 18, "y": 10},
    "dim": {"x": 8, "y": 8},
    "offset": {"x": 0.564453, "y": 0.314453},
    "cellSize": {"x": 0.00390625, "y": 0.00390625},
    "vertices": [
        0.564453, 0.314453, 0.0657756, 0.568359, 0.314453, 0.0682314, 0.572266, 0.314453, 0.0665673, 0.576172, 0.314453, 0.0609713, 0.580078, 0.314453, 0.0539268, 0.583984, 0.314453, 0.0487494, 0.587891, 0.314453, 0.0476327, 0.591797, 0.314453, 0.0503566, 
        0.564453, 0.318359, 0.0774602, 0.568359, 0.318359, 0.0893353, 0.572266, 0.318359, 0.0868035, 0.576172, 0.318359, 0.0705174, 0.580078, 0.318359, 0.0492198, 0.583984, 0.318359, 0.0345875, 0.587891, 0.318359, 0.0343421, 0.591797, 0.318359, 0.0476967, 
        0.564453, 0.322266, 0.0827506, 0.568359, 0.322266, 0.0962174, 0.572266, 0.322266, 0.093463, 0.576172, 0.322266, 0.075222, 0.580078, 0.322266, 0.05134, 0.583984, 0.322266, 0.0349667, 0.587891, 0.322266, 0.0347975, 0.591797, 0.322266, 0.0499458, 
        0.564453, 0.326172, 0.0808209, 0.568359, 0.326172, 0.0870645, 0.572266, 0.326172, 0.0848143, 0.576172, 0.326172, 0.0744562, 0.580078, 0.326172, 0.0611311, 0.583984, 0.326172, 0.0517042, 0.587891, 0.326172, 0.0507163, 0.591797, 0.326172, 0.0577072, 
        0.564453, 0.330078, 0.0751859, 0.568359, 0.330078, 0.0696048, 0.572266, 0.330078, 0.0682367, 0.576172, 0.330078, 0.0708942, 0.580078, 0.330078, 0.0749826, 0.583984, 0.330078, 0.0770345, 0.587891, 0.330078, 0.0747593, 0.591797, 0.330078, 0.0683981, 
        0.564453, 0.333984, 0.0716253, 0.568359, 0.333984, 0.056545, 0.572266, 0.333984, 0.0558634, 0.576172, 0.333984, 0.0689334, 0.580078, 0.333984, 0.0869595, 0.583984, 0.333984, 0.098191, 0.587891, 0.333984, 0.094861, 0.591797, 0.333984, 0.0777726, 
        0.564453, 0.337891, 0.0747711, 0.568359, 0.337891, 0.0580705, 0.572266, 0.337891, 0.0574199, 0.576172, 0.337891, 0.072098, 0.580078, 0.337891, 0.0923024, 0.583984, 0.337891, 0.104937, 0.587891, 0.337891, 0.101347, 0.591797, 0.337891, 0.0824261, 
        0.564453, 0.341797, 0.0853718, 0.568359, 0.341797, 0.0758316, 0.572266, 0.341797, 0.0744821, 0.576172, 0.341797, 0.0809568, 0.580078, 0.341797, 0.0902351, 0.583984, 0.341797, 0.0956083, 0.587891, 0.341797, 0.0926435, 0.591797, 0.341797, 0.0818024
    ]
}
