{
    "level": 0,
    "idx": {"x": 18, "y": 98},
    "dim": {"x": 8, "y": 8},
    "offset": {"x": 0.141113, "y": 0.766113},
    "cellSize": {"x": 0.000976562, "y": 0.000976562},
    "vertices": [
        0.141113, 0.766113, 0.00718617, 0.14209, 0.766113, 0.00704895, 0.143066, 0.766113, 0.00687484, 0.144043, 0.766113, 0.00666445, 0.14502, 0.766113, 0.00641875, 0.145996, 0.766113, 0.00613901, 0.146973, 0.766113, 0.00582682, 0.147949, 0.766113, 0.00548412, 
        0.141113, 0.76709, 0.00711824, 0.14209, 0.76709, 0.00698195, 0.143066, 0.76709, 0.00680921, 0.144043, 0.76709, 0.00660064, 0.14502, 0.76709, 0.00635717, 0.145996, 0.76709, 0.00608007, 0.146973, 0.76709, 0.00577093, 0.147949, 0.76709, 0.00543163, 
        0.141113, 0.768066, 0.00701358, 0.14209, 0.768066, 0.00687848, 0.143066, 0.768066, 0.00670772, 0.144043, 0.768066, 0.0065019, 0.14502, 0.768066, 0.00626194, 0.145996, 0.768066, 0.00598907, 0.146973, 0.768066, 0.00568484, 0.147949, 0.768066, 0.00535111, 
        0.141113, 0.769043, 0.00687297, 0.14209, 0.769043, 0.00673931, 0.143066, 0.769043, 0.00657113, 0.144043, 0.769043, 0.00636898, 0.14502, 0.769043, 0.00613375, 0.145996, 0.769043, 0.00586666, 0.146973, 0.769043, 0.0055692, 0.147949, 0.769043, 0.00524316, 
        0.141113, 0.77002, 0.00669755, 0.14209, 0.77002, 0.00656559, 0.143066, 0.77002, 0.00640055, 0.144043, 0.77002, 0.00620296, 0.14502, 0.77002, 0.00597368, 0.145996, 0.77002, 0.00571387, 0.146973, 0.77002, 0.00542496, 0.147949, 0.77002, 0.00510867, 
        0.141113, 0.770996, 0.00648876, 0.14209, 0.770996, 0.00635874, 0.143066, 0.770996, 0.00619738, 0.144043, 0.770996, 0.0060052, 0.14502, 0.770996, 0.00578303, 0.145996, 0.770996, 0.00553193, 0.146973, 0.770996, 0.00525328, 0.147949, 0.770996, 0.00494871, 
        0.141113, 0.771973, 0.00624839, 0.14209, 0.771973, 0.00612053, 0.143066, 0.771973, 0.00596338, 0.144043, 0.771973, 0.00577743, 0.14502, 0.771973, 0.00556344, 0.145996, 0.771973, 0.00532243, 0.146973, 0.771973, 0.00505566, 0.147949, 0.771973, 0.00476466, 
        0.141113, 0.772949, 0.00597846, 0.14209, 0.772949, 0.00585298, 0.143066, 0.772949, 0.00570054, 0.144043, 0.772949, 0.00552157, 0.14502, 0.772949, 0.00531679, 0.145996, 0.772949, 0.00508712, 0.146973, 0.772949, 0.00483375, 0.147949, 0.772949, 0.00455807
    ]
}
