{
    "level": 0,
    "idx": {"x": 18, "y": 57},
    "dim": {"x": 16, "y": 16},
    "offset": {"x": 0.281738, "y": 0.891113},
    "cellSize": {"x": 0.000976562, "y": 0.000976562},
    "vertices": [
        0.281738, 0.891113, -0.000197325, 0.282715, 0.891113, -0.00120883, 0.283691, 0.891113, -0.00217019, 0.284668, 0.891113, -0.00304434, 0.285645, 0.891113, -0.00379754, 0.286621, 0.891113, -0.00440073, 0.287598, 0.891113, -0.00483064, 0.288574, 0.891113, -0.00507062, 0.289551, 0.891113, -0.00511139, 0.290527, 0.891113, -0.0049513, 0.291504, 0.891113, -0.00459645, 0.29248, 0.891113, -0.00406043, 0.293457, 0.891113, -0.00336381, 0.294434, 0.891113, -0.00253336, 0.29541, 0.891113, -0.00160097, 0.296387, 0.891113, -0.00060248, 
        0.281738, 0.89209, -0.000513288, 0.282715, 0.89209, -0.00262405, 0.283691, 0.89209, -0.00463028, 0.284668, 0.89209, -0.00645468, 0.285645, 0.89209, -0.00802694, 0.286621, 0.89209, -0.00928646, 0.287598, 0.89209, -0.0101847, 0.288574, 0.89209, -0.010687, 0.289551, 0.89209, -0.0107739, 0.290527, 0.89209, -0.010442, 0.291504, 0.89209, -0.00970414, 0.29248, 0.89209, -0.00858854, 0.293457, 0.89209, -0.00713809, 0.294434, 0.89209, -0.00540864, 0.29541, 0.89209, -0.00346667, 0.296387, 0.89209, -0.0013869, 
        0.281738, 0.893066, -0.000805998, 0.282715, 0.893066, -0.00393467, 0.283691, 0.893066, -0.00690846, 0.284668, 0.893066, -0.0096128, 0.285645, 0.893066, -0.0119435, 0.286621, 0.893066, -0.0138108, 0.287598, 0.893066, -0.0151427, 0.288574, 0.893066, -0.0158878, 0.289551, 0.893066, -0.0160175, 0.290527, 0.893066, -0.0155266, 0.291504, 0.893066, -0.014434, 0.29248, 0.893066, -0.0127817, 0.293457, 0.893066, -0.0106332, 0.294434, 0.893066, -0.00807131, 0.29541, 0.893066, -0.00519447, 0.296387, 0.893066, -0.00211343, 
        0.281738, 0.894043, -0.00106427, 0.282715, 0.894043, -0.00509026, 0.283691, 0.894043, -0.00891697, 0.284668, 0.894043, -0.012397, 0.285645, 0.894043, -0.0153963, 0.286621, 0.894043, -0.0177993, 0.287598, 0.894043, -0.0195136, 0.288574, 0.894043, -0.0204728, 0.289551, 0.894043, -0.0206401, 0.290527, 0.894043, -0.0200091, 0.291504, 0.894043, -0.0186038, 0.29248, 0.894043, -0.0164784, 0.293457, 0.894043, -0.0137146, 0.294434, 0.894043, -0.0104188, 0.29541, 0.894043, -0.00671787, 0.296387, 0.894043, -0.0027542, 
        0.281738, 0.89502, -0.00127831, 0.282715, 0.89502, -0.00604659, 0.283691, 0.89502, -0.0105789, 0.284668, 0.89502, -0.0147006, 0.285645, 0.89502, -0.018253, 0.286621, 0.89502, -0.0210993, 0.287598, 0.89502, -0.0231297, 0.288574, 0.89502, -0.0242661, 0.289551, 0.89502, -0.0244646, 0.290527, 0.89502, -0.0237176, 0.291504, 0.89502, -0.0220537, 0.29248, 0.89502, -0.0195369, 0.293457, 0.89502, -0.0162641, 0.294434, 0.89502, -0.0123612, 0.29541, 0.89502, -0.00797857, 0.296387, 0.89502, -0.00328476, 
        0.281738, 0.895996, -0.00143993, 0.282715, 0.895996, -0.00676681, 0.283691, 0.895996, -0.0118301, 0.284668, 0.895996, -0.0164347, 0.285645, 0.895996, -0.0204033, 0.286621, 0.895996, -0.0235831, 0.287598, 0.895996, -0.0258516, 0.288574, 0.895996, -0.0271212, 0.289551, 0.895996, -0.0273432, 0.290527, 0.895996, -0.0265089, 0.291504, 0.895996, -0.0246504, 0.29248, 0.895996, -0.0218391, 0.293457, 0.895996, -0.0181833, 0.294434, 0.895996, -0.0138236, 0.29541, 0.895996, -0.00892797, 0.296387, 0.895996, -0.00368472, 
        0.281738, 0.896973, -0.00154303, 0.282715, 0.896973, -0.00722339, 0.283691, 0.896973, -0.0126226, 0.284668, 0.896973, -0.0175328, 0.285645, 0.896973, -0.0217648, 0.286621, 0.896973, -0.0251557, 0.287598, 0.896973, -0.0275747, 0.288574, 0.896973, -0.0289288, 0.289551, 0.896973, -0.0291656, 0.290527, 0.896973, -0.0282761, 0.291504, 0.896973, -0.0262945, 0.29248, 0.896973, -0.0232969, 0.293457, 0.896973, -0.0193987, 0.294434, 0.896973, -0.01475, 0.29541, 0.896973, -0.00952976, 0.296387, 0.896973, -0.00393888, 
        0.281738, 0.897949, -0.00158374, 0.282715, 0.897949, -0.00739878, 0.283691, 0.897949, -0.0129261, 0.284668, 0.897949, -0.0179527, 0.285645, 0.897949, -0.022285, 0.286621, 0.897949, -0.0257563, 0.287598, 0.897949, -0.0282328, 0.288574, 0.897949, -0.029619, 0.289551, 0.897949, -0.0298615, 0.290527, 0.897949, -0.028951, 0.291504, 0.897949, -0.0269225, 0.29248, 0.897949, -0.023854, 0.293457, 0.897949, -0.0198634, 0.294434, 0.897949, -0.0151047, 0.29541, 0.897949, -0.00976082, 0.296387, 0.897949, -0.00403753, 
        0.281738, 0.898926, -0.00156056, 0.282715, 0.898926, -0.00728634, 0.283691, 0.898926, -0.0127288, 0.284668, 0.898926, -0.0176782, 0.285645, 0.898926, -0.0219441, 0.286621, 0.898926, -0.0253621, 0.287598, 0.898926, -0.0278006, 0.288574, 0.898926, -0.0291655, 0.289551, 0.898926, -0.0294043, 0.290527, 0.898926, -0.0285078, 0.291504, 0.898926, -0.0265105, 0.29248, 0.898926, -0.0234891, 0.293457, 0.898926, -0.0195599, 0.294434, 0.898926, -0.0148742, 0.29541, 0.898926, -0.0096124, 0.296387, 0.898926, -0.00397701, 
        0.281738, 0.899902, -0.0014745, 0.282715, 0.899902, -0.00689052, 0.283691, 0.899902, -0.0120385, 0.284668, 0.899902, -0.0167202, 0.285645, 0.899902, -0.0207553, 0.286621, 0.899902, -0.0239883, 0.287598, 0.899902, -0.0262949, 0.288574, 0.899902, -0.0275859, 0.289551, 0.899902, -0.0278118, 0.290527, 0.899902, -0.0269638, 0.291504, 0.899902, -0.0250744, 0.29248, 0.899902, -0.0222165, 0.293457, 0.899902, -0.0184997, 0.294434, 0.899902, -0.0140675, 0.29541, 0.899902, -0.00909034, 0.296387, 0.899902, -0.00375976, 
        0.281738, 0.900879, -0.00132893, 0.282715, 0.900879, -0.00622657, 0.283691, 0.900879, -0.0108818, 0.284668, 0.900879, -0.0151154, 0.285645, 0.900879, -0.0187643, 0.286621, 0.900879, -0.0216878, 0.287598, 0.900879, -0.0237736, 0.288574, 0.900879, -0.024941, 0.289551, 0.900879, -0.0251452, 0.290527, 0.900879, -0.0243782, 0.291504, 0.900879, -0.0226696, 0.29248, 0.900879, -0.020085, 0.293457, 0.900879, -0.0167239, 0.294434, 0.900879, -0.0127157, 0.29541, 0.900879, -0.00821478, 0.296387, 0.900879, -0.00339424, 
        0.281738, 0.901855, -0.00112958, 0.282715, 0.901855, -0.00532025, 0.283691, 0.901855, -0.00930352, 0.284668, 0.901855, -0.012926, 0.285645, 0.901855, -0.0160481, 0.286621, 0.901855, -0.0185496, 0.287598, 0.901855, -0.0203342, 0.288574, 0.901855, -0.021333, 0.289551, 0.901855, -0.0215076, 0.290527, 0.901855, -0.0208511, 0.291504, 0.901855, -0.0193889, 0.29248, 0.901855, -0.0171772, 0.293457, 0.901855, -0.014301, 0.294434, 0.901855, -0.0108712, 0.29541, 0.901855, -0.00701966, 0.296387, 0.901855, -0.00289467, 
        0.281738, 0.902832, -0.000884156, 0.282715, 0.902832, -0.00420641, 0.283691, 0.902832, -0.00736422, 0.284668, 0.902832, -0.010236, 0.285645, 0.902832, -0.012711, 0.286621, 0.902832, -0.0146941, 0.287598, 0.902832, -0.0161087, 0.288574, 0.902832, -0.0169004, 0.289551, 0.902832, -0.0170386, 0.290527, 0.902832, -0.0165179, 0.291504, 0.902832, -0.0153585, 0.29248, 0.902832, -0.0136047, 0.293457, 0.902832, -0.0113242, 0.294434, 0.902832, -0.00860475, 0.29541, 0.902832, -0.00555094, 0.296387, 0.902832, -0.00228033, 
        0.281738, 0.903809, -0.000602216, 0.282715, 0.903809, -0.00292807, 0.283691, 0.903809, -0.00513879, 0.284668, 0.903809, -0.00714921, 0.285645, 0.903809, -0.00888188, 0.286621, 0.903809, -0.01027, 0.287598, 0.903809, -0.0112602, 0.288574, 0.903809, -0.0118142, 0.289551, 0.903809, -0.0119106, 0.290527, 0.903809, -0.0115458, 0.291504, 0.903809, -0.0107336, 0.29248, 0.903809, -0.00950539, 0.293457, 0.903809, -0.00790831, 0.294434, 0.903809, -0.00600387, 0.29541, 0.903809, -0.00386534, 0.296387, 0.903809, -0.001575, 
