{
    "level": 0,
    "idx": {"x": 19, "y": 28},
    "dim": {"x": 8, "y": 8},
    "offset": {"x": 0.595703, "y": 0.876953},
    "cellSize": {"x": 0.00390625, "y": 0.00390625},
    "vertices": [
        0.595703, 0.876953, 0.00926202, 0.599609, 0.876953, 0.0187859, 0.603516, 0.876953, 0.0175927, 0.607422, 0.876953, 0.0063749, 0.611328, 0.876953, -0.00825912, 0.615234, 0.876953, -0.0176847, 0.619141, 0.876953, -0.0163512, 0.623047, 0.876953, -0.00505728, 
        0.595703, 0.880859, 0.0140523, 0.599609, 0.880859, 0.0289652, 0.603516, 0.880859, 0.0271119, 0.607422, 0.880859, 0.00957582, 0.611328, 0.880859, -0.0133048, 0.615234, 0.880859, -0.028037, 0.619141, 0.880859, -0.0259373, 0.623047, 0.880859, -0.00825517, 
        0.595703, 0.884766, 0.0108953, 0.599609, 0.884766, 0.022386, 0.603516, 0.884766, 0.0209557, 0.607422, 0.884766, 0.00743943, 0.611328, 0.884766, -0.0101956, 0.615234, 0.884766, -0.0215511, 0.619141, 0.884766, -0.019935, 0.623047, 0.884766, -0.0063102, 
        0.595703, 0.888672, 0.00161466, 0.599609, 0.888672, 0.00289247, 0.603516, 0.888672, 0.00271989, 0.607422, 0.888672, 0.00119068, 0.611328, 0.888672, -0.000800861, 0.615234, 0.888672, -0.00208756, 0.619141, 0.888672, -0.00191826, 0.623047, 0.888672, -0.000401, 
        0.595703, 0.892578, -0.00834779, 0.599609, 0.892578, -0.0180453, 0.603516, 0.892578, -0.0168666, 0.607422, 0.892578, -0.00551467, 0.611328, 0.892578, 0.00930421, 0.615234, 0.892578, 0.0188372, 0.619141, 0.892578, 0.0174515, 0.623047, 0.892578, 0.00595747, 
        0.595703, 0.896484, -0.0131441, 0.599609, 0.896484, -0.0281012, 0.603516, 0.896484, -0.0262742, 0.607422, 0.896484, -0.00874797, 0.611328, 0.896484, 0.0141284, 0.615234, 0.896484, 0.0288478, 0.619141, 0.896484, 0.0267174, 0.623047, 0.896484, 0.00898803, 
        0.595703, 0.900391, -0.00997205, 0.599609, 0.900391, -0.0213683, 0.603516, 0.900391, -0.0199777, 0.607422, 0.900391, -0.00662669, 0.611328, 0.900391, 0.0108003, 0.615234, 0.900391, 0.022013, 0.619141, 0.900391, 0.0203886, 0.623047, 0.900391, 0.00688027, 
        0.595703, 0.904297, -0.0007284, 0.599609, 0.904297, -0.00184399, 0.603516, 0.904297, -0.00171618, 0.607422, 0.904297, -0.000425312, 0.611328, 0.904297, 0.00126191, 0.615234, 0.904297, 0.00234481, 0.619141, 0.904297, 0.0021794, 0.623047, 0.904297, 0.00085837
    ]
}
