{
    "level": 0,
    "idx": {"x": 19, "y": 2},
    "dim": {"x": 8, "y": 8},
    "offset": {"x": 0.148926, "y": 0.0161133},
    "cellSize": {"x": 0.000976562, "y": 0.000976562},
    "vertices": [
        0.148926, 0.0161133, 0.00334139, 0.149902, 0.0161133, 0.00302689, 0.150879, 0.0161133, 0.00268962, 0.151855, 0.0161133, 0.00233248, 0.152832, 0.0161133, 0.00195854, 0.153809, 0.0161133, 0.00157106, 0.154785, 0.0161133, 0.00117342, 0.155762, 0.0161133, 0.000769091, 
        0.148926, 0.0170898, 0.00337247, 0.149902, 0.0170898, 0.00305706, 0.150879, 0.0170898, 0.00271897, 0.151855, 0.0170898, 0.00236108, 0.152832, 0.0170898, 0.00198647, 0.153809, 0.0170898, 0.00159838, 0.154785, 0.0170898, 0.00120017, 0.155762, 0.0170898, 0.000795284, 
        0.148926, 0.0180664, 0.00337822, 0.149902, 0.0180664, 0.00306455, 0.150879, 0.0180664, 0.00272852, 0.151855, 0.0180664, 0.00237297, 0.152832, 0.0180664, 0.00200093, 0.153809, 0.0180664, 0.00161558, 0.154785, 0.0180664, 0.00122025, 0.155762, 0.0180664, 0.000818331, 
        0.148926, 0.019043, 0.00335896, 0.149902, 0.019043, 0.00304967, 0.150879, 0.019043, 0.00271855, 0.151855, 0.019043, 0.00236836, 0.152832, 0.019043, 0.00200207, 0.153809, 0.019043, 0.00162279, 0.154785, 0.019043, 0.00123375, 0.155762, 0.019043, 0.000838265, 
        0.148926, 0.0200195, 0.0033153, 0.149902, 0.0200195, 0.00301296, 0.150879, 0.0200195, 0.00268952, 0.151855, 0.0200195, 0.00234766, 0.152832, 0.0200195, 0.00199023, 0.153809, 0.0200195, 0.00162024, 0.154785, 0.0200195, 0.00124081, 0.155762, 0.0200195, 0.000855149, 
        0.148926, 0.0209961, 0.00324807, 0.149902, 0.0209961, 0.00295515, 0.150879, 0.0209961, 0.00264207, 0.151855, 0.0209961, 0.00231138, 0.152832, 0.0209961, 0.00196582, 0.153809, 0.0209961, 0.00160824, 0.154785, 0.0209961, 0.00124164, 0.155762, 0.0209961, 0.000869075, 
        0.148926, 0.0219727, 0.0031583, 0.149902, 0.0219727, 0.00287717, 0.150879, 0.0219727, 0.00257701, 0.151855, 0.0219727, 0.00226023, 0.152832, 0.0219727, 0.0019294, 0.153809, 0.0219727, 0.00158722, 0.154785, 0.0219727, 0.00123651, 0.155762, 0.0219727, 0.000880158, 
        0.148926, 0.0229492, 0.00304726, 0.149902, 0.0229492, 0.00278016, 0.150879, 0.0229492, 0.00249534, 0.151855, 0.0229492, 0.00219503, 0.152832, 0.0229492, 0.00188163, 0.153809, 0.0229492, 0.00155767, 0.154785, 0.0229492, 0.00122574, 0.155762, 0.0229492, 0.000888542
    ]
}
