{
    "level": 0,
    "idx": {"x": 1, "y": 14},
    "dim": {"x": 16, "y": 16},
    "offset": {"x": 0.0161133, "y": 0.219238},
    "cellSize": {"x": 0.000976562, "y": 0.000976562},
    "vertices": [
        0.0161133, 0.219238, -2.98049e-06, 0.0170898, 0.219238, -0.000254663, 0.0180664, 0.219238, -0.0004965, 0.019043, 0.219238, -0.000719177, 0.0200195, 0.219238, -0.000914119, 0.0209961, 0.219238, -0.00107382, 0.0219727, 0.219238, -0.00119212, 0.0229492, 0.219238, -0.00126448, 0.0239258, 0.219238, -0.00128809, 0.0249023, 0.219238, -0.00126206, 0.0258789, 0.219238, -0.00118737, 0.0268555, 0.219238, -0.00106691, 0.027832, 0.219238, -0.000905313, 0.0288086, 0.219238, -0.000708794, 0.0297852, 0.219238, -0.000484919, 0.0307617, 0.219238, -0.000242306, 
        0.0161133, 0.220215, -2.08562e-05, 0.0170898, 0.220215, -0.00141029, 0.0180664, 0.220215, -0.00274538, 0.019043, 0.220215, -0.00397472, 0.0200195, 0.220215, -0.00505097, 0.0209961, 0.220215, -0.00593269, 0.0219727, 0.220215, -0.00658593, 0.0229492, 0.220215, -0.00698553, 0.0239258, 0.220215, -0.0071161, 0.0249023, 0.220215, -0.00697262, 0.0258789, 0.220215, -0.00656061, 0.0268555, 0.220215, -0.00589592, 0.027832, 0.220215, -0.00500416, 0.0288086, 0.220215, -0.00391965, 0.0297852, 0.220215, -0.00268416, 0.0307617, 0.220215, -0.00134524, 
        0.0161133, 0.221191, -3.78899e-05, 0.0170898, 0.221191, -0.00251158, 0.0180664, 0.221191, -0.00488852, 0.019043, 0.221191, -0.00707718, 0.0200195, 0.221191, -0.0089933, 0.0209961, 0.221191, -0.0105631, 0.0219727, 0.221191, -0.0117261, 0.0229492, 0.221191, -0.0124376, 0.0239258, 0.221191, -0.0126701, 0.0249023, 0.221191, -0.0124147, 0.0258789, 0.221191, -0.0116812, 0.0268555, 0.221191, -0.0104979, 0.027832, 0.221191, -0.00891027, 0.0288086, 0.221191, -0.00697953, 0.0297852, 0.221191, -0.00477998, 0.0307617, 0.221191, -0.00239631, 
        0.0161133, 0.222168, -5.34249e-05, 0.0170898, 0.222168, -0.00351612, 0.0180664, 0.222168, -0.00684338, 0.019043, 0.222168, -0.00990709, 0.0200195, 0.222168, -0.0125893, 0.0209961, 0.222168, -0.0147867, 0.0219727, 0.222168, -0.0164147, 0.0229492, 0.222168, -0.0174106, 0.0239258, 0.222168, -0.0177361, 0.0249023, 0.222168, -0.0173786, 0.0258789, 0.222168, -0.0163519, 0.0268555, 0.222168, -0.0146955, 0.027832, 0.222168, -0.0124732, 0.0288086, 0.222168, -0.0097706, 0.0297852, 0.222168, -0.00669169, 0.0307617, 0.222168, -0.00335505, 
        0.0161133, 0.223145, -6.68621e-05, 0.0170898, 0.223145, -0.00438523, 0.0180664, 0.223145, -0.0085347, 0.019043, 0.223145, -0.0123555, 0.0200195, 0.223145, -0.0157005, 0.0209961, 0.223145, -0.0184409, 0.0219727, 0.223145, -0.0204712, 0.0229492, 0.223145, -0.0217133, 0.0239258, 0.223145, -0.0221192, 0.0249023, 0.223145, -0.0216734, 0.0258789, 0.223145, -0.020393, 0.0268555, 0.223145, -0.0183273, 0.027832, 0.223145, -0.0155559, 0.0288086, 0.223145, -0.0121854, 0.0297852, 0.223145, -0.00834567, 0.0307617, 0.223145, -0.00418452, 
        0.0161133, 0.224121, -7.76834e-05, 0.0170898, 0.224121, -0.00508546, 0.0180664, 0.224121, -0.00989737, 0.019043, 0.224121, -0.0143281, 0.0200195, 0.224121, -0.0182072, 0.0209961, 0.224121, -0.0213851, 0.0219727, 0.224121, -0.0237396, 0.0229492, 0.224121, -0.0251799, 0.0239258, 0.224121, -0.0256506, 0.0249023, 0.224121, -0.0251336, 0.0258789, 0.224121, -0.0236488, 0.0268555, 0.224121, -0.0212534, 0.027832, 0.224121, -0.0180395, 0.0288086, 0.224121, -0.014131, 0.0297852, 0.224121, -0.00967826, 0.0307617, 0.224121, -0.00485282, 
        0.0161133, 0.225098, -8.54708e-05, 0.0170898, 0.225098, -0.00558982, 0.0180664, 0.225098, -0.0108789, 0.019043, 0.225098, -0.015749, 0.0200195, 0.225098, -0.0200127, 0.0209961, 0.225098, -0.0235057, 0.0219727, 0.225098, -0.0260937, 0.0229492, 0.225098, -0.0276768, 0.0239258, 0.225098, -0.0281942, 0.0249023, 0.225098, -0.027626, 0.0258789, 0.225098, -0.0259939, 0.0268555, 0.225098, -0.023361, 0.027832, 0.225098, -0.0198284, 0.0288086, 0.225098, -0.0155323, 0.0297852, 0.225098, -0.0106381, 0.0307617, 0.225098, -0.00533417, 
        0.0161133, 0.226074, -8.99239e-05, 0.0170898, 0.226074, -0.0058789, 0.0180664, 0.226074, -0.0114415, 0.019043, 0.226074, -0.0165634, 0.0200195, 0.226074, -0.0210476, 0.0209961, 0.226074, -0.0247213, 0.0219727, 0.226074, -0.027443, 0.0229492, 0.226074, -0.029108, 0.0239258, 0.226074, -0.0296522, 0.0249023, 0.226074, -0.0290546, 0.0258789, 0.226074, -0.0273381, 0.0268555, 0.226074, -0.024569, 0.027832, 0.226074, -0.0208538, 0.0288086, 0.226074, -0.0163356, 0.0297852, 0.226074, -0.0111882, 0.0307617, 0.226074, -0.00561006, 
        0.0161133, 0.227051, -9.087e-05, 0.0170898, 0.227051, -0.00594158, 0.0180664, 0.227051, -0.0115635, 0.019043, 0.227051, -0.01674, 0.0200195, 0.227051, -0.021272, 0.0209961, 0.227051, -0.0249849, 0.0219727, 0.227051, -0.0277356, 0.0229492, 0.227051, -0.0294184, 0.0239258, 0.227051, -0.0299684, 0.0249023, 0.227051, -0.0293644, 0.0258789, 0.227051, -0.0276296, 0.0268555, 0.227051, -0.024831, 0.027832, 0.227051, -0.0210761, 0.0288086, 0.227051, -0.0165097, 0.0297852, 0.227051, -0.0113075, 0.0307617, 0.227051, -0.00566986, 
        0.0161133, 0.228027, -8.8272e-05, 0.0170898, 0.228027, -0.00577543, 0.0180664, 0.228027, -0.0112402, 0.019043, 0.228027, -0.016272, 0.0200195, 0.228027, -0.0206773, 0.0209961, 0.228027, -0.0242864, 0.0219727, 0.228027, -0.0269603, 0.0229492, 0.228027, -0.028596, 0.0239258, 0.228027, -0.0291306, 0.0249023, 0.228027, -0.0285434, 0.0258789, 0.228027, -0.0268572, 0.0268555, 0.228027, -0.0241368, 0.027832, 0.228027, -0.0204869, 0.0288086, 0.228027, -0.0160481, 0.0297852, 0.228027, -0.0109914, 0.0307617, 0.228027, -0.00551127, 
        0.0161133, 0.229004, -8.22288e-05, 0.0170898, 0.229004, -0.00538686, 0.0180664, 0.229004, -0.010484, 0.019043, 0.229004, -0.0151774, 0.0200195, 0.229004, -0.0192864, 0.0209961, 0.229004, -0.0226527, 0.0219727, 0.229004, -0.0251467, 0.0229492, 0.229004, -0.0266724, 0.0239258, 0.229004, -0.0271711, 0.0249023, 0.229004, -0.0266234, 0.0258789, 0.229004, -0.0250506, 0.0268555, 0.229004, -0.0225132, 0.027832, 0.229004, -0.0191088, 0.0288086, 0.229004, -0.0149685, 0.0297852, 0.229004, -0.0102519, 0.0307617, 0.229004, -0.00514039, 
        0.0161133, 0.22998, -7.2972e-05, 0.0170898, 0.22998, -0.00479081, 0.0180664, 0.22998, -0.00932412, 0.019043, 0.22998, -0.0134984, 0.0200195, 0.22998, -0.0171528, 0.0209961, 0.22998, -0.0201467, 0.0219727, 0.22998, -0.0223649, 0.0229492, 0.22998, -0.0237218, 0.0239258, 0.22998, -0.0241652, 0.0249023, 0.22998, -0.0236782, 0.0258789, 0.22998, -0.0222793, 0.0268555, 0.22998, -0.0200226, 0.027832, 0.22998, -0.0169947, 0.0288086, 0.22998, -0.0133125, 0.0297852, 0.22998, -0.00911757, 0.0307617, 0.22998, -0.00457148, 
        0.0161133, 0.230957, -6.08572e-05, 0.0170898, 0.230957, -0.00401025, 0.0180664, 0.230957, -0.00780518, 0.019043, 0.230957, -0.0112995, 0.0200195, 0.230957, -0.0143587, 0.0209961, 0.230957, -0.016865, 0.0219727, 0.230957, -0.0187218, 0.0229492, 0.230957, -0.0198577, 0.0239258, 0.230957, -0.0202289, 0.0249023, 0.230957, -0.0198212, 0.0258789, 0.230957, -0.0186502, 0.0268555, 0.230957, -0.016761, 0.027832, 0.230957, -0.0142263, 0.0288086, 0.230957, -0.0111438, 0.0297852, 0.230957, -0.00763212, 0.0307617, 0.230957, -0.00382648, 
        0.0161133, 0.231934, -4.63498e-05, 0.0170898, 0.231934, -0.00307523, 0.0180664, 0.231934, -0.00598565, 0.019043, 0.231934, -0.00866553, 0.0200195, 0.231934, -0.0110117, 0.0209961, 0.231934, -0.0129338, 0.0219727, 0.231934, -0.0143578, 0.0229492, 0.231934, -0.015229, 0.0239258, 0.231934, -0.0155137, 0.0249023, 0.231934, -0.0152009, 0.0258789, 0.231934, -0.0143028, 0.0268555, 0.231934, -0.0128539, 0.027832, 0.231934, -0.01091, 0.0288086, 0.231934, -0.00854594, 0.0297852, 0.231934, -0.00585273, 0.0307617, 0.231934, -0.00293406, 
