{
    "level": 0,
    "idx": {"x": 1, "y": 14},
    "dim": {"x": 8, "y": 8},
    "offset": {"x": 0.00830078, "y": 0.109863},
    "cellSize": {"x": 0.000976562, "y": 0.000976562},
    "vertices": [
        0.00830078, 0.109863, -0.00168307, 0.00927734, 0.109863, -0.00180996, 0.0102539, 0.109863, -0.00190923, 0.0112305, 0.109863, -0.0019788, 0.012207, 0.109863, -0.0020169, 0.0131836, 0.109863, -0.00202205, 0.0141602, 0.109863, -0.00199309, 0.0151367, 0.109863, -0.0019292, 
        0.00830078, 0.11084, -0.00167723, 0.00927734, 0.11084, -0.00180388, 0.0102539, 0.11084, -0.00190307, 0.0112305, 0.11084, -0.00197273, 0.012207, 0.11084, -0.00201111, 0.0131836, 0.11084, -0.00201672, 0.0141602, 0.11084, -0.00198843, 0.0151367, 0.11084, -0.00192541, 
        0.00830078, 0.111816, -0.00164627, 0.00927734, 0.111816, -0.00177034, 0.0102539, 0.111816, -0.00186739, 0.0112305, 0.111816, -0.00193537, 0.012207, 0.111816, -0.00197255, 0.0131836, 0.111816, -0.00197749, 0.0141602, 0.111816, -0.00194904, 0.0151367, 0.111816, -0.00188642, 
        0.00830078, 0.112793, -0.00159057, 0.00927734, 0.112793, -0.00170978, 0.0102539, 0.112793, -0.00180265, 0.0112305, 0.112793, -0.00186721, 0.012207, 0.112793, -0.00190175, 0.0131836, 0.112793, -0.00190487, 0.0141602, 0.112793, -0.00187548, 0.0151367, 0.112793, -0.00181278, 
        0.00830078, 0.11377, -0.00151077, 0.00927734, 0.11377, -0.00162288, 0.0102539, 0.11377, -0.0017096, 0.0112305, 0.11377, -0.00176903, 0.012207, 0.11377, -0.00179953, 0.0131836, 0.11377, -0.00179974, 0.0141602, 0.11377, -0.00176861, 0.0151367, 0.11377, -0.00170539, 
        0.00830078, 0.114746, -0.00140774, 0.00927734, 0.114746, -0.00151059, 0.0102539, 0.114746, -0.00158926, 0.0112305, 0.114746, -0.00164192, 0.012207, 0.114746, -0.00166702, 0.0131836, 0.114746, -0.00166327, 0.0141602, 0.114746, -0.00162965, 0.0151367, 0.114746, -0.00156546, 
        0.00830078, 0.115723, -0.00128258, 0.00927734, 0.115723, -0.00137412, 0.0102539, 0.115723, -0.00144291, 0.0112305, 0.115723, -0.00148725, 0.012207, 0.115723, -0.00150566, 0.0131836, 0.115723, -0.00149693, 0.0141602, 0.115723, -0.00146012, 0.0151367, 0.115723, -0.00139455, 
        0.00830078, 0.116699, -0.0011366, 0.00927734, 0.116699, -0.0012149, 0.0102539, 0.116699, -0.00127211, 0.0112305, 0.116699, -0.00130665, 0.012207, 0.116699, -0.00131716, 0.0131836, 0.116699, -0.00130251, 0.0141602, 0.116699, -0.00126182, 0.0151367, 0.116699, -0.00119448
    ]
}
