{
    "level": 0,
    "idx": {"x": 1, "y": 2},
    "dim": {"x": 8, "y": 8},
    "offset": {"x": 0.00830078, "y": 0.0161133},
    "cellSize": {"x": 0.000976562, "y": 0.000976562},
    "vertices": [
        0.00830078, 0.0161133, 0.00297375, 0.00927734, 0.0161133, 0.00326057, 0.0102539, 0.0161133, 0.00351927, 0.0112305, 0.0161133, 0.00374774, 0.012207, 0.0161133, 0.00394412, 0.0131836, 0.0161133, 0.0041069, 0.0141602, 0.0161133, 0.00423486, 0.0151367, 0.0161133, 0.00432713, 
        0.00830078, 0.0170898, 0.00297991, 0.00927734, 0.0170898, 0.0032679, 0.0102539, 0.0170898, 0.00352791, 0.0112305, 0.0170898, 0.00375782, 0.012207, 0.0170898, 0.00395579, 0.0131836, 0.0170898, 0.00412032, 0.0141602, 0.0170898, 0.00425019, 0.0151367, 0.0170898, 0.00434454, 
        0.00830078, 0.0180664, 0.00296048, 0.00927734, 0.0180664, 0.00324725, 0.0102539, 0.0180664, 0.00350644, 0.0112305, 0.0180664, 0.00373596, 0.012207, 0.0180664, 0.00393401, 0.0131836, 0.0180664, 0.00409909, 0.0141602, 0.0180664, 0.00423, 0.0151367, 0.0180664, 0.0043259, 
        0.00830078, 0.019043, 0.00291582, 0.00927734, 0.019043, 0.00319902, 0.0102539, 0.019043, 0.00345531, 0.0112305, 0.019043, 0.00368264, 0.012207, 0.019043, 0.00387926, 0.0131836, 0.019043, 0.00404369, 0.0141602, 0.019043, 0.00417479, 0.0151367, 0.019043, 0.00427172, 
        0.00830078, 0.0200195, 0.00284654, 0.00927734, 0.0200195, 0.00312388, 0.0102539, 0.0200195, 0.00337522, 0.0112305, 0.0200195, 0.0035986, 0.012207, 0.0200195, 0.00379232, 0.0131836, 0.0200195, 0.00395497, 0.0141602, 0.0200195, 0.00408541, 0.0151367, 0.0200195, 0.00418286, 
        0.00830078, 0.0209961, 0.00275349, 0.00927734, 0.0209961, 0.00302274, 0.0102539, 0.0209961, 0.00326717, 0.0112305, 0.0209961, 0.0034849, 0.012207, 0.0209961, 0.00367431, 0.0131836, 0.0209961, 0.00383404, 0.0141602, 0.0209961, 0.00396303, 0.0151367, 0.0209961, 0.0040605, 
        0.00830078, 0.0219727, 0.00263774, 0.00927734, 0.0219727, 0.00289679, 0.0102539, 0.0219727, 0.00313242, 0.0112305, 0.0219727, 0.00334288, 0.012207, 0.0219727, 0.00352662, 0.0131836, 0.0219727, 0.00368237, 0.0141602, 0.0219727, 0.00380912, 0.0151367, 0.0219727, 0.00390614, 
        0.00830078, 0.0229492, 0.00250059, 0.00927734, 0.0229492, 0.00274743, 0.0102539, 0.0229492, 0.0029725, 0.0112305, 0.0229492, 0.00317414, 0.012207, 0.0229492, 0.00335094, 0.0131836, 0.0229492, 0.0035017, 0.0141602, 0.0229492, 0.00362549, 0.0151367, 0.0229492, 0.00372161
    ]
}
