{
    "level": 0,
    "idx": {"x": 1, "y": 65},
    "dim": {"x": 8, "y": 8},
    "offset": {"x": 0.00830078, "y": 0.508301},
    "cellSize": {"x": 0.000976562, "y": 0.000976562},
    "vertices": [
        0.00830078, 0.508301, 0.00181318, 0.00927734, 0.508301, 0.00197584, 0.0102539, 0.508301, 0.00211783, 0.0112305, 0.508301, 0.0022376, 0.012207, 0.508301, 0.0023338, 0.0131836, 0.508301, 0.00240532, 0.0141602, 0.508301, 0.00245127, 0.0151367, 0.508301, 0.00247103, 
        0.00830078, 0.509277, 0.00195835, 0.00927734, 0.509277, 0.00213391, 0.0102539, 0.509277, 0.00228707, 0.0112305, 0.509277, 0.00241615, 0.012207, 0.509277, 0.00251967, 0.0131836, 0.509277, 0.00259644, 0.0141602, 0.509277, 0.0026455, 0.0151367, 0.509277, 0.00266618, 
        0.00830078, 0.510254, 0.00208299, 0.00927734, 0.510254, 0.00226955, 0.0102539, 0.510254, 0.0024322, 0.0112305, 0.510254, 0.00256912, 0.012207, 0.510254, 0.00267876, 0.0131836, 0.510254, 0.00275983, 0.0141602, 0.510254, 0.00281132, 0.0151367, 0.510254, 0.00283249, 
        0.00830078, 0.51123, 0.00218574, 0.00927734, 0.51123, 0.00238125, 0.0102539, 0.51123, 0.00255157, 0.0112305, 0.51123, 0.00269478, 0.012207, 0.51123, 0.00280924, 0.0131836, 0.51123, 0.0028936, 0.0141602, 0.51123, 0.00294678, 0.0151367, 0.51123, 0.00296803, 
        0.00830078, 0.512207, 0.0022654, 0.00927734, 0.512207, 0.00246772, 0.0102539, 0.512207, 0.00264381, 0.0112305, 0.512207, 0.00279167, 0.012207, 0.512207, 0.00290959, 0.0131836, 0.512207, 0.00299617, 0.0141602, 0.512207, 0.00305028, 0.0151367, 0.512207, 0.00307113, 
        0.00830078, 0.513184, 0.00232102, 0.00927734, 0.513184, 0.00252792, 0.0102539, 0.513184, 0.00270779, 0.0112305, 0.513184, 0.00285859, 0.012207, 0.513184, 0.00297856, 0.0131836, 0.513184, 0.00306624, 0.0141602, 0.513184, 0.00312048, 0.0151367, 0.513184, 0.00314047, 
        0.00830078, 0.51416, 0.00235189, 0.00927734, 0.51416, 0.00256106, 0.0102539, 0.51416, 0.00274268, 0.0112305, 0.51416, 0.00289466, 0.012207, 0.51416, 0.00301521, 0.0131836, 0.51416, 0.00310285, 0.0141602, 0.51416, 0.0031564, 0.0151367, 0.51416, 0.00317503, 
        0.00830078, 0.515137, 0.00235752, 0.00927734, 0.515137, 0.00256662, 0.0102539, 0.515137, 0.0027479, 0.0112305, 0.515137, 0.00289927, 0.012207, 0.515137, 0.00301892, 0.0131836, 0.515137, 0.00310534, 0.0141602, 0.515137, 0.00315736, 0.0151367, 0.515137, 0.00317414
    ]
}
