{
    "level": 0,
    "idx": {"x": 1, "y": 1},
    "dim": {"x": 8, "y": 8},
    "offset": {"x": 0.00830078, "y": 0.00830078},
    "cellSize": {"x": 0.000976562, "y": 0.000976562},
    "vertices": [
        0.00830078, 0.00830078, 0.00203967, 0.00927734, 0.00830078, 0.00223462, 0.0102539, 0.00830078, 0.0024097, 0.0112305, 0.00830078, 0.0025634, 0.012207, 0.00830078, 0.00269444, 0.0131836, 0.00830078, 0.00280172, 0.0141602, 0.00830078, 0.0028844, 0.0151367, 0.00830078, 0.00294187, 
        0.00830078, 0.00927734, 0.00223462, 0.00927734, 0.00927734, 0.00244834, 0.0102539, 0.00927734, 0.00264034, 0.0112305, 0.00927734, 0.00280898, 0.012207, 0.00927734, 0.00295283, 0.0131836, 0.00927734, 0.00307071, 0.0141602, 0.00927734, 0.0031617, 0.0151367, 0.00927734, 0.00322512, 
        0.00830078, 0.0102539, 0.0024097, 0.00927734, 0.0102539, 0.00264034, 0.0102539, 0.0102539, 0.00284762, 0.0112305, 0.0102539, 0.00302976, 0.012207, 0.0102539, 0.00318525, 0.0131836, 0.0102539, 0.0033128, 0.0141602, 0.0102539, 0.00341143, 0.0151367, 0.0102539, 0.0034804, 
        0.00830078, 0.0112305, 0.0025634, 0.00927734, 0.0112305, 0.00280898, 0.0102539, 0.0112305, 0.00302976, 0.0112305, 0.0112305, 0.00322389, 0.012207, 0.0112305, 0.00338974, 0.0131836, 0.0112305, 0.00352597, 0.0141602, 0.0112305, 0.0036315, 0.0151367, 0.0112305, 0.00370558, 
        0.00830078, 0.012207, 0.00269444, 0.00927734, 0.012207, 0.00295283, 0.0102539, 0.012207, 0.00318525, 0.0112305, 0.012207, 0.00338974, 0.012207, 0.012207, 0.00356461, 0.0131836, 0.012207, 0.00370844, 0.0141602, 0.012207, 0.00382012, 0.0151367, 0.012207, 0.00389884, 
        0.00830078, 0.0131836, 0.00280172, 0.00927734, 0.0131836, 0.00307071, 0.0102539, 0.0131836, 0.0033128, 0.0112305, 0.0131836, 0.00352597, 0.012207, 0.0131836, 0.00370844, 0.0131836, 0.0131836, 0.00385876, 0.0141602, 0.0131836, 0.00397578, 0.0151367, 0.0131836, 0.00405866, 
        0.00830078, 0.0141602, 0.0028844, 0.00927734, 0.0141602, 0.0031617, 0.0102539, 0.0141602, 0.00341143, 0.0112305, 0.0141602, 0.0036315, 0.012207, 0.0141602, 0.00382012, 0.0131836, 0.0141602, 0.00397578, 0.0141602, 0.0141602, 0.0040973, 0.0151367, 0.0141602, 0.00418383, 
        0.00830078, 0.0151367, 0.00294187, 0.00927734, 0.0151367, 0.00322512, 0.0102539, 0.0151367, 0.0034804, 0.0112305, 0.0151367, 0.00370558, 0.012207, 0.0151367, 0.00389884, 0.0131836, 0.0151367, 0.00405866, 0.0141602, 0.0151367, 0.00418383, 0.0151367, 0.0151367, 0.0042735
    ]
}
