{
    "level": 0,
    "idx": {"x": 1, "y": 29},
    "dim": {"x": 8, "y": 8},
    "offset": {"x": 0.00830078, "y": 0.227051},
    "cellSize": {"x": 0.000976562, "y": 0.000976562},
    "vertices": [
        0.00830078, 0.227051, -0.00291463, 0.00927734, 0.227051, -0.00321685, 0.0102539, 0.227051, -0.00349846, 0.0112305, 0.227051, -0.00375788, 0.012207, 0.227051, -0.00399377, 0.0131836, 0.227051, -0.00420498, 0.0141602, 0.227051, -0.0043906, 0.0151367, 0.227051, -0.00454998, 
        0.00830078, 0.228027, -0.00309375, 0.00927734, 0.228027, -0.00341291, 0.0102539, 0.228027, -0.00370966, 0.0112305, 0.228027, -0.00398228, 0.012207, 0.228027, -0.00422931, 0.0131836, 0.228027, -0.0044495, 0.0141602, 0.228027, -0.00464188, 0.0151367, 0.228027, -0.00480572, 
        0.00830078, 0.229004, -0.00325238, 0.00927734, 0.229004, -0.00358656, 0.0102539, 0.229004, -0.00389674, 0.0112305, 0.229004, -0.00418109, 0.012207, 0.229004, -0.00443802, 0.0131836, 0.229004, -0.00466621, 0.0141602, 0.229004, -0.00486463, 0.0151367, 0.229004, -0.00503248, 
        0.00830078, 0.22998, -0.00338905, 0.00927734, 0.22998, -0.00373621, 0.0102539, 0.22998, -0.00405799, 0.0112305, 0.22998, -0.00435248, 0.012207, 0.22998, -0.00461799, 0.0131836, 0.22998, -0.00485315, 0.0141602, 0.22998, -0.00505682, 0.0151367, 0.22998, -0.00522822, 
        0.00830078, 0.230957, -0.00350253, 0.00927734, 0.230957, -0.00386048, 0.0102539, 0.230957, -0.00419194, 0.0112305, 0.230957, -0.0044949, 0.012207, 0.230957, -0.0047676, 0.0131836, 0.230957, -0.0050086, 0.0141602, 0.230957, -0.00521674, 0.0151367, 0.230957, -0.00539117, 
        0.00830078, 0.231934, -0.00359179, 0.00927734, 0.231934, -0.00395827, 0.0102539, 0.231934, -0.00429739, 0.0112305, 0.231934, -0.00460707, 0.012207, 0.231934, -0.00488551, 0.0131836, 0.231934, -0.0051312, 0.0141602, 0.231934, -0.00534295, 0.0151367, 0.231934, -0.0055199, 
        0.00830078, 0.23291, -0.00365602, 0.00927734, 0.23291, -0.00402869, 0.0102539, 0.23291, -0.0043734, 0.0112305, 0.23291, -0.004688, 0.012207, 0.23291, -0.00497067, 0.0131836, 0.23291, -0.00521986, 0.0141602, 0.23291, -0.00543436, 0.0151367, 0.23291, -0.00561327, 
        0.00830078, 0.233887, -0.00369468, 0.00927734, 0.233887, -0.00407115, 0.0102539, 0.233887, -0.00441931, 0.0112305, 0.233887, -0.00473699, 0.012207, 0.233887, -0.00502235, 0.0131836, 0.233887, -0.00527383, 0.0141602, 0.233887, -0.00549018, 0.0151367, 0.233887, -0.00567051
    ]
}
