{
    "level": 0,
    "idx": {"x": 20, "y": 106},
    "dim": {"x": 8, "y": 8},
    "offset": {"x": 0.156738, "y": 0.828613},
    "cellSize": {"x": 0.000976562, "y": 0.000976562},
    "vertices": [
        0.156738, 0.828613, 9.50545e-05, 0.157715, 0.828613, -0.000281676, 0.158691, 0.828613, -0.000654335, 0.159668, 0.828613, -0.00101941, 0.160645, 0.828613, -0.0013735, 0.161621, 0.828613, -0.00171326, 0.162598, 0.828613, -0.00203551, 0.163574, 0.828613, -0.00233724, 
        0.156738, 0.82959, 6.84488e-05, 0.157715, 0.82959, -0.000301109, 0.158691, 0.82959, -0.000666641, 0.159668, 0.82959, -0.00102468, 0.160645, 0.82959, -0.00137187, 0.161621, 0.82959, -0.0017049, 0.162598, 0.82959, -0.00202065, 0.163574, 0.82959, -0.00231614, 
        0.156738, 0.830566, 4.23755e-05, 0.157715, 0.830566, -0.000316516, 0.158691, 0.830566, -0.000671465, 0.159668, 0.830566, -0.00101909, 0.160645, 0.830566, -0.00135609, 0.161621, 0.830566, -0.00167926, 0.162598, 0.830566, -0.00198553, 0.163574, 0.830566, -0.002272, 
        0.156738, 0.831543, 1.68347e-05, 0.157715, 0.831543, -0.000327977, 0.158691, 0.831543, -0.000668969, 0.159668, 0.831543, -0.00100287, 0.160645, 0.831543, -0.00132649, 0.161621, 0.831543, -0.00163673, 0.162598, 0.831543, -0.00193061, 0.163574, 0.831543, -0.00220535, 
        0.156738, 0.83252, -8.18625e-06, 0.157715, 0.83252, -0.000335617, 0.158691, 0.83252, -0.000659386, 0.159668, 0.83252, -0.000976362, 0.160645, 0.83252, -0.00128351, 0.161621, 0.83252, -0.00157784, 0.162598, 0.83252, -0.00185654, 0.163574, 0.83252, -0.0021169, 
        0.156738, 0.833496, -3.26975e-05, 0.157715, 0.833496, -0.000339592, 0.158691, 0.833496, -0.000643019, 0.159668, 0.833496, -0.00094002, 0.160645, 0.833496, -0.00122772, 0.161621, 0.833496, -0.00150332, 0.162598, 0.833496, -0.00176414, 0.163574, 0.833496, -0.00200763, 
        0.156738, 0.834473, -5.67213e-05, 0.157715, 0.834473, -0.000340097, 0.158691, 0.834473, -0.000620232, 0.159668, 0.834473, -0.00089437, 0.160645, 0.834473, -0.00115984, 0.161621, 0.834473, -0.00141401, 0.162598, 0.834473, -0.00165441, 0.163574, 0.834473, -0.00187866, 
        0.156738, 0.835449, -8.0279e-05, 0.157715, 0.835449, -0.000337359, 0.158691, 0.835449, -0.000591455, 0.159668, 0.835449, -0.000840041, 0.160645, 0.835449, -0.00108067, 0.161621, 0.835449, -0.00131093, 0.162598, 0.835449, -0.00152854, 0.163574, 0.835449, -0.00173134
    ]
}
