{
    "level": 0,
    "idx": {"x": 20, "y": 56},
    "dim": {"x": 16, "y": 16},
    "offset": {"x": 0.312988, "y": 0.875488},
    "cellSize": {"x": 0.000976562, "y": 0.000976562},
    "vertices": [
        0.312988, 0.875488, 0.000562049, 0.313965, 0.875488, 0.00156029, 0.314941, 0.875488, 0.00250814, 0.315918, 0.875488, 0.00336924, 0.316895, 0.875488, 0.00411059, 0.317871, 0.875488, 0.00470376, 0.318848, 0.875488, 0.00512608, 0.319824, 0.875488, 0.00536144, 0.320801, 0.875488, 0.0054009, 0.321777, 0.875488, 0.00524312, 0.322754, 0.875488, 0.00489431, 0.32373, 0.875488, 0.00436805, 0.324707, 0.875488, 0.00368478, 0.325684, 0.875488, 0.00287094, 0.32666, 0.875488, 0.00195803, 0.327637, 0.875488, 0.000981366, 
        0.312988, 0.876465, 0.000903043, 0.313965, 0.876465, 0.00300017, 0.314941, 0.876465, 0.00499118, 0.315918, 0.876465, 0.00679955, 0.316895, 0.876465, 0.00835581, 0.317871, 0.876465, 0.00960012, 0.318848, 0.876465, 0.0104847, 0.319824, 0.876465, 0.0109758, 0.320801, 0.876465, 0.0110544, 0.321777, 0.876465, 0.0107178, 0.322754, 0.876465, 0.0099791, 0.32373, 0.876465, 0.00886682, 0.324707, 0.876465, 0.00742396, 0.325684, 0.876465, 0.00570624, 0.32666, 0.876465, 0.00377994, 0.327637, 0.876465, 0.00171939, 
        0.312988, 0.877441, 0.00121871, 0.313965, 0.877441, 0.0043342, 0.314941, 0.877441, 0.00729193, 0.315918, 0.877441, 0.00997815, 0.316895, 0.877441, 0.0122896, 0.317871, 0.877441, 0.0141373, 0.318848, 0.877441, 0.0154504, 0.319824, 0.877441, 0.0161784, 0.320801, 0.877441, 0.0162933, 0.321777, 0.877441, 0.015791, 0.322754, 0.877441, 0.0146909, 0.32373, 0.877441, 0.0130355, 0.324707, 0.877441, 0.0108887, 0.325684, 0.877441, 0.00833337, 0.32666, 0.877441, 0.00546793, 0.327637, 0.877441, 0.00240292, 
        0.312988, 0.878418, 0.00149658, 0.313965, 0.878418, 0.00551053, 0.314941, 0.878418, 0.00932116, 0.315918, 0.878418, 0.0127819, 0.316895, 0.878418, 0.0157596, 0.317871, 0.878418, 0.0181397, 0.318848, 0.878418, 0.0198307, 0.319824, 0.878418, 0.0207677, 0.320801, 0.878418, 0.0209147, 0.321777, 0.878418, 0.0202662, 0.322754, 0.878418, 0.0188473, 0.32373, 0.878418, 0.0167127, 0.324707, 0.878418, 0.0139449, 0.325684, 0.878418, 0.0106505, 0.32666, 0.878418, 0.00695643, 0.327637, 0.878418, 0.0030052, 
        0.312988, 0.879395, 0.00172573, 0.313965, 0.879395, 0.00648378, 0.314941, 0.879395, 0.0110008, 0.315918, 0.879395, 0.0151029, 0.316895, 0.879395, 0.0186325, 0.317871, 0.879395, 0.0214535, 0.318848, 0.879395, 0.0234575, 0.319824, 0.879395, 0.0245676, 0.320801, 0.879395, 0.0247411, 0.321777, 0.879395, 0.0239715, 0.322754, 0.879395, 0.0222885, 0.32373, 0.879395, 0.0197571, 0.324707, 0.879395, 0.0164748, 0.325684, 0.879395, 0.0125683, 0.32666, 0.879395, 0.00818801, 0.327637, 0.879395, 0.00350278, 
        0.312988, 0.880371, 0.00189703, 0.313965, 0.880371, 0.00721606, 0.314941, 0.880371, 0.0122656, 0.315918, 0.880371, 0.0168513, 0.316895, 0.880371, 0.0207968, 0.317871, 0.880371, 0.0239502, 0.318848, 0.880371, 0.0261902, 0.319824, 0.880371, 0.0274309, 0.320801, 0.880371, 0.0276243, 0.321777, 0.880371, 0.0267634, 0.322754, 0.880371, 0.0248812, 0.32373, 0.880371, 0.0220506, 0.324707, 0.880371, 0.0183805, 0.325684, 0.880371, 0.0140125, 0.32666, 0.880371, 0.00911476, 0.327637, 0.880371, 0.00387612, 
        0.312988, 0.881348, 0.00200367, 0.313965, 0.881348, 0.00767903, 0.314941, 0.881348, 0.0130668, 0.315918, 0.881348, 0.0179597, 0.316895, 0.881348, 0.0221694, 0.317871, 0.881348, 0.0255339, 0.318848, 0.881348, 0.0279238, 0.319824, 0.881348, 0.0292473, 0.320801, 0.881348, 0.0294534, 0.321777, 0.881348, 0.0285344, 0.322754, 0.881348, 0.0265258, 0.32373, 0.881348, 0.023505, 0.324707, 0.881348, 0.0195885, 0.325684, 0.881348, 0.0149272, 0.32666, 0.881348, 0.00970081, 0.327637, 0.881348, 0.00411059, 
        0.312988, 0.882324, 0.00204127, 0.313965, 0.882324, 0.00785454, 0.314941, 0.882324, 0.0133732, 0.315918, 0.882324, 0.018385, 0.316895, 0.882324, 0.022697, 0.317871, 0.882324, 0.0261432, 0.318848, 0.882324, 0.028591, 0.319824, 0.882324, 0.0299465, 0.320801, 0.882324, 0.0301575, 0.321777, 0.882324, 0.0292159, 0.322754, 0.882324, 0.0271582, 0.32373, 0.882324, 0.0240638, 0.324707, 0.882324, 0.0200518, 0.325684, 0.882324, 0.015277, 0.32666, 0.882324, 0.00992322, 0.327637, 0.882324, 0.00419681, 
        0.312988, 0.883301, 0.00200815, 0.313965, 0.883301, 0.00773561, 0.314941, 0.883301, 0.0131728, 0.315918, 0.883301, 0.0181106, 0.316895, 0.883301, 0.0223589, 0.317871, 0.883301, 0.0257542, 0.318848, 0.883301, 0.0281659, 0.319824, 0.883301, 0.0295014, 0.320801, 0.883301, 0.0297092, 0.321777, 0.883301, 0.0287815, 0.322754, 0.883301, 0.0267541, 0.32373, 0.883301, 0.0237053, 0.324707, 0.883301, 0.0197524, 0.325684, 0.883301, 0.015048, 0.32666, 0.883301, 0.00977316, 0.327637, 0.883301, 0.00413118, 
        0.312988, 0.884277, 0.00190536, 0.313965, 0.884277, 0.00732657, 0.314941, 0.884277, 0.0124731, 0.315918, 0.884277, 0.0171468, 0.316895, 0.884277, 0.021168, 0.317871, 0.884277, 0.0243818, 0.318848, 0.884277, 0.0266646, 0.319824, 0.884277, 0.0279287, 0.320801, 0.884277, 0.0281255, 0.321777, 0.884277, 0.0272474, 0.322754, 0.884277, 0.0253286, 0.32373, 0.884277, 0.0224429, 0.324707, 0.884277, 0.0187015, 0.325684, 0.884277, 0.0142487, 0.32666, 0.884277, 0.00925609, 0.327637, 0.884277, 0.00391593, 
        0.312988, 0.885254, 0.00173663, 0.313965, 0.885254, 0.006643, 0.314941, 0.885254, 0.0113008, 0.315918, 0.885254, 0.0155307, 0.316895, 0.885254, 0.0191701, 0.317871, 0.885254, 0.0220787, 0.318848, 0.885254, 0.0241448, 0.319824, 0.885254, 0.0252891, 0.320801, 0.885254, 0.0254673, 0.321777, 0.885254, 0.0246729, 0.322754, 0.885254, 0.0229365, 0.32373, 0.885254, 0.0203251, 0.324707, 0.885254, 0.0169394, 0.325684, 0.885254, 0.0129099, 0.32666, 0.885254, 0.00839174, 0.327637, 0.885254, 0.0035591, 
        0.312988, 0.88623, 0.00150821, 0.313965, 0.88623, 0.00571089, 0.314941, 0.88623, 0.00970063, 0.315918, 0.88623, 0.0133239, 0.316895, 0.88623, 0.0164414, 0.317871, 0.88623, 0.018933, 0.318848, 0.88623, 0.020703, 0.319824, 0.88623, 0.0216834, 0.320801, 0.88623, 0.0218364, 0.321777, 0.88623, 0.0211563, 0.322754, 0.88623, 0.0196694, 0.32373, 0.88623, 0.017433, 0.324707, 0.88623, 0.0145335, 0.325684, 0.88623, 0.0110825, 0.32666, 0.88623, 0.00721297, 0.327637, 0.88623, 0.0030741, 
        0.312988, 0.887207, 0.00122873, 0.313965, 0.887207, 0.00456606, 0.314941, 0.887207, 0.00773432, 0.315918, 0.887207, 0.0106116, 0.316895, 0.887207, 0.0130873, 0.317871, 0.887207, 0.0150661, 0.318848, 0.887207, 0.0164719, 0.319824, 0.887207, 0.0172508, 0.320801, 0.887207, 0.0173728, 0.321777, 0.887207, 0.0168333, 0.322754, 0.887207, 0.0156532, 0.32373, 0.887207, 0.0138781, 0.324707, 0.887207, 0.0115764, 0.325684, 0.887207, 0.00883689, 0.32666, 0.887207, 0.00576509, 0.327637, 0.887207, 0.00247942, 
        0.312988, 0.888184, 0.000908692, 0.313965, 0.888184, 0.00325219, 0.314941, 0.888184, 0.00547701, 0.315918, 0.888184, 0.00749759, 0.316895, 0.888184, 0.00923626, 0.317871, 0.888184, 0.0106261, 0.318848, 0.888184, 0.0116137, 0.319824, 0.888184, 0.0121612, 0.320801, 0.888184, 0.0122475, 0.321777, 0.888184, 0.0118696, 0.322754, 0.888184, 0.0110419, 0.32373, 0.888184, 0.00979649, 0.324707, 0.888184, 0.00818145, 0.325684, 0.888184, 0.00625903, 0.32666, 0.888184, 0.00410338, 0.327637, 0.888184, 0.0017976, 
        0.312988, 0.88916, 0.000560261, 0.313965, 0.88916, 0.00181988, 0.314941, 0.88916, 0.00301577, 0.315918, 0.88916, 0.00410199, 0.316895, 0.88916, 0.00503682, 0.317871, 0.88916, 0.00578432, 0.318848, 0.88916, 0.00631582, 0.319824, 0.88916, 0.00661098, 0.320801, 0.88916, 0.00665849, 0.321777, 0.88916, 0.00645665, 0.322754, 0.88916, 0.00601332, 0.32373, 0.88916, 0.00534567, 0.324707, 0.88916, 0.00447951, 0.325684, 0.88916, 0.00344829, 0.32666, 0.88916, 0.00229183, 0.327637, 0.88916, 0.00105474, 
