{
    "level": 0,
    "idx": {"x": 20, "y": 15},
    "dim": {"x": 8, "y": 8},
    "offset": {"x": 0.156738, "y": 0.117676},
    "cellSize": {"x": 0.000976562, "y": 0.000976562},
    "vertices": [
        0.156738, 0.117676, 0.00120367, 0.157715, 0.117676, 0.00135185, 0.158691, 0.117676, 0.0014968, 0.159668, 0.117676, 0.00163613, 0.160645, 0.117676, 0.00176746, 0.161621, 0.117676, 0.0018885, 0.162598, 0.117676, 0.00199707, 0.163574, 0.117676, 0.00209109, 
        0.156738, 0.118652, 0.00118359, 0.157715, 0.118652, 0.00130625, 0.158691, 0.118652, 0.00142599, 0.159668, 0.118652, 0.00154067, 0.160645, 0.118652, 0.00164817, 0.161621, 0.118652, 0.00174645, 0.162598, 0.118652, 0.00183355, 0.163574, 0.118652, 0.00190761, 
        0.156738, 0.119629, 0.00116277, 0.157715, 0.119629, 0.00125773, 0.158691, 0.119629, 0.00135012, 0.159668, 0.119629, 0.00143804, 0.160645, 0.119629, 0.00151967, 0.161621, 0.119629, 0.00159323, 0.162598, 0.119629, 0.001657, 0.163574, 0.119629, 0.00170938, 
        0.156738, 0.120605, 0.00114128, 0.157715, 0.120605, 0.00120664, 0.158691, 0.120605, 0.00126978, 0.159668, 0.120605, 0.00132912, 0.160645, 0.120605, 0.0013831, 0.161621, 0.120605, 0.00143022, 0.162598, 0.120605, 0.00146906, 0.163574, 0.120605, 0.00149826, 
        0.156738, 0.121582, 0.00111916, 0.157715, 0.121582, 0.00115333, 0.158691, 0.121582, 0.00118564, 0.159668, 0.121582, 0.00121484, 0.160645, 0.121582, 0.00123967, 0.161621, 0.121582, 0.00125893, 0.162598, 0.121582, 0.00127148, 0.163574, 0.121582, 0.00127623, 
        0.156738, 0.122559, 0.00109647, 0.157715, 0.122559, 0.00109816, 0.158691, 0.122559, 0.00109838, 0.159668, 0.122559, 0.0010962, 0.160645, 0.122559, 0.00109068, 0.161621, 0.122559, 0.00108093, 0.162598, 0.122559, 0.0010661, 0.163574, 0.122559, 0.00104538, 
        0.156738, 0.123535, 0.00107326, 0.157715, 0.123535, 0.00104152, 0.158691, 0.123535, 0.00100871, 0.159668, 0.123535, 0.000974222, 0.160645, 0.123535, 0.000937458, 0.161621, 0.123535, 0.000897845, 0.162598, 0.123535, 0.000854832, 0.163574, 0.123535, 0.000807901, 
        0.156738, 0.124512, 0.00104961, 0.157715, 0.124512, 0.000983818, 0.158691, 0.124512, 0.000917363, 0.159668, 0.124512, 0.000849976, 0.160645, 0.124512, 0.000781393, 0.161621, 0.124512, 0.000711365, 0.162598, 0.124512, 0.000639649, 0.163574, 0.124512, 0.000566022
    ]
}
