{
    "level": 0,
    "idx": {"x": 21, "y": 121},
    "dim": {"x": 8, "y": 8},
    "offset": {"x": 0.164551, "y": 0.945801},
    "cellSize": {"x": 0.000976562, "y": 0.000976562},
    "vertices": [
        0.164551, 0.945801, -0.00236552, 0.165527, 0.945801, -0.00243528, 0.166504, 0.945801, -0.00248316, 0.16748, 0.945801, -0.00250761, 0.168457, 0.945801, -0.00250731, 0.169434, 0.945801, -0.00248116, 0.17041, 0.945801, -0.00242833, 0.171387, 0.945801, -0.00234824, 
        0.164551, 0.946777, -0.00252089, 0.165527, 0.946777, -0.00260633, 0.166504, 0.946777, -0.00266822, 0.16748, 0.946777, -0.00270489, 0.168457, 0.946777, -0.00271491, 0.169434, 0.946777, -0.00269711, 0.17041, 0.946777, -0.00265057, 0.171387, 0.946777, -0.00257467, 
        0.164551, 0.947754, -0.00265464, 0.165527, 0.947754, -0.00275385, 0.166504, 0.947754, -0.00282808, 0.16748, 0.947754, -0.00287554, 0.168457, 0.947754, -0.00289471, 0.169434, 0.947754, -0.00288434, 0.17041, 0.947754, -0.00284346, 0.171387, 0.947754, -0.0027714, 
        0.164551, 0.94873, -0.00276541, 0.165527, 0.94873, -0.00287638, 0.166504, 0.94873, -0.00296116, 0.16748, 0.94873, -0.00301788, 0.168457, 0.94873, -0.00304495, 0.169434, 0.94873, -0.00304105, 0.17041, 0.94873, -0.00300516, 0.171387, 0.94873, -0.00293658, 
        0.164551, 0.949707, -0.00285212, 0.165527, 0.949707, -0.00297273, 0.166504, 0.949707, -0.00306619, 0.16748, 0.949707, -0.00313058, 0.168457, 0.949707, -0.00316423, 0.169434, 0.949707, -0.00316578, 0.17041, 0.949707, -0.00313418, 0.171387, 0.949707, -0.00306869, 
        0.164551, 0.950684, -0.0029139, 0.165527, 0.950684, -0.00304193, 0.166504, 0.950684, -0.00314214, 0.16748, 0.950684, -0.00321254, 0.168457, 0.950684, -0.00325141, 0.169434, 0.950684, -0.00325736, 0.17041, 0.950684, -0.00322931, 0.171387, 0.950684, -0.0031665, 
        0.164551, 0.95166, -0.00295011, 0.165527, 0.95166, -0.00308331, 0.166504, 0.95166, -0.00318827, 0.16748, 0.95166, -0.00326297, 0.168457, 0.95166, -0.00330566, 0.169434, 0.95166, -0.00331493, 0.17041, 0.95166, -0.00328967, 0.171387, 0.95166, -0.00322914, 
        0.164551, 0.952637, -0.00296036, 0.165527, 0.952637, -0.00309645, 0.166504, 0.952637, -0.00320414, 0.16748, 0.952637, -0.0032814, 0.168457, 0.952637, -0.00332649, 0.169434, 0.952637, -0.00333798, 0.17041, 0.952637, -0.00331476, 0.171387, 0.952637, -0.00325606
    ]
}
