{
    "level": 0,
    "idx": {"x": 21, "y": 25},
    "dim": {"x": 16, "y": 16},
    "offset": {"x": 0.328613, "y": 0.391113},
    "cellSize": {"x": 0.000976562, "y": 0.000976562},
    "vertices": [
        0.328613, 0.391113, 0.0569537, 0.32959, 0.391113, 0.0581697, 0.330566, 0.391113, 0.0593689, 0.331543, 0.391113, 0.0605348, 0.33252, 0.391113, 0.0616527, 0.333496, 0.391113, 0.0627098, 0.334473, 0.391113, 0.0636959, 0.335449, 0.391113, 0.064604, 0.336426, 0.391113, 0.0654298, 0.337402, 0.391113, 0.0661729, 0.338379, 0.391113, 0.066836, 0.339355, 0.391113, 0.0674252, 0.340332, 0.391113, 0.0679496, 0.341309, 0.391113, 0.0684212, 0.342285, 0.391113, 0.0688539, 0.343262, 0.391113, 0.0692635, 
        0.328613, 0.39209, 0.0578147, 0.32959, 0.39209, 0.0601598, 0.330566, 0.39209, 0.0624305, 0.331543, 0.39209, 0.0645694, 0.33252, 0.39209, 0.0665245, 0.333496, 0.39209, 0.068251, 0.334473, 0.39209, 0.0697134, 0.335449, 0.39209, 0.0708863, 0.336426, 0.39209, 0.0717558, 0.337402, 0.39209, 0.0723198, 0.338379, 0.39209, 0.0725884, 0.339355, 0.39209, 0.072583, 0.340332, 0.39209, 0.072336, 0.341309, 0.39209, 0.0718892, 0.342285, 0.39209, 0.0712923, 0.343262, 0.39209, 0.070601, 
        0.328613, 0.393066, 0.0586554, 0.32959, 0.393066, 0.0620692, 0.330566, 0.393066, 0.0653542, 0.331543, 0.393066, 0.068414, 0.33252, 0.393066, 0.0711616, 0.333496, 0.393066, 0.0735219, 0.334473, 0.393066, 0.0754353, 0.335449, 0.393066, 0.0768592, 0.336426, 0.393066, 0.0777703, 0.337402, 0.393066, 0.0781653, 0.338379, 0.393066, 0.078061, 0.339355, 0.393066, 0.0774934, 0.340332, 0.393066, 0.0765168, 0.341309, 0.393066, 0.0752014, 0.342285, 0.393066, 0.0736307, 0.343262, 0.393066, 0.071898, 
        0.328613, 0.394043, 0.0594621, 0.32959, 0.394043, 0.0638433, 0.330566, 0.394043, 0.0680464, 0.331543, 0.394043, 0.07194, 0.33252, 0.394043, 0.0754052, 0.333496, 0.394043, 0.0783396, 0.334473, 0.394043, 0.0806615, 0.335449, 0.394043, 0.0823132, 0.336426, 0.394043, 0.0832626, 0.337402, 0.394043, 0.0835054, 0.338379, 0.394043, 0.0830643, 0.339355, 0.394043, 0.0819888, 0.340332, 0.394043, 0.0803529, 0.341309, 0.394043, 0.0782525, 0.342285, 0.394043, 0.0758014, 0.343262, 0.394043, 0.0731274, 
        0.328613, 0.39502, 0.0602223, 0.32959, 0.39502, 0.0654326, 0.330566, 0.39502, 0.0704228, 0.331543, 0.39502, 0.0750312, 0.33252, 0.39502, 0.0791116, 0.333496, 0.39502, 0.0825384, 0.334473, 0.39502, 0.0852111, 0.335449, 0.39502, 0.0870587, 0.336426, 0.39502, 0.088042, 0.337402, 0.39502, 0.0881554, 0.338379, 0.39502, 0.0874271, 0.339355, 0.39502, 0.0859178, 0.340332, 0.39502, 0.0837184, 0.341309, 0.39502, 0.0809469, 0.342285, 0.39502, 0.0777432, 0.343262, 0.39502, 0.0742644, 
        0.328613, 0.395996, 0.0609255, 0.32959, 0.395996, 0.066795, 0.330566, 0.395996, 0.0724109, 0.331543, 0.395996, 0.0775878, 0.33252, 0.395996, 0.0821578, 0.333496, 0.395996, 0.0859766, 0.334473, 0.395996, 0.0889291, 0.335449, 0.395996, 0.0909335, 0.336426, 0.395996, 0.0919451, 0.337402, 0.395996, 0.0919574, 0.338379, 0.395996, 0.0910026, 0.339355, 0.395996, 0.0891505, 0.340332, 0.395996, 0.0865056, 0.341309, 0.395996, 0.0832032, 0.342285, 0.395996, 0.0794038, 0.343262, 0.395996, 0.0752879, 
        0.328613, 0.396973, 0.0615632, 0.32959, 0.396973, 0.0678968, 0.330566, 0.396973, 0.0739534, 0.331543, 0.396973, 0.0795308, 0.33252, 0.396973, 0.0844461, 0.333496, 0.396973, 0.0885418, 0.334473, 0.396973, 0.0916924, 0.335449, 0.396973, 0.0938089, 0.336426, 0.396973, 0.0948424, 0.337402, 0.396973, 0.0947858, 0.338379, 0.396973, 0.0936743, 0.339355, 0.396973, 0.091584, 0.340332, 0.396973, 0.0886289, 0.341309, 0.396973, 0.0849564, 0.342285, 0.396973, 0.0807415, 0.343262, 0.396973, 0.0761812, 
        0.328613, 0.397949, 0.0621294, 0.32959, 0.397949, 0.0687145, 0.330566, 0.397949, 0.07501, 0.331543, 0.397949, 0.0808049, 0.33252, 0.397949, 0.085908, 0.333496, 0.397949, 0.0901551, 0.334473, 0.397949, 0.0934149, 0.335449, 0.397949, 0.0955946, 0.336426, 0.397949, 0.0966429, 0.337402, 0.397949, 0.0965527, 0.338379, 0.397949, 0.0953607, 0.339355, 0.397949, 0.0931462, 0.340332, 0.397949, 0.0900283, 0.341309, 0.397949, 0.086161, 0.342285, 0.397949, 0.0817272, 0.343262, 0.397949, 0.0769323, 
        0.328613, 0.398926, 0.062621, 0.32959, 0.398926, 0.0692354, 0.330566, 0.398926, 0.0755591, 0.331543, 0.398926, 0.0813803, 0.33252, 0.398926, 0.086507, 0.333496, 0.398926, 0.0907742, 0.334473, 0.398926, 0.0940504, 0.335449, 0.398926, 0.0962421, 0.336426, 0.398926, 0.0972981, 0.337402, 0.398926, 0.0972111, 0.338379, 0.398926, 0.0960179, 0.339355, 0.398926, 0.0937983, 0.340332, 0.398926, 0.0906718, 0.341309, 0.398926, 0.0867928, 0.342285, 0.398926, 0.0823452, 0.343262, 0.398926, 0.0775351, 
        0.328613, 0.399902, 0.0630375, 0.32959, 0.399902, 0.0694582, 0.330566, 0.399902, 0.0755987, 0.331543, 0.399902, 0.0812541, 0.33252, 0.399902, 0.0862393, 0.333496, 0.399902, 0.0903951, 0.334473, 0.399902, 0.0935944, 0.335449, 0.399902, 0.0957469, 0.336426, 0.399902, 0.0968033, 0.337402, 0.399902, 0.0967564, 0.338379, 0.399902, 0.0956419, 0.339355, 0.399902, 0.0935367, 0.340332, 0.399902, 0.0905561, 0.341309, 0.399902, 0.0868494, 0.342285, 0.399902, 0.0825939, 0.343262, 0.399902, 0.0779887, 
        0.328613, 0.400879, 0.0633816, 0.32959, 0.400879, 0.0693933, 0.330566, 0.400879, 0.0751461, 0.331543, 0.400879, 0.0804504, 0.33252, 0.400879, 0.085135, 0.333496, 0.400879, 0.0890522, 0.334473, 0.400879, 0.0920845, 0.335449, 0.400879, 0.0941484, 0.336426, 0.400879, 0.0951981, 0.337402, 0.400879, 0.095227, 0.338379, 0.400879, 0.0942681, 0.339355, 0.400879, 0.0923927, 0.340332, 0.400879, 0.0897074, 0.341309, 0.400879, 0.0863505, 0.342285, 0.400879, 0.082486, 0.343262, 0.400879, 0.0782983, 
        0.328613, 0.401855, 0.0636583, 0.32959, 0.401855, 0.0690617, 0.330566, 0.401855, 0.0742378, 0.331543, 0.401855, 0.0790196, 0.33252, 0.401855, 0.083256, 0.333496, 0.401855, 0.086817, 0.334473, 0.401855, 0.089599, 0.335449, 0.401855, 0.0915284, 0.336426, 0.401855, 0.0925649, 0.337402, 0.401855, 0.0927027, 0.338379, 0.401855, 0.0919707, 0.339355, 0.401855, 0.0904318, 0.340332, 0.401855, 0.0881801, 0.341309, 0.401855, 0.0853372, 0.342285, 0.401855, 0.0820478, 0.343262, 0.401855, 0.0784743, 
        0.328613, 0.402832, 0.0638755, 0.32959, 0.402832, 0.068495, 0.330566, 0.402832, 0.0729279, 0.331543, 0.402832, 0.0770359, 0.33252, 0.402832, 0.0806942, 0.333496, 0.402832, 0.0837953, 0.334473, 0.402832, 0.0862535, 0.335449, 0.402832, 0.0880081, 0.336426, 0.402832, 0.0890256, 0.337402, 0.402832, 0.0893013, 0.338379, 0.402832, 0.0888591, 0.339355, 0.402832, 0.0877509, 0.340332, 0.402832, 0.0860544, 0.341309, 0.402832, 0.0838704, 0.342285, 0.402832, 0.0813183, 0.343262, 0.402832, 0.0785323, 
        0.328613, 0.403809, 0.0640432, 0.32959, 0.403809, 0.0677337, 0.330566, 0.403809, 0.0712855, 0.331543, 0.403809, 0.0745948, 0.33252, 0.403809, 0.0775675, 0.333496, 0.403809, 0.0801231, 0.334473, 0.403809, 0.0821968, 0.335449, 0.403809, 0.0837432, 0.336426, 0.403809, 0.084737, 0.337402, 0.403809, 0.0851746, 0.338379, 0.403809, 0.0850741, 0.339355, 0.403809, 0.0844743, 0.340332, 0.403809, 0.0834339, 0.341309, 0.403809, 0.0820284, 0.342285, 0.403809, 0.0803476, 0.343262, 0.403809, 0.0784925, 
        0.328613, 0.404785, 0.0641734, 0.32959, 0.404785, 0.0668257, 0.330566, 0.404785, 0.0693929, 0.331543, 0.404785, 0.0718094, 0.33252, 0.404785, 0.0740159, 0.333496, 0.404785, 0.0759613, 0.334473, 0.404785, 0.077605, 0.335449, 0.404785, 0.0789181, 0.336426, 0.404785, 0.0798846, 0.337402, 0.404785, 0.0805022, 0.338379, 0.404785, 0.0807824, 0.339355, 0.404785, 0.0807496, 0.340332, 0.404785, 0.0804408, 0.341309, 0.404785, 0.0799038, 0.342285, 0.404785, 0.0791952, 0.343262, 0.404785, 0.0783788, 
