{
    "level": 0,
    "idx": {"x": 21, "y": 31},
    "dim": {"x": 16, "y": 16},
    "offset": {"x": 0.328613, "y": 0.484863},
    "cellSize": {"x": 0.000976562, "y": 0.000976562},
    "vertices": [
        0.328613, 0.484863, 0.0910091, 0.32959, 0.484863, 0.0927932, 0.330566, 0.484863, 0.0945586, 0.331543, 0.484863, 0.0962849, 0.33252, 0.484863, 0.0979537, 0.333496, 0.484863, 0.0995493, 0.334473, 0.484863, 0.101059, 0.335449, 0.484863, 0.102474, 0.336426, 0.484863, 0.103789, 0.337402, 0.484863, 0.105004, 0.338379, 0.484863, 0.106121, 0.339355, 0.484863, 0.107149, 0.340332, 0.484863, 0.108099, 0.341309, 0.484863, 0.108985, 0.342285, 0.484863, 0.109825, 0.343262, 0.484863, 0.110638, 
        0.328613, 0.48584, 0.0914863, 0.32959, 0.48584, 0.0943905, 0.330566, 0.48584, 0.0972185, 0.331543, 0.48584, 0.0999091, 0.33252, 0.48584, 0.102407, 0.333496, 0.48584, 0.104664, 0.334473, 0.48584, 0.106643, 0.335449, 0.48584, 0.108317, 0.336426, 0.48584, 0.10967, 0.337402, 0.48584, 0.110701, 0.338379, 0.48584, 0.11142, 0.339355, 0.48584, 0.11185, 0.340332, 0.48584, 0.112025, 0.341309, 0.48584, 0.11199, 0.342285, 0.48584, 0.111798, 0.343262, 0.48584, 0.111509, 
        0.328613, 0.486816, 0.0919353, 0.32959, 0.486816, 0.095895, 0.330566, 0.486816, 0.0997245, 0.331543, 0.486816, 0.103324, 0.33252, 0.486816, 0.106603, 0.333496, 0.486816, 0.109484, 0.334473, 0.486816, 0.111906, 0.335449, 0.486816, 0.113823, 0.336426, 0.486816, 0.115212, 0.337402, 0.486816, 0.116069, 0.338379, 0.486816, 0.116413, 0.339355, 0.486816, 0.116279, 0.340332, 0.486816, 0.115724, 0.341309, 0.486816, 0.114821, 0.342285, 0.486816, 0.113657, 0.343262, 0.486816, 0.112328, 
        0.328613, 0.487793, 0.0923424, 0.32959, 0.487793, 0.0972527, 0.330566, 0.487793, 0.101984, 0.331543, 0.487793, 0.106402, 0.33252, 0.487793, 0.110385, 0.333496, 0.487793, 0.113828, 0.334473, 0.487793, 0.116647, 0.335449, 0.487793, 0.118784, 0.336426, 0.487793, 0.120205, 0.337402, 0.487793, 0.120907, 0.338379, 0.487793, 0.120912, 0.339355, 0.487793, 0.12027, 0.340332, 0.487793, 0.119058, 0.341309, 0.487793, 0.117374, 0.342285, 0.487793, 0.115334, 0.343262, 0.487793, 0.113069, 
        0.328613, 0.48877, 0.0926955, 0.32959, 0.48877, 0.0984147, 0.330566, 0.48877, 0.103914, 0.331543, 0.48877, 0.109028, 0.33252, 0.48877, 0.11361, 0.333496, 0.48877, 0.117531, 0.334473, 0.48877, 0.120689, 0.335449, 0.48877, 0.123013, 0.336426, 0.48877, 0.124462, 0.337402, 0.48877, 0.125031, 0.338379, 0.48877, 0.124748, 0.339355, 0.48877, 0.123674, 0.340332, 0.48877, 0.121904, 0.341309, 0.48877, 0.119554, 0.342285, 0.48877, 0.116769, 0.343262, 0.48877, 0.113708, 
        0.328613, 0.489746, 0.0929841, 0.32959, 0.489746, 0.0993397, 0.330566, 0.489746, 0.105443, 0.331543, 0.489746, 0.111105, 0.33252, 0.489746, 0.116158, 0.333496, 0.489746, 0.120455, 0.334473, 0.489746, 0.12388, 0.335449, 0.489746, 0.126351, 0.336426, 0.489746, 0.127822, 0.337402, 0.489746, 0.128286, 0.338379, 0.489746, 0.127777, 0.339355, 0.489746, 0.126364, 0.340332, 0.489746, 0.124154, 0.341309, 0.489746, 0.121282, 0.342285, 0.489746, 0.117911, 0.343262, 0.489746, 0.114224, 
        0.328613, 0.490723, 0.0932003, 0.32959, 0.490723, 0.0999951, 0.330566, 0.490723, 0.106515, 0.331543, 0.490723, 0.112555, 0.33252, 0.490723, 0.117933, 0.333496, 0.490723, 0.12249, 0.334473, 0.490723, 0.126099, 0.335449, 0.490723, 0.128672, 0.336426, 0.490723, 0.130158, 0.337402, 0.490723, 0.130551, 0.338379, 0.490723, 0.129886, 0.339355, 0.490723, 0.128239, 0.340332, 0.490723, 0.125726, 0.341309, 0.490723, 0.122494, 0.342285, 0.490723, 0.118719, 0.343262, 0.490723, 0.1146, 
        0.328613, 0.491699, 0.0933383, 0.32959, 0.491699, 0.100358, 0.330566, 0.491699, 0.107091, 0.331543, 0.491699, 0.113326, 0.33252, 0.491699, 0.118871, 0.333496, 0.491699, 0.123561, 0.334473, 0.491699, 0.127265, 0.335449, 0.491699, 0.12989, 0.336426, 0.491699, 0.131384, 0.337402, 0.491699, 0.131741, 0.338379, 0.491699, 0.130997, 0.339355, 0.491699, 0.129231, 0.340332, 0.491699, 0.126563, 0.341309, 0.491699, 0.123147, 0.342285, 0.491699, 0.119166, 0.343262, 0.491699, 0.114826, 
        0.328613, 0.492676, 0.0933952, 0.32959, 0.492676, 0.100418, 0.330566, 0.492676, 0.107153, 0.331543, 0.492676, 0.11339, 0.33252, 0.492676, 0.118937, 0.333496, 0.492676, 0.123629, 0.334473, 0.492676, 0.127335, 0.335449, 0.492676, 0.129961, 0.336426, 0.492676, 0.131456, 0.337402, 0.492676, 0.131813, 0.338379, 0.492676, 0.131069, 0.339355, 0.492676, 0.129303, 0.340332, 0.492676, 0.126634, 0.341309, 0.492676, 0.123218, 0.342285, 0.492676, 0.119236, 0.343262, 0.492676, 0.114896, 
        0.328613, 0.493652, 0.093371, 0.32959, 0.493652, 0.100173, 0.330566, 0.493652, 0.1067, 0.331543, 0.493652, 0.112747, 0.33252, 0.493652, 0.118132, 0.333496, 0.493652, 0.122694, 0.334473, 0.493652, 0.126308, 0.335449, 0.493652, 0.128884, 0.336426, 0.493652, 0.130373, 0.337402, 0.493652, 0.130767, 0.338379, 0.493652, 0.130103, 0.339355, 0.493652, 0.128456, 0.340332, 0.493652, 0.125941, 0.341309, 0.493652, 0.122707, 0.342285, 0.493652, 0.118931, 0.343262, 0.493652, 0.114809, 
        0.328613, 0.494629, 0.0932685, 0.32959, 0.494629, 0.0996363, 0.330566, 0.494629, 0.105751, 0.331543, 0.494629, 0.111425, 0.33252, 0.494629, 0.116487, 0.333496, 0.494629, 0.120793, 0.334473, 0.494629, 0.124226, 0.335449, 0.494629, 0.126703, 0.336426, 0.494629, 0.128178, 0.337402, 0.494629, 0.128645, 0.338379, 0.494629, 0.128137, 0.339355, 0.494629, 0.126724, 0.340332, 0.494629, 0.124512, 0.341309, 0.494629, 0.121637, 0.342285, 0.494629, 0.118263, 0.343262, 0.494629, 0.114571, 
        0.328613, 0.495605, 0.0930933, 0.32959, 0.495605, 0.0988292, 0.330566, 0.495605, 0.104344, 0.331543, 0.495605, 0.109474, 0.33252, 0.495605, 0.11407, 0.333496, 0.495605, 0.118003, 0.334473, 0.495605, 0.121172, 0.335449, 0.495605, 0.123503, 0.336426, 0.495605, 0.124958, 0.337402, 0.495605, 0.125531, 0.338379, 0.495605, 0.125249, 0.339355, 0.495605, 0.124176, 0.340332, 0.495605, 0.122403, 0.341309, 0.495605, 0.12005, 0.342285, 0.495605, 0.117261, 0.343262, 0.495605, 0.114194, 
        0.328613, 0.496582, 0.0928534, 0.32959, 0.496582, 0.0977844, 0.330566, 0.496582, 0.102536, 0.331543, 0.496582, 0.106973, 0.33252, 0.496582, 0.110973, 0.333496, 0.496582, 0.114431, 0.334473, 0.496582, 0.117263, 0.335449, 0.496582, 0.11941, 0.336426, 0.496582, 0.120839, 0.337402, 0.496582, 0.121546, 0.338379, 0.496582, 0.121553, 0.339355, 0.496582, 0.120912, 0.340332, 0.496582, 0.119698, 0.341309, 0.496582, 0.11801, 0.342285, 0.496582, 0.115964, 0.343262, 0.496582, 0.113693, 
        0.328613, 0.497559, 0.0925593, 0.32959, 0.497559, 0.0965431, 0.330566, 0.497559, 0.100396, 0.331543, 0.497559, 0.104018, 0.33252, 0.497559, 0.107317, 0.333496, 0.497559, 0.110216, 0.334473, 0.497559, 0.112653, 0.335449, 0.497559, 0.114582, 0.336426, 0.497559, 0.115981, 0.337402, 0.497559, 0.116845, 0.338379, 0.497559, 0.117191, 0.339355, 0.497559, 0.117058, 0.340332, 0.497559, 0.116501, 0.341309, 0.497559, 0.115595, 0.342285, 0.497559, 0.114425, 0.343262, 0.497559, 0.11309, 
        0.328613, 0.498535, 0.092223, 0.32959, 0.498535, 0.0951541, 0.330566, 0.498535, 0.0980083, 0.331543, 0.498535, 0.100724, 0.33252, 0.498535, 0.103244, 0.333496, 0.498535, 0.105522, 0.334473, 0.498535, 0.107519, 0.335449, 0.498535, 0.109206, 0.336426, 0.498535, 0.110571, 0.337402, 0.498535, 0.111609, 0.338379, 0.498535, 0.112332, 0.339355, 0.498535, 0.112764, 0.340332, 0.498535, 0.112938, 0.341309, 0.498535, 0.1129, 0.342285, 0.498535, 0.112703, 0.343262, 0.498535, 0.112407, 
        0.328613, 0.499512, 0.091858, 0.32959, 0.499512, 0.0936713, 0.330566, 0.499512, 0.095465, 0.331543, 0.499512, 0.0972182, 0.33252, 0.499512, 0.0989118, 0.333496, 0.499512, 0.10053, 0.334473, 0.499512, 0.102059, 0.335449, 0.499512, 0.10349, 0.336426, 0.499512, 0.104818, 0.337402, 0.499512, 0.106041, 0.338379, 0.499512, 0.107165, 0.339355, 0.499512, 0.108196, 0.340332, 0.499512, 0.109145, 0.341309, 0.499512, 0.110029, 0.342285, 0.499512, 0.110865, 0.343262, 0.499512, 0.111673
    ]
}
