{
    "level": 0,
    "idx": {"x": 21, "y": 3},
    "dim": {"x": 8, "y": 8},
    "offset": {"x": 0.658203, "y": 0.0957031},
    "cellSize": {"x": 0.00390625, "y": 0.00390625},
    "vertices": [
        0.658203, 0.0957031, 0.00123837, 0.662109, 0.0957031, 0.00227368, 0.666016, 0.0957031, 0.00204725, 0.669922, 0.0957031, 0.000688706, 0.673828, 0.0957031, -0.00100418, 0.677734, 0.0957031, -0.00203614, 0.681641, 0.0957031, -0.00180185, 0.685547, 0.0957031, -0.000443161, 
        0.658203, 0.0996094, 0.0114311, 0.662109, 0.0996094, 0.0221414, 0.666016, 0.0996094, 0.0198759, 0.669922, 0.0996094, 0.00596725, 0.673828, 0.0996094, -0.0113812, 0.677734, 0.0996094, -0.0219354, 0.681641, 0.0996094, -0.0194709, 0.685547, 0.0996094, -0.00544648, 
        0.658203, 0.103516, 0.0149756, 0.662109, 0.103516, 0.0290355, 0.666016, 0.103516, 0.0260631, 0.669922, 0.103516, 0.00780798, 0.673828, 0.103516, -0.0149624, 0.677734, 0.103516, -0.0288145, 0.681641, 0.103516, -0.0255783, 0.685547, 0.103516, -0.00716871, 
        0.658203, 0.107422, 0.00979339, 0.662109, 0.107422, 0.0188998, 0.666016, 0.107422, 0.0169695, 0.669922, 0.107422, 0.00513585, 0.673828, 0.107422, -0.00962348, 0.677734, 0.107422, -0.0186037, 0.681641, 0.107422, -0.0165104, 0.685547, 0.107422, -0.00458451, 
        0.658203, 0.111328, -0.00104261, 0.662109, 0.111328, -0.00226998, 0.666016, 0.111328, -0.00202526, 0.669922, 0.111328, -0.000459596, 0.673828, 0.111328, 0.00149658, 0.677734, 0.111328, 0.0026825, 0.681641, 0.111328, 0.00239219, 0.685547, 0.111328, 0.000791119, 
        0.658203, 0.115234, -0.011121, 0.662109, 0.115234, -0.0219649, 0.666016, 0.115234, -0.0196963, 0.669922, 0.115234, -0.00566206, 0.673828, 0.115234, 0.0118487, 0.677734, 0.115234, 0.0224946, 0.681641, 0.115234, 0.019986, 0.685547, 0.115234, 0.00579702, 
        0.658203, 0.119141, -0.0144755, 0.662109, 0.119141, -0.0285444, 0.666016, 0.119141, -0.0255986, 0.669922, 0.119141, -0.00738551, 0.673828, 0.119141, 0.0153386, 0.677734, 0.119141, 0.0291548, 0.681641, 0.119141, 0.0259015, 0.685547, 0.119141, 0.00749162, 
        0.658203, 0.123047, -0.00910588, 0.662109, 0.123047, -0.018106, 0.666016, 0.123047, -0.0162301, 0.669922, 0.123047, -0.00459517, 0.673828, 0.123047, 0.00992344, 0.677734, 0.123047, 0.0187483, 0.681641, 0.123047, 0.0166625, 0.685547, 0.123047, 0.00488894
    ]
}
