{
    "level": 0,
    "idx": {"x": 21, "y": 67},
    "dim": {"x": 8, "y": 8},
    "offset": {"x": 0.164551, "y": 0.523926},
    "cellSize": {"x": 0.000976562, "y": 0.000976562},
    "vertices": [
        0.164551, 0.523926, 0.00116782, 0.165527, 0.523926, 0.0011489, 0.166504, 0.523926, 0.00115099, 0.16748, 0.523926, 0.00117548, 0.168457, 0.523926, 0.00122358, 0.169434, 0.523926, 0.00129629, 0.17041, 0.523926, 0.00139441, 0.171387, 0.523926, 0.00151848, 
        0.164551, 0.524902, 0.00136108, 0.165527, 0.524902, 0.00136277, 0.166504, 0.524902, 0.0013833, 0.16748, 0.524902, 0.00142391, 0.168457, 0.524902, 0.00148569, 0.169434, 0.524902, 0.0015695, 0.17041, 0.524902, 0.00167607, 0.171387, 0.524902, 0.00180589, 
        0.164551, 0.525879, 0.00156961, 0.165527, 0.525879, 0.00159326, 0.166504, 0.525879, 0.00163344, 0.16748, 0.525879, 0.0016912, 0.168457, 0.525879, 0.00176749, 0.169434, 0.525879, 0.00186307, 0.17041, 0.525879, 0.00197854, 0.171387, 0.525879, 0.00211434, 
        0.164551, 0.526855, 0.00179127, 0.165527, 0.526855, 0.00183806, 0.166504, 0.526855, 0.00189892, 0.16748, 0.526855, 0.00197471, 0.168457, 0.526855, 0.00206624, 0.169434, 0.526855, 0.00217413, 0.17041, 0.526855, 0.00229889, 0.171387, 0.526855, 0.00244088, 
        0.164551, 0.527832, 0.00202382, 0.165527, 0.527832, 0.00209473, 0.166504, 0.527832, 0.00217711, 0.16748, 0.527832, 0.00227167, 0.168457, 0.527832, 0.00237903, 0.169434, 0.527832, 0.00249968, 0.17041, 0.527832, 0.00263405, 0.171387, 0.527832, 0.0027824, 
        0.164551, 0.528809, 0.0022649, 0.165527, 0.528809, 0.00236066, 0.166504, 0.528809, 0.00246523, 0.16748, 0.528809, 0.00257912, 0.168457, 0.528809, 0.00270277, 0.169434, 0.528809, 0.00283654, 0.17041, 0.528809, 0.00298075, 0.171387, 0.528809, 0.00313558, 
        0.164551, 0.529785, 0.00251205, 0.165527, 0.529785, 0.00263321, 0.166504, 0.529785, 0.00276044, 0.16748, 0.529785, 0.00289405, 0.168457, 0.529785, 0.00303431, 0.169434, 0.529785, 0.00318145, 0.17041, 0.529785, 0.00333566, 0.171387, 0.529785, 0.00349705, 
        0.164551, 0.530762, 0.00276279, 0.165527, 0.530762, 0.00290965, 0.166504, 0.530762, 0.0030598, 0.16748, 0.530762, 0.00321335, 0.168457, 0.530762, 0.00337041, 0.169434, 0.530762, 0.00353105, 0.17041, 0.530762, 0.00369534, 0.171387, 0.530762, 0.00386334
    ]
}
