{
    "level": 0,
    "idx": {"x": 22, "y": 58},
    "dim": {"x": 16, "y": 16},
    "offset": {"x": 0.344238, "y": 0.906738},
    "cellSize": {"x": 0.000976562, "y": 0.000976562},
    "vertices": [
        0.344238, 0.906738, 0.000500694, 0.345215, 0.906738, 0.00153111, 0.346191, 0.906738, 0.0025081, 0.347168, 0.906738, 0.00339414, 0.348145, 0.906738, 0.00415516, 0.349121, 0.906738, 0.00476193, 0.350098, 0.906738, 0.00519116, 0.351074, 0.906738, 0.00542639, 0.352051, 0.906738, 0.00545863, 0.353027, 0.906738, 0.00528671, 0.354004, 0.906738, 0.00491731, 0.35498, 0.906738, 0.00436474, 0.355957, 0.906738, 0.00365034, 0.356934, 0.906738, 0.00280169, 0.35791, 0.906738, 0.00185153, 0.358887, 0.906738, 0.000836536, 
        0.344238, 0.907715, 0.00087857, 0.345215, 0.907715, 0.00300501, 0.346191, 0.907715, 0.0050211, 0.347168, 0.907715, 0.0068493, 0.348145, 0.907715, 0.00841926, 0.349121, 0.907715, 0.00967061, 0.350098, 0.907715, 0.0105552, 0.351074, 0.907715, 0.0110391, 0.352051, 0.907715, 0.0111037, 0.353027, 0.907715, 0.0107466, 0.354004, 0.907715, 0.00998159, 0.35498, 0.907715, 0.00883821, 0.355957, 0.907715, 0.00736056, 0.356934, 0.907715, 0.0056056, 0.35791, 0.907715, 0.00364098, 0.358887, 0.907715, 0.0015424, 
        0.344238, 0.908691, 0.00122801, 0.345215, 0.908691, 0.00436858, 0.346191, 0.908691, 0.00734614, 0.347168, 0.908691, 0.0100461, 0.348145, 0.908691, 0.0123646, 0.349121, 0.908691, 0.0142123, 0.350098, 0.908691, 0.0155183, 0.351074, 0.908691, 0.0162323, 0.352051, 0.908691, 0.0163268, 0.353027, 0.908691, 0.0157984, 0.354004, 0.908691, 0.0146673, 0.35498, 0.908691, 0.0129772, 0.355957, 0.908691, 0.0107933, 0.356934, 0.908691, 0.00819979, 0.35791, 0.908691, 0.00529649, 0.358887, 0.908691, 0.00219529, 
        0.344238, 0.909668, 0.00153544, 0.345215, 0.909668, 0.00556936, 0.346191, 0.909668, 0.00939387, 0.347168, 0.909668, 0.0128618, 0.348145, 0.909668, 0.0158396, 0.349121, 0.909668, 0.0182127, 0.350098, 0.909668, 0.0198899, 0.351074, 0.909668, 0.0208065, 0.352051, 0.909668, 0.0209274, 0.353027, 0.909668, 0.020248, 0.354004, 0.909668, 0.0187945, 0.35498, 0.909668, 0.0166228, 0.355957, 0.909668, 0.0138168, 0.356934, 0.909668, 0.0104846, 0.35791, 0.909668, 0.00675436, 0.358887, 0.909668, 0.00276995, 
        0.344238, 0.910645, 0.00178882, 0.345215, 0.910645, 0.00656076, 0.346191, 0.910645, 0.011085, 0.347168, 0.910645, 0.0151873, 0.348145, 0.910645, 0.0187098, 0.349121, 0.910645, 0.021517, 0.350098, 0.910645, 0.0235008, 0.351074, 0.910645, 0.0245848, 0.352051, 0.910645, 0.0247275, 0.353027, 0.910645, 0.0239234, 0.354004, 0.910645, 0.0222034, 0.35498, 0.910645, 0.0196339, 0.355957, 0.910645, 0.016314, 0.356934, 0.910645, 0.0123714, 0.35791, 0.910645, 0.00795806, 0.358887, 0.910645, 0.00324398, 
        0.344238, 0.911621, 0.00197825, 0.345215, 0.911621, 0.00730459, 0.346191, 0.911621, 0.0123544, 0.347168, 0.911621, 0.0169333, 0.348145, 0.911621, 0.020865, 0.349121, 0.911621, 0.0239982, 0.350098, 0.911621, 0.0262123, 0.351074, 0.911621, 0.0274221, 0.352051, 0.911621, 0.0275812, 0.353027, 0.911621, 0.0266834, 0.354004, 0.911621, 0.0247632, 0.35498, 0.911621, 0.0218949, 0.355957, 0.911621, 0.0181888, 0.356934, 0.911621, 0.0137877, 0.35791, 0.911621, 0.00886122, 0.358887, 0.911621, 0.003599, 
        0.344238, 0.912598, 0.00209627, 0.345215, 0.912598, 0.00777194, 0.346191, 0.912598, 0.0131529, 0.347168, 0.912598, 0.0180321, 0.348145, 0.912598, 0.0222216, 0.349121, 0.912598, 0.0255603, 0.350098, 0.912598, 0.0279195, 0.351074, 0.912598, 0.0292086, 0.352051, 0.912598, 0.0293779, 0.353027, 0.912598, 0.028421, 0.354004, 0.912598, 0.0263747, 0.35498, 0.912598, 0.023318, 0.355957, 0.912598, 0.0193686, 0.356934, 0.912598, 0.0146787, 0.35791, 0.912598, 0.00942875, 0.358887, 0.912598, 0.0038211, 
        0.344238, 0.913574, 0.0021382, 0.345215, 0.913574, 0.00794474, 0.346191, 0.913574, 0.0134498, 0.347168, 0.913574, 0.0184415, 0.348145, 0.913574, 0.0227276, 0.349121, 0.913574, 0.0261431, 0.350098, 0.913574, 0.0285567, 0.351074, 0.913574, 0.0298755, 0.352051, 0.913574, 0.0300486, 0.353027, 0.913574, 0.0290696, 0.354004, 0.913574, 0.026976, 0.35498, 0.913574, 0.0238487, 0.355957, 0.913574, 0.0198081, 0.356934, 0.913574, 0.0150098, 0.35791, 0.913574, 0.00963871, 0.358887, 0.913574, 0.00390159, 
        0.344238, 0.914551, 0.00210226, 0.345215, 0.914551, 0.00781615, 0.346191, 0.914551, 0.0132334, 0.347168, 0.914551, 0.0181454, 0.348145, 0.914551, 0.0223631, 0.349121, 0.914551, 0.0257242, 0.350098, 0.914551, 0.0280992, 0.351074, 0.914551, 0.0293969, 0.352051, 0.914551, 0.0295673, 0.353027, 0.914551, 0.0286038, 0.354004, 0.914551, 0.0265436, 0.35498, 0.914551, 0.0234662, 0.355957, 0.914551, 0.01949, 0.356934, 0.914551, 0.0147683, 0.35791, 0.914551, 0.00948279, 0.358887, 0.914551, 0.00383717, 
        0.344238, 0.915527, 0.00198969, 0.345215, 0.915527, 0.00739097, 0.346191, 0.915527, 0.0125118, 0.347168, 0.915527, 0.0171551, 0.348145, 0.915527, 0.021142, 0.349121, 0.915527, 0.0243192, 0.350098, 0.915527, 0.0265644, 0.351074, 0.915527, 0.0277911, 0.352051, 0.915527, 0.0279521, 0.353027, 0.915527, 0.0270414, 0.354004, 0.915527, 0.025094, 0.35498, 0.915527, 0.022185, 0.355957, 0.915527, 0.0184264, 0.356934, 0.915527, 0.0139631, 0.35791, 0.915527, 0.00896682, 0.358887, 0.915527, 0.00363015, 
        0.344238, 0.916504, 0.0018047, 0.345215, 0.916504, 0.00668541, 0.346191, 0.916504, 0.0113127, 0.347168, 0.916504, 0.0155085, 0.348145, 0.916504, 0.0191112, 0.349121, 0.916504, 0.0219823, 0.350098, 0.916504, 0.0240111, 0.351074, 0.916504, 0.0251196, 0.352051, 0.916504, 0.0252653, 0.353027, 0.916504, 0.0244424, 0.354004, 0.916504, 0.0226828, 0.35498, 0.916504, 0.0200543, 0.355957, 0.916504, 0.0166581, 0.356934, 0.916504, 0.012625, 0.35791, 0.916504, 0.0081105, 0.358887, 0.916504, 0.00328833, 
        0.344238, 0.91748, 0.00155428, 0.345215, 0.91748, 0.00572661, 0.346191, 0.91748, 0.00968232, 0.347168, 0.91748, 0.0132691, 0.348145, 0.91748, 0.016349, 0.349121, 0.91748, 0.0188034, 0.350098, 0.91748, 0.0205378, 0.351074, 0.91748, 0.0214856, 0.352051, 0.91748, 0.0216102, 0.353027, 0.91748, 0.020907, 0.354004, 0.91748, 0.019403, 0.35498, 0.91748, 0.0171562, 0.355957, 0.91748, 0.0142532, 0.356934, 0.91748, 0.0108058, 0.35791, 0.91748, 0.00694674, 0.358887, 0.91748, 0.00282475, 
        0.344238, 0.918457, 0.00124792, 0.345215, 0.918457, 0.0045512, 0.346191, 0.918457, 0.00768298, 0.347168, 0.918457, 0.0105227, 0.348145, 0.918457, 0.0129612, 0.349121, 0.918457, 0.0149044, 0.350098, 0.918457, 0.0162777, 0.351074, 0.918457, 0.0170283, 0.352051, 0.918457, 0.0171272, 0.353027, 0.918457, 0.0165707, 0.354004, 0.918457, 0.0153802, 0.35498, 0.918457, 0.0136017, 0.355957, 0.918457, 0.0113038, 0.356934, 0.918457, 0.00857482, 0.35791, 0.918457, 0.00552003, 0.358887, 0.918457, 0.00225705, 
        0.344238, 0.919434, 0.000897324, 0.345215, 0.919434, 0.00320448, 0.346191, 0.919434, 0.00539187, 0.347168, 0.919434, 0.00737533, 0.348145, 0.919434, 0.00907853, 0.349121, 0.919434, 0.0104359, 0.350098, 0.919434, 0.0113953, 0.351074, 0.919434, 0.0119198, 0.352051, 0.919434, 0.0119892, 0.353027, 0.919434, 0.0116009, 0.354004, 0.919434, 0.0107698, 0.35498, 0.919434, 0.00952819, 0.355957, 0.919434, 0.00792374, 0.356934, 0.919434, 0.00601833, 0.35791, 0.919434, 0.00388536, 0.358887, 0.919434, 0.00160701, 
        0.344238, 0.92041, 0.000515822, 0.345215, 0.92041, 0.00173798, 0.346191, 0.92041, 0.00289674, 0.347168, 0.92041, 0.0039475, 0.348145, 0.92041, 0.00484987, 0.349121, 0.92041, 0.00556914, 0.350098, 0.92041, 0.00607765, 0.351074, 0.92041, 0.00635588, 0.352051, 0.92041, 0.00639314, 0.353027, 0.92041, 0.00618806, 0.354004, 0.92041, 0.00574855, 0.35498, 0.92041, 0.00509161, 0.355957, 0.92041, 0.00424258, 0.356934, 0.92041, 0.00323417, 0.35791, 0.92041, 0.00210528, 0.358887, 0.92041, 0.000899411, 
