{
    "level": 0,
    "idx": {"x": 22, "y": 83},
    "dim": {"x": 8, "y": 8},
    "offset": {"x": 0.172363, "y": 0.648926},
    "cellSize": {"x": 0.000976562, "y": 0.000976562},
    "vertices": [
        0.172363, 0.648926, -0.000620709, 0.17334, 0.648926, -0.000517887, 0.174316, 0.648926, -0.000390448, 0.175293, 0.648926, -0.000238775, 0.17627, 0.648926, -6.34714e-05, 0.177246, 0.648926, 0.000134641, 0.178223, 0.648926, 0.000354514, 0.179199, 0.648926, 0.000594922, 
        0.172363, 0.649902, -0.000364693, 0.17334, 0.649902, -0.000266631, 0.174316, 0.649902, -0.000146721, 0.175293, 0.649902, -5.29869e-06, 0.17627, 0.649902, 0.000157102, 0.177246, 0.649902, 0.000339757, 0.178223, 0.649902, 0.00054174, 0.179199, 0.649902, 0.00076197, 
        0.172363, 0.650879, -8.75555e-05, 0.17334, 0.650879, 5.59791e-06, 0.174316, 0.650879, 0.000117629, 0.175293, 0.650879, 0.00024825, 0.17627, 0.650879, 0.000397005, 0.177246, 0.650879, 0.000563273, 0.178223, 0.650879, 0.000746259, 0.179199, 0.650879, 0.000945036, 
        0.172363, 0.651855, 0.000207769, 0.17334, 0.651855, 0.000295884, 0.174316, 0.651855, 0.000399734, 0.175293, 0.651855, 0.00051908, 0.17627, 0.651855, 0.000653548, 0.177246, 0.651855, 0.000802627, 0.178223, 0.651855, 0.000965661, 0.179199, 0.651855, 0.00114189, 
        0.172363, 0.652832, 0.000518081, 0.17334, 0.652832, 0.000601053, 0.174316, 0.652832, 0.00069647, 0.175293, 0.652832, 0.000804151, 0.17627, 0.652832, 0.000923804, 0.177246, 0.652832, 0.00105503, 0.178223, 0.652832, 0.00119733, 0.179199, 0.652832, 0.0013501, 
        0.172363, 0.653809, 0.000840132, 0.17334, 0.653809, 0.000917874, 0.174316, 0.653809, 0.00100466, 0.175293, 0.653809, 0.00110037, 0.17627, 0.653809, 0.00120479, 0.177246, 0.653809, 0.00131766, 0.178223, 0.653809, 0.0014386, 0.179199, 0.653809, 0.0015672, 
        0.172363, 0.654785, 0.00117046, 0.17334, 0.654785, 0.00124291, 0.174316, 0.654785, 0.00132093, 0.175293, 0.654785, 0.00140445, 0.17627, 0.654785, 0.00149335, 0.177246, 0.654785, 0.00158748, 0.178223, 0.654785, 0.00168663, 0.179199, 0.654785, 0.00179057, 
        0.172363, 0.655762, 0.00150563, 0.17334, 0.655762, 0.00157276, 0.174316, 0.655762, 0.00164192, 0.175293, 0.655762, 0.00171312, 0.17627, 0.655762, 0.00178632, 0.177246, 0.655762, 0.0018615, 0.178223, 0.655762, 0.0019386, 0.179199, 0.655762, 0.00201758
    ]
}
