{
    "level": 0,
    "idx": {"x": 22, "y": 34},
    "dim": {"x": 16, "y": 16},
    "offset": {"x": 0.344238, "y": 0.531738},
    "cellSize": {"x": 0.000976562, "y": 0.000976562},
    "vertices": [
        0.344238, 0.531738, 0.108397, 0.345215, 0.531738, 0.110335, 0.346191, 0.531738, 0.112249, 0.347168, 0.531738, 0.114117, 0.348145, 0.531738, 0.115919, 0.349121, 0.531738, 0.117638, 0.350098, 0.531738, 0.11926, 0.351074, 0.531738, 0.120776, 0.352051, 0.531738, 0.122179, 0.353027, 0.531738, 0.123468, 0.354004, 0.531738, 0.124649, 0.35498, 0.531738, 0.125729, 0.355957, 0.531738, 0.12672, 0.356934, 0.531738, 0.127638, 0.35791, 0.531738, 0.128504, 0.358887, 0.531738, 0.129337, 
        0.344238, 0.532715, 0.108512, 0.345215, 0.532715, 0.111562, 0.346191, 0.532715, 0.11453, 0.347168, 0.532715, 0.117355, 0.348145, 0.532715, 0.119977, 0.349121, 0.532715, 0.122349, 0.350098, 0.532715, 0.124431, 0.351074, 0.532715, 0.126196, 0.352051, 0.532715, 0.127629, 0.353027, 0.532715, 0.128727, 0.354004, 0.532715, 0.129501, 0.35498, 0.532715, 0.129976, 0.355957, 0.532715, 0.130186, 0.356934, 0.532715, 0.130179, 0.35791, 0.532715, 0.130007, 0.358887, 0.532715, 0.129734, 
        0.344238, 0.533691, 0.108596, 0.345215, 0.533691, 0.112692, 0.346191, 0.533691, 0.116652, 0.347168, 0.533691, 0.120375, 0.348145, 0.533691, 0.123769, 0.349121, 0.533691, 0.126755, 0.350098, 0.533691, 0.12927, 0.351074, 0.533691, 0.131269, 0.352051, 0.533691, 0.132729, 0.353027, 0.533691, 0.133646, 0.354004, 0.533691, 0.134038, 0.35498, 0.533691, 0.133943, 0.355957, 0.533691, 0.133419, 0.356934, 0.533691, 0.13254, 0.35791, 0.533691, 0.131394, 0.358887, 0.533691, 0.130079, 
        0.344238, 0.534668, 0.108635, 0.345215, 0.534668, 0.113671, 0.346191, 0.534668, 0.118522, 0.347168, 0.534668, 0.123052, 0.348145, 0.534668, 0.127138, 0.349121, 0.534668, 0.130675, 0.350098, 0.534668, 0.133578, 0.351074, 0.534668, 0.135787, 0.352051, 0.534668, 0.137272, 0.353027, 0.534668, 0.138026, 0.354004, 0.534668, 0.138073, 0.35498, 0.534668, 0.137467, 0.355957, 0.534668, 0.136282, 0.356934, 0.534668, 0.134619, 0.35791, 0.534668, 0.132596, 0.358887, 0.534668, 0.130345, 
        0.344238, 0.535645, 0.108617, 0.345215, 0.535645, 0.114449, 0.346191, 0.535645, 0.120055, 0.347168, 0.535645, 0.125269, 0.348145, 0.535645, 0.129942, 0.349121, 0.535645, 0.133945, 0.350098, 0.535645, 0.137177, 0.351074, 0.535645, 0.139565, 0.352051, 0.535645, 0.141068, 0.353027, 0.535645, 0.141684, 0.354004, 0.535645, 0.141439, 0.35498, 0.535645, 0.140397, 0.355957, 0.535645, 0.138652, 0.356934, 0.535645, 0.136323, 0.35791, 0.535645, 0.133556, 0.358887, 0.535645, 0.13051, 
        0.344238, 0.536621, 0.108531, 0.345215, 0.536621, 0.114986, 0.346191, 0.536621, 0.121181, 0.347168, 0.536621, 0.12693, 0.348145, 0.536621, 0.132061, 0.349121, 0.536621, 0.136429, 0.350098, 0.536621, 0.139917, 0.351074, 0.536621, 0.142443, 0.352051, 0.536621, 0.143961, 0.353027, 0.536621, 0.144467, 0.354004, 0.536621, 0.143992, 0.35498, 0.536621, 0.142609, 0.355957, 0.536621, 0.140423, 0.356934, 0.536621, 0.137573, 0.35791, 0.536621, 0.134223, 0.358887, 0.536621, 0.130554, 
        0.344238, 0.537598, 0.108369, 0.345215, 0.537598, 0.115248, 0.346191, 0.537598, 0.121845, 0.347168, 0.537598, 0.127958, 0.348145, 0.537598, 0.133402, 0.349121, 0.537598, 0.138018, 0.350098, 0.537598, 0.14168, 0.351074, 0.537598, 0.144299, 0.352051, 0.537598, 0.145826, 0.353027, 0.537598, 0.146255, 0.354004, 0.537598, 0.145622, 0.35498, 0.537598, 0.144004, 0.355957, 0.537598, 0.141516, 0.356934, 0.537598, 0.138308, 0.35791, 0.537598, 0.134556, 0.358887, 0.537598, 0.13046, 
        0.344238, 0.538574, 0.108124, 0.345215, 0.538574, 0.115213, 0.346191, 0.538574, 0.12201, 0.347168, 0.538574, 0.128302, 0.348145, 0.538574, 0.1339, 0.349121, 0.538574, 0.138637, 0.350098, 0.538574, 0.142384, 0.351074, 0.538574, 0.145048, 0.352051, 0.538574, 0.146577, 0.353027, 0.538574, 0.146966, 0.354004, 0.538574, 0.146252, 0.35498, 0.538574, 0.144514, 0.355957, 0.538574, 0.141873, 0.356934, 0.538574, 0.138484, 0.35791, 0.538574, 0.134531, 0.358887, 0.538574, 0.130219, 
        0.344238, 0.539551, 0.107795, 0.345215, 0.539551, 0.114871, 0.346191, 0.539551, 0.121655, 0.347168, 0.539551, 0.127936, 0.348145, 0.539551, 0.133523, 0.349121, 0.539551, 0.138252, 0.350098, 0.539551, 0.141991, 0.351074, 0.539551, 0.144648, 0.352051, 0.539551, 0.146173, 0.353027, 0.539551, 0.146559, 0.354004, 0.539551, 0.145844, 0.35498, 0.539551, 0.144107, 0.355957, 0.539551, 0.141468, 0.356934, 0.539551, 0.138081, 0.35791, 0.539551, 0.134132, 0.358887, 0.539551, 0.129824, 
        0.344238, 0.540527, 0.107381, 0.345215, 0.540527, 0.114222, 0.346191, 0.540527, 0.120783, 0.347168, 0.540527, 0.126861, 0.348145, 0.540527, 0.132273, 0.349121, 0.540527, 0.136862, 0.350098, 0.540527, 0.140501, 0.351074, 0.540527, 0.143101, 0.352051, 0.540527, 0.144615, 0.353027, 0.540527, 0.145036, 0.354004, 0.540527, 0.1444, 0.35498, 0.540527, 0.142783, 0.355957, 0.540527, 0.1403, 0.356934, 0.540527, 0.137101, 0.35791, 0.540527, 0.13336, 0.358887, 0.540527, 0.129277, 
        0.344238, 0.541504, 0.106886, 0.345215, 0.541504, 0.113278, 0.346191, 0.541504, 0.119413, 0.347168, 0.541504, 0.125105, 0.348145, 0.541504, 0.130185, 0.349121, 0.541504, 0.134508, 0.350098, 0.541504, 0.137958, 0.351074, 0.541504, 0.140453, 0.352051, 0.541504, 0.14195, 0.353027, 0.541504, 0.142441, 0.354004, 0.541504, 0.141961, 0.35498, 0.541504, 0.140579, 0.355957, 0.541504, 0.138401, 0.356934, 0.541504, 0.135565, 0.35791, 0.541504, 0.132231, 0.358887, 0.541504, 0.128583, 
        0.344238, 0.54248, 0.106315, 0.345215, 0.54248, 0.112062, 0.346191, 0.54248, 0.117586, 0.347168, 0.54248, 0.122723, 0.348145, 0.54248, 0.127325, 0.349121, 0.54248, 0.131266, 0.350098, 0.54248, 0.134446, 0.351074, 0.54248, 0.136791, 0.352051, 0.54248, 0.138265, 0.353027, 0.54248, 0.13886, 0.354004, 0.54248, 0.138606, 0.35498, 0.54248, 0.137565, 0.355957, 0.54248, 0.135829, 0.356934, 0.54248, 0.133518, 0.35791, 0.54248, 0.130773, 0.358887, 0.54248, 0.127753, 
        0.344238, 0.543457, 0.105677, 0.345215, 0.543457, 0.110608, 0.346191, 0.543457, 0.115357, 0.347168, 0.543457, 0.119791, 0.348145, 0.543457, 0.123789, 0.349121, 0.543457, 0.127249, 0.350098, 0.543457, 0.130086, 0.351074, 0.543457, 0.132243, 0.352051, 0.543457, 0.133687, 0.353027, 0.543457, 0.134415, 0.354004, 0.543457, 0.13445, 0.35498, 0.543457, 0.133842, 0.355957, 0.543457, 0.132667, 0.356934, 0.543457, 0.131023, 0.35791, 0.543457, 0.129025, 0.358887, 0.543457, 0.126804, 
        0.344238, 0.544434, 0.104984, 0.345215, 0.544434, 0.108957, 0.346191, 0.544434, 0.112798, 0.347168, 0.544434, 0.116409, 0.348145, 0.544434, 0.1197, 0.349121, 0.544434, 0.122594, 0.350098, 0.544434, 0.125031, 0.351074, 0.544434, 0.126967, 0.352051, 0.544434, 0.128379, 0.353027, 0.544434, 0.129263, 0.354004, 0.544434, 0.129637, 0.35498, 0.544434, 0.129538, 0.355957, 0.544434, 0.129022, 0.356934, 0.544434, 0.12816, 0.35791, 0.544434, 0.12704, 0.358887, 0.544434, 0.125755, 
        0.344238, 0.54541, 0.104247, 0.345215, 0.54541, 0.10716, 0.346191, 0.54541, 0.109995, 0.347168, 0.54541, 0.112693, 0.348145, 0.54541, 0.1152, 0.349121, 0.54541, 0.117468, 0.350098, 0.54541, 0.119461, 0.351074, 0.54541, 0.121153, 0.352051, 0.54541, 0.122529, 0.353027, 0.54541, 0.123587, 0.354004, 0.54541, 0.124337, 0.35498, 0.54541, 0.124803, 0.355957, 0.54541, 0.125017, 0.356934, 0.54541, 0.125024, 0.35791, 0.54541, 0.124876, 0.358887, 0.54541, 0.124631, 
        0.344238, 0.546387, 0.103482, 0.345215, 0.546387, 0.105271, 0.346191, 0.546387, 0.10704, 0.347168, 0.546387, 0.108772, 0.348145, 0.546387, 0.110447, 0.349121, 0.546387, 0.112053, 0.350098, 0.546387, 0.113576, 0.351074, 0.546387, 0.115009, 0.352051, 0.546387, 0.116347, 0.353027, 0.546387, 0.117589, 0.354004, 0.546387, 0.118738, 0.35498, 0.546387, 0.119802, 0.355957, 0.546387, 0.120791, 0.356934, 0.546387, 0.121719, 0.35791, 0.546387, 0.122602, 0.358887, 0.546387, 0.123459
    ]
}
