{
    "level": 0,
    "idx": {"x": 22, "y": 21},
    "dim": {"x": 16, "y": 16},
    "offset": {"x": 0.344238, "y": 0.328613},
    "cellSize": {"x": 0.000976562, "y": 0.000976562},
    "vertices": [
        0.344238, 0.328613, 0.034299, 0.345215, 0.328613, 0.0343488, 0.346191, 0.328613, 0.0344207, 0.347168, 0.328613, 0.034528, 0.348145, 0.328613, 0.0346833, 0.349121, 0.328613, 0.0348971, 0.350098, 0.328613, 0.0351778, 0.351074, 0.328613, 0.0355315, 0.352051, 0.328613, 0.0359612, 0.353027, 0.328613, 0.0364674, 0.354004, 0.328613, 0.0370477, 0.35498, 0.328613, 0.0376967, 0.355957, 0.328613, 0.0384067, 0.356934, 0.328613, 0.0391677, 0.35791, 0.328613, 0.0399675, 0.358887, 0.328613, 0.0407929, 
        0.344238, 0.32959, 0.0343738, 0.345215, 0.32959, 0.0333052, 0.346191, 0.32959, 0.032317, 0.347168, 0.32959, 0.0314637, 0.348145, 0.32959, 0.0307951, 0.349121, 0.32959, 0.0303536, 0.350098, 0.32959, 0.0301731, 0.351074, 0.32959, 0.0302776, 0.352051, 0.32959, 0.03068, 0.353027, 0.32959, 0.0313822, 0.354004, 0.32959, 0.0323742, 0.35498, 0.32959, 0.0336352, 0.355957, 0.32959, 0.0351341, 0.356934, 0.32959, 0.0368307, 0.35791, 0.32959, 0.0386771, 0.358887, 0.32959, 0.04062, 
        0.344238, 0.330566, 0.0344723, 0.345215, 0.330566, 0.032343, 0.346191, 0.330566, 0.0303494, 0.347168, 0.330566, 0.0285852, 0.348145, 0.330566, 0.0271353, 0.349121, 0.330566, 0.0260724, 0.350098, 0.330566, 0.0254547, 0.351074, 0.330566, 0.0253231, 0.352051, 0.330566, 0.0257001, 0.353027, 0.330566, 0.0265884, 0.354004, 0.330566, 0.0279714, 0.35498, 0.330566, 0.0298134, 0.355957, 0.330566, 0.0320611, 0.356934, 0.330566, 0.0346457, 0.35791, 0.330566, 0.0374854, 0.358887, 0.330566, 0.0404889, 
        0.344238, 0.331543, 0.0346089, 0.345215, 0.331543, 0.0315177, 0.346191, 0.331543, 0.0286125, 0.347168, 0.331543, 0.0260223, 0.348145, 0.331543, 0.023864, 0.349121, 0.331543, 0.0222379, 0.350098, 0.331543, 0.0212241, 0.351074, 0.331543, 0.020879, 0.352051, 0.331543, 0.0212333, 0.353027, 0.331543, 0.0222912, 0.354004, 0.331543, 0.0240297, 0.35498, 0.331543, 0.0263994, 0.355957, 0.331543, 0.0293271, 0.356934, 0.331543, 0.032718, 0.35791, 0.331543, 0.0364597, 0.358887, 0.331543, 0.0404261, 
        0.344238, 0.33252, 0.0347965, 0.345215, 0.33252, 0.0308794, 0.346191, 0.33252, 0.0271916, 0.347168, 0.33252, 0.0238924, 0.348145, 0.33252, 0.0211262, 0.349121, 0.33252, 0.019017, 0.350098, 0.33252, 0.0176636, 0.351074, 0.33252, 0.0171358, 0.352051, 0.33252, 0.0174717, 0.353027, 0.33252, 0.0186762, 0.354004, 0.33252, 0.020721, 0.35498, 0.33252, 0.0235452, 0.355957, 0.33252, 0.0270583, 0.356934, 0.33252, 0.0311432, 0.35791, 0.33252, 0.0356609, 0.358887, 0.33252, 0.0404558, 
        0.344238, 0.333496, 0.0350463, 0.345215, 0.333496, 0.0304714, 0.346191, 0.333496, 0.0261603, 0.347168, 0.333496, 0.0222966, 0.348145, 0.333496, 0.0190465, 0.349121, 0.333496, 0.0165531, 0.350098, 0.333496, 0.01493, 0.351074, 0.333496, 0.0142578, 0.352051, 0.333496, 0.0145802, 0.353027, 0.333496, 0.015903, 0.354004, 0.333496, 0.0181935, 0.35498, 0.333496, 0.0213817, 0.355957, 0.333496, 0.0253632, 0.356934, 0.333496, 0.0300031, 0.35791, 0.333496, 0.0351414, 0.358887, 0.333496, 0.0405988, 
        0.344238, 0.334473, 0.0353671, 0.345215, 0.334473, 0.0303281, 0.346191, 0.334473, 0.0255773, 0.347168, 0.334473, 0.0213155, 0.348145, 0.334473, 0.0177246, 0.349121, 0.334473, 0.0149608, 0.350098, 0.334473, 0.0131486, 0.351074, 0.334473, 0.0123758, 0.352051, 0.334473, 0.0126905, 0.353027, 0.334473, 0.014099, 0.354004, 0.334473, 0.0165654, 0.35498, 0.334473, 0.0200132, 0.355957, 0.334473, 0.0243284, 0.356934, 0.334473, 0.0293634, 0.35791, 0.334473, 0.0349431, 0.358887, 0.334473, 0.0408716, 
        0.344238, 0.335449, 0.0357652, 0.345215, 0.335449, 0.0304739, 0.346191, 0.335449, 0.0254842, 0.347168, 0.335449, 0.0210064, 0.348145, 0.335449, 0.0172309, 0.349121, 0.335449, 0.0143212, 0.350098, 0.335449, 0.0124078, 0.351074, 0.335449, 0.0115826, 0.352051, 0.335449, 0.011896, 0.353027, 0.335449, 0.0133543, 0.354004, 0.335449, 0.0159204, 0.35498, 0.335449, 0.0195138, 0.355957, 0.335449, 0.0240152, 0.356934, 0.335449, 0.0292702, 0.35791, 0.335449, 0.0350955, 0.358887, 0.335449, 0.0412859, 
        0.344238, 0.336426, 0.0362442, 0.345215, 0.336426, 0.0309221, 0.346191, 0.336426, 0.0259037, 0.347168, 0.336426, 0.0214004, 0.348145, 0.336426, 0.017604, 0.349121, 0.336426, 0.0146789, 0.350098, 0.336426, 0.0127565, 0.351074, 0.336426, 0.0119292, 0.352051, 0.336426, 0.0122478, 0.353027, 0.336426, 0.0137187, 0.354004, 0.336426, 0.0163043, 0.35498, 0.336426, 0.0199239, 0.355957, 0.336426, 0.0244573, 0.356934, 0.336426, 0.0297492, 0.35791, 0.336426, 0.035615, 0.358887, 0.336426, 0.0418482, 
        0.344238, 0.337402, 0.0368043, 0.345215, 0.337402, 0.0316747, 0.346191, 0.337402, 0.0268391, 0.347168, 0.337402, 0.0225021, 0.348145, 0.337402, 0.0188494, 0.349121, 0.337402, 0.0160402, 0.350098, 0.337402, 0.0142015, 0.351074, 0.337402, 0.0134228, 0.352051, 0.337402, 0.0137532, 0.353027, 0.337402, 0.015199, 0.354004, 0.337402, 0.0177238, 0.35498, 0.337402, 0.0212494, 0.355957, 0.337402, 0.0256595, 0.356934, 0.337402, 0.0308038, 0.35791, 0.337402, 0.0365037, 0.358887, 0.337402, 0.0425592, 
        0.344238, 0.338379, 0.0374431, 0.345215, 0.338379, 0.0327219, 0.346191, 0.338379, 0.0282738, 0.347168, 0.338379, 0.0242888, 0.348145, 0.338379, 0.0209393, 0.349121, 0.338379, 0.0183729, 0.350098, 0.338379, 0.0167076, 0.351074, 0.338379, 0.0160266, 0.352051, 0.338379, 0.0163752, 0.353027, 0.338379, 0.0177595, 0.354004, 0.338379, 0.0201456, 0.35498, 0.338379, 0.0234609, 0.355957, 0.338379, 0.0275975, 0.356934, 0.338379, 0.0324157, 0.35791, 0.338379, 0.0377498, 0.358887, 0.338379, 0.0434144, 
        0.344238, 0.339355, 0.0381552, 0.345215, 0.339355, 0.0340428, 0.346191, 0.339355, 0.0301723, 0.347168, 0.339355, 0.0267116, 0.348145, 0.339355, 0.0238131, 0.349121, 0.339355, 0.0216075, 0.350098, 0.339355, 0.0201989, 0.351074, 0.339355, 0.0196611, 0.352051, 0.339355, 0.020034, 0.353027, 0.339355, 0.0213229, 0.354004, 0.339355, 0.023498, 0.35498, 0.339355, 0.026495, 0.355957, 0.339355, 0.0302185, 0.356934, 0.339355, 0.0345451, 0.35791, 0.339355, 0.0393281, 0.358887, 0.339355, 0.0444036, 
        0.344238, 0.340332, 0.0389325, 0.345215, 0.340332, 0.0356061, 0.346191, 0.340332, 0.0324811, 0.347168, 0.340332, 0.0296971, 0.348145, 0.340332, 0.0273805, 0.349121, 0.340332, 0.0256399, 0.350098, 0.340332, 0.0245618, 0.351074, 0.340332, 0.0242073, 0.352051, 0.340332, 0.0246098, 0.353027, 0.340332, 0.0257735, 0.354004, 0.340332, 0.0276737, 0.35498, 0.340332, 0.030257, 0.355957, 0.340332, 0.0334441, 0.356934, 0.340332, 0.0371325, 0.35791, 0.340332, 0.0412005, 0.358887, 0.340332, 0.0455117, 
        0.344238, 0.341309, 0.0397643, 0.345215, 0.341309, 0.0373712, 0.346191, 0.341309, 0.0351314, 0.347168, 0.341309, 0.0331506, 0.348145, 0.341309, 0.0315246, 0.349121, 0.341309, 0.0303356, 0.350098, 0.341309, 0.0296492, 0.351074, 0.341309, 0.0295115, 0.352051, 0.341309, 0.0299479, 0.353027, 0.341309, 0.0309616, 0.354004, 0.341309, 0.0325338, 0.35498, 0.341309, 0.0346241, 0.355957, 0.341309, 0.0371723, 0.356934, 0.341309, 0.040101, 0.35791, 0.341309, 0.0433177, 0.358887, 0.341309, 0.0467192, 
        0.344238, 0.342285, 0.0406383, 0.345215, 0.342285, 0.03929, 0.346191, 0.342285, 0.0380412, 0.347168, 0.342285, 0.0369595, 0.348145, 0.342285, 0.0361065, 0.349121, 0.342285, 0.0355347, 0.350098, 0.342285, 0.0352863, 0.351074, 0.342285, 0.0353908, 0.352051, 0.342285, 0.0358644, 0.353027, 0.342285, 0.0367093, 0.354004, 0.342285, 0.0379133, 0.35498, 0.342285, 0.0394505, 0.355957, 0.342285, 0.0412824, 0.356934, 0.342285, 0.043359, 0.35791, 0.342285, 0.0456213, 0.358887, 0.342285, 0.048003, 
