{
    "level": 0,
    "idx": {"x": 22, "y": 33},
    "dim": {"x": 8, "y": 8},
    "offset": {"x": 0.172363, "y": 0.258301},
    "cellSize": {"x": 0.000976562, "y": 0.000976562},
    "vertices": [
        0.172363, 0.258301, -0.00159486, 0.17334, 0.258301, -0.00143175, 0.174316, 0.258301, -0.00124265, 0.175293, 0.258301, -0.00102805, 0.17627, 0.258301, -0.000788638, 0.177246, 0.258301, -0.000525371, 0.178223, 0.258301, -0.000239441, 0.179199, 0.258301, 6.77555e-05, 
        0.172363, 0.259277, -0.00183029, 0.17334, 0.259277, -0.00166583, 0.174316, 0.259277, -0.00147309, 0.175293, 0.259277, -0.00125257, 0.17627, 0.259277, -0.00100503, 0.177246, 0.259277, -0.000731492, 0.178223, 0.259277, -0.000433263, 0.179199, 0.259277, -0.000111855, 
        0.172363, 0.260254, -0.00203732, 0.17334, 0.260254, -0.00187175, 0.174316, 0.260254, -0.00167587, 0.175293, 0.260254, -0.00145019, 0.17627, 0.260254, -0.00119555, 0.177246, 0.260254, -0.000913035, 0.178223, 0.260254, -0.000604032, 0.179199, 0.260254, -0.000270165, 
        0.172363, 0.26123, -0.00221391, 0.17334, 0.26123, -0.00204748, 0.174316, 0.26123, -0.00184898, 0.175293, 0.26123, -0.00161897, 0.17627, 0.26123, -0.00135833, 0.177246, 0.26123, -0.00106821, 0.178223, 0.26123, -0.000750067, 0.179199, 0.26123, -0.000405615, 
        0.172363, 0.262207, -0.00235831, 0.17334, 0.262207, -0.00219126, 0.174316, 0.262207, -0.00199071, 0.175293, 0.262207, -0.00175725, 0.17627, 0.262207, -0.00149177, 0.177246, 0.262207, -0.00119549, 0.178223, 0.262207, -0.000869928, 0.179199, 0.262207, -0.000516868, 
        0.172363, 0.263184, -0.00246908, 0.17334, 0.263184, -0.00230167, 0.174316, 0.263184, -0.00209966, 0.175293, 0.263184, -0.00186364, 0.17627, 0.263184, -0.00159454, 0.177246, 0.263184, -0.00129362, 0.178223, 0.263184, -0.000962431, 0.179199, 0.263184, -0.000602828, 
        0.172363, 0.26416, -0.0025451, 0.17334, 0.26416, -0.00237761, 0.174316, 0.26416, -0.00217474, 0.175293, 0.26416, -0.00193709, 0.17627, 0.26416, -0.00166563, 0.177246, 0.26416, -0.00136162, 0.178223, 0.26416, -0.00102666, 0.179199, 0.26416, -0.000662644, 
        0.172363, 0.265137, -0.00258561, 0.17334, 0.265137, -0.0024183, 0.174316, 0.265137, -0.00221518, 0.175293, 0.265137, -0.00197686, 0.17627, 0.265137, -0.00170431, 0.177246, 0.265137, -0.00139881, 0.178223, 0.265137, -0.00106197, 0.179199, 0.265137, -0.000695722
    ]
}
