{
    "level": 0,
    "idx": {"x": 23, "y": 20},
    "dim": {"x": 8, "y": 8},
    "offset": {"x": 0.720703, "y": 0.626953},
    "cellSize": {"x": 0.00390625, "y": 0.00390625},
    "vertices": [
        0.720703, 0.626953, 0.0291996, 0.724609, 0.626953, 0.0339726, 0.728516, 0.626953, 0.0306408, 0.732422, 0.626953, 0.0203456, 0.736328, 0.626953, 0.00838211, 0.740234, 0.626953, 0.00107253, 0.744141, 0.626953, 0.00203478, 0.748047, 0.626953, 0.0100452, 
        0.720703, 0.630859, 0.0361512, 0.724609, 0.630859, 0.0473886, 0.728516, 0.630859, 0.0421254, 0.732422, 0.630859, 0.0226756, 0.736328, 0.630859, -0.000231603, 0.740234, 0.630859, -0.0137863, 0.744141, 0.630859, -0.0106569, 0.748047, 0.630859, 0.00668021, 
        0.720703, 0.634766, 0.0340033, 0.724609, 0.634766, 0.0442391, 0.728516, 0.634766, 0.03936, 0.732422, 0.634766, 0.0214859, 0.736328, 0.634766, 0.000447155, 0.740234, 0.634766, -0.0120198, 0.744141, 0.634766, -0.00919785, 0.748047, 0.634766, 0.00664413, 
        0.720703, 0.638672, 0.0235209, 0.724609, 0.638672, 0.0259144, 0.728516, 0.638672, 0.0235406, 0.732422, 0.638672, 0.0170735, 0.736328, 0.638672, 0.00964168, 0.740234, 0.638672, 0.0049807, 0.744141, 0.638672, 0.00522793, 0.748047, 0.638672, 0.00965951, 
        0.720703, 0.642578, 0.0103942, 0.724609, 0.642578, 0.00276664, 0.728516, 0.642578, 0.0035731, 0.732422, 0.642578, 0.0116426, 0.736328, 0.642578, 0.0215547, 0.740234, 0.642578, 0.0268383, 0.744141, 0.642578, 0.0237884, 0.748047, 0.642578, 0.0136521, 
        0.720703, 0.646484, 0.00188199, 0.724609, 0.646484, -0.011998, 0.728516, 0.646484, -0.00918185, 0.732422, 0.646484, 0.00800485, 0.736328, 0.646484, 0.0287904, 0.740234, 0.646484, 0.0403149, 0.744141, 0.646484, 0.0352163, 0.748047, 0.646484, 0.0159756, 
        0.720703, 0.650391, 0.00252776, 0.724609, 0.650391, -0.0101137, 0.728516, 0.650391, -0.00761327, 0.732422, 0.650391, 0.00792029, 0.736328, 0.650391, 0.0267198, 0.740234, 0.650391, 0.0371247, 0.744141, 0.650391, 0.0324595, 0.748047, 0.650391, 0.0149737, 
        0.720703, 0.654297, 0.0114803, 0.724609, 0.654297, 0.00686965, 0.728516, 0.654297, 0.0069456, 0.732422, 0.654297, 0.0110598, 0.736328, 0.654297, 0.0162128, 0.740234, 0.654297, 0.0188238, 0.744141, 0.654297, 0.0168425, 0.748047, 0.654297, 0.0109581
    ]
}
