{
    "level": 0,
    "idx": {"x": 23, "y": 99},
    "dim": {"x": 8, "y": 8},
    "offset": {"x": 0.180176, "y": 0.773926},
    "cellSize": {"x": 0.000976562, "y": 0.000976562},
    "vertices": [
        0.180176, 0.773926, -0.00312043, 0.181152, 0.773926, -0.00305382, 0.182129, 0.773926, -0.00297185, 0.183105, 0.773926, -0.00287635, 0.184082, 0.773926, -0.0027693, 0.185059, 0.773926, -0.00265276, 0.186035, 0.773926, -0.00252888, 0.187012, 0.773926, -0.00239987, 
        0.180176, 0.774902, -0.00290809, 0.181152, 0.774902, -0.00286202, 0.182129, 0.774902, -0.00280234, 0.183105, 0.774902, -0.00273066, 0.184082, 0.774902, -0.00264871, 0.185059, 0.774902, -0.0025583, 0.186035, 0.774902, -0.00246134, 0.187012, 0.774902, -0.00235975, 
        0.180176, 0.775879, -0.00268071, 0.181152, 0.775879, -0.00265666, 0.182129, 0.775879, -0.00262088, 0.183105, 0.775879, -0.00257474, 0.184082, 0.775879, -0.00251971, 0.185059, 0.775879, -0.00245733, 0.186035, 0.775879, -0.00238922, 0.187012, 0.775879, -0.00231704, 
        0.180176, 0.776855, -0.00244033, 0.181152, 0.776855, -0.00243959, 0.182129, 0.776855, -0.00242909, 0.183105, 0.776855, -0.00240996, 0.184082, 0.776855, -0.00238339, 0.185059, 0.776855, -0.00235065, 0.186035, 0.776855, -0.00231307, 0.187012, 0.776855, -0.00227198, 
        0.180176, 0.777832, -0.0021892, 0.181152, 0.777832, -0.00221279, 0.182129, 0.777832, -0.0022287, 0.183105, 0.777832, -0.00223777, 0.184082, 0.777832, -0.00224094, 0.185059, 0.777832, -0.00223916, 0.186035, 0.777832, -0.00223344, 0.187012, 0.777832, -0.00222483, 
        0.180176, 0.778809, -0.00192964, 0.181152, 0.778809, -0.00197836, 0.182129, 0.778809, -0.00202152, 0.183105, 0.778809, -0.00205973, 0.184082, 0.778809, -0.00209359, 0.185059, 0.778809, -0.00212377, 0.186035, 0.778809, -0.00215096, 0.187012, 0.778809, -0.00217587, 
        0.180176, 0.779785, -0.001664, 0.181152, 0.779785, -0.00173839, 0.182129, 0.779785, -0.0018094, 0.183105, 0.779785, -0.00187736, 0.184082, 0.779785, -0.00194258, 0.185059, 0.779785, -0.00200541, 0.186035, 0.779785, -0.00206622, 0.187012, 0.779785, -0.00212538, 
        0.180176, 0.780762, -0.00139478, 0.181152, 0.780762, -0.0014951, 0.182129, 0.780762, -0.00159427, 0.183105, 0.780762, -0.0016923, 0.184082, 0.780762, -0.00178922, 0.185059, 0.780762, -0.00188507, 0.186035, 0.780762, -0.00197987, 0.187012, 0.780762, -0.00207366
    ]
}
