{
    "level": 0,
    "idx": {"x": 23, "y": 31},
    "dim": {"x": 8, "y": 8},
    "offset": {"x": 0.180176, "y": 0.242676},
    "cellSize": {"x": 0.000976562, "y": 0.000976562},
    "vertices": [
        0.180176, 0.242676, 0.00395859, 0.181152, 0.242676, 0.00390801, 0.182129, 0.242676, 0.00384147, 0.183105, 0.242676, 0.0037609, 0.184082, 0.242676, 0.0036684, 0.185059, 0.242676, 0.00356617, 0.186035, 0.242676, 0.00345648, 0.187012, 0.242676, 0.00334169, 
        0.180176, 0.243652, 0.00377635, 0.181152, 0.243652, 0.00374688, 0.182129, 0.243652, 0.00370312, 0.183105, 0.243652, 0.00364679, 0.184082, 0.243652, 0.00357976, 0.185059, 0.243652, 0.00350398, 0.186035, 0.243652, 0.00342149, 0.187012, 0.243652, 0.00333437, 
        0.180176, 0.244629, 0.00357812, 0.181152, 0.244629, 0.00357137, 0.182129, 0.244629, 0.00355213, 0.183105, 0.244629, 0.0035219, 0.184082, 0.244629, 0.0034823, 0.185059, 0.244629, 0.00343501, 0.186035, 0.244629, 0.0033818, 0.187012, 0.244629, 0.00332448, 
        0.180176, 0.245605, 0.00336592, 0.181152, 0.245605, 0.00338328, 0.182129, 0.245605, 0.00339008, 0.183105, 0.245605, 0.00338755, 0.184082, 0.245605, 0.00337706, 0.185059, 0.245605, 0.00336003, 0.186035, 0.245605, 0.00333791, 0.187012, 0.245605, 0.00331224, 
        0.180176, 0.246582, 0.0031419, 0.181152, 0.246582, 0.00318454, 0.182129, 0.246582, 0.00321862, 0.183105, 0.246582, 0.00324515, 0.184082, 0.246582, 0.00326519, 0.185059, 0.246582, 0.00327988, 0.186035, 0.246582, 0.00329038, 0.187012, 0.246582, 0.00329791, 
        0.180176, 0.247559, 0.00290832, 0.181152, 0.247559, 0.00297715, 0.182129, 0.247559, 0.00303953, 0.183105, 0.247559, 0.00309618, 0.184082, 0.247559, 0.00314788, 0.185059, 0.247559, 0.00319546, 0.186035, 0.247559, 0.00323979, 0.187012, 0.247559, 0.00328174, 
        0.180176, 0.248535, 0.00266753, 0.181152, 0.248535, 0.00276322, 0.182129, 0.248535, 0.00285462, 0.183105, 0.248535, 0.00294217, 0.184082, 0.248535, 0.00302635, 0.185059, 0.248535, 0.00310769, 0.186035, 0.248535, 0.00318672, 0.187012, 0.248535, 0.003264, 
        0.180176, 0.249512, 0.00242193, 0.181152, 0.249512, 0.0025449, 0.182129, 0.249512, 0.00266577, 0.183105, 0.249512, 0.00278471, 0.184082, 0.249512, 0.00290189, 0.185059, 0.249512, 0.00301752, 0.186035, 0.249512, 0.00313181, 0.187012, 0.249512, 0.00324497
    ]
}
