{
    "level": 0,
    "idx": {"x": 23, "y": 30},
    "dim": {"x": 16, "y": 16},
    "offset": {"x": 0.359863, "y": 0.469238},
    "cellSize": {"x": 0.000976562, "y": 0.000976562},
    "vertices": [
        0.359863, 0.469238, 0.130508, 0.36084, 0.469238, 0.131421, 0.361816, 0.469238, 0.132368, 0.362793, 0.469238, 0.133368, 0.36377, 0.469238, 0.134439, 0.364746, 0.469238, 0.135595, 0.365723, 0.469238, 0.136848, 0.366699, 0.469238, 0.138207, 0.367676, 0.469238, 0.139677, 0.368652, 0.469238, 0.141256, 0.369629, 0.469238, 0.142943, 0.370605, 0.469238, 0.144729, 0.371582, 0.469238, 0.146603, 0.372559, 0.469238, 0.148549, 0.373535, 0.469238, 0.150552, 0.374512, 0.469238, 0.152592, 
        0.359863, 0.470215, 0.130413, 0.36084, 0.470215, 0.130211, 0.361816, 0.470215, 0.130102, 0.362793, 0.470215, 0.130146, 0.36377, 0.470215, 0.130396, 0.364746, 0.470215, 0.130901, 0.365723, 0.470215, 0.131696, 0.366699, 0.470215, 0.132808, 0.367676, 0.470215, 0.134251, 0.368652, 0.470215, 0.136027, 0.369629, 0.470215, 0.138124, 0.370605, 0.470215, 0.14052, 0.371582, 0.470215, 0.143178, 0.372559, 0.470215, 0.146056, 0.373535, 0.470215, 0.149099, 0.374512, 0.470215, 0.152249, 
        0.359863, 0.471191, 0.130331, 0.36084, 0.471191, 0.129078, 0.361816, 0.471191, 0.127973, 0.362793, 0.471191, 0.127115, 0.36377, 0.471191, 0.126593, 0.364746, 0.471191, 0.126483, 0.365723, 0.471191, 0.126846, 0.366699, 0.471191, 0.127725, 0.367676, 0.471191, 0.129144, 0.368652, 0.471191, 0.131105, 0.369629, 0.471191, 0.133589, 0.370605, 0.471191, 0.13656, 0.371582, 0.471191, 0.139959, 0.372559, 0.471191, 0.143714, 0.373535, 0.471191, 0.147738, 0.374512, 0.471191, 0.151935, 
        0.359863, 0.472168, 0.130278, 0.36084, 0.472168, 0.128078, 0.361816, 0.472168, 0.126076, 0.362793, 0.472168, 0.124405, 0.36377, 0.472168, 0.123186, 0.364746, 0.472168, 0.122523, 0.365723, 0.472168, 0.122497, 0.366699, 0.472168, 0.123167, 0.367676, 0.472168, 0.124564, 0.368652, 0.472168, 0.126692, 0.369629, 0.472168, 0.129525, 0.370605, 0.472168, 0.133014, 0.371582, 0.472168, 0.13708, 0.372559, 0.472168, 0.141627, 0.373535, 0.472168, 0.146536, 0.374512, 0.472168, 0.151677, 
        0.359863, 0.473145, 0.130266, 0.36084, 0.473145, 0.12726, 0.361816, 0.473145, 0.124495, 0.362793, 0.473145, 0.122132, 0.36377, 0.473145, 0.12032, 0.364746, 0.473145, 0.119186, 0.365723, 0.473145, 0.118829, 0.366699, 0.473145, 0.119321, 0.367676, 0.473145, 0.1207, 0.368652, 0.473145, 0.12297, 0.369629, 0.473145, 0.126101, 0.370605, 0.473145, 0.130032, 0.371582, 0.473145, 0.134667, 0.372559, 0.473145, 0.139888, 0.373535, 0.473145, 0.145551, 0.374512, 0.473145, 0.151496, 
        0.359863, 0.474121, 0.130308, 0.36084, 0.474121, 0.126668, 0.361816, 0.474121, 0.123301, 0.362793, 0.474121, 0.120394, 0.36377, 0.474121, 0.118116, 0.364746, 0.474121, 0.116611, 0.365723, 0.474121, 0.115994, 0.366699, 0.474121, 0.116346, 0.367676, 0.474121, 0.117711, 0.368652, 0.474121, 0.120094, 0.369629, 0.474121, 0.123461, 0.370605, 0.474121, 0.12774, 0.371582, 0.474121, 0.132824, 0.372559, 0.474121, 0.138577, 0.373535, 0.474121, 0.144834, 0.374512, 0.474121, 0.151414, 
        0.359863, 0.475098, 0.130412, 0.36084, 0.475098, 0.126333, 0.361816, 0.475098, 0.122552, 0.362793, 0.475098, 0.11927, 0.36377, 0.475098, 0.11667, 0.364746, 0.475098, 0.114909, 0.365723, 0.475098, 0.114113, 0.366699, 0.475098, 0.11437, 0.367676, 0.475098, 0.115726, 0.368652, 0.475098, 0.118188, 0.369629, 0.475098, 0.121718, 0.370605, 0.475098, 0.126239, 0.371582, 0.475098, 0.131635, 0.372559, 0.475098, 0.137756, 0.373535, 0.475098, 0.144425, 0.374512, 0.475098, 0.151444, 
        0.359863, 0.476074, 0.130584, 0.36084, 0.476074, 0.126281, 0.361816, 0.476074, 0.122287, 0.362793, 0.476074, 0.118812, 0.36377, 0.476074, 0.116047, 0.364746, 0.476074, 0.114157, 0.365723, 0.476074, 0.11327, 0.366699, 0.476074, 0.113478, 0.367676, 0.476074, 0.114831, 0.368652, 0.476074, 0.117335, 0.369629, 0.476074, 0.120951, 0.370605, 0.476074, 0.125598, 0.371582, 0.476074, 0.131156, 0.372559, 0.476074, 0.137468, 0.373535, 0.476074, 0.144351, 0.374512, 0.476074, 0.151599, 
        0.359863, 0.477051, 0.130828, 0.36084, 0.477051, 0.126522, 0.361816, 0.477051, 0.122525, 0.362793, 0.477051, 0.119049, 0.36377, 0.477051, 0.116283, 0.364746, 0.477051, 0.114392, 0.365723, 0.477051, 0.113506, 0.366699, 0.477051, 0.113716, 0.367676, 0.477051, 0.115071, 0.368652, 0.477051, 0.117579, 0.369629, 0.477051, 0.1212, 0.370605, 0.477051, 0.125852, 0.371582, 0.477051, 0.131417, 0.372559, 0.477051, 0.137736, 0.373535, 0.477051, 0.144627, 0.374512, 0.477051, 0.151882, 
        0.359863, 0.478027, 0.131143, 0.36084, 0.478027, 0.127057, 0.361816, 0.478027, 0.123268, 0.362793, 0.478027, 0.119981, 0.36377, 0.478027, 0.117378, 0.364746, 0.478027, 0.115617, 0.365723, 0.478027, 0.114823, 0.366699, 0.478027, 0.115084, 0.367676, 0.478027, 0.116448, 0.368652, 0.478027, 0.118921, 0.369629, 0.478027, 0.122465, 0.370605, 0.478027, 0.127003, 0.371582, 0.478027, 0.132418, 0.372559, 0.478027, 0.138561, 0.373535, 0.478027, 0.145253, 0.374512, 0.478027, 0.152296, 
        0.359863, 0.479004, 0.131526, 0.36084, 0.479004, 0.127873, 0.361816, 0.479004, 0.124496, 0.362793, 0.479004, 0.121582, 0.36377, 0.479004, 0.119299, 0.364746, 0.479004, 0.117793, 0.365723, 0.479004, 0.117179, 0.366699, 0.479004, 0.11754, 0.367676, 0.479004, 0.118918, 0.368652, 0.479004, 0.121319, 0.369629, 0.479004, 0.124709, 0.370605, 0.479004, 0.129016, 0.371582, 0.479004, 0.134132, 0.372559, 0.479004, 0.139919, 0.373535, 0.479004, 0.146214, 0.374512, 0.479004, 0.152833, 
        0.359863, 0.47998, 0.131971, 0.36084, 0.47998, 0.12895, 0.361816, 0.47998, 0.126171, 0.362793, 0.47998, 0.123799, 0.36377, 0.47998, 0.121981, 0.364746, 0.47998, 0.120846, 0.365723, 0.47998, 0.120495, 0.366699, 0.47998, 0.120998, 0.367676, 0.47998, 0.122396, 0.368652, 0.47998, 0.124691, 0.369629, 0.47998, 0.127855, 0.370605, 0.47998, 0.131823, 0.371582, 0.47998, 0.136502, 0.372559, 0.47998, 0.141771, 0.373535, 0.47998, 0.147485, 0.374512, 0.47998, 0.153484, 
        0.359863, 0.480957, 0.13247, 0.36084, 0.480957, 0.130253, 0.361816, 0.480957, 0.128236, 0.362793, 0.480957, 0.126555, 0.36377, 0.480957, 0.12533, 0.364746, 0.480957, 0.124667, 0.365723, 0.480957, 0.124649, 0.366699, 0.480957, 0.125335, 0.367676, 0.480957, 0.126756, 0.368652, 0.480957, 0.128915, 0.369629, 0.480957, 0.131789, 0.370605, 0.480957, 0.135326, 0.371582, 0.480957, 0.139446, 0.372559, 0.480957, 0.144053, 0.373535, 0.480957, 0.149025, 0.374512, 0.480957, 0.154233, 
        0.359863, 0.481934, 0.13301, 0.36084, 0.481934, 0.13174, 0.361816, 0.481934, 0.13062, 0.362793, 0.481934, 0.129752, 0.36377, 0.481934, 0.129225, 0.364746, 0.481934, 0.129117, 0.365723, 0.481934, 0.129492, 0.366699, 0.481934, 0.130391, 0.367676, 0.481934, 0.131839, 0.368652, 0.481934, 0.133839, 0.369629, 0.481934, 0.136371, 0.370605, 0.481934, 0.139398, 0.371582, 0.481934, 0.142861, 0.372559, 0.481934, 0.146686, 0.373535, 0.481934, 0.150785, 0.374512, 0.481934, 0.15506, 
        0.359863, 0.48291, 0.133579, 0.36084, 0.48291, 0.133362, 0.361816, 0.48291, 0.133239, 0.362793, 0.48291, 0.133275, 0.36377, 0.48291, 0.133523, 0.364746, 0.48291, 0.134033, 0.365723, 0.48291, 0.134844, 0.366699, 0.48291, 0.13598, 0.367676, 0.48291, 0.137458, 0.368652, 0.48291, 0.139279, 0.369629, 0.48291, 0.141432, 0.370605, 0.48291, 0.143891, 0.371582, 0.48291, 0.146622, 0.372559, 0.48291, 0.149578, 0.373535, 0.48291, 0.152706, 0.374512, 0.48291, 0.155943, 
        0.359863, 0.483887, 0.134162, 0.36084, 0.483887, 0.135063, 0.361816, 0.483887, 0.136, 0.362793, 0.483887, 0.136995, 0.36377, 0.483887, 0.138067, 0.364746, 0.483887, 0.139233, 0.365723, 0.483887, 0.140506, 0.366699, 0.483887, 0.141895, 0.367676, 0.483887, 0.143405, 0.368652, 0.483887, 0.145036, 0.369629, 0.483887, 0.146784, 0.370605, 0.483887, 0.14864, 0.371582, 0.483887, 0.150593, 0.372559, 0.483887, 0.152627, 0.373535, 0.483887, 0.154721, 0.374512, 0.483887, 0.156856
    ]
}
