{
    "level": 0,
    "idx": {"x": 24, "y": 125},
    "dim": {"x": 8, "y": 8},
    "offset": {"x": 0.187988, "y": 0.977051},
    "cellSize": {"x": 0.000976562, "y": 0.000976562},
    "vertices": [
        0.187988, 0.977051, 0.00113739, 0.188965, 0.977051, 0.000906033, 0.189941, 0.977051, 0.000677513, 0.190918, 0.977051, 0.000454511, 0.191895, 0.977051, 0.000239655, 0.192871, 0.977051, 3.5494e-05, 0.193848, 0.977051, -0.000155533, 0.194824, 0.977051, -0.000331121, 
        0.187988, 0.978027, 0.0010845, 0.188965, 0.978027, 0.000829434, 0.189941, 0.978027, 0.000577468, 0.190918, 0.978027, 0.000331489, 0.191895, 0.978027, 9.43304e-05, 0.192871, 0.978027, -0.000131265, 0.193848, 0.978027, -0.00034267, 0.194824, 0.978027, -0.000537403, 
        0.187988, 0.979004, 0.00103179, 0.188965, 0.979004, 0.000755937, 0.189941, 0.979004, 0.000483418, 0.190918, 0.979004, 0.000217297, 0.191895, 0.979004, -3.94198e-05, 0.192871, 0.979004, -0.000283821, 0.193848, 0.979004, -0.000513116, 0.194824, 0.979004, -0.000724671, 
        0.187988, 0.97998, 0.000979284, 0.188965, 0.97998, 0.000685759, 0.189941, 0.97998, 0.00039576, 0.190918, 0.97998, 0.000112501, 0.191895, 0.97998, -0.000160863, 0.192871, 0.97998, -0.000421282, 0.193848, 0.97998, -0.00066583, 0.194824, 0.97998, -0.000891744, 
        0.187988, 0.980957, 0.000927048, 0.188965, 0.980957, 0.000619107, 0.189941, 0.980957, 0.000314849, 0.190918, 0.980957, 1.76072e-05, 0.191895, 0.980957, -0.000269351, 0.192871, 0.980957, -0.000542862, 0.193848, 0.980957, -0.000799894, 0.194824, 0.980957, -0.00103758, 
        0.187988, 0.981934, 0.00087511, 0.188965, 0.981934, 0.000556128, 0.189941, 0.981934, 0.000240949, 0.190918, 0.981934, -6.70103e-05, 0.191895, 0.981934, -0.000364399, 0.192871, 0.981934, -0.000647971, 0.193848, 0.981934, -0.00091462, 0.194824, 0.981934, -0.00116141, 
        0.187988, 0.98291, 0.000823511, 0.188965, 0.98291, 0.000496951, 0.189941, 0.98291, 0.000174275, 0.190918, 0.98291, -0.000141051, 0.191895, 0.98291, -0.000445623, 0.192871, 0.98291, -0.000736149, 0.193848, 0.98291, -0.00100947, 0.194824, 0.98291, -0.00126261, 
        0.187988, 0.983887, 0.000772268, 0.188965, 0.983887, 0.000441647, 0.189941, 0.983887, 0.000114948, 0.190918, 0.983887, -0.000204343, 0.191895, 0.983887, -0.000512806, 0.192871, 0.983887, -0.000807131, 0.193848, 0.983887, -0.00108414, 0.194824, 0.983887, -0.00134085
    ]
}
