{
    "level": 0,
    "idx": {"x": 24, "y": 108},
    "dim": {"x": 8, "y": 8},
    "offset": {"x": 0.187988, "y": 0.844238},
    "cellSize": {"x": 0.000976562, "y": 0.000976562},
    "vertices": [
        0.187988, 0.844238, 0.000652296, 0.188965, 0.844238, 0.000649794, 0.189941, 0.844238, 0.000647451, 0.190918, 0.844238, 0.00064555, 0.191895, 0.844238, 0.000644366, 0.192871, 0.844238, 0.000644166, 0.193848, 0.844238, 0.000645206, 0.194824, 0.844238, 0.000647727, 
        0.187988, 0.845215, 0.000696273, 0.188965, 0.845215, 0.00066023, 0.189941, 0.845215, 0.000624739, 0.190918, 0.845215, 0.000590422, 0.191895, 0.845215, 0.000557887, 0.192871, 0.845215, 0.000527724, 0.193848, 0.845215, 0.000500497, 0.194824, 0.845215, 0.000476741, 
        0.187988, 0.846191, 0.000740177, 0.188965, 0.846191, 0.000671225, 0.189941, 0.846191, 0.000603208, 0.190918, 0.846191, 0.000537084, 0.191895, 0.846191, 0.000473787, 0.192871, 0.846191, 0.000414226, 0.193848, 0.846191, 0.000359268, 0.194824, 0.846191, 0.000309734, 
        0.187988, 0.847168, 0.000784051, 0.188965, 0.847168, 0.00068316, 0.189941, 0.847168, 0.000583578, 0.190918, 0.847168, 0.000486585, 0.191895, 0.847168, 0.000393437, 0.192871, 0.847168, 0.000305349, 0.193848, 0.847168, 0.000223483, 0.194824, 0.847168, 0.000148941, 
        0.187988, 0.848145, 0.000827946, 0.188965, 0.848145, 0.00069641, 0.189941, 0.848145, 0.000566543, 0.190918, 0.848145, 0.000439935, 0.191895, 0.848145, 0.000318149, 0.192871, 0.848145, 0.000202695, 0.193848, 0.848145, 9.50215e-05, 0.194824, 0.848145, -3.50404e-06, 
        0.187988, 0.849121, 0.000871895, 0.188965, 0.849121, 0.000711332, 0.189941, 0.849121, 0.000552776, 0.190918, 0.849121, 0.000398117, 0.191895, 0.849121, 0.000249206, 0.192871, 0.849121, 0.000107838, 0.193848, 0.849121, -2.42722e-05, 0.194824, 0.849121, -0.0001455, 
        0.187988, 0.850098, 0.000915946, 0.188965, 0.850098, 0.000728266, 0.189941, 0.850098, 0.000542913, 0.190918, 0.850098, 0.000362052, 0.191895, 0.850098, 0.000187809, 0.192871, 0.850098, 2.22405e-05, 0.193848, 0.850098, -0.000132682, 0.194824, 0.850098, -0.000275096, 
        0.187988, 0.851074, 0.000960125, 0.188965, 0.851074, 0.000747528, 0.189941, 0.851074, 0.00053755, 0.190918, 0.851074, 0.000332614, 0.191895, 0.851074, 0.000135098, 0.192871, 0.851074, -5.26961e-05, 0.193848, 0.851074, -0.000228564, 0.194824, 0.851074, -0.000390422
    ]
}
