{
    "level": 0,
    "idx": {"x": 24, "y": 29},
    "dim": {"x": 16, "y": 16},
    "offset": {"x": 0.375488, "y": 0.453613},
    "cellSize": {"x": 0.000976562, "y": 0.000976562},
    "vertices": [
        0.375488, 0.453613, 0.146913, 0.376465, 0.453613, 0.147843, 0.377441, 0.453613, 0.148803, 0.378418, 0.453613, 0.149811, 0.379395, 0.453613, 0.150885, 0.380371, 0.453613, 0.152038, 0.381348, 0.453613, 0.153283, 0.382324, 0.453613, 0.154628, 0.383301, 0.453613, 0.156075, 0.384277, 0.453613, 0.157627, 0.385254, 0.453613, 0.159278, 0.38623, 0.453613, 0.161022, 0.387207, 0.453613, 0.162847, 0.388184, 0.453613, 0.164739, 0.38916, 0.453613, 0.166682, 0.390137, 0.453613, 0.168657, 
        0.375488, 0.45459, 0.147021, 0.376465, 0.45459, 0.146837, 0.377441, 0.45459, 0.146743, 0.378418, 0.45459, 0.146799, 0.379395, 0.45459, 0.147056, 0.380371, 0.45459, 0.147563, 0.381348, 0.45459, 0.148354, 0.382324, 0.45459, 0.149456, 0.383301, 0.45459, 0.150883, 0.384277, 0.45459, 0.152636, 0.385254, 0.45459, 0.154703, 0.38623, 0.45459, 0.157061, 0.387207, 0.45459, 0.159676, 0.388184, 0.45459, 0.162503, 0.38916, 0.45459, 0.16549, 0.390137, 0.45459, 0.168578, 
        0.375488, 0.455566, 0.147143, 0.376465, 0.455566, 0.145909, 0.377441, 0.455566, 0.144821, 0.378418, 0.455566, 0.143977, 0.379395, 0.455566, 0.143465, 0.380371, 0.455566, 0.14336, 0.381348, 0.455566, 0.143724, 0.382324, 0.455566, 0.144598, 0.383301, 0.455566, 0.146006, 0.384277, 0.455566, 0.147948, 0.385254, 0.455566, 0.150408, 0.38623, 0.455566, 0.153346, 0.387207, 0.455566, 0.156706, 0.388184, 0.455566, 0.160416, 0.38916, 0.455566, 0.164389, 0.390137, 0.455566, 0.168528, 
        0.375488, 0.456543, 0.147294, 0.376465, 0.456543, 0.145114, 0.377441, 0.456543, 0.14313, 0.378418, 0.456543, 0.141475, 0.379395, 0.456543, 0.140269, 0.380371, 0.456543, 0.139614, 0.381348, 0.456543, 0.139593, 0.382324, 0.456543, 0.140261, 0.383301, 0.456543, 0.141652, 0.384277, 0.456543, 0.143766, 0.385254, 0.456543, 0.14658, 0.38623, 0.456543, 0.150042, 0.387207, 0.456543, 0.154075, 0.388184, 0.456543, 0.158581, 0.38916, 0.456543, 0.163443, 0.390137, 0.456543, 0.16853, 
        0.375488, 0.45752, 0.14749, 0.376465, 0.45752, 0.144503, 0.377441, 0.45752, 0.141756, 0.378418, 0.45752, 0.13941, 0.379395, 0.45752, 0.137612, 0.380371, 0.45752, 0.136489, 0.381348, 0.45752, 0.13614, 0.382324, 0.45752, 0.136634, 0.383301, 0.45752, 0.13801, 0.384277, 0.45752, 0.140272, 0.385254, 0.45752, 0.143389, 0.38623, 0.45752, 0.147298, 0.387207, 0.45752, 0.151905, 0.388184, 0.45752, 0.157091, 0.38916, 0.45752, 0.162712, 0.390137, 0.45752, 0.168608, 
        0.375488, 0.458496, 0.147741, 0.376465, 0.458496, 0.144119, 0.377441, 0.458496, 0.14077, 0.378418, 0.458496, 0.137881, 0.379395, 0.458496, 0.135618, 0.380371, 0.458496, 0.134126, 0.381348, 0.458496, 0.133518, 0.382324, 0.458496, 0.133876, 0.383301, 0.458496, 0.135243, 0.384277, 0.458496, 0.137621, 0.385254, 0.458496, 0.140978, 0.38623, 0.458496, 0.145241, 0.387207, 0.458496, 0.150302, 0.388184, 0.458496, 0.156025, 0.38916, 0.458496, 0.162245, 0.390137, 0.458496, 0.168781, 
        0.375488, 0.459473, 0.148056, 0.376465, 0.459473, 0.143995, 0.377441, 0.459473, 0.140231, 0.378418, 0.459473, 0.136966, 0.379395, 0.459473, 0.134381, 0.380371, 0.459473, 0.132635, 0.381348, 0.459473, 0.13185, 0.382324, 0.459473, 0.132115, 0.383301, 0.459473, 0.133476, 0.384277, 0.459473, 0.135937, 0.385254, 0.459473, 0.139462, 0.38623, 0.459473, 0.143971, 0.387207, 0.459473, 0.149349, 0.388184, 0.459473, 0.155445, 0.38916, 0.459473, 0.162083, 0.390137, 0.459473, 0.169063, 
        0.375488, 0.460449, 0.148443, 0.376465, 0.460449, 0.144156, 0.377441, 0.460449, 0.140178, 0.378418, 0.460449, 0.136719, 0.379395, 0.460449, 0.13397, 0.380371, 0.460449, 0.132094, 0.381348, 0.460449, 0.131219, 0.382324, 0.460449, 0.131437, 0.383301, 0.460449, 0.132797, 0.384277, 0.460449, 0.135304, 0.385254, 0.460449, 0.138918, 0.38623, 0.460449, 0.143558, 0.387207, 0.460449, 0.149102, 0.388184, 0.460449, 0.155395, 0.38916, 0.460449, 0.162252, 0.390137, 0.460449, 0.169466, 
        0.375488, 0.461426, 0.148904, 0.376465, 0.461426, 0.144613, 0.377441, 0.461426, 0.140631, 0.378418, 0.461426, 0.13717, 0.379395, 0.461426, 0.134419, 0.380371, 0.461426, 0.132542, 0.381348, 0.461426, 0.131668, 0.382324, 0.461426, 0.131889, 0.383301, 0.461426, 0.133254, 0.384277, 0.461426, 0.135766, 0.385254, 0.461426, 0.139388, 0.38623, 0.461426, 0.144037, 0.387207, 0.461426, 0.149593, 0.388184, 0.461426, 0.155897, 0.38916, 0.461426, 0.162767, 0.390137, 0.461426, 0.169994, 
        0.375488, 0.462402, 0.14944, 0.376465, 0.462402, 0.145367, 0.377441, 0.462402, 0.141592, 0.378418, 0.462402, 0.138318, 0.379395, 0.462402, 0.135729, 0.380371, 0.462402, 0.133981, 0.381348, 0.462402, 0.1332, 0.382324, 0.462402, 0.133472, 0.383301, 0.462402, 0.134846, 0.384277, 0.462402, 0.137326, 0.385254, 0.462402, 0.140874, 0.38623, 0.462402, 0.145411, 0.387207, 0.462402, 0.150821, 0.388184, 0.462402, 0.156953, 0.38916, 0.462402, 0.163628, 0.390137, 0.462402, 0.170648, 
        0.375488, 0.463379, 0.150047, 0.376465, 0.463379, 0.146406, 0.377441, 0.463379, 0.14304, 0.378418, 0.463379, 0.140138, 0.379395, 0.463379, 0.137867, 0.380371, 0.463379, 0.136373, 0.381348, 0.463379, 0.135772, 0.382324, 0.463379, 0.136144, 0.383301, 0.463379, 0.137532, 0.384277, 0.463379, 0.139941, 0.385254, 0.463379, 0.143336, 0.38623, 0.463379, 0.147645, 0.387207, 0.463379, 0.152759, 0.388184, 0.463379, 0.15854, 0.38916, 0.463379, 0.164822, 0.390137, 0.463379, 0.171423, 
        0.375488, 0.464355, 0.150719, 0.376465, 0.464355, 0.147708, 0.377441, 0.464355, 0.144939, 0.378418, 0.464355, 0.142577, 0.379395, 0.464355, 0.14077, 0.380371, 0.464355, 0.139645, 0.381348, 0.464355, 0.139305, 0.382324, 0.464355, 0.139819, 0.383301, 0.464355, 0.141226, 0.384277, 0.464355, 0.14353, 0.385254, 0.464355, 0.1467, 0.38623, 0.464355, 0.150672, 0.387207, 0.464355, 0.155352, 0.388184, 0.464355, 0.160617, 0.38916, 0.464355, 0.166322, 0.390137, 0.464355, 0.172307, 
        0.375488, 0.465332, 0.151446, 0.376465, 0.465332, 0.149238, 0.377441, 0.465332, 0.14723, 0.378418, 0.465332, 0.145557, 0.379395, 0.465332, 0.144342, 0.380371, 0.465332, 0.143688, 0.381348, 0.465332, 0.14368, 0.382324, 0.465332, 0.144375, 0.383301, 0.465332, 0.145805, 0.384277, 0.465332, 0.147973, 0.385254, 0.465332, 0.150854, 0.38623, 0.465332, 0.154395, 0.387207, 0.465332, 0.158518, 0.388184, 0.465332, 0.163122, 0.38916, 0.465332, 0.16809, 0.390137, 0.465332, 0.173287, 
        0.375488, 0.466309, 0.152218, 0.376465, 0.466309, 0.150956, 0.377441, 0.466309, 0.149844, 0.378418, 0.466309, 0.148982, 0.379395, 0.466309, 0.148463, 0.380371, 0.466309, 0.148363, 0.381348, 0.466309, 0.148745, 0.382324, 0.466309, 0.149652, 0.383301, 0.466309, 0.151109, 0.384277, 0.466309, 0.153116, 0.385254, 0.466309, 0.155655, 0.38623, 0.466309, 0.158687, 0.387207, 0.466309, 0.162153, 0.388184, 0.466309, 0.165979, 0.38916, 0.466309, 0.170075, 0.390137, 0.466309, 0.174343, 
        0.375488, 0.467285, 0.153019, 0.376465, 0.467285, 0.152809, 0.377441, 0.467285, 0.152694, 0.378418, 0.467285, 0.152736, 0.379395, 0.467285, 0.15299, 0.380371, 0.467285, 0.153506, 0.381348, 0.467285, 0.154323, 0.382324, 0.467285, 0.155466, 0.383301, 0.467285, 0.156951, 0.384277, 0.467285, 0.158778, 0.385254, 0.467285, 0.160936, 0.38623, 0.467285, 0.163401, 0.387207, 0.467285, 0.166135, 0.388184, 0.467285, 0.169093, 0.38916, 0.467285, 0.17222, 0.390137, 0.467285, 0.175452, 
        0.375488, 0.468262, 0.153834, 0.376465, 0.468262, 0.154743, 0.377441, 0.468262, 0.155688, 0.378418, 0.468262, 0.156688, 0.379395, 0.468262, 0.157766, 0.380371, 0.468262, 0.158937, 0.381348, 0.468262, 0.160214, 0.382324, 0.468262, 0.161608, 0.383301, 0.468262, 0.163122, 0.384277, 0.468262, 0.164758, 0.385254, 0.468262, 0.166511, 0.38623, 0.468262, 0.168372, 0.387207, 0.468262, 0.170329, 0.388184, 0.468262, 0.172364, 0.38916, 0.468262, 0.174459, 0.390137, 0.468262, 0.17659
    ]
}
