{
    "level": 0,
    "idx": {"x": 24, "y": 104},
    "dim": {"x": 8, "y": 8},
    "offset": {"x": 0.187988, "y": 0.812988},
    "cellSize": {"x": 0.000976562, "y": 0.000976562},
    "vertices": [
        0.187988, 0.812988, -0.000948757, 0.188965, 0.812988, -0.000963468, 0.189941, 0.812988, -0.000978075, 0.190918, 0.812988, -0.000992843, 0.191895, 0.812988, -0.00100803, 0.192871, 0.812988, -0.00102388, 0.193848, 0.812988, -0.00104063, 0.194824, 0.812988, -0.00105851, 
        0.187988, 0.813965, -0.000895041, 0.188965, 0.813965, -0.000871833, 0.189941, 0.813965, -0.000848952, 0.190918, 0.813965, -0.000827003, 0.191895, 0.813965, -0.000806577, 0.192871, 0.813965, -0.000788248, 0.193848, 0.813965, -0.000772563, 0.194824, 0.813965, -0.000760043, 
        0.187988, 0.814941, -0.000841042, 0.188965, 0.814941, -0.00078053, 0.189941, 0.814941, -0.000720768, 0.190918, 0.814941, -0.000662696, 0.191895, 0.814941, -0.000607236, 0.192871, 0.814941, -0.000555279, 0.193848, 0.814941, -0.000507679, 0.194824, 0.814941, -0.000465243, 
        0.187988, 0.815918, -0.000786835, 0.188965, 0.815918, -0.000689968, 0.189941, 0.815918, -0.000594263, 0.190918, 0.815918, -0.000500986, 0.191895, 0.815918, -0.00041138, 0.192871, 0.815918, -0.000326646, 0.193848, 0.815918, -0.000247935, 0.194824, 0.815918, -0.000176334, 
        0.187988, 0.816895, -0.000732508, 0.188965, 0.816895, -0.000600571, 0.189941, 0.816895, -0.000470193, 0.190918, 0.816895, -0.000342956, 0.191895, 0.816895, -0.000220408, 0.192871, 0.816895, -0.000104049, 0.193848, 0.816895, 4.6827e-06, 0.194824, 0.816895, 0.000104431, 
        0.187988, 0.817871, -0.00067813, 0.188965, 0.817871, -0.000512721, 0.189941, 0.817871, -0.000349252, 0.190918, 0.817871, -0.000189599, 0.191895, 0.817871, -3.56067e-05, 0.192871, 0.817871, 0.000110942, 0.193848, 0.817871, 0.000248338, 0.194824, 0.817871, 0.000374968, 
        0.187988, 0.818848, -0.000623784, 0.188965, 0.818848, -0.000426811, 0.189941, 0.818848, -0.000232133, 0.190918, 0.818848, -4.19103e-05, 0.191895, 0.818848, 0.000141741, 0.192871, 0.818848, 0.000316769, 0.193848, 0.818848, 0.000481212, 0.194824, 0.818848, 0.000633212, 
        0.187988, 0.819824, -0.000569535, 0.188965, 0.819824, -0.000343183, 0.189941, 0.819824, -0.000119457, 0.190918, 0.819824, 9.92219e-05, 0.191895, 0.819824, 0.000310484, 0.192871, 0.819824, 0.000512031, 0.193848, 0.819824, 0.000701663, 0.194824, 0.819824, 0.000877302
    ]
}
