{
    "level": 0,
    "idx": {"x": 24, "y": 59},
    "dim": {"x": 16, "y": 16},
    "offset": {"x": 0.375488, "y": 0.922363},
    "cellSize": {"x": 0.000976562, "y": 0.000976562},
    "vertices": [
        0.375488, 0.922363, -0.000278311, 0.376465, 0.922363, -0.00132228, 0.377441, 0.922363, -0.00231071, 0.378418, 0.922363, -0.00320542, 0.379395, 0.922363, -0.00397197, 0.380371, 0.922363, -0.00458078, 0.381348, 0.922363, -0.00500838, 0.382324, 0.922363, -0.00523825, 0.383301, 0.922363, -0.00526149, 0.384277, 0.922363, -0.00507717, 0.385254, 0.922363, -0.00469233, 0.38623, 0.922363, -0.00412175, 0.387207, 0.922363, -0.00338735, 0.388184, 0.922363, -0.00251737, 0.38916, 0.922363, -0.00154522, 0.390137, 0.922363, -0.000508351, 
        0.375488, 0.92334, -0.000698866, 0.376465, 0.92334, -0.00283676, 0.377441, 0.92334, -0.004861, 0.378418, 0.92334, -0.00669344, 0.379395, 0.92334, -0.00826356, 0.380371, 0.92334, -0.00951086, 0.381348, 0.92334, -0.0103873, 0.382324, 0.92334, -0.010859, 0.383301, 0.92334, -0.0109079, 0.384277, 0.92334, -0.0105319, 0.385254, 0.92334, -0.00974557, 0.38623, 0.92334, -0.00857908, 0.387207, 0.92334, -0.00707732, 0.388184, 0.92334, -0.00529807, 0.38916, 0.92334, -0.0033097, 0.390137, 0.92334, -0.00118889, 
        0.375488, 0.924316, -0.00108796, 0.376465, 0.924316, -0.00423751, 0.377441, 0.924316, -0.00721964, 0.378418, 0.924316, -0.00991927, 0.379395, 0.924316, -0.0122325, 0.380371, 0.924316, -0.0140703, 0.381348, 0.924316, -0.0153618, 0.382324, 0.924316, -0.0160572, 0.383301, 0.924316, -0.0161297, 0.384277, 0.924316, -0.0155765, 0.385254, 0.924316, -0.0144189, 0.38623, 0.924316, -0.0127013, 0.387207, 0.924316, -0.0104899, 0.388184, 0.924316, -0.0078698, 0.38916, 0.924316, -0.00494166, 0.390137, 0.924316, -0.00181844, 
        0.375488, 0.925293, -0.00143071, 0.376465, 0.925293, -0.00547051, 0.377441, 0.925293, -0.00929561, 0.378418, 0.925293, -0.0127584, 0.379395, 0.925293, -0.0157256, 0.380371, 0.925293, -0.018083, 0.381348, 0.925293, -0.0197397, 0.382324, 0.925293, -0.020632, 0.383301, 0.925293, -0.0207254, 0.384277, 0.925293, -0.0200162, 0.385254, 0.925293, -0.0185318, 0.38623, 0.925293, -0.0163293, 0.387207, 0.925293, -0.0134934, 0.388184, 0.925293, -0.0101333, 0.38916, 0.925293, -0.00637818, 0.390137, 0.925293, -0.00237284, 
        0.375488, 0.92627, -0.00171411, 0.376465, 0.92627, -0.00648865, 0.377441, 0.92627, -0.0110094, 0.378418, 0.92627, -0.015102, 0.379395, 0.92627, -0.018609, 0.380371, 0.92627, -0.0213952, 0.381348, 0.92627, -0.0233534, 0.382324, 0.92627, -0.0244081, 0.383301, 0.92627, -0.0245187, 0.384277, 0.92627, -0.0236808, 0.385254, 0.92627, -0.0219268, 0.38623, 0.92627, -0.0193241, 0.387207, 0.92627, -0.0159728, 0.388184, 0.92627, -0.012002, 0.38916, 0.92627, -0.00756434, 0.390137, 0.92627, -0.00283099, 
        0.375488, 0.927246, -0.00192736, 0.376465, 0.927246, -0.00725273, 0.377441, 0.927246, -0.0122951, 0.378418, 0.927246, -0.0168599, 0.379395, 0.927246, -0.0207714, 0.380371, 0.927246, -0.0238792, 0.381348, 0.927246, -0.0260634, 0.382324, 0.927246, -0.0272399, 0.383301, 0.927246, -0.0273634, 0.384277, 0.927246, -0.0264291, 0.385254, 0.927246, -0.0244729, 0.38623, 0.927246, -0.0215701, 0.387207, 0.927246, -0.0178325, 0.388184, 0.927246, -0.0134038, 0.38916, 0.927246, -0.00845449, 0.390137, 0.927246, -0.00317537, 
        0.375488, 0.928223, -0.00206238, 0.376465, 0.928223, -0.00773347, 0.377441, 0.928223, -0.0131032, 0.378418, 0.928223, -0.0179643, 0.379395, 0.928223, -0.0221298, 0.380371, 0.928223, -0.0254394, 0.381348, 0.928223, -0.0277654, 0.382324, 0.928223, -0.0290184, 0.383301, 0.928223, -0.02915, 0.384277, 0.928223, -0.0281551, 0.385254, 0.928223, -0.0260721, 0.38623, 0.928223, -0.022981, 0.387207, 0.928223, -0.0190009, 0.388184, 0.928223, -0.014285, 0.38916, 0.928223, -0.0090145, 0.390137, 0.928223, -0.00339286, 
        0.375488, 0.929199, -0.00211412, 0.376465, 0.929199, -0.00791254, 0.377441, 0.929199, -0.0134028, 0.378418, 0.929199, -0.0183731, 0.379395, 0.929199, -0.0226322, 0.380371, 0.929199, -0.026016, 0.381348, 0.929199, -0.0283943, 0.382324, 0.929199, -0.0296755, 0.383301, 0.929199, -0.0298101, 0.384277, 0.929199, -0.028793, 0.385254, 0.929199, -0.0266632, 0.38623, 0.929199, -0.0235029, 0.387207, 0.929199, -0.0194335, 0.388184, 0.929199, -0.0146117, 0.38916, 0.929199, -0.00922303, 0.390137, 0.929199, -0.00347527, 
        0.375488, 0.930176, -0.00208071, 0.376465, 0.930176, -0.00778317, 0.377441, 0.930176, -0.0131826, 0.378418, 0.930176, -0.0180706, 0.379395, 0.930176, -0.0222592, 0.380371, 0.930176, -0.0255871, 0.381348, 0.930176, -0.027926, 0.382324, 0.930176, -0.029186, 0.383301, 0.930176, -0.0293184, 0.384277, 0.930176, -0.0283181, 0.385254, 0.930176, -0.0262236, 0.38623, 0.930176, -0.0231156, 0.387207, 0.930176, -0.0191135, 0.388184, 0.930176, -0.0143716, 0.38916, 0.930176, -0.00907217, 0.390137, 0.930176, -0.00341957, 
        0.375488, 0.931152, -0.00196355, 0.376465, 0.931152, -0.00735043, 0.377441, 0.931152, -0.012451, 0.378418, 0.931152, -0.0170685, 0.379395, 0.931152, -0.0210253, 0.380371, 0.931152, -0.024169, 0.381348, 0.931152, -0.0263785, 0.382324, 0.931152, -0.0275687, 0.383301, 0.931152, -0.0276938, 0.384277, 0.931152, -0.0267488, 0.385254, 0.931152, -0.0247702, 0.38623, 0.931152, -0.0218342, 0.387207, 0.931152, -0.0180536, 0.388184, 0.931152, -0.0135741, 0.38916, 0.931152, -0.00856784, 0.390137, 0.931152, -0.00322802, 
        0.375488, 0.932129, -0.00176731, 0.376465, 0.932129, -0.00663117, 0.377441, 0.932129, -0.0112366, 0.378418, 0.932129, -0.0154057, 0.379395, 0.932129, -0.0189784, 0.380371, 0.932129, -0.0218168, 0.381348, 0.932129, -0.0238118, 0.382324, 0.932129, -0.0248864, 0.383301, 0.932129, -0.0249992, 0.384277, 0.932129, -0.024146, 0.385254, 0.932129, -0.0223594, 0.38623, 0.932129, -0.0197083, 0.387207, 0.932129, -0.0162947, 0.388184, 0.932129, -0.01225, 0.38916, 0.932129, -0.00772968, 0.390137, 0.932129, -0.00290819, 
        0.375488, 0.933105, -0.00149961, 0.376465, 0.933105, -0.00565311, 0.377441, 0.933105, -0.00958588, 0.378418, 0.933105, -0.0131461, 0.379395, 0.933105, -0.016197, 0.380371, 0.933105, -0.0186208, 0.381348, 0.933105, -0.0203243, 0.382324, 0.933105, -0.0212419, 0.383301, 0.933105, -0.0213382, 0.384277, 0.933105, -0.0206095, 0.385254, 0.933105, -0.0190837, 0.38623, 0.933105, -0.0168196, 0.387207, 0.933105, -0.0139044, 0.388184, 0.933105, -0.0104502, 0.38916, 0.933105, -0.00658996, 0.390137, 0.933105, -0.00247246, 
        0.375488, 0.934082, -0.00117092, 0.376465, 0.934082, -0.00445416, 0.377441, 0.934082, -0.00756291, 0.378418, 0.934082, -0.0103772, 0.379395, 0.934082, -0.0127887, 0.380371, 0.934082, -0.0147047, 0.381348, 0.934082, -0.0160512, 0.382324, 0.934082, -0.0167764, 0.383301, 0.934082, -0.0168524, 0.384277, 0.934082, -0.0162761, 0.385254, 0.934082, -0.0150699, 0.38623, 0.934082, -0.01328, 0.387207, 0.934082, -0.0109753, 0.388184, 0.934082, -0.00824461, 0.38916, 0.934082, -0.00519287, 0.390137, 0.934082, -0.0019378, 
        0.375488, 0.935059, -0.000793955, 0.376465, 0.935059, -0.00308041, 0.377441, 0.935059, -0.00524534, 0.378418, 0.935059, -0.00720518, 0.379395, 0.935059, -0.00888453, 0.380371, 0.935059, -0.0102187, 0.381348, 0.935059, -0.0111563, 0.382324, 0.935059, -0.0116612, 0.383301, 0.935059, -0.0117139, 0.384277, 0.935059, -0.0113123, 0.385254, 0.935059, -0.010472, 0.38623, 0.935059, -0.00922515, 0.387207, 0.935059, -0.00761982, 0.388184, 0.935059, -0.00571777, 0.38916, 0.935059, -0.00359213, 0.390137, 0.935059, -0.00132486, 
