{
    "level": 0,
    "idx": {"x": 24, "y": 102},
    "dim": {"x": 8, "y": 8},
    "offset": {"x": 0.187988, "y": 0.797363},
    "cellSize": {"x": 0.000976562, "y": 0.000976562},
    "vertices": [
        0.187988, 0.797363, -0.00170562, 0.188965, 0.797363, -0.00214701, 0.189941, 0.797363, -0.00258346, 0.190918, 0.797363, -0.00301146, 0.191895, 0.797363, -0.00342756, 0.192871, 0.797363, -0.00382842, 0.193848, 0.797363, -0.00421083, 0.194824, 0.797363, -0.00457178, 
        0.187988, 0.79834, -0.00166659, 0.188965, 0.79834, -0.00210165, 0.189941, 0.79834, -0.00253183, 0.190918, 0.79834, -0.00295368, 0.191895, 0.79834, -0.00336378, 0.192871, 0.79834, -0.00375884, 0.193848, 0.79834, -0.0041357, 0.194824, 0.79834, -0.00449137, 
        0.187988, 0.799316, -0.00162624, 0.188965, 0.799316, -0.00205144, 0.189941, 0.799316, -0.00247188, 0.190918, 0.799316, -0.00288417, 0.191895, 0.799316, -0.00328498, 0.192871, 0.799316, -0.00367108, 0.193848, 0.799316, -0.00403939, 0.194824, 0.799316, -0.00438699, 
        0.187988, 0.800293, -0.00158459, 0.188965, 0.800293, -0.00199648, 0.189941, 0.800293, -0.00240378, 0.190918, 0.800293, -0.00280318, 0.191895, 0.800293, -0.00319146, 0.192871, 0.800293, -0.00356552, 0.193848, 0.800293, -0.00392235, 0.194824, 0.800293, -0.00425914, 
        0.187988, 0.80127, -0.00154166, 0.188965, 0.80127, -0.00193694, 0.189941, 0.80127, -0.00232779, 0.190918, 0.80127, -0.00271108, 0.191895, 0.80127, -0.00308372, 0.192871, 0.80127, -0.00344274, 0.193848, 0.80127, -0.00378526, 0.194824, 0.80127, -0.00410859, 
        0.187988, 0.802246, -0.00149753, 0.188965, 0.802246, -0.00187299, 0.189941, 0.802246, -0.00224425, 0.190918, 0.802246, -0.00260835, 0.191895, 0.802246, -0.00296237, 0.192871, 0.802246, -0.00330348, 0.193848, 0.802246, -0.00362898, 0.194824, 0.802246, -0.00393632, 
        0.187988, 0.803223, -0.00145221, 0.188965, 0.803223, -0.00180485, 0.189941, 0.803223, -0.00215354, 0.190918, 0.803223, -0.00249553, 0.191895, 0.803223, -0.0028281, 0.192871, 0.803223, -0.0031486, 0.193848, 0.803223, -0.00345453, 0.194824, 0.803223, -0.00374348, 
        0.187988, 0.804199, -0.00140578, 0.188965, 0.804199, -0.00173278, 0.189941, 0.804199, -0.00205614, 0.190918, 0.804199, -0.00237331, 0.191895, 0.804199, -0.00268179, 0.192871, 0.804199, -0.00297916, 0.193848, 0.804199, -0.00326311, 0.194824, 0.804199, -0.00353145
    ]
}
