{
    "level": 0,
    "idx": {"x": 24, "y": 39},
    "dim": {"x": 16, "y": 16},
    "offset": {"x": 0.375488, "y": 0.609863},
    "cellSize": {"x": 0.000976562, "y": 0.000976562},
    "vertices": [
        0.375488, 0.609863, 0.0983144, 0.376465, 0.609863, 0.09859, 0.377441, 0.609863, 0.0989042, 0.378418, 0.609863, 0.0992821, 0.379395, 0.609863, 0.0997465, 0.380371, 0.609863, 0.100317, 0.381348, 0.609863, 0.101009, 0.382324, 0.609863, 0.101833, 0.383301, 0.609863, 0.102795, 0.384277, 0.609863, 0.103895, 0.385254, 0.609863, 0.105129, 0.38623, 0.609863, 0.106487, 0.387207, 0.609863, 0.107953, 0.388184, 0.609863, 0.10951, 0.38916, 0.609863, 0.111135, 0.390137, 0.609863, 0.112802, 
        0.375488, 0.61084, 0.0970374, 0.376465, 0.61084, 0.0961934, 0.377441, 0.61084, 0.0954471, 0.378418, 0.61084, 0.0948641, 0.379395, 0.61084, 0.0945039, 0.380371, 0.61084, 0.0944173, 0.381348, 0.61084, 0.0946448, 0.382324, 0.61084, 0.0952147, 0.383301, 0.61084, 0.0961422, 0.384277, 0.61084, 0.0974288, 0.385254, 0.61084, 0.0990622, 0.38623, 0.61084, 0.101017, 0.387207, 0.61084, 0.103254, 0.388184, 0.61084, 0.105726, 0.38916, 0.61084, 0.108375, 0.390137, 0.61084, 0.111135, 
        0.375488, 0.611816, 0.0957867, 0.376465, 0.611816, 0.0938927, 0.377441, 0.611816, 0.0921516, 0.378418, 0.611816, 0.0906673, 0.379395, 0.611816, 0.0895335, 0.380371, 0.611816, 0.0888305, 0.381348, 0.611816, 0.0886222, 0.382324, 0.611816, 0.0889533, 0.383301, 0.611816, 0.089848, 0.384277, 0.611816, 0.0913086, 0.385254, 0.611816, 0.0933159, 0.38623, 0.611816, 0.0958295, 0.387207, 0.611816, 0.0987894, 0.388184, 0.611816, 0.102119, 0.38916, 0.611816, 0.105727, 0.390137, 0.611816, 0.10951, 
        0.375488, 0.612793, 0.0945778, 0.376465, 0.612793, 0.0917433, 0.377441, 0.612793, 0.0891113, 0.378418, 0.612793, 0.0868196, 0.379395, 0.612793, 0.0849927, 0.380371, 0.612793, 0.0837372, 0.381348, 0.612793, 0.083138, 0.382324, 0.612793, 0.0832546, 0.383301, 0.612793, 0.084119, 0.384277, 0.612793, 0.0857345, 0.385254, 0.612793, 0.0880755, 0.38623, 0.612793, 0.0910883, 0.387207, 0.612793, 0.0946937, 0.388184, 0.612793, 0.0987894, 0.38916, 0.612793, 0.103255, 0.390137, 0.612793, 0.107954, 
        0.375488, 0.61377, 0.0934246, 0.376465, 0.61377, 0.0897951, 0.377441, 0.61377, 0.0864098, 0.378418, 0.61377, 0.0834354, 0.379395, 0.61377, 0.0810222, 0.380371, 0.61377, 0.0792992, 0.381348, 0.61377, 0.0783688, 0.382324, 0.61377, 0.078303, 0.383301, 0.61377, 0.0791406, 0.384277, 0.61377, 0.0808854, 0.385254, 0.61377, 0.0835066, 0.38623, 0.61377, 0.0869396, 0.387207, 0.61377, 0.0910883, 0.388184, 0.61377, 0.0958294, 0.38916, 0.61377, 0.101017, 0.390137, 0.61377, 0.106487, 
        0.375488, 0.614746, 0.0923386, 0.376465, 0.614746, 0.0880898, 0.377441, 0.614746, 0.0841177, 0.378418, 0.614746, 0.0806113, 0.379395, 0.614746, 0.0777409, 0.380371, 0.614746, 0.0756529, 0.381348, 0.614746, 0.0744634, 0.382324, 0.614746, 0.0742542, 0.383301, 0.614746, 0.075069, 0.384277, 0.614746, 0.0769124, 0.385254, 0.614746, 0.0797494, 0.38623, 0.614746, 0.0835066, 0.387207, 0.614746, 0.0880754, 0.388184, 0.614746, 0.0933159, 0.38916, 0.614746, 0.0990624, 0.390137, 0.614746, 0.105129, 
        0.375488, 0.615723, 0.091329, 0.376465, 0.615723, 0.0866602, 0.377441, 0.615723, 0.08229, 0.378418, 0.615723, 0.0784223, 0.379395, 0.615723, 0.0752411, 0.380371, 0.615723, 0.0729045, 0.381348, 0.615723, 0.0715377, 0.382324, 0.615723, 0.071229, 0.383301, 0.615723, 0.0720257, 0.384277, 0.615723, 0.0739328, 0.385254, 0.615723, 0.0769124, 0.38623, 0.615723, 0.0808854, 0.387207, 0.615723, 0.0857345, 0.388184, 0.615723, 0.0913086, 0.38916, 0.615723, 0.097429, 0.390137, 0.615723, 0.103895, 
        0.375488, 0.616699, 0.0904019, 0.376465, 0.616699, 0.0855282, 0.377441, 0.616699, 0.0809636, 0.378418, 0.616699, 0.076919, 0.379395, 0.616699, 0.0735852, 0.380371, 0.616699, 0.0711254, 0.381348, 0.616699, 0.0696696, 0.382324, 0.616699, 0.069309, 0.383301, 0.616699, 0.0700927, 0.384277, 0.616699, 0.0720257, 0.385254, 0.616699, 0.075069, 0.38623, 0.616699, 0.0791405, 0.387207, 0.616699, 0.084119, 0.388184, 0.616699, 0.0898479, 0.38916, 0.616699, 0.0961424, 0.390137, 0.616699, 0.102795, 
        0.375488, 0.617676, 0.0895603, 0.376465, 0.617676, 0.0847045, 0.377441, 0.617676, 0.0801563, 0.378418, 0.617676, 0.0761258, 0.379395, 0.617676, 0.0728028, 0.380371, 0.617676, 0.0703499, 0.381348, 0.617676, 0.0688964, 0.382324, 0.617676, 0.0685331, 0.383301, 0.617676, 0.069309, 0.384277, 0.617676, 0.071229, 0.385254, 0.617676, 0.0742541, 0.38623, 0.617676, 0.078303, 0.387207, 0.617676, 0.0832545, 0.388184, 0.617676, 0.0889532, 0.38916, 0.617676, 0.0952149, 0.390137, 0.617676, 0.101833, 
        0.375488, 0.618652, 0.088804, 0.376465, 0.618652, 0.0841877, 0.377441, 0.618652, 0.0798658, 0.378418, 0.618652, 0.0760395, 0.379395, 0.618652, 0.0728901, 0.380371, 0.618652, 0.0705735, 0.381348, 0.618652, 0.0692133, 0.382324, 0.618652, 0.0688964, 0.383301, 0.618652, 0.0696696, 0.384277, 0.618652, 0.0715377, 0.385254, 0.618652, 0.0744634, 0.38623, 0.618652, 0.0783687, 0.387207, 0.618652, 0.0831379, 0.388184, 0.618652, 0.0886221, 0.38916, 0.618652, 0.094645, 0.390137, 0.618652, 0.101009, 
        0.375488, 0.619629, 0.0881294, 0.376465, 0.619629, 0.0839648, 0.377441, 0.619629, 0.0800701, 0.378418, 0.619629, 0.0766297, 0.379395, 0.619629, 0.0738099, 0.380371, 0.619629, 0.0717534, 0.381348, 0.619629, 0.0705735, 0.382324, 0.619629, 0.0703499, 0.383301, 0.619629, 0.0711254, 0.384277, 0.619629, 0.0729044, 0.385254, 0.619629, 0.0756528, 0.38623, 0.619629, 0.0792991, 0.387207, 0.619629, 0.0837371, 0.388184, 0.619629, 0.0888305, 0.38916, 0.619629, 0.0944175, 0.390137, 0.619629, 0.100317, 
        0.375488, 0.620605, 0.0875299, 0.376465, 0.620605, 0.0840115, 0.377441, 0.620605, 0.0807282, 0.378418, 0.620605, 0.0778404, 0.379395, 0.620605, 0.0754929, 0.380371, 0.620605, 0.07381, 0.381348, 0.620605, 0.0728902, 0.382324, 0.620605, 0.0728028, 0.383301, 0.620605, 0.0735852, 0.384277, 0.620605, 0.0752412, 0.385254, 0.620605, 0.0777409, 0.38623, 0.620605, 0.0810222, 0.387207, 0.620605, 0.0849927, 0.388184, 0.620605, 0.0895335, 0.38916, 0.620605, 0.0945041, 0.390137, 0.620605, 0.0997467, 
        0.375488, 0.621582, 0.0869961, 0.376465, 0.621582, 0.084293, 0.377441, 0.621582, 0.0817813, 0.378418, 0.621582, 0.0795912, 0.379395, 0.621582, 0.0778404, 0.380371, 0.621582, 0.0766298, 0.381348, 0.621582, 0.0760396, 0.382324, 0.621582, 0.0761259, 0.383301, 0.621582, 0.0769191, 0.384277, 0.621582, 0.0784224, 0.385254, 0.621582, 0.0806113, 0.38623, 0.621582, 0.0834354, 0.387207, 0.621582, 0.0868196, 0.388184, 0.621582, 0.0906673, 0.38916, 0.621582, 0.0948642, 0.390137, 0.621582, 0.0992822, 
        0.375488, 0.622559, 0.086516, 0.376465, 0.622559, 0.0847658, 0.377441, 0.622559, 0.0831558, 0.378418, 0.622559, 0.0817813, 0.379395, 0.622559, 0.0807282, 0.380371, 0.622559, 0.0800703, 0.381348, 0.622559, 0.0798659, 0.382324, 0.622559, 0.0801564, 0.383301, 0.622559, 0.0809637, 0.384277, 0.622559, 0.0822901, 0.385254, 0.622559, 0.0841178, 0.38623, 0.622559, 0.0864099, 0.387207, 0.622559, 0.0891114, 0.388184, 0.622559, 0.0921516, 0.38916, 0.622559, 0.0954472, 0.390137, 0.622559, 0.0989042, 
        0.375488, 0.623535, 0.0860756, 0.376465, 0.623535, 0.0853787, 0.377441, 0.623535, 0.0847657, 0.378418, 0.623535, 0.084293, 0.379395, 0.623535, 0.0840114, 0.380371, 0.623535, 0.0839648, 0.381348, 0.623535, 0.0841876, 0.382324, 0.623535, 0.0847044, 0.383301, 0.623535, 0.0855282, 0.384277, 0.623535, 0.0866601, 0.385254, 0.623535, 0.0880898, 0.38623, 0.623535, 0.089795, 0.387207, 0.623535, 0.0917433, 0.388184, 0.623535, 0.0938926, 0.38916, 0.623535, 0.0961934, 0.390137, 0.623535, 0.09859, 
