{
    "level": 0,
    "idx": {"x": 24, "y": 73},
    "dim": {"x": 8, "y": 8},
    "offset": {"x": 0.187988, "y": 0.570801},
    "cellSize": {"x": 0.000976562, "y": 0.000976562},
    "vertices": [
        0.187988, 0.570801, 0.00768268, 0.188965, 0.570801, 0.00819998, 0.189941, 0.570801, 0.00871571, 0.190918, 0.570801, 0.00922728, 0.191895, 0.570801, 0.00973214, 0.192871, 0.570801, 0.0102278, 0.193848, 0.570801, 0.0107119, 0.194824, 0.570801, 0.0111823, 
        0.187988, 0.571777, 0.00767189, 0.188965, 0.571777, 0.00821175, 0.189941, 0.571777, 0.00874976, 0.190918, 0.571777, 0.00928312, 0.191895, 0.571777, 0.00980905, 0.192871, 0.571777, 0.0103249, 0.193848, 0.571777, 0.010828, 0.194824, 0.571777, 0.0113161, 
        0.187988, 0.572754, 0.00765939, 0.188965, 0.572754, 0.00821889, 0.189941, 0.572754, 0.00877631, 0.190918, 0.572754, 0.00932863, 0.191895, 0.572754, 0.00987291, 0.192871, 0.572754, 0.0104063, 0.193848, 0.572754, 0.010926, 0.194824, 0.572754, 0.0114295, 
        0.187988, 0.57373, 0.00764514, 0.188965, 0.57373, 0.00822119, 0.189941, 0.57373, 0.00879494, 0.190918, 0.57373, 0.00936323, 0.191895, 0.57373, 0.00992295, 0.192871, 0.57373, 0.0104711, 0.193848, 0.57373, 0.0110047, 0.194824, 0.57373, 0.0115212, 
        0.187988, 0.574707, 0.00762911, 0.188965, 0.574707, 0.00821844, 0.189941, 0.574707, 0.0088053, 0.190918, 0.574707, 0.0093864, 0.191895, 0.574707, 0.00995849, 0.192871, 0.574707, 0.0105184, 0.193848, 0.574707, 0.0110633, 0.194824, 0.574707, 0.0115901, 
        0.187988, 0.575684, 0.00761128, 0.188965, 0.575684, 0.0082105, 0.189941, 0.575684, 0.00880712, 0.190918, 0.575684, 0.00939773, 0.191895, 0.575684, 0.00997901, 0.192871, 0.575684, 0.0105477, 0.193848, 0.575684, 0.0111008, 0.194824, 0.575684, 0.0116353, 
        0.187988, 0.57666, 0.00759164, 0.188965, 0.57666, 0.00819726, 0.189941, 0.57666, 0.00880017, 0.190918, 0.57666, 0.00939692, 0.191895, 0.57666, 0.00998412, 0.192871, 0.57666, 0.0105585, 0.193848, 0.57666, 0.0111168, 0.194824, 0.57666, 0.0116562, 
        0.187988, 0.577637, 0.00757018, 0.188965, 0.577637, 0.00817863, 0.189941, 0.577637, 0.00878432, 0.190918, 0.577637, 0.00938376, 0.191895, 0.577637, 0.00997353, 0.192871, 0.577637, 0.0105503, 0.193848, 0.577637, 0.0111109, 0.194824, 0.577637, 0.0116524
    ]
}
