{
    "level": 0,
    "idx": {"x": 25, "y": 59},
    "dim": {"x": 16, "y": 16},
    "offset": {"x": 0.391113, "y": 0.922363},
    "cellSize": {"x": 0.000976562, "y": 0.000976562},
    "vertices": [
        0.391113, 0.922363, 0.000553386, 0.39209, 0.922363, 0.00159916, 0.393066, 0.922363, 0.00258874, 0.394043, 0.922363, 0.00348408, 0.39502, 0.922363, 0.00425074, 0.395996, 0.922363, 0.00485926, 0.396973, 0.922363, 0.00528625, 0.397949, 0.922363, 0.00551531, 0.398926, 0.922363, 0.00553767, 0.399902, 0.922363, 0.00535251, 0.400879, 0.922363, 0.00496699, 0.401855, 0.922363, 0.00439603, 0.402832, 0.922363, 0.00366164, 0.403809, 0.922363, 0.00279215, 0.404785, 0.922363, 0.00182109, 0.405762, 0.922363, 0.000785876, 
        0.391113, 0.92334, 0.000982821, 0.39209, 0.92334, 0.00312185, 0.393066, 0.92334, 0.00514589, 0.394043, 0.92334, 0.00697705, 0.39502, 0.92334, 0.00854486, 0.395996, 0.92334, 0.009789, 0.396973, 0.92334, 0.0106616, 0.397949, 0.92334, 0.0111291, 0.398926, 0.92334, 0.0111736, 0.399902, 0.92334, 0.0107934, 0.400879, 0.92334, 0.0100031, 0.401855, 0.92334, 0.00883327, 0.402832, 0.92334, 0.00732898, 0.403809, 0.92334, 0.00554818, 0.404785, 0.92334, 0.0035595, 0.405762, 0.92334, 0.00143954, 
        0.391113, 0.924316, 0.00137975, 0.39209, 0.924316, 0.00452981, 0.393066, 0.924316, 0.00751049, 0.394043, 0.924316, 0.0102071, 0.39502, 0.924316, 0.0125158, 0.395996, 0.924316, 0.0143477, 0.396973, 0.924316, 0.0156324, 0.397949, 0.924316, 0.0163205, 0.398926, 0.924316, 0.0163854, 0.399902, 0.924316, 0.0158248, 0.400879, 0.924316, 0.0146602, 0.401855, 0.924316, 0.0129365, 0.402832, 0.924316, 0.0107202, 0.403809, 0.924316, 0.00809668, 0.404785, 0.924316, 0.00516692, 0.405762, 0.924316, 0.0020438, 
        0.391113, 0.925293, 0.00172866, 0.39209, 0.925293, 0.00576843, 0.393066, 0.925293, 0.00959096, 0.394043, 0.925293, 0.0130491, 0.39502, 0.925293, 0.0160098, 0.395996, 0.925293, 0.018359, 0.396973, 0.925293, 0.0200064, 0.397949, 0.925293, 0.0208885, 0.398926, 0.925293, 0.0209714, 0.399902, 0.925293, 0.020252, 0.400879, 0.925293, 0.018758, 0.401855, 0.925293, 0.016547, 0.402832, 0.925293, 0.0137041, 0.403809, 0.925293, 0.0103389, 0.404785, 0.925293, 0.00658102, 0.405762, 0.925293, 0.00257511, 
        0.391113, 0.92627, 0.002016, 0.39209, 0.92627, 0.00679003, 0.393066, 0.92627, 0.0113073, 0.394043, 0.92627, 0.015394, 0.39502, 0.92627, 0.0188927, 0.395996, 0.92627, 0.0216689, 0.396973, 0.92627, 0.0236155, 0.397949, 0.92627, 0.0246578, 0.398926, 0.92627, 0.0247556, 0.399902, 0.92627, 0.0239052, 0.400879, 0.92627, 0.0221393, 0.401855, 0.92627, 0.019526, 0.402832, 0.92627, 0.0161661, 0.403809, 0.92627, 0.0121888, 0.404785, 0.92627, 0.00774739, 0.405762, 0.92627, 0.0030129, 
        0.391113, 0.927246, 0.0022305, 0.39209, 0.927246, 0.00755501, 0.393066, 0.927246, 0.0125932, 0.394043, 0.927246, 0.017151, 0.39502, 0.927246, 0.0210532, 0.395996, 0.927246, 0.0241493, 0.396973, 0.927246, 0.0263203, 0.397949, 0.927246, 0.0274827, 0.398926, 0.927246, 0.0275916, 0.399902, 0.927246, 0.0266429, 0.400879, 0.927246, 0.0246732, 0.401855, 0.927246, 0.0217584, 0.402832, 0.927246, 0.0180108, 0.403809, 0.927246, 0.0135746, 0.404785, 0.927246, 0.00862079, 0.405762, 0.927246, 0.00334009, 
        0.391113, 0.928223, 0.00236376, 0.39209, 0.928223, 0.00803372, 0.393066, 0.928223, 0.0133988, 0.394043, 0.928223, 0.0182523, 0.39502, 0.928223, 0.0224076, 0.395996, 0.928223, 0.0257046, 0.396973, 0.928223, 0.0280164, 0.397949, 0.928223, 0.0292541, 0.398926, 0.928223, 0.02937, 0.399902, 0.928223, 0.0283597, 0.400879, 0.928223, 0.026262, 0.401855, 0.928223, 0.0231579, 0.402832, 0.928223, 0.019167, 0.403809, 0.928223, 0.0144428, 0.404785, 0.928223, 0.0091674, 0.405762, 0.928223, 0.00354389, 
        0.391113, 0.929199, 0.00241049, 0.39209, 0.929199, 0.00820766, 0.393066, 0.929199, 0.0136931, 0.394043, 0.929199, 0.0186555, 0.39502, 0.929199, 0.022904, 0.395996, 0.929199, 0.0262749, 0.396973, 0.929199, 0.0286386, 0.397949, 0.929199, 0.029904, 0.398926, 0.929199, 0.0300224, 0.399902, 0.929199, 0.0289894, 0.400879, 0.929199, 0.0268446, 0.401855, 0.929199, 0.0236708, 0.402832, 0.929199, 0.0195902, 0.403809, 0.929199, 0.01476, 0.404785, 0.929199, 0.00936609, 0.405762, 0.929199, 0.00361631, 
        0.391113, 0.930176, 0.00236875, 0.39209, 0.930176, 0.00806994, 0.393066, 0.930176, 0.0134645, 0.394043, 0.930176, 0.0183448, 0.39502, 0.930176, 0.022523, 0.395996, 0.930176, 0.0258381, 0.396973, 0.930176, 0.0281626, 0.397949, 0.930176, 0.029407, 0.398926, 0.930176, 0.0295235, 0.399902, 0.930176, 0.0285075, 0.400879, 0.930176, 0.0263982, 0.401855, 0.930176, 0.023277, 0.402832, 0.930176, 0.0192639, 0.403809, 0.930176, 0.0145136, 0.404785, 0.930176, 0.00920899, 0.405762, 0.930176, 0.00355437, 
        0.391113, 0.931152, 0.00224, 0.39209, 0.931152, 0.00762571, 0.393066, 0.931152, 0.0127218, 0.394043, 0.931152, 0.017332, 0.39502, 0.931152, 0.021279, 0.395996, 0.931152, 0.0244107, 0.396973, 0.931152, 0.0266066, 0.397949, 0.931152, 0.0277821, 0.398926, 0.931152, 0.0278922, 0.399902, 0.931152, 0.0269325, 0.400879, 0.931152, 0.0249399, 0.401855, 0.931152, 0.0219914, 0.402832, 0.931152, 0.0182004, 0.403809, 0.931152, 0.013713, 0.404785, 0.931152, 0.00870198, 0.405762, 0.931152, 0.00336031, 
        0.391113, 0.932129, 0.00202906, 0.39209, 0.932129, 0.006892, 0.393066, 0.932129, 0.0114934, 0.394043, 0.932129, 0.0156562, 0.39502, 0.932129, 0.01922, 0.395996, 0.932129, 0.0220477, 0.396973, 0.932129, 0.0240305, 0.397949, 0.932129, 0.025092, 0.398926, 0.932129, 0.0251914, 0.399902, 0.932129, 0.0243249, 0.400879, 0.932129, 0.0225259, 0.401855, 0.932129, 0.0198636, 0.402832, 0.932129, 0.0164407, 0.403809, 0.932129, 0.012389, 0.404785, 0.932129, 0.00786451, 0.405762, 0.932129, 0.00304145, 
        0.391113, 0.933105, 0.0017439, 0.39209, 0.933105, 0.0058968, 0.393066, 0.933105, 0.00982637, 0.394043, 0.933105, 0.0133813, 0.39502, 0.933105, 0.0164248, 0.395996, 0.933105, 0.0188397, 0.396973, 0.933105, 0.020533, 0.397949, 0.933105, 0.0214396, 0.398926, 0.933105, 0.0215246, 0.399902, 0.933105, 0.0207848, 0.400879, 0.933105, 0.0192485, 0.401855, 0.933105, 0.0169751, 0.402832, 0.933105, 0.0140522, 0.403809, 0.933105, 0.0105922, 0.404785, 0.933105, 0.00672853, 0.405762, 0.933105, 0.00260987, 
        0.391113, 0.934082, 0.00139541, 0.39209, 0.934082, 0.00467846, 0.393066, 0.934082, 0.00778496, 0.394043, 0.934082, 0.0105953, 0.39502, 0.934082, 0.0130014, 0.395996, 0.934082, 0.0149105, 0.396973, 0.934082, 0.0162493, 0.397949, 0.934082, 0.0169661, 0.398926, 0.934082, 0.0170334, 0.399902, 0.934082, 0.0164487, 0.400879, 0.934082, 0.0152344, 0.401855, 0.934082, 0.0134374, 0.402832, 0.934082, 0.011127, 0.403809, 0.934082, 0.00839197, 0.404785, 0.934082, 0.00533781, 0.405762, 0.934082, 0.00208212, 
        0.391113, 0.935059, 0.000996828, 0.39209, 0.935059, 0.00328358, 0.393066, 0.935059, 0.00544737, 0.394043, 0.935059, 0.00740491, 0.39502, 0.935059, 0.00908087, 0.395996, 0.935059, 0.0104107, 0.396973, 0.935059, 0.0113433, 0.397949, 0.935059, 0.0118428, 0.398926, 0.935059, 0.0118899, 0.399902, 0.935059, 0.0114829, 0.400879, 0.935059, 0.0106374, 0.401855, 0.935059, 0.00938604, 0.402832, 0.935059, 0.00777708, 0.403809, 0.935059, 0.00587246, 0.404785, 0.935059, 0.00374556, 0.405762, 0.935059, 0.00147828, 
        0.391113, 0.936035, 0.000563434, 0.39209, 0.936035, 0.00176595, 0.393066, 0.936035, 0.00290382, 0.394043, 0.936035, 0.00393326, 0.39502, 0.936035, 0.00481467, 0.395996, 0.936035, 0.00551413, 0.396973, 0.936035, 0.00600475, 0.397949, 0.936035, 0.00626765, 0.398926, 0.936035, 0.00629275, 0.399902, 0.936035, 0.00607911, 0.400879, 0.936035, 0.00563495, 0.401855, 0.936035, 0.00497745, 0.402832, 0.936035, 0.00413193, 0.403809, 0.936035, 0.00313098, 0.404785, 0.936035, 0.00201317, 0.405762, 0.936035, 0.000821567, 
