{
    "level": 0,
    "idx": {"x": 25, "y": 120},
    "dim": {"x": 8, "y": 8},
    "offset": {"x": 0.195801, "y": 0.937988},
    "cellSize": {"x": 0.000976562, "y": 0.000976562},
    "vertices": [
        0.195801, 0.937988, 0.00380914, 0.196777, 0.937988, 0.00393935, 0.197754, 0.937988, 0.0040657, 0.19873, 0.937988, 0.00418798, 0.199707, 0.937988, 0.00430597, 0.200684, 0.937988, 0.00441951, 0.20166, 0.937988, 0.00452846, 0.202637, 0.937988, 0.00463272, 
        0.195801, 0.938965, 0.00404274, 0.196777, 0.938965, 0.00419561, 0.197754, 0.938965, 0.00434187, 0.19873, 0.938965, 0.00448109, 0.199707, 0.938965, 0.00461291, 0.200684, 0.938965, 0.00473702, 0.20166, 0.938965, 0.00485316, 0.202637, 0.938965, 0.00496115, 
        0.195801, 0.939941, 0.0042702, 0.196777, 0.939941, 0.00444525, 0.197754, 0.939941, 0.00461099, 0.19873, 0.939941, 0.0047668, 0.199707, 0.939941, 0.00491214, 0.200684, 0.939941, 0.00504656, 0.20166, 0.939941, 0.0051697, 0.202637, 0.939941, 0.00528131, 
        0.195801, 0.940918, 0.00448904, 0.196777, 0.940918, 0.00468557, 0.197754, 0.940918, 0.00487017, 0.19873, 0.940918, 0.00504202, 0.199707, 0.940918, 0.00520043, 0.200684, 0.940918, 0.00534481, 0.20166, 0.940918, 0.00547469, 0.202637, 0.940918, 0.00558975, 
        0.195801, 0.941895, 0.00469689, 0.196777, 0.941895, 0.00491398, 0.197754, 0.941895, 0.00511662, 0.19873, 0.941895, 0.00530382, 0.199707, 0.941895, 0.00547471, 0.200684, 0.941895, 0.00562858, 0.20166, 0.941895, 0.00576488, 0.202637, 0.941895, 0.00588318, 
        0.195801, 0.942871, 0.0048914, 0.196777, 0.942871, 0.00512793, 0.197754, 0.942871, 0.00534761, 0.19873, 0.942871, 0.00554929, 0.199707, 0.942871, 0.00573195, 0.200684, 0.942871, 0.00589476, 0.20166, 0.942871, 0.00603706, 0.202637, 0.942871, 0.00615837, 
        0.195801, 0.943848, 0.0050704, 0.196777, 0.943848, 0.00532505, 0.197754, 0.943848, 0.00556061, 0.19873, 0.943848, 0.00577577, 0.199707, 0.943848, 0.00596937, 0.200684, 0.943848, 0.00614045, 0.20166, 0.943848, 0.00628828, 0.202637, 0.943848, 0.00641232, 
        0.195801, 0.944824, 0.00523183, 0.196777, 0.944824, 0.00550308, 0.197754, 0.944824, 0.00575319, 0.19873, 0.944824, 0.00598067, 0.199707, 0.944824, 0.00618425, 0.200684, 0.944824, 0.00636287, 0.20166, 0.944824, 0.0065157, 0.202637, 0.944824, 0.00664215
    ]
}
