{
    "level": 0,
    "idx": {"x": 25, "y": 81},
    "dim": {"x": 8, "y": 8},
    "offset": {"x": 0.195801, "y": 0.633301},
    "cellSize": {"x": 0.000976562, "y": 0.000976562},
    "vertices": [
        0.195801, 0.633301, 0.00779545, 0.196777, 0.633301, 0.0081306, 0.197754, 0.633301, 0.00844541, 0.19873, 0.633301, 0.00873837, 0.199707, 0.633301, 0.00900815, 0.200684, 0.633301, 0.00925366, 0.20166, 0.633301, 0.00947407, 0.202637, 0.633301, 0.00966878, 
        0.195801, 0.634277, 0.00786617, 0.196777, 0.634277, 0.0082135, 0.197754, 0.634277, 0.00853876, 0.19873, 0.634277, 0.0088403, 0.199707, 0.634277, 0.00911669, 0.200684, 0.634277, 0.00936674, 0.20166, 0.634277, 0.00958956, 0.202637, 0.634277, 0.0097845, 
        0.195801, 0.635254, 0.00791511, 0.196777, 0.635254, 0.00827271, 0.197754, 0.635254, 0.00860673, 0.19873, 0.635254, 0.0089154, 0.199707, 0.635254, 0.00919719, 0.200684, 0.635254, 0.00945085, 0.20166, 0.635254, 0.00967541, 0.202637, 0.635254, 0.0098702, 
        0.195801, 0.63623, 0.0079409, 0.196777, 0.63623, 0.00830674, 0.197754, 0.63623, 0.00864771, 0.19873, 0.63623, 0.00896196, 0.199707, 0.63623, 0.00924788, 0.200684, 0.63623, 0.00950415, 0.20166, 0.63623, 0.00972976, 0.202637, 0.63623, 0.00992398, 
        0.195801, 0.637207, 0.00794239, 0.196777, 0.637207, 0.00831432, 0.197754, 0.637207, 0.00866036, 0.19873, 0.637207, 0.00897856, 0.199707, 0.637207, 0.00926727, 0.200684, 0.637207, 0.00952511, 0.20166, 0.637207, 0.00975101, 0.202637, 0.637207, 0.00994425, 
        0.195801, 0.638184, 0.00791867, 0.196777, 0.638184, 0.00829446, 0.197754, 0.638184, 0.00864359, 0.19873, 0.638184, 0.00896406, 0.199707, 0.638184, 0.00925415, 0.200684, 0.638184, 0.00951247, 0.20166, 0.638184, 0.00973791, 0.202637, 0.638184, 0.00992971, 
        0.195801, 0.63916, 0.00786903, 0.196777, 0.63916, 0.00824639, 0.197754, 0.63916, 0.00859659, 0.19873, 0.63916, 0.00891759, 0.199707, 0.63916, 0.00920764, 0.200684, 0.63916, 0.00946532, 0.20166, 0.63916, 0.0096895, 0.202637, 0.63916, 0.00987942, 
        0.195801, 0.640137, 0.00779305, 0.196777, 0.640137, 0.00816965, 0.197754, 0.640137, 0.00851886, 0.19873, 0.640137, 0.00883862, 0.199707, 0.640137, 0.00912717, 0.200684, 0.640137, 0.00938307, 0.20166, 0.640137, 0.0096052, 0.202637, 0.640137, 0.00979276
    ]
}
