{
    "level": 0,
    "idx": {"x": 25, "y": 40},
    "dim": {"x": 16, "y": 16},
    "offset": {"x": 0.391113, "y": 0.625488},
    "cellSize": {"x": 0.000976562, "y": 0.000976562},
    "vertices": [
        0.391113, 0.625488, 0.0981751, 0.39209, 0.625488, 0.0983098, 0.393066, 0.625488, 0.0984822, 0.394043, 0.625488, 0.0987181, 0.39502, 0.625488, 0.0990408, 0.395996, 0.625488, 0.0994702, 0.396973, 0.625488, 0.100022, 0.397949, 0.625488, 0.100707, 0.398926, 0.625488, 0.101532, 0.399902, 0.625488, 0.102496, 0.400879, 0.625488, 0.103595, 0.401855, 0.625488, 0.104818, 0.402832, 0.625488, 0.106151, 0.403809, 0.625488, 0.107573, 0.404785, 0.625488, 0.109062, 0.405762, 0.625488, 0.110593, 
        0.391113, 0.626465, 0.0967616, 0.39209, 0.626465, 0.0957782, 0.393066, 0.626465, 0.0948922, 0.394043, 0.626465, 0.0941698, 0.39502, 0.626465, 0.0936709, 0.395996, 0.626465, 0.0934467, 0.396973, 0.626465, 0.0935378, 0.397949, 0.626465, 0.0939726, 0.398926, 0.626465, 0.0947663, 0.399902, 0.626465, 0.0959202, 0.400879, 0.626465, 0.0974216, 0.401855, 0.626465, 0.0992445, 0.402832, 0.626465, 0.10135, 0.403809, 0.626465, 0.103689, 0.404785, 0.626465, 0.106204, 0.405762, 0.626465, 0.108827, 
        0.391113, 0.627441, 0.0953781, 0.39209, 0.627441, 0.0933467, 0.393066, 0.627441, 0.0914686, 0.394043, 0.627441, 0.0898479, 0.39502, 0.627441, 0.0885788, 0.395996, 0.627441, 0.0877417, 0.396973, 0.627441, 0.0874007, 0.397949, 0.627441, 0.0876005, 0.398926, 0.627441, 0.0883648, 0.399902, 0.627441, 0.0896959, 0.400879, 0.627441, 0.091574, 0.401855, 0.627441, 0.0939581, 0.402832, 0.627441, 0.0967878, 0.403809, 0.627441, 0.0999854, 0.404785, 0.627441, 0.103459, 0.405762, 0.627441, 0.107106, 
        0.391113, 0.628418, 0.0940407, 0.39209, 0.628418, 0.0910713, 0.393066, 0.628418, 0.0883053, 0.394043, 0.628418, 0.0858806, 0.39502, 0.628418, 0.083922, 0.395996, 0.628418, 0.0825362, 0.396973, 0.628418, 0.081808, 0.397949, 0.628418, 0.0817967, 0.398926, 0.628418, 0.0825339, 0.399902, 0.628418, 0.0840226, 0.400879, 0.628418, 0.0862366, 0.401855, 0.628418, 0.0891217, 0.402832, 0.628418, 0.0925977, 0.403809, 0.628418, 0.096562, 0.404785, 0.628418, 0.100893, 0.405762, 0.628418, 0.105454, 
        0.391113, 0.629395, 0.0927636, 0.39209, 0.629395, 0.0890022, 0.393066, 0.629395, 0.0854864, 0.394043, 0.629395, 0.0823826, 0.39502, 0.629395, 0.0798414, 0.395996, 0.629395, 0.0779917, 0.396973, 0.629395, 0.0769358, 0.397949, 0.629395, 0.0767453, 0.398926, 0.629395, 0.0774584, 0.399902, 0.629395, 0.0790787, 0.400879, 0.629395, 0.0815746, 0.401855, 0.629395, 0.0848807, 0.402832, 0.629395, 0.0889005, 0.403809, 0.629395, 0.0935098, 0.404785, 0.629395, 0.0985617, 0.405762, 0.629395, 0.103892, 
        0.391113, 0.630371, 0.0915589, 0.39209, 0.630371, 0.0871817, 0.393066, 0.630371, 0.0830827, 0.394043, 0.630371, 0.0794506, 0.39502, 0.630371, 0.0764559, 0.395996, 0.630371, 0.0742447, 0.396973, 0.630371, 0.0729328, 0.397949, 0.630371, 0.0726015, 0.398926, 0.630371, 0.0732941, 0.399902, 0.630371, 0.0750146, 0.400879, 0.630371, 0.0777273, 0.401855, 0.630371, 0.081358, 0.402832, 0.630371, 0.0857975, 0.403809, 0.630371, 0.0909051, 0.404785, 0.630371, 0.0965144, 0.405762, 0.630371, 0.10244, 
        0.391113, 0.631348, 0.0904361, 0.39209, 0.631348, 0.0856426, 0.393066, 0.631348, 0.0811491, 0.394043, 0.631348, 0.0771594, 0.39502, 0.631348, 0.0738574, 0.395996, 0.631348, 0.0714007, 0.396973, 0.631348, 0.0699143, 0.397949, 0.631348, 0.0694858, 0.398926, 0.631348, 0.0701619, 0.399902, 0.631348, 0.071947, 0.400879, 0.631348, 0.0748026, 0.401855, 0.631348, 0.0786487, 0.402832, 0.631348, 0.0833675, 0.403809, 0.631348, 0.0888071, 0.404785, 0.631348, 0.0947883, 0.405762, 0.631348, 0.10111, 
        0.391113, 0.632324, 0.0894015, 0.39209, 0.632324, 0.0844068, 0.393066, 0.632324, 0.0797226, 0.394043, 0.632324, 0.0755595, 0.39502, 0.632324, 0.0721079, 0.395996, 0.632324, 0.0695308, 0.396973, 0.632324, 0.0679576, 0.397949, 0.632324, 0.0674788, 0.398926, 0.632324, 0.0681429, 0.399902, 0.632324, 0.0699542, 0.400879, 0.632324, 0.0728731, 0.401855, 0.632324, 0.0768168, 0.402832, 0.632324, 0.0816633, 0.403809, 0.632324, 0.0872557, 0.404785, 0.632324, 0.0934084, 0.405762, 0.632324, 0.0999139, 
        0.391113, 0.633301, 0.0884583, 0.39209, 0.633301, 0.083485, 0.393066, 0.633301, 0.0788207, 0.394043, 0.633301, 0.0746748, 0.39502, 0.633301, 0.0712368, 0.395996, 0.633301, 0.0686688, 0.396973, 0.633301, 0.0670995, 0.397949, 0.633301, 0.0666191, 0.398926, 0.633301, 0.0672756, 0.399902, 0.633301, 0.0690735, 0.400879, 0.633301, 0.0719733, 0.401855, 0.633301, 0.0758927, 0.402832, 0.633301, 0.0807102, 0.403809, 0.633301, 0.0862698, 0.404785, 0.633301, 0.0923868, 0.405762, 0.633301, 0.0988548, 
        0.391113, 0.634277, 0.0876059, 0.39209, 0.634277, 0.0828757, 0.393066, 0.634277, 0.0784409, 0.394043, 0.634277, 0.0745018, 0.39502, 0.634277, 0.0712397, 0.395996, 0.634277, 0.0688096, 0.396973, 0.634277, 0.0673346, 0.397949, 0.634277, 0.0669008, 0.398926, 0.634277, 0.0675543, 0.399902, 0.634277, 0.0692993, 0.400879, 0.634277, 0.0720981, 0.401855, 0.634277, 0.0758718, 0.402832, 0.634277, 0.0805044, 0.403809, 0.634277, 0.0858466, 0.404785, 0.634277, 0.0917218, 0.405762, 0.634277, 0.0979327, 
        0.391113, 0.635254, 0.0868408, 0.39209, 0.635254, 0.0825654, 0.393066, 0.635254, 0.0785605, 0.394043, 0.635254, 0.0750097, 0.39502, 0.635254, 0.0720787, 0.395996, 0.635254, 0.0699097, 0.396973, 0.635254, 0.0686152, 0.397949, 0.635254, 0.0682743, 0.398926, 0.635254, 0.0689291, 0.399902, 0.635254, 0.0705835, 0.400879, 0.635254, 0.0732028, 0.401855, 0.635254, 0.0767149, 0.402832, 0.635254, 0.0810134, 0.403809, 0.635254, 0.0859618, 0.404785, 0.635254, 0.0913981, 0.405762, 0.635254, 0.0971417, 
        0.391113, 0.63623, 0.086156, 0.39209, 0.63623, 0.0825294, 0.393066, 0.63623, 0.079138, 0.394043, 0.63623, 0.0761414, 0.39502, 0.63623, 0.0736837, 0.395996, 0.63623, 0.0718886, 0.396973, 0.63623, 0.0708539, 0.397949, 0.63623, 0.0706482, 0.398926, 0.63623, 0.0713083, 0.399902, 0.63623, 0.0728374, 0.400879, 0.63623, 0.0752055, 0.401855, 0.63623, 0.0783497, 0.402832, 0.63623, 0.0821777, 0.403809, 0.63623, 0.0865705, 0.404785, 0.63623, 0.0913874, 0.405762, 0.63623, 0.0964713, 
        0.391113, 0.637207, 0.0855415, 0.39209, 0.637207, 0.0827324, 0.393066, 0.637207, 0.0801142, 0.394043, 0.637207, 0.0778162, 0.39502, 0.637207, 0.0759555, 0.395996, 0.637207, 0.0746322, 0.396973, 0.637207, 0.073926, 0.397949, 0.637207, 0.0738924, 0.398926, 0.637207, 0.0745612, 0.399902, 0.637207, 0.0759351, 0.400879, 0.637207, 0.0779895, 0.401855, 0.637207, 0.0806735, 0.402832, 0.637207, 0.0839122, 0.403809, 0.637207, 0.0876089, 0.404785, 0.637207, 0.0916495, 0.405762, 0.637207, 0.0959063, 
        0.391113, 0.638184, 0.0849848, 0.39209, 0.638184, 0.0831302, 0.393066, 0.638184, 0.0814147, 0.394043, 0.638184, 0.0799326, 0.39502, 0.638184, 0.0787692, 0.395996, 0.638184, 0.0779976, 0.396973, 0.638184, 0.0776757, 0.397949, 0.638184, 0.0778441, 0.398926, 0.638184, 0.0785244, 0.399902, 0.638184, 0.0797186, 0.400879, 0.638184, 0.0814087, 0.401855, 0.638184, 0.0835576, 0.402832, 0.638184, 0.0861105, 0.403809, 0.638184, 0.088997, 0.404785, 0.638184, 0.0921337, 0.405762, 0.638184, 0.0954277, 
        0.391113, 0.63916, 0.0844713, 0.39209, 0.63916, 0.0836711, 0.393066, 0.63916, 0.0829528, 0.394043, 0.63916, 0.0823721, 0.39502, 0.63916, 0.0819792, 0.395996, 0.63916, 0.0818173, 0.396973, 0.63916, 0.0819205, 0.397949, 0.63916, 0.0823127, 0.398926, 0.63916, 0.0830066, 0.399902, 0.63916, 0.0840032, 0.400879, 0.63916, 0.0852921, 0.401855, 0.63916, 0.0868512, 0.402832, 0.63916, 0.0886481, 0.403809, 0.63916, 0.0906412, 0.404785, 0.63916, 0.0927812, 0.405762, 0.63916, 0.0950133, 
