{
    "level": 0,
    "idx": {"x": 25, "y": 7},
    "dim": {"x": 8, "y": 8},
    "offset": {"x": 0.195801, "y": 0.0551758},
    "cellSize": {"x": 0.000976562, "y": 0.000976562},
    "vertices": [
        0.195801, 0.0551758, -0.00522696, 0.196777, 0.0551758, -0.00549809, 0.197754, 0.0551758, -0.00574808, 0.19873, 0.0551758, -0.00597544, 0.199707, 0.0551758, -0.0061789, 0.200684, 0.0551758, -0.00635739, 0.20166, 0.0551758, -0.00651009, 0.202637, 0.0551758, -0.0066364, 
        0.195801, 0.0561523, -0.00506536, 0.196777, 0.0561523, -0.00531988, 0.197754, 0.0561523, -0.00555532, 0.19873, 0.0561523, -0.00577035, 0.199707, 0.0561523, -0.00596381, 0.200684, 0.0561523, -0.00613477, 0.20166, 0.0561523, -0.00628246, 0.202637, 0.0561523, -0.00640636, 
        0.195801, 0.0571289, -0.00488618, 0.196777, 0.0571289, -0.00512258, 0.197754, 0.0571289, -0.00534214, 0.19873, 0.0571289, -0.00554369, 0.199707, 0.0571289, -0.00572621, 0.200684, 0.0571289, -0.00588889, 0.20166, 0.0571289, -0.00603104, 0.202637, 0.0571289, -0.00615221, 
        0.195801, 0.0581055, -0.00469148, 0.196777, 0.0581055, -0.00490844, 0.197754, 0.0581055, -0.00511094, 0.19873, 0.0581055, -0.005298, 0.199707, 0.0581055, -0.00546875, 0.200684, 0.0581055, -0.00562249, 0.20166, 0.0581055, -0.00575863, 0.202637, 0.0581055, -0.00587679, 
        0.195801, 0.059082, -0.00448345, 0.196777, 0.059082, -0.00467984, 0.197754, 0.059082, -0.0048643, 0.19873, 0.059082, -0.00503601, 0.199707, 0.059082, -0.00519427, 0.200684, 0.059082, -0.0053385, 0.20166, 0.059082, -0.00546823, 0.202637, 0.059082, -0.00558314, 
        0.195801, 0.0600586, -0.0042644, 0.196777, 0.0600586, -0.00443931, 0.197754, 0.0600586, -0.0046049, 0.19873, 0.0600586, -0.00476056, 0.199707, 0.0600586, -0.00490575, 0.200684, 0.0600586, -0.00504002, 0.20166, 0.0600586, -0.00516301, 0.202637, 0.0600586, -0.00527445, 
        0.195801, 0.0610352, -0.00403674, 0.196777, 0.0610352, -0.00418946, 0.197754, 0.0610352, -0.00433557, 0.19873, 0.0610352, -0.00447464, 0.199707, 0.0610352, -0.00460631, 0.200684, 0.0610352, -0.00473026, 0.20166, 0.0610352, -0.00484624, 0.202637, 0.0610352, -0.00495406, 
        0.195801, 0.0620117, -0.00380294, 0.196777, 0.0620117, -0.003933, 0.197754, 0.0620117, -0.0040592, 0.19873, 0.0620117, -0.00418131, 0.199707, 0.0620117, -0.00429914, 0.200684, 0.0620117, -0.00441252, 0.20166, 0.0620117, -0.00452131, 0.202637, 0.0620117, -0.0046254
    ]
}
