{
    "level": 0,
    "idx": {"x": 25, "y": 107},
    "dim": {"x": 8, "y": 8},
    "offset": {"x": 0.195801, "y": 0.836426},
    "cellSize": {"x": 0.000976562, "y": 0.000976562},
    "vertices": [
        0.195801, 0.836426, 0.0020717, 0.196777, 0.836426, 0.00223763, 0.197754, 0.836426, 0.00238514, 0.19873, 0.836426, 0.0025129, 0.199707, 0.836426, 0.00261975, 0.200684, 0.836426, 0.00270476, 0.20166, 0.836426, 0.00276719, 0.202637, 0.836426, 0.00280652, 
        0.195801, 0.837402, 0.00193038, 0.196777, 0.837402, 0.00207956, 0.197754, 0.837402, 0.0022125, 0.19873, 0.837402, 0.00232804, 0.199707, 0.837402, 0.00242515, 0.200684, 0.837402, 0.00250303, 0.20166, 0.837402, 0.002561, 0.202637, 0.837402, 0.00259863, 
        0.195801, 0.838379, 0.00177419, 0.196777, 0.838379, 0.00190528, 0.197754, 0.838379, 0.00202248, 0.19873, 0.838379, 0.00212478, 0.199707, 0.838379, 0.00221134, 0.200684, 0.838379, 0.00228143, 0.20166, 0.838379, 0.0023345, 0.202637, 0.838379, 0.00237017, 
        0.195801, 0.839355, 0.00160524, 0.196777, 0.839355, 0.0017171, 0.197754, 0.839355, 0.00181755, 0.19873, 0.839355, 0.00190577, 0.199707, 0.839355, 0.00198105, 0.200684, 0.839355, 0.00204281, 0.20166, 0.839355, 0.00209059, 0.202637, 0.839355, 0.00212407, 
        0.195801, 0.840332, 0.00142583, 0.196777, 0.840332, 0.00151754, 0.197754, 0.840332, 0.00160042, 0.19873, 0.840332, 0.00167385, 0.199707, 0.840332, 0.00173727, 0.200684, 0.840332, 0.00179024, 0.20166, 0.840332, 0.00183241, 0.202637, 0.840332, 0.00186353, 
        0.195801, 0.841309, 0.00123832, 0.196777, 0.841309, 0.00130915, 0.197754, 0.841309, 0.00137383, 0.19873, 0.841309, 0.00143191, 0.199707, 0.841309, 0.00148303, 0.200684, 0.841309, 0.00152687, 0.20166, 0.841309, 0.00156318, 0.202637, 0.841309, 0.00159179, 
        0.195801, 0.842285, 0.00104517, 0.196777, 0.842285, 0.00109463, 0.197754, 0.842285, 0.00114067, 0.19873, 0.842285, 0.00118304, 0.199707, 0.842285, 0.00122154, 0.200684, 0.842285, 0.001256, 0.20166, 0.842285, 0.00128628, 0.202637, 0.842285, 0.00131228, 
        0.195801, 0.843262, 0.00084886, 0.196777, 0.843262, 0.000876681, 0.197754, 0.843262, 0.000903837, 0.19873, 0.843262, 0.000930289, 0.199707, 0.843262, 0.000956001, 0.200684, 0.843262, 0.000980946, 0.20166, 0.843262, 0.0010051, 0.202637, 0.843262, 0.00102844
    ]
}
