{
    "level": 0,
    "idx": {"x": 25, "y": 111},
    "dim": {"x": 8, "y": 8},
    "offset": {"x": 0.195801, "y": 0.867676},
    "cellSize": {"x": 0.000976562, "y": 0.000976562},
    "vertices": [
        0.195801, 0.867676, 0.00064962, 0.196777, 0.867676, 0.000565935, 0.197754, 0.867676, 0.000499744, 0.19873, 0.867676, 0.000452354, 0.199707, 0.867676, 0.00042488, 0.200684, 0.867676, 0.000418236, 0.20166, 0.867676, 0.000433131, 0.202637, 0.867676, 0.000470053, 
        0.195801, 0.868652, 0.000916204, 0.196777, 0.868652, 0.000853121, 0.197754, 0.868652, 0.000805293, 0.19873, 0.868652, 0.000773864, 0.199707, 0.868652, 0.000759811, 0.200684, 0.868652, 0.000763933, 0.20166, 0.868652, 0.00078685, 0.202637, 0.868652, 0.000828988, 
        0.195801, 0.869629, 0.00119675, 0.196777, 0.869629, 0.00115557, 0.197754, 0.869629, 0.00112725, 0.19873, 0.869629, 0.00111276, 0.199707, 0.869629, 0.00111293, 0.200684, 0.869629, 0.00112844, 0.20166, 0.869629, 0.0011598, 0.202637, 0.869629, 0.00120739, 
        0.195801, 0.870605, 0.00148905, 0.196777, 0.870605, 0.00147087, 0.197754, 0.870605, 0.00146302, 0.19873, 0.870605, 0.0014663, 0.199707, 0.870605, 0.00148137, 0.200684, 0.870605, 0.00150878, 0.20166, 0.870605, 0.00154895, 0.202637, 0.870605, 0.00160218, 
        0.195801, 0.871582, 0.00179081, 0.196777, 0.871582, 0.00179653, 0.197754, 0.871582, 0.00180995, 0.19873, 0.871582, 0.00183166, 0.199707, 0.871582, 0.00186218, 0.200684, 0.871582, 0.00190192, 0.20166, 0.871582, 0.0019512, 0.202637, 0.871582, 0.00201023, 
        0.195801, 0.872559, 0.00209958, 0.196777, 0.872559, 0.00212987, 0.197754, 0.872559, 0.00216515, 0.19873, 0.872559, 0.00220582, 0.199707, 0.872559, 0.0022522, 0.200684, 0.872559, 0.00230459, 0.20166, 0.872559, 0.00236318, 0.202637, 0.872559, 0.00242812, 
        0.195801, 0.873535, 0.0024129, 0.196777, 0.873535, 0.00246823, 0.197754, 0.873535, 0.00252578, 0.19873, 0.873535, 0.00258573, 0.199707, 0.873535, 0.00264826, 0.200684, 0.873535, 0.0027135, 0.20166, 0.873535, 0.00278154, 0.202637, 0.873535, 0.00285246, 
        0.195801, 0.874512, 0.00272818, 0.196777, 0.874512, 0.00280878, 0.197754, 0.874512, 0.00288879, 0.19873, 0.874512, 0.0029682, 0.199707, 0.874512, 0.003047, 0.200684, 0.874512, 0.00312519, 0.20166, 0.874512, 0.00320276, 0.202637, 0.874512, 0.00327968
    ]
}
