{
    "level": 0,
    "idx": {"x": 26, "y": 126},
    "dim": {"x": 8, "y": 8},
    "offset": {"x": 0.203613, "y": 0.984863},
    "cellSize": {"x": 0.000976562, "y": 0.000976562},
    "vertices": [
        0.203613, 0.984863, -0.00242681, 0.20459, 0.984863, -0.00237264, 0.205566, 0.984863, -0.00228316, 0.206543, 0.984863, -0.00215897, 0.20752, 0.984863, -0.002001, 0.208496, 0.984863, -0.00181053, 0.209473, 0.984863, -0.00158913, 0.210449, 0.984863, -0.00133871, 
        0.203613, 0.98584, -0.00245824, 0.20459, 0.98584, -0.00240631, 0.205566, 0.98584, -0.00231956, 0.206543, 0.98584, -0.00219856, 0.20752, 0.98584, -0.00204426, 0.208496, 0.98584, -0.00185789, 0.209473, 0.98584, -0.00164102, 0.210449, 0.98584, -0.0013955, 
        0.203613, 0.986816, -0.00245459, 0.20459, 0.986816, -0.00240516, 0.205566, 0.986816, -0.00232172, 0.206543, 0.986816, -0.00220485, 0.20752, 0.986816, -0.00205545, 0.208496, 0.986816, -0.00187475, 0.209473, 0.986816, -0.00166426, 0.210449, 0.986816, -0.00142581, 
        0.203613, 0.987793, -0.0024167, 0.20459, 0.987793, -0.00237, 0.205566, 0.987793, -0.00229045, 0.206543, 0.987793, -0.00217861, 0.20752, 0.987793, -0.00203534, 0.208496, 0.987793, -0.00186183, 0.209473, 0.987793, -0.00165954, 0.210449, 0.987793, -0.00143023, 
        0.203613, 0.98877, -0.00234572, 0.20459, 0.98877, -0.00230199, 0.205566, 0.98877, -0.00222689, 0.206543, 0.98877, -0.00212094, 0.20752, 0.98877, -0.00198498, 0.208496, 0.98877, -0.00182013, 0.209473, 0.98877, -0.00162779, 0.210449, 0.98877, -0.00140965, 
        0.203613, 0.989746, -0.00224314, 0.20459, 0.989746, -0.00220261, 0.205566, 0.989746, -0.00213248, 0.206543, 0.989746, -0.00203326, 0.20752, 0.989746, -0.00190573, 0.208496, 0.989746, -0.00175095, 0.209473, 0.989746, -0.00157024, 0.210449, 0.989746, -0.00136518, 
        0.203613, 0.990723, -0.00211076, 0.20459, 0.990723, -0.00207363, 0.205566, 0.990723, -0.00200897, 0.206543, 0.990723, -0.00191726, 0.20752, 0.990723, -0.00179922, 0.208496, 0.990723, -0.00165583, 0.209473, 0.990723, -0.00148833, 0.210449, 0.990723, -0.00129818, 
        0.203613, 0.991699, -0.00195066, 0.20459, 0.991699, -0.00191713, 0.205566, 0.991699, -0.00185842, 0.206543, 0.991699, -0.00177494, 0.20752, 0.991699, -0.00166737, 0.208496, 0.991699, -0.00153661, 0.209473, 0.991699, -0.00138378, 0.210449, 0.991699, -0.00121022
    ]
}
