{
    "level": 0,
    "idx": {"x": 26, "y": 11},
    "dim": {"x": 16, "y": 16},
    "offset": {"x": 0.406738, "y": 0.172363},
    "cellSize": {"x": 0.000976562, "y": 0.000976562},
    "vertices": [
        0.406738, 0.172363, 0.00269218, 0.407715, 0.172363, 0.00251685, 0.408691, 0.172363, 0.0023521, 0.409668, 0.172363, 0.00220506, 0.410645, 0.172363, 0.00208215, 0.411621, 0.172363, 0.00198888, 0.412598, 0.172363, 0.00192961, 0.413574, 0.172363, 0.00190739, 0.414551, 0.172363, 0.00192384, 0.415527, 0.172363, 0.00197909, 0.416504, 0.172363, 0.00207175, 0.41748, 0.172363, 0.00219902, 0.418457, 0.172363, 0.00235674, 0.419434, 0.172363, 0.00253959, 0.42041, 0.172363, 0.00274126, 0.421387, 0.172363, 0.00295472, 
        0.406738, 0.17334, 0.00229919, 0.407715, 0.17334, 0.000997442, 0.408691, 0.17334, -0.000232413, 0.409668, 0.17334, -0.00134222, 0.410645, 0.17334, -0.00228847, 0.411621, 0.17334, -0.00303393, 0.412598, 0.17334, -0.00354908, 0.413574, 0.17334, -0.00381332, 0.414551, 0.17334, -0.00381569, 0.415527, 0.17334, -0.00355532, 0.416504, 0.17334, -0.00304146, 0.41748, 0.17334, -0.00229313, 0.418457, 0.17334, -0.00133838, 0.419434, 0.17334, -0.000213197, 0.42041, 0.17334, 0.00103985, 0.421387, 0.17334, 0.00237326, 
        0.406738, 0.174316, 0.0019289, 0.407715, 0.174316, -0.000448327, 0.408691, 0.174316, -0.00269512, 0.409668, 0.174316, -0.00472415, 0.410645, 0.174316, -0.00645648, 0.411621, 0.174316, -0.00782464, 0.412598, 0.174316, -0.00877503, 0.413574, 0.174316, -0.00927031, 0.414551, 0.174316, -0.00929062, 0.415527, 0.174316, -0.00883436, 0.416504, 0.174316, -0.00791831, 0.41748, 0.174316, -0.00657696, 0.418457, 0.174316, -0.00486115, 0.419434, 0.174316, -0.00283618, 0.42041, 0.174316, -0.000579237, 0.421387, 0.174316, 0.00182356, 
        0.406738, 0.175293, 0.00159845, 0.407715, 0.175293, -0.00176188, 0.408691, 0.175293, -0.00493827, 0.409668, 0.175293, -0.00780756, 0.410645, 0.175293, -0.0102585, 0.411621, 0.175293, -0.0121958, 0.412598, 0.175293, -0.013544, 0.413574, 0.175293, -0.0142505, 0.414551, 0.175293, -0.0142871, 0.415527, 0.175293, -0.0136517, 0.416504, 0.175293, -0.0123679, 0.41748, 0.175293, -0.0104844, 0.418457, 0.175293, -0.0080728, 0.419434, 0.175293, -0.00522522, 0.42041, 0.175293, -0.00205048, 0.421387, 0.175293, 0.00132995, 
        0.406738, 0.17627, 0.00132353, 0.407715, 0.17627, -0.00288967, 0.408691, 0.17627, -0.00687249, 0.409668, 0.17627, -0.0104707, 0.410645, 0.17627, -0.0135449, 0.411621, 0.17627, -0.015976, 0.412598, 0.17627, -0.0176693, 0.413574, 0.17627, -0.0185589, 0.414551, 0.17627, -0.0186096, 0.415527, 0.17627, -0.0178187, 0.416504, 0.17627, -0.0162158, 0.41748, 0.17627, -0.0138618, 0.418457, 0.17627, -0.0108465, 0.419434, 0.17627, -0.00728509, 0.42041, 0.17627, -0.003314, 0.421387, 0.17627, 0.000914733, 
        0.406738, 0.177246, 0.00111773, 0.407715, 0.177246, -0.00378524, 0.408691, 0.177246, -0.00842027, 0.409668, 0.177246, -0.012608, 0.410645, 0.177246, -0.0161863, 0.411621, 0.177246, -0.0190167, 0.412598, 0.177246, -0.020989, 0.413574, 0.177246, -0.0220266, 0.414551, 0.177246, -0.0220886, 0.415527, 0.177246, -0.0211718, 0.416504, 0.177246, -0.0193106, 0.41748, 0.177246, -0.0165759, 0.418457, 0.177246, -0.0130721, 0.419434, 0.177246, -0.0089332, 0.42041, 0.177246, -0.00431782, 0.421387, 0.177246, 0.000597217, 
        0.406738, 0.178223, 0.000992057, 0.407715, 0.178223, -0.00441097, 0.408691, 0.178223, -0.00951883, 0.409668, 0.178223, -0.0141339, 0.410645, 0.178223, -0.0180777, 0.411621, 0.178223, -0.0211974, 0.412598, 0.178223, -0.0233719, 0.413574, 0.178223, -0.0245166, 0.414551, 0.178223, -0.0245867, 0.415527, 0.178223, -0.0235784, 0.416504, 0.178223, -0.0215298, 0.41748, 0.178223, -0.0185188, 0.418457, 0.178223, -0.0146605, 0.419434, 0.178223, -0.0101027, 0.42041, 0.178223, -0.00501987, 0.421387, 0.178223, 0.000393053, 
        0.406738, 0.179199, 0.000954525, 0.407715, 0.179199, -0.0047396, 0.408691, 0.179199, -0.0101227, 0.409668, 0.179199, -0.0149865, 0.410645, 0.179199, -0.0191429, 0.411621, 0.179199, -0.022431, 0.412598, 0.179199, -0.0247231, 0.413574, 0.179199, -0.02593, 0.414551, 0.179199, -0.0260044, 0.415527, 0.179199, -0.0249426, 0.416504, 0.179199, -0.0227845, 0.41748, 0.179199, -0.0196123, 0.418457, 0.179199, -0.0155473, 0.419434, 0.179199, -0.0107451, 0.42041, 0.179199, -0.00538966, 0.421387, 0.179199, 0.000313603, 
        0.406738, 0.180176, 0.00100979, 0.407715, 0.180176, -0.00475524, 0.408691, 0.180176, -0.0102053, 0.409668, 0.180176, -0.0151297, 0.410645, 0.180176, -0.0193378, 0.411621, 0.180176, -0.0226667, 0.412598, 0.180176, -0.0249871, 0.413574, 0.180176, -0.0262088, 0.414551, 0.180176, -0.0262838, 0.415527, 0.180176, -0.0252084, 0.416504, 0.180176, -0.023023, 0.41748, 0.180176, -0.0198108, 0.418457, 0.180176, -0.0156947, 0.419434, 0.180176, -0.0108321, 0.42041, 0.180176, -0.0054094, 0.421387, 0.180176, 0.000365486, 
        0.406738, 0.181152, 0.00115903, 0.407715, 0.181152, -0.00445394, 0.408691, 0.181152, -0.00976023, 0.409668, 0.181152, -0.0145545, 0.410645, 0.181152, -0.0186513, 0.411621, 0.181152, -0.0218919, 0.412598, 0.181152, -0.0241503, 0.413574, 0.181152, -0.0253388, 0.414551, 0.181152, -0.0254106, 0.415527, 0.181152, -0.0243621, 0.416504, 0.181152, -0.0222326, 0.41748, 0.181152, -0.0191032, 0.418457, 0.181152, -0.0150934, 0.419434, 0.181152, -0.0103568, 0.42041, 0.181152, -0.00507471, 0.421387, 0.181152, 0.000550369, 
        0.406738, 0.182129, 0.00139988, 0.407715, 0.182129, -0.00384392, 0.408691, 0.182129, -0.00880109, 0.409668, 0.182129, -0.0132797, 0.410645, 0.182129, -0.0171064, 0.411621, 0.182129, -0.0201329, 0.412598, 0.182129, -0.0222415, 0.413574, 0.182129, -0.02335, 0.414551, 0.182129, -0.0234149, 0.415527, 0.182129, -0.0224326, 0.416504, 0.182129, -0.0204401, 0.41748, 0.182129, -0.017513, 0.418457, 0.182129, -0.0137631, 0.419434, 0.182129, -0.00933381, 0.42041, 0.182129, -0.00439476, 0.421387, 0.182129, 0.000864858, 
        0.406738, 0.183105, 0.00172651, 0.407715, 0.183105, -0.00294517, 0.408691, 0.183105, -0.00736131, 0.409668, 0.183105, -0.0113508, 0.410645, 0.183105, -0.0147591, 0.411621, 0.183105, -0.017454, 0.412598, 0.183105, -0.0193304, 0.413574, 0.183105, -0.0203153, 0.414551, 0.183105, -0.0203697, 0.415527, 0.183105, -0.0194906, 0.416504, 0.183105, -0.0177107, 0.41748, 0.183105, -0.0150977, 0.418457, 0.183105, -0.011751, 0.419434, 0.183105, -0.00779871, 0.42041, 0.183105, -0.0033919, 0.421387, 0.183105, 0.00130068, 
        0.406738, 0.184082, 0.00212985, 0.407715, 0.184082, -0.00178878, 0.408691, 0.184082, -0.00549281, 0.409668, 0.184082, -0.00883856, 0.410645, 0.184082, -0.0116961, 0.411621, 0.184082, -0.0139546, 0.412598, 0.184082, -0.0155257, 0.413574, 0.184082, -0.016348, 0.414551, 0.184082, -0.0163888, 0.415527, 0.184082, -0.0156456, 0.416504, 0.184082, -0.0141459, 0.41748, 0.184082, -0.0119465, 0.418457, 0.184082, -0.00913099, 0.419434, 0.184082, -0.00580681, 0.42041, 0.184082, -0.00210094, 0.421387, 0.184082, 0.00184492, 
        0.406738, 0.185059, 0.002598, 0.407715, 0.185059, -0.000415634, 0.408691, 0.185059, -0.00326386, 0.409668, 0.185059, -0.00583593, 0.410645, 0.185059, -0.00803173, 0.411621, 0.185059, -0.00976571, 0.412598, 0.185059, -0.0109699, 0.413574, 0.185059, -0.0115969, 0.414551, 0.185059, -0.0116216, 0.415527, 0.185059, -0.0110419, 0.416504, 0.185059, -0.00987907, 0.41748, 0.185059, -0.00817693, 0.418457, 0.185059, -0.00599992, 0.419434, 0.185059, -0.00343083, 0.42041, 0.185059, -0.000567572, 0.421387, 0.185059, 0.00248065, 
