{
    "level": 0,
    "idx": {"x": 26, "y": 6},
    "dim": {"x": 16, "y": 16},
    "offset": {"x": 0.406738, "y": 0.0942383},
    "cellSize": {"x": 0.000976562, "y": 0.000976562},
    "vertices": [
        0.406738, 0.0942383, 0.000318604, 0.407715, 0.0942383, 0.00042736, 0.408691, 0.0942383, 0.000530302, 0.409668, 0.0942383, 0.000623544, 0.410645, 0.0942383, 0.000703571, 0.411621, 0.0942383, 0.000767382, 0.412598, 0.0942383, 0.000812589, 0.413574, 0.0942383, 0.000837531, 0.414551, 0.0942383, 0.000841324, 0.415527, 0.0942383, 0.000823896, 0.416504, 0.0942383, 0.000785992, 0.41748, 0.0942383, 0.000729148, 0.418457, 0.0942383, 0.000655626, 0.419434, 0.0942383, 0.00056833, 0.42041, 0.0942383, 0.000470694, 0.421387, 0.0942383, 0.000366552, 
        0.406738, 0.0952148, 0.000793851, 0.407715, 0.0952148, 0.0020318, 0.408691, 0.0952148, 0.0032025, 0.409668, 0.0952148, 0.00426096, 0.410645, 0.0952148, 0.0051665, 0.411621, 0.0952148, 0.00588436, 0.412598, 0.0952148, 0.00638692, 0.413574, 0.0952148, 0.00665493, 0.414551, 0.0952148, 0.00667816, 0.415527, 0.0952148, 0.00645579, 0.416504, 0.0952148, 0.00599646, 0.41748, 0.0952148, 0.00531793, 0.418457, 0.0952148, 0.00444641, 0.419434, 0.0952148, 0.00341552, 0.42041, 0.0952148, 0.00226504, 0.421387, 0.0952148, 0.00103935, 
        0.406738, 0.0961914, 0.00124971, 0.407715, 0.0961914, 0.00356925, 0.408691, 0.0961914, 0.00576271, 0.409668, 0.0961914, 0.00774571, 0.410645, 0.0961914, 0.00944197, 0.411621, 0.0961914, 0.0107863, 0.412598, 0.0961914, 0.0117269, 0.413574, 0.0961914, 0.0122278, 0.414551, 0.0961914, 0.0122696, 0.415527, 0.0961914, 0.011851, 0.416504, 0.0961914, 0.010988, 0.41748, 0.0961914, 0.00971397, 0.418457, 0.0961914, 0.00807809, 0.419434, 0.0961914, 0.0061434, 0.42041, 0.0961914, 0.00398446, 0.421387, 0.0961914, 0.00168449, 
        0.406738, 0.097168, 0.00166898, 0.407715, 0.097168, 0.0049809, 0.408691, 0.097168, 0.00811274, 0.409668, 0.097168, 0.010944, 0.410645, 0.097168, 0.0133658, 0.411621, 0.097168, 0.0152849, 0.412598, 0.097168, 0.0166275, 0.413574, 0.097168, 0.0173419, 0.414551, 0.097168, 0.0174009, 0.415527, 0.097168, 0.0168021, 0.416504, 0.097168, 0.0155688, 0.41748, 0.097168, 0.0137484, 0.418457, 0.097168, 0.0114113, 0.419434, 0.097168, 0.00864734, 0.42041, 0.097168, 0.00556316, 0.421387, 0.097168, 0.00227755, 
        0.406738, 0.0981445, 0.00203592, 0.407715, 0.0981445, 0.00621278, 0.408691, 0.0981445, 0.0101625, 0.409668, 0.0981445, 0.0137331, 0.410645, 0.0981445, 0.0167872, 0.411621, 0.0981445, 0.0192073, 0.412598, 0.0981445, 0.0209002, 0.413574, 0.0981445, 0.0218009, 0.414551, 0.0981445, 0.0218748, 0.415527, 0.0981445, 0.021119, 0.416504, 0.0981445, 0.0195629, 0.41748, 0.0981445, 0.0172664, 0.418457, 0.0981445, 0.014318, 0.419434, 0.0981445, 0.0108314, 0.42041, 0.0981445, 0.00694076, 0.421387, 0.0981445, 0.0027961, 
        0.406738, 0.0991211, 0.00233675, 0.407715, 0.0991211, 0.0072178, 0.408691, 0.0991211, 0.0118334, 0.409668, 0.0991211, 0.016006, 0.410645, 0.0991211, 0.0195749, 0.411621, 0.0991211, 0.0224029, 0.412598, 0.0991211, 0.024381, 0.413574, 0.0991211, 0.0254333, 0.414551, 0.0991211, 0.0255193, 0.415527, 0.0991211, 0.0246359, 0.416504, 0.0991211, 0.022817, 0.41748, 0.0991211, 0.0201328, 0.418457, 0.0991211, 0.0166868, 0.419434, 0.0991211, 0.0126118, 0.42041, 0.0991211, 0.00806463, 0.421387, 0.0991211, 0.0032206, 
        0.406738, 0.100098, 0.00256029, 0.407715, 0.100098, 0.0079577, 0.408691, 0.100098, 0.0130616, 0.409668, 0.100098, 0.0176755, 0.410645, 0.100098, 0.0216219, 0.411621, 0.100098, 0.024749, 0.412598, 0.100098, 0.0269363, 0.413574, 0.100098, 0.0280998, 0.414551, 0.100098, 0.0281947, 0.415527, 0.100098, 0.0272176, 0.416504, 0.100098, 0.0252061, 0.41748, 0.100098, 0.0222377, 0.418457, 0.100098, 0.0184269, 0.419434, 0.100098, 0.0139204, 0.42041, 0.100098, 0.00889194, 0.421387, 0.100098, 0.00353514, 
        0.406738, 0.101074, 0.00269835, 0.407715, 0.101074, 0.00840438, 0.408691, 0.101074, 0.0138001, 0.409668, 0.101074, 0.0186778, 0.410645, 0.101074, 0.0228499, 0.411621, 0.101074, 0.0261558, 0.412598, 0.101074, 0.0284681, 0.413574, 0.101074, 0.0296981, 0.414551, 0.101074, 0.0297984, 0.415527, 0.101074, 0.0287653, 0.416504, 0.101074, 0.0266387, 0.41748, 0.101074, 0.0235005, 0.418457, 0.101074, 0.0194716, 0.419434, 0.101074, 0.0147074, 0.42041, 0.101074, 0.00939128, 0.421387, 0.101074, 0.00372805, 
        0.406738, 0.102051, 0.00274601, 0.407715, 0.102051, 0.00854106, 0.408691, 0.102051, 0.014021, 0.409668, 0.102051, 0.0189748, 0.410645, 0.102051, 0.0232119, 0.411621, 0.102051, 0.0265694, 0.412598, 0.102051, 0.0289179, 0.413574, 0.102051, 0.030167, 0.414551, 0.102051, 0.030269, 0.415527, 0.102051, 0.0292198, 0.416504, 0.102051, 0.02706, 0.41748, 0.102051, 0.023873, 0.418457, 0.102051, 0.0197813, 0.419434, 0.102051, 0.0149428, 0.42041, 0.102051, 0.00954387, 0.421387, 0.102051, 0.00379237, 
        0.406738, 0.103027, 0.00270189, 0.407715, 0.103027, 0.00836292, 0.408691, 0.103027, 0.0137161, 0.409668, 0.103027, 0.0185554, 0.410645, 0.103027, 0.0226946, 0.411621, 0.103027, 0.0259745, 0.412598, 0.103027, 0.0282687, 0.413574, 0.103027, 0.0294891, 0.414551, 0.103027, 0.0295888, 0.415527, 0.103027, 0.0285641, 0.416504, 0.103027, 0.0264544, 0.41748, 0.103027, 0.0233413, 0.418457, 0.103027, 0.0193445, 0.419434, 0.103027, 0.0146182, 0.42041, 0.103027, 0.00934431, 0.421387, 0.103027, 0.00372611, 
        0.406738, 0.104004, 0.00256811, 0.407715, 0.104004, 0.00787726, 0.408691, 0.104004, 0.0128977, 0.409668, 0.104004, 0.0174362, 0.410645, 0.104004, 0.0213182, 0.411621, 0.104004, 0.0243943, 0.412598, 0.104004, 0.0265461, 0.413574, 0.104004, 0.0276908, 0.414551, 0.104004, 0.0277845, 0.415527, 0.104004, 0.0268238, 0.416504, 0.104004, 0.0248456, 0.41748, 0.104004, 0.0219264, 0.418457, 0.104004, 0.0181785, 0.419434, 0.104004, 0.0137463, 0.42041, 0.104004, 0.00880078, 0.421387, 0.104004, 0.00353228, 
        0.406738, 0.10498, 0.00235029, 0.407715, 0.10498, 0.00710323, 0.408691, 0.10498, 0.0115977, 0.409668, 0.10498, 0.0156608, 0.410645, 0.10498, 0.0191362, 0.411621, 0.10498, 0.0218902, 0.412598, 0.10498, 0.0238168, 0.413574, 0.10498, 0.0248419, 0.414551, 0.10498, 0.0249262, 0.415527, 0.10498, 0.0240665, 0.416504, 0.10498, 0.0222961, 0.41748, 0.10498, 0.0196832, 0.418457, 0.10498, 0.0163286, 0.419434, 0.10498, 0.0123615, 0.42041, 0.10498, 0.00793471, 0.421387, 0.10498, 0.00321888, 
        0.406738, 0.105957, 0.00205727, 0.407715, 0.105957, 0.00607112, 0.408691, 0.105957, 0.00986674, 0.409668, 0.105957, 0.0132981, 0.410645, 0.105957, 0.0162332, 0.411621, 0.105957, 0.0185592, 0.412598, 0.105957, 0.0201864, 0.413574, 0.105957, 0.0210525, 0.414551, 0.105957, 0.0211242, 0.415527, 0.105957, 0.0203988, 0.416504, 0.105957, 0.0189044, 0.41748, 0.105957, 0.0166987, 0.418457, 0.105957, 0.0138666, 0.419434, 0.105957, 0.0105173, 0.42041, 0.105957, 0.00677995, 0.421387, 0.105957, 0.00279848, 
        0.406738, 0.106934, 0.00170082, 0.407715, 0.106934, 0.00482114, 0.408691, 0.106934, 0.00777184, 0.409668, 0.106934, 0.0104394, 0.410645, 0.106934, 0.0127213, 0.411621, 0.106934, 0.0145298, 0.412598, 0.106934, 0.0157952, 0.413574, 0.106934, 0.0164691, 0.414551, 0.106934, 0.0165255, 0.415527, 0.106934, 0.0159625, 0.416504, 0.106934, 0.0148018, 0.41748, 0.106934, 0.0130882, 0.418457, 0.106934, 0.0108878, 0.419434, 0.106934, 0.00828547, 0.42041, 0.106934, 0.00538149, 0.421387, 0.106934, 0.00228779, 
        0.406738, 0.10791, 0.00129517, 0.407715, 0.10791, 0.00340193, 0.408691, 0.10791, 0.00539422, 0.409668, 0.10791, 0.00719546, 0.410645, 0.10791, 0.00873641, 0.411621, 0.10791, 0.0099579, 0.412598, 0.10791, 0.0108129, 0.413574, 0.10791, 0.0112687, 0.414551, 0.10791, 0.0113079, 0.415527, 0.10791, 0.010929, 0.416504, 0.10791, 0.0101467, 0.41748, 0.10791, 0.00899136, 0.418457, 0.10791, 0.00750751, 0.419434, 0.10791, 0.00575241, 0.42041, 0.10791, 0.00379374, 0.421387, 0.10791, 0.00170704, 
