{
    "level": 0,
    "idx": {"x": 27, "y": 66},
    "dim": {"x": 8, "y": 8},
    "offset": {"x": 0.211426, "y": 0.516113},
    "cellSize": {"x": 0.000976562, "y": 0.000976562},
    "vertices": [
        0.211426, 0.516113, 0.0145616, 0.212402, 0.516113, 0.0145479, 0.213379, 0.516113, 0.0145159, 0.214355, 0.516113, 0.0144685, 0.215332, 0.516113, 0.0144089, 0.216309, 0.516113, 0.0143404, 0.217285, 0.516113, 0.0142664, 0.218262, 0.516113, 0.0141904, 
        0.211426, 0.51709, 0.0146204, 0.212402, 0.51709, 0.0146108, 0.213379, 0.51709, 0.0145829, 0.214355, 0.51709, 0.0145399, 0.215332, 0.51709, 0.0144848, 0.216309, 0.51709, 0.0144208, 0.217285, 0.51709, 0.0143514, 0.218262, 0.51709, 0.0142801, 
        0.211426, 0.518066, 0.0146532, 0.212402, 0.518066, 0.0146501, 0.213379, 0.518066, 0.0146293, 0.214355, 0.518066, 0.0145937, 0.215332, 0.518066, 0.0145462, 0.216309, 0.518066, 0.0144901, 0.217285, 0.518066, 0.0144287, 0.218262, 0.518066, 0.0143655, 
        0.211426, 0.519043, 0.0146602, 0.212402, 0.519043, 0.0146664, 0.213379, 0.519043, 0.0146554, 0.214355, 0.519043, 0.0146301, 0.215332, 0.519043, 0.0145933, 0.216309, 0.519043, 0.0145483, 0.217285, 0.519043, 0.0144983, 0.218262, 0.519043, 0.0144465, 
        0.211426, 0.52002, 0.0146422, 0.212402, 0.52002, 0.0146601, 0.213379, 0.52002, 0.0146616, 0.214355, 0.52002, 0.0146495, 0.215332, 0.52002, 0.0146266, 0.216309, 0.52002, 0.0145958, 0.217285, 0.52002, 0.0145604, 0.218262, 0.52002, 0.0145233, 
        0.211426, 0.520996, 0.0146002, 0.212402, 0.520996, 0.0146321, 0.213379, 0.520996, 0.0146488, 0.214355, 0.520996, 0.0146526, 0.215332, 0.520996, 0.0146464, 0.216309, 0.520996, 0.0146329, 0.217285, 0.520996, 0.0146151, 0.218262, 0.520996, 0.014596, 
        0.211426, 0.521973, 0.0145352, 0.212402, 0.521973, 0.0145835, 0.213379, 0.521973, 0.0146177, 0.214355, 0.521973, 0.0146401, 0.215332, 0.521973, 0.0146533, 0.216309, 0.521973, 0.0146599, 0.217285, 0.521973, 0.0146627, 0.218262, 0.521973, 0.0146645, 
        0.211426, 0.522949, 0.0144486, 0.212402, 0.522949, 0.0145154, 0.213379, 0.522949, 0.0145694, 0.214355, 0.522949, 0.0146129, 0.215332, 0.522949, 0.0146481, 0.216309, 0.522949, 0.0146775, 0.217285, 0.522949, 0.0147036, 0.218262, 0.522949, 0.0147292
    ]
}
