{
    "level": 0,
    "idx": {"x": 27, "y": 17},
    "dim": {"x": 8, "y": 8},
    "offset": {"x": 0.845703, "y": 0.533203},
    "cellSize": {"x": 0.00390625, "y": 0.00390625},
    "vertices": [
        0.845703, 0.533203, 0.00977287, 0.849609, 0.533203, 0.0141255, 0.853516, 0.533203, 0.0113484, 0.857422, 0.533203, 0.00295389, 0.861328, 0.533203, -0.00621898, 0.865234, 0.533203, -0.0108602, 0.869141, 0.533203, -0.00832428, 0.873047, 0.533203, -0.000191803, 
        0.845703, 0.537109, 0.0195246, 0.849609, 0.537109, 0.0298331, 0.853516, 0.537109, 0.0237286, 0.857422, 0.537109, 0.00468871, 0.861328, 0.537109, -0.0161642, 0.865234, 0.537109, -0.0266258, 0.869141, 0.537109, -0.0206148, 0.873047, 0.537109, -0.0017615, 
        0.845703, 0.541016, 0.0190592, 0.849609, 0.541016, 0.0291038, 0.853516, 0.541016, 0.0231511, 0.857422, 0.541016, 0.00459065, 0.861328, 0.541016, -0.0157367, 0.865234, 0.541016, -0.0259356, 0.869141, 0.541016, -0.0200785, 0.873047, 0.541016, -0.00170395, 
        0.845703, 0.544922, 0.0086353, 0.849609, 0.544922, 0.0123535, 0.853516, 0.544922, 0.00994378, 0.857422, 0.544922, 0.0027061, 0.861328, 0.544922, -0.00519888, 0.865234, 0.544922, -0.00920569, 0.869141, 0.544922, -0.00703976, 0.873047, 0.544922, -6.03089e-005, 
        0.845703, 0.548828, -0.00561276, 0.849609, 0.548828, -0.010548, 0.853516, 0.548828, -0.00811288, 0.857422, 0.548828, 0.000134815, 0.861328, 0.548828, 0.00921916, 0.865234, 0.548828, 0.0136805, 0.869141, 0.548828, 0.0107975, 0.873047, 0.548828, 0.00219159, 
        0.845703, 0.552734, -0.0152953, 0.849609, 0.552734, -0.0261024, 0.853516, 0.552734, -0.0203779, 0.857422, 0.552734, -0.00161918, 0.861328, 0.552734, 0.0189969, 0.865234, 0.552734, 0.0292065, 0.869141, 0.552734, 0.0228975, 0.873047, 0.552734, 0.00371439, 
        0.845703, 0.556641, -0.0147181, 0.849609, 0.556641, -0.0251479, 0.853516, 0.556641, -0.0196289, 0.857422, 0.556641, -0.001535, 0.861328, 0.556641, 0.018351, 0.865234, 0.556641, 0.028198, 0.869141, 0.556641, 0.0221092, 0.873047, 0.556641, 0.00360042, 
        0.845703, 0.560547, -0.00424292, 0.849609, 0.560547, -0.00826702, 0.853516, 0.560547, -0.00632504, 0.857422, 0.560547, 0.000322523, 0.861328, 0.560547, 0.00764948, 0.865234, 0.560547, 0.0112384, 0.869141, 0.560547, 0.00888712, 0.873047, 0.560547, 0.00190746
    ]
}
