{
    "level": 0,
    "idx": {"x": 27, "y": 89},
    "dim": {"x": 8, "y": 8},
    "offset": {"x": 0.211426, "y": 0.695801},
    "cellSize": {"x": 0.000976562, "y": 0.000976562},
    "vertices": [
        0.211426, 0.695801, 0.00124349, 0.212402, 0.695801, 0.00103678, 0.213379, 0.695801, 0.000815227, 0.214355, 0.695801, 0.000581026, 0.215332, 0.695801, 0.000336537, 0.216309, 0.695801, 8.42371e-05, 0.217285, 0.695801, -0.000173304, 0.218262, 0.695801, -0.000433449, 
        0.211426, 0.696777, 0.00128048, 0.212402, 0.696777, 0.00105466, 0.213379, 0.696777, 0.00081263, 0.214355, 0.696777, 0.00055679, 0.215332, 0.696777, 0.000289682, 0.216309, 0.696777, 1.39774e-05, 0.217285, 0.696777, -0.000267546, 0.218262, 0.696777, -0.000552041, 
        0.211426, 0.697754, 0.00129845, 0.212402, 0.697754, 0.00105571, 0.213379, 0.697754, 0.000795604, 0.214355, 0.697754, 0.000520666, 0.215332, 0.697754, 0.000233606, 0.216309, 0.697754, -6.27295e-05, 0.217285, 0.697754, -0.000365386, 0.218262, 0.697754, -0.000671334, 
        0.211426, 0.69873, 0.00129609, 0.212402, 0.69873, 0.0010388, 0.213379, 0.69873, 0.000763146, 0.214355, 0.69873, 0.000471811, 0.215332, 0.69873, 0.000167638, 0.216309, 0.69873, -0.000146382, 0.217285, 0.69873, -0.000467143, 0.218262, 0.69873, -0.000791461, 
        0.211426, 0.699707, 0.00127233, 0.212402, 0.699707, 0.00100294, 0.213379, 0.699707, 0.000714421, 0.214355, 0.699707, 0.00040953, 0.215332, 0.699707, 9.1231e-05, 0.216309, 0.699707, -0.000237371, 0.217285, 0.699707, -0.00057305, 0.218262, 0.699707, -0.000912496, 
        0.211426, 0.700684, 0.00122627, 0.212402, 0.700684, 0.000947375, 0.213379, 0.700684, 0.000648752, 0.214355, 0.700684, 0.000333258, 0.215332, 0.700684, 3.93211e-06, 0.216309, 0.700684, -0.000336032, 0.217285, 0.700684, -0.000683318, 0.218262, 0.700684, -0.00103453, 
        0.211426, 0.70166, 0.0011573, 0.212402, 0.70166, 0.00087153, 0.213379, 0.70166, 0.00056566, 0.214355, 0.70166, 0.000242597, 0.215332, 0.70166, -9.4566e-05, 0.216309, 0.70166, -0.00044258, 0.217285, 0.70166, -0.00079807, 0.218262, 0.70166, -0.00115757, 
        0.211426, 0.702637, 0.001065, 0.212402, 0.702637, 0.000775039, 0.213379, 0.702637, 0.000464824, 0.214355, 0.702637, 0.00013728, 0.215332, 0.702637, -0.000204477, 0.216309, 0.702637, -0.000557171, 0.217285, 0.702637, -0.000917401, 0.218262, 0.702637, -0.00128168
    ]
}
