{
    "level": 0,
    "idx": {"x": 29, "y": 67},
    "dim": {"x": 8, "y": 8},
    "offset": {"x": 0.227051, "y": 0.523926},
    "cellSize": {"x": 0.000976562, "y": 0.000976562},
    "vertices": [
        0.227051, 0.523926, 0.0156403, 0.228027, 0.523926, 0.0158184, 0.229004, 0.523926, 0.0160202, 0.22998, 0.523926, 0.0162472, 0.230957, 0.523926, 0.0165006, 0.231934, 0.523926, 0.0167815, 0.23291, 0.523926, 0.0170906, 0.233887, 0.523926, 0.0174285, 
        0.227051, 0.524902, 0.0159307, 0.228027, 0.524902, 0.0161275, 0.229004, 0.524902, 0.0163458, 0.22998, 0.524902, 0.0165869, 0.230957, 0.524902, 0.0168519, 0.231934, 0.524902, 0.0171418, 0.23291, 0.524902, 0.0174572, 0.233887, 0.524902, 0.0177986, 
        0.227051, 0.525879, 0.0162346, 0.228027, 0.525879, 0.0164514, 0.229004, 0.525879, 0.0166874, 0.22998, 0.525879, 0.0169436, 0.230957, 0.525879, 0.0172211, 0.231934, 0.525879, 0.0175205, 0.23291, 0.525879, 0.0178426, 0.233887, 0.525879, 0.0181878, 
        0.227051, 0.526855, 0.0165497, 0.228027, 0.526855, 0.0167877, 0.229004, 0.526855, 0.0170424, 0.22998, 0.526855, 0.0173146, 0.230957, 0.526855, 0.0176052, 0.231934, 0.526855, 0.0179148, 0.23291, 0.526855, 0.018244, 0.233887, 0.526855, 0.0185932, 
        0.227051, 0.527832, 0.0168738, 0.228027, 0.527832, 0.017134, 0.229004, 0.527832, 0.0174082, 0.22998, 0.527832, 0.0176971, 0.230957, 0.527832, 0.0180014, 0.231934, 0.527832, 0.0183216, 0.23291, 0.527832, 0.0186582, 0.233887, 0.527832, 0.0190114, 
        0.227051, 0.528809, 0.0172044, 0.228027, 0.528809, 0.0174875, 0.229004, 0.528809, 0.0177819, 0.22998, 0.528809, 0.0180881, 0.230957, 0.528809, 0.0184065, 0.231934, 0.528809, 0.0187377, 0.23291, 0.528809, 0.0190819, 0.233887, 0.528809, 0.0194394, 
        0.227051, 0.529785, 0.0175391, 0.228027, 0.529785, 0.0178456, 0.229004, 0.529785, 0.0181607, 0.22998, 0.529785, 0.0184845, 0.230957, 0.529785, 0.0188174, 0.231934, 0.529785, 0.0191598, 0.23291, 0.529785, 0.0195117, 0.233887, 0.529785, 0.0198735, 
        0.227051, 0.530762, 0.0178753, 0.228027, 0.530762, 0.0182056, 0.229004, 0.530762, 0.0185415, 0.22998, 0.530762, 0.0188832, 0.230957, 0.530762, 0.0192308, 0.231934, 0.530762, 0.0195844, 0.23291, 0.530762, 0.0199443, 0.233887, 0.530762, 0.0203103
    ]
}
