{
    "level": 0,
    "idx": {"x": 29, "y": 20},
    "dim": {"x": 8, "y": 8},
    "offset": {"x": 0.908203, "y": 0.626953},
    "cellSize": {"x": 0.00390625, "y": 0.00390625},
    "vertices": [
        0.908203, 0.626953, 0.00948, 0.912109, 0.626953, 0.014318, 0.916016, 0.626953, 0.0108019, 0.919922, 0.626953, 0.000994871, 0.923828, 0.626953, -0.00932553, 0.927734, 0.626953, -0.0140783, 0.931641, 0.626953, -0.0104663, 0.935547, 0.626953, -0.000628741, 
        0.908203, 0.630859, 0.0190128, 0.912109, 0.630859, 0.028837, 0.916016, 0.630859, 0.0217347, 0.919922, 0.630859, 0.00188616, 0.923828, 0.630859, -0.0190046, 0.927734, 0.630859, -0.0286183, 0.931641, 0.630859, -0.0212888, 0.935547, 0.630859, -0.00134881, 
        0.908203, 0.634766, 0.0174271, 0.912109, 0.634766, 0.0264273, 0.916016, 0.634766, 0.0199193, 0.919922, 0.634766, 0.00173308, 0.923828, 0.634766, -0.0174079, 0.927734, 0.634766, -0.0262167, 0.931641, 0.634766, -0.0195018, 0.935547, 0.634766, -0.00123292, 
        0.908203, 0.638672, 0.00565455, 0.912109, 0.638672, 0.00850728, 0.916016, 0.638672, 0.00642371, 0.919922, 0.638672, 0.000623135, 0.923828, 0.638672, -0.00548027, 0.927734, 0.638672, -0.00829285, 0.931641, 0.638672, -0.00616176, 0.935547, 0.638672, -0.000351106, 
        0.908203, 0.642578, -0.00936148, 0.912109, 0.642578, -0.0143512, 0.916016, 0.642578, -0.0107908, 0.919922, 0.642578, -0.000791416, 0.923828, 0.642578, 0.00973684, 0.927734, 0.642578, 0.0145733, 0.931641, 0.642578, 0.0108567, 0.935547, 0.642578, 0.000774607, 
        0.908203, 0.646484, -0.0187631, 0.912109, 0.646484, -0.0286614, 0.916016, 0.646484, -0.021568, 0.919922, 0.646484, -0.00167851, 0.923828, 0.646484, 0.0192604, 0.927734, 0.646484, 0.028885, 0.931641, 0.646484, 0.0215082, 0.935547, 0.646484, 0.00147827, 
        0.908203, 0.650391, -0.0170063, 0.912109, 0.650391, -0.0259823, 0.916016, 0.650391, -0.0195512, 0.919922, 0.650391, -0.00151734, 0.923828, 0.650391, 0.0174681, 0.927734, 0.650391, 0.0261945, 0.931641, 0.650391, 0.0195053, 0.935547, 0.650391, 0.00134308, 
        0.908203, 0.654297, -0.0051315, 0.912109, 0.654297, -0.00789787, 0.916016, 0.654297, -0.00593325, 0.919922, 0.654297, -0.000405657, 0.923828, 0.654297, 0.00541507, 0.927734, 0.654297, 0.00808731, 0.931641, 0.654297, 0.00602796, 0.935547, 0.654297, 0.000447262
    ]
}
