{
    "level": 0,
    "idx": {"x": 29, "y": 59},
    "dim": {"x": 16, "y": 16},
    "offset": {"x": 0.453613, "y": 0.922363},
    "cellSize": {"x": 0.000976562, "y": 0.000976562},
    "vertices": [
        0.453613, 0.922363, 0.000686074, 0.45459, 0.922363, 0.00172905, 0.455566, 0.922363, 0.00271337, 0.456543, 0.922363, 0.00360116, 0.45752, 0.922363, 0.00435827, 0.458496, 0.922363, 0.00495558, 0.459473, 0.922363, 0.00537009, 0.460449, 0.922363, 0.00558588, 0.461426, 0.922363, 0.00559467, 0.462402, 0.922363, 0.00539615, 0.463379, 0.922363, 0.00499798, 0.464355, 0.922363, 0.00441552, 0.465332, 0.922363, 0.00367122, 0.466309, 0.922363, 0.00279376, 0.467285, 0.922363, 0.00181695, 0.468262, 0.922363, 0.000778419, 
        0.453613, 0.92334, 0.00118258, 0.45459, 0.92334, 0.00331637, 0.455566, 0.92334, 0.00533013, 0.456543, 0.92334, 0.00714635, 0.45752, 0.92334, 0.00869512, 0.458496, 0.92334, 0.00991686, 0.459473, 0.92334, 0.0107645, 0.460449, 0.92334, 0.0112054, 0.461426, 0.92334, 0.0112227, 0.462402, 0.92334, 0.0108157, 0.463379, 0.92334, 0.0100001, 0.464355, 0.92334, 0.00880739, 0.465332, 0.92334, 0.00728344, 0.466309, 0.92334, 0.00548697, 0.467285, 0.92334, 0.00348718, 0.468262, 0.92334, 0.0013611, 
        0.453613, 0.924316, 0.00164143, 0.45459, 0.924316, 0.004784, 0.455566, 0.924316, 0.00774977, 0.456543, 0.924316, 0.0104246, 0.45752, 0.924316, 0.0127054, 0.458496, 0.924316, 0.0145047, 0.459473, 0.924316, 0.0157528, 0.460449, 0.924316, 0.0164019, 0.461426, 0.924316, 0.0164271, 0.462402, 0.924316, 0.0158273, 0.463379, 0.924316, 0.0146257, 0.464355, 0.924316, 0.0128686, 0.465332, 0.924316, 0.0106236, 0.466309, 0.924316, 0.00797729, 0.467285, 0.924316, 0.00503147, 0.468262, 0.924316, 0.00189963, 
        0.453613, 0.925293, 0.00204464, 0.45459, 0.925293, 0.00607493, 0.455566, 0.925293, 0.00987847, 0.456543, 0.925293, 0.0133088, 0.45752, 0.925293, 0.016234, 0.458496, 0.925293, 0.0185414, 0.459473, 0.925293, 0.020142, 0.460449, 0.925293, 0.0209743, 0.461426, 0.925293, 0.0210064, 0.462402, 0.925293, 0.020237, 0.463379, 0.925293, 0.0186957, 0.464355, 0.925293, 0.0164419, 0.465332, 0.925293, 0.0135624, 0.466309, 0.925293, 0.0101682, 0.467285, 0.925293, 0.00638985, 0.468262, 0.925293, 0.00237294, 
        0.453613, 0.92627, 0.0023765, 0.45459, 0.92627, 0.00713942, 0.455566, 0.92627, 0.0116344, 0.456543, 0.92627, 0.0156883, 0.45752, 0.92627, 0.0191451, 0.458496, 0.92627, 0.0218719, 0.459473, 0.92627, 0.0237634, 0.460449, 0.92627, 0.024747, 0.461426, 0.92627, 0.0247847, 0.462402, 0.92627, 0.0238753, 0.463379, 0.92627, 0.0220536, 0.464355, 0.92627, 0.01939, 0.465332, 0.92627, 0.0159869, 0.466309, 0.92627, 0.0119754, 0.467285, 0.92627, 0.00750996, 0.468262, 0.92627, 0.0027626, 
        0.453613, 0.927246, 0.00262395, 0.45459, 0.927246, 0.00793612, 0.455566, 0.927246, 0.0129494, 0.456543, 0.927246, 0.0174708, 0.45752, 0.927246, 0.0213263, 0.458496, 0.927246, 0.0243674, 0.459473, 0.927246, 0.026477, 0.460449, 0.927246, 0.0275739, 0.461426, 0.927246, 0.027616, 0.462402, 0.927246, 0.0266015, 0.463379, 0.927246, 0.0245697, 0.464355, 0.927246, 0.0215988, 0.465332, 0.927246, 0.0178031, 0.466309, 0.927246, 0.0133288, 0.467285, 0.927246, 0.00834831, 0.468262, 0.927246, 0.00305332, 
        0.453613, 0.928223, 0.00277722, 0.45459, 0.928223, 0.00843408, 0.455566, 0.928223, 0.0137727, 0.456543, 0.928223, 0.0185875, 0.45752, 0.928223, 0.0226931, 0.458496, 0.928223, 0.0259316, 0.459473, 0.928223, 0.028178, 0.460449, 0.928223, 0.0293461, 0.461426, 0.928223, 0.0293908, 0.462402, 0.928223, 0.0283105, 0.463379, 0.928223, 0.0261467, 0.464355, 0.928223, 0.0229829, 0.465332, 0.928223, 0.0189408, 0.466309, 0.928223, 0.0141761, 0.467285, 0.928223, 0.00887233, 0.468262, 0.928223, 0.00323365, 
        0.453613, 0.929199, 0.00283021, 0.45459, 0.929199, 0.008614, 0.455566, 0.929199, 0.0140724, 0.456543, 0.929199, 0.0189952, 0.45752, 0.929199, 0.0231929, 0.458496, 0.929199, 0.0265041, 0.459473, 0.929199, 0.0288009, 0.460449, 0.929199, 0.0299951, 0.461426, 0.929199, 0.0300408, 0.462402, 0.929199, 0.0289362, 0.463379, 0.929199, 0.0267239, 0.464355, 0.929199, 0.023489, 0.465332, 0.929199, 0.0193562, 0.466309, 0.929199, 0.0144845, 0.467285, 0.929199, 0.00906169, 0.468262, 0.929199, 0.00329644, 
        0.453613, 0.930176, 0.00278064, 0.45459, 0.930176, 0.00846868, 0.455566, 0.930176, 0.0138367, 0.456543, 0.930176, 0.018678, 0.45752, 0.930176, 0.0228062, 0.458496, 0.930176, 0.0260626, 0.459473, 0.930176, 0.0283214, 0.460449, 0.930176, 0.0294958, 0.461426, 0.930176, 0.0295408, 0.462402, 0.930176, 0.0284544, 0.463379, 0.930176, 0.0262787, 0.464355, 0.930176, 0.0230974, 0.465332, 0.930176, 0.019033, 0.466309, 0.930176, 0.014242, 0.467285, 0.930176, 0.00890885, 0.468262, 0.930176, 0.00323903, 
        0.453613, 0.931152, 0.00263021, 0.45459, 0.931152, 0.00800349, 0.455566, 0.931152, 0.0130745, 0.456543, 0.931152, 0.0176479, 0.45752, 0.931152, 0.0215477, 0.458496, 0.931152, 0.0246238, 0.459473, 0.931152, 0.0267576, 0.460449, 0.931152, 0.0278671, 0.461426, 0.931152, 0.0279095, 0.462402, 0.931152, 0.0268834, 0.463379, 0.931152, 0.024828, 0.464355, 0.931152, 0.0218228, 0.465332, 0.931152, 0.0179833, 0.466309, 0.931152, 0.0134574, 0.467285, 0.931152, 0.00841945, 0.468262, 0.931152, 0.00306339, 
        0.453613, 0.932129, 0.00238452, 0.45459, 0.932129, 0.00723621, 0.455566, 0.932129, 0.0118149, 0.456543, 0.932129, 0.0159444, 0.45752, 0.932129, 0.0194656, 0.458496, 0.932129, 0.0222432, 0.459473, 0.932129, 0.0241699, 0.460449, 0.932129, 0.0251717, 0.461426, 0.932129, 0.02521, 0.462402, 0.932129, 0.0242835, 0.463379, 0.932129, 0.0224277, 0.464355, 0.932129, 0.0197143, 0.465332, 0.932129, 0.0162475, 0.466309, 0.932129, 0.012161, 0.467285, 0.932129, 0.00761218, 0.468262, 0.932129, 0.00277611, 
        0.453613, 0.933105, 0.0020528, 0.45459, 0.933105, 0.00619606, 0.455566, 0.933105, 0.0101062, 0.456543, 0.933105, 0.0136327, 0.45752, 0.933105, 0.0166398, 0.458496, 0.933105, 0.0190118, 0.459473, 0.933105, 0.0206572, 0.460449, 0.933105, 0.0215128, 0.461426, 0.933105, 0.0215456, 0.462402, 0.933105, 0.0207544, 0.463379, 0.933105, 0.0191697, 0.464355, 0.933105, 0.0168525, 0.465332, 0.933105, 0.013892, 0.466309, 0.933105, 0.0104023, 0.467285, 0.933105, 0.0065178, 0.468262, 0.933105, 0.00238798, 
        0.453613, 0.934082, 0.00164767, 0.45459, 0.934082, 0.00492305, 0.455566, 0.934082, 0.00801415, 0.456543, 0.934082, 0.010802, 0.45752, 0.934082, 0.0131792, 0.458496, 0.934082, 0.0150544, 0.459473, 0.934082, 0.0163551, 0.460449, 0.934082, 0.0170315, 0.461426, 0.934082, 0.0170576, 0.462402, 0.934082, 0.0164322, 0.463379, 0.934082, 0.0151795, 0.464355, 0.934082, 0.0133479, 0.465332, 0.934082, 0.0110077, 0.466309, 0.934082, 0.00824911, 0.467285, 0.934082, 0.00517841, 0.468262, 0.934082, 0.00191381, 
        0.453613, 0.935059, 0.00118449, 0.45459, 0.935059, 0.00346582, 0.455566, 0.935059, 0.0056188, 0.456543, 0.935059, 0.00756055, 0.45752, 0.935059, 0.00921633, 0.458496, 0.935059, 0.0105224, 0.459473, 0.935059, 0.0114285, 0.460449, 0.935059, 0.0118997, 0.461426, 0.935059, 0.011918, 0.462402, 0.935059, 0.0114825, 0.463379, 0.935059, 0.0106102, 0.464355, 0.935059, 0.00933462, 0.465332, 0.935059, 0.00770486, 0.466309, 0.935059, 0.00578372, 0.467285, 0.935059, 0.00364518, 0.468262, 0.935059, 0.0013716, 
        0.453613, 0.936035, 0.000680978, 0.45459, 0.936035, 0.00188051, 0.455566, 0.936035, 0.00301257, 0.456543, 0.936035, 0.00403358, 0.45752, 0.936035, 0.00490424, 0.458496, 0.936035, 0.00559108, 0.459473, 0.936035, 0.0060676, 0.460449, 0.936035, 0.00631552, 0.461426, 0.936035, 0.00632529, 0.462402, 0.936035, 0.00609656, 0.463379, 0.936035, 0.00563814, 0.464355, 0.936035, 0.00496771, 0.465332, 0.936035, 0.0041111, 0.466309, 0.936035, 0.00310129, 0.467285, 0.936035, 0.00197719, 0.468262, 0.936035, 0.000782097, 
