{
    "level": 0,
    "idx": {"x": 29, "y": 63},
    "dim": {"x": 8, "y": 8},
    "offset": {"x": 0.227051, "y": 0.492676},
    "cellSize": {"x": 0.000976562, "y": 0.000976562},
    "vertices": [
        0.227051, 0.492676, 0.0156841, 0.228027, 0.492676, 0.0161597, 0.229004, 0.492676, 0.0166221, 0.22998, 0.492676, 0.0170703, 0.230957, 0.492676, 0.017503, 0.231934, 0.492676, 0.0179194, 0.23291, 0.492676, 0.0183187, 0.233887, 0.492676, 0.0187006, 
        0.227051, 0.493652, 0.0156106, 0.228027, 0.493652, 0.016069, 0.229004, 0.493652, 0.0165165, 0.22998, 0.493652, 0.016952, 0.230957, 0.493652, 0.0173744, 0.231934, 0.493652, 0.0177831, 0.23291, 0.493652, 0.0181773, 0.233887, 0.493652, 0.0185567, 
        0.227051, 0.494629, 0.0155206, 0.228027, 0.494629, 0.0159605, 0.229004, 0.494629, 0.0163918, 0.22998, 0.494629, 0.0168135, 0.230957, 0.494629, 0.0172248, 0.231934, 0.494629, 0.017625, 0.23291, 0.494629, 0.0180135, 0.233887, 0.494629, 0.0183902, 
        0.227051, 0.495605, 0.0154162, 0.228027, 0.495605, 0.0158364, 0.229004, 0.495605, 0.0162504, 0.22998, 0.495605, 0.0166575, 0.230957, 0.495605, 0.0170568, 0.231934, 0.495605, 0.0174479, 0.23291, 0.495605, 0.0178304, 0.233887, 0.495605, 0.018204, 
        0.227051, 0.496582, 0.0152997, 0.228027, 0.496582, 0.0156992, 0.229004, 0.496582, 0.016095, 0.22998, 0.496582, 0.0164866, 0.230957, 0.496582, 0.0168733, 0.231934, 0.496582, 0.0172549, 0.23291, 0.496582, 0.017631, 0.233887, 0.496582, 0.0180013, 
        0.227051, 0.497559, 0.0151734, 0.228027, 0.497559, 0.0155513, 0.229004, 0.497559, 0.0159282, 0.22998, 0.497559, 0.0163037, 0.230957, 0.497559, 0.0166774, 0.231934, 0.497559, 0.017049, 0.23291, 0.497559, 0.0174183, 0.233887, 0.497559, 0.0177853, 
        0.227051, 0.498535, 0.0150396, 0.228027, 0.498535, 0.0153955, 0.229004, 0.498535, 0.0157529, 0.22998, 0.498535, 0.0161119, 0.230957, 0.498535, 0.0164721, 0.231934, 0.498535, 0.0168335, 0.23291, 0.498535, 0.0171958, 0.233887, 0.498535, 0.0175592, 
        0.227051, 0.499512, 0.014901, 0.228027, 0.499512, 0.0152343, 0.229004, 0.499512, 0.0155721, 0.22998, 0.499512, 0.0159142, 0.230957, 0.499512, 0.0162607, 0.231934, 0.499512, 0.0166116, 0.23291, 0.499512, 0.0169669, 0.233887, 0.499512, 0.0173267
    ]
}
