{
    "level": 0,
    "idx": {"x": 2, "y": 4},
    "dim": {"x": 8, "y": 8},
    "offset": {"x": 0.0644531, "y": 0.126953},
    "cellSize": {"x": 0.00390625, "y": 0.00390625},
    "vertices": [
        0.0644531, 0.126953, 0.000145891, 0.0683594, 0.126953, 0.0021943, 0.0722656, 0.126953, 0.00294808, 0.0761719, 0.126953, 0.00196243, 0.0800781, 0.126953, -0.000180905, 0.0839844, 0.126953, -0.00221699, 0.0878906, 0.126953, -0.00294415, 0.0917969, 0.126953, -0.00193317, 
        0.0644531, 0.130859, 0.00114612, 0.0683594, 0.130859, 0.0172833, 0.0722656, 0.130859, 0.0232211, 0.0761719, 0.130859, 0.0154554, 0.0800781, 0.130859, -0.00143074, 0.0839844, 0.130859, -0.017472, 0.0878906, 0.130859, -0.0232016, 0.0917969, 0.130859, -0.015238, 
        0.0644531, 0.134766, 0.0014703, 0.0683594, 0.134766, 0.0221729, 0.0722656, 0.134766, 0.0297906, 0.0761719, 0.134766, 0.0198279, 0.0800781, 0.134766, -0.00183566, 0.0839844, 0.134766, -0.0224153, 0.0878906, 0.134766, -0.0297658, 0.0917969, 0.134766, -0.0195493, 
        0.0644531, 0.138672, 0.000927138, 0.0683594, 0.138672, 0.0139776, 0.0722656, 0.138672, 0.0187797, 0.0761719, 0.138672, 0.0124995, 0.0800781, 0.138672, -0.00115665, 0.0839844, 0.138672, -0.0141295, 0.0878906, 0.138672, -0.0187631, 0.0917969, 0.138672, -0.0123227, 
        0.0644531, 0.142578, -0.000162764, 0.0683594, 0.142578, -0.00246607, 0.0722656, 0.142578, -0.00331349, 0.0761719, 0.142578, -0.00220486, 0.0800781, 0.142578, 0.00020566, 0.0839844, 0.142578, 0.0024956, 0.0878906, 0.142578, 0.00331367, 0.0917969, 0.142578, 0.0021772, 
        0.0644531, 0.146484, -0.00115615, 0.0683594, 0.146484, -0.0174539, 0.0722656, 0.146484, -0.0234506, 0.0761719, 0.146484, -0.0156073, 0.0800781, 0.146484, 0.00144738, 0.0839844, 0.146484, 0.0176488, 0.0878906, 0.146484, 0.0234358, 0.0917969, 0.146484, 0.0153934, 
        0.0644531, 0.150391, -0.00146673, 0.0683594, 0.150391, -0.0221407, 0.0722656, 0.150391, -0.0297477, 0.0761719, 0.150391, -0.0197984, 0.0800781, 0.150391, 0.00183581, 0.0839844, 0.150391, 0.0223876, 0.0878906, 0.150391, 0.0297285, 0.0917969, 0.150391, 0.0195264, 
        0.0644531, 0.154297, -0.000911147, 0.0683594, 0.154297, -0.0137606, 0.0722656, 0.154297, -0.0184885, 0.0761719, 0.154297, -0.0123046, 0.0800781, 0.154297, 0.00114182, 0.0839844, 0.154297, 0.0139155, 0.0878906, 0.154297, 0.0184782, 0.0917969, 0.154297, 0.0121375
    ]
}
