{
    "level": 0,
    "idx": {"x": 2, "y": 27},
    "dim": {"x": 8, "y": 8},
    "offset": {"x": 0.0644531, "y": 0.845703},
    "cellSize": {"x": 0.00390625, "y": 0.00390625},
    "vertices": [
        0.0644531, 0.845703, 0.000913263, 0.0683594, 0.845703, 0.013763, 0.0722656, 0.845703, 0.0184912, 0.0761719, 0.845703, 0.0123077, 0.0800781, 0.845703, -0.00113817, 0.0839844, 0.845703, -0.0139113, 0.0878906, 0.845703, -0.0184734, 0.0917969, 0.845703, -0.012132, 
        0.0644531, 0.849609, 0.00146863, 0.0683594, 0.849609, 0.0221429, 0.0722656, 0.849609, 0.0297502, 0.0761719, 0.849609, 0.0198013, 0.0800781, 0.849609, -0.00183255, 0.0839844, 0.849609, -0.0223839, 0.0878906, 0.849609, -0.0297243, 0.0917969, 0.849609, -0.0195216, 
        0.0644531, 0.853516, 0.00115784, 0.0683594, 0.853516, 0.0174557, 0.0722656, 0.853516, 0.0234527, 0.0761719, 0.853516, 0.0156098, 0.0800781, 0.853516, -0.00144446, 0.0839844, 0.853516, -0.0176454, 0.0878906, 0.853516, -0.0234319, 0.0917969, 0.853516, -0.0153889, 
        0.0644531, 0.857422, 0.000164285, 0.0683594, 0.857422, 0.00246789, 0.0722656, 0.857422, 0.0033156, 0.0761719, 0.857422, 0.00220722, 0.0800781, 0.857422, -0.000203059, 0.0839844, 0.857422, -0.00249271, 0.0878906, 0.857422, -0.00331039, 0.0917969, 0.857422, -0.00217341, 
        0.0644531, 0.861328, -0.000925785, 0.0683594, 0.861328, -0.0139761, 0.0722656, 0.861328, -0.0187779, 0.0761719, 0.861328, -0.0124975, 0.0800781, 0.861328, 0.00115898, 0.0839844, 0.861328, 0.0141322, 0.0878906, 0.861328, 0.0187661, 0.0917969, 0.861328, 0.0123261, 
        0.0644531, 0.865234, -0.00146909, 0.0683594, 0.865234, -0.0221715, 0.0722656, 0.865234, -0.029789, 0.0761719, 0.865234, -0.0198261, 0.0800781, 0.865234, 0.00183774, 0.0839844, 0.865234, 0.0224177, 0.0878906, 0.865234, 0.0297686, 0.0917969, 0.865234, 0.0195524, 
        0.0644531, 0.869141, -0.00114506, 0.0683594, 0.869141, -0.0172821, 0.0722656, 0.869141, -0.0232198, 0.0761719, 0.869141, -0.0154539, 0.0800781, 0.869141, 0.00143259, 0.0839844, 0.869141, 0.0174742, 0.0878906, 0.869141, 0.0232041, 0.0917969, 0.869141, 0.0152408, 
        0.0644531, 0.873047, -0.00014494, 0.0683594, 0.873047, -0.00219325, 0.0722656, 0.873047, -0.00294689, 0.0761719, 0.873047, -0.00196104, 0.0800781, 0.873047, 0.00018255, 0.0839844, 0.873047, 0.0022189, 0.0878906, 0.873047, 0.00294634, 0.0917969, 0.873047, 0.00193565
    ]
}
