{
    "level": 0,
    "idx": {"x": 2, "y": 121},
    "dim": {"x": 8, "y": 8},
    "offset": {"x": 0.0161133, "y": 0.945801},
    "cellSize": {"x": 0.000976562, "y": 0.000976562},
    "vertices": [
        0.0161133, 0.945801, 0.00103683, 0.0170898, 0.945801, 0.000910577, 0.0180664, 0.945801, 0.000757275, 0.019043, 0.945801, 0.000577372, 0.0200195, 0.945801, 0.000371573, 0.0209961, 0.945801, 0.000140844, 0.0219727, 0.945801, -0.000113606, 0.0229492, 0.945801, -0.000390326, 
        0.0161133, 0.946777, 0.00127936, 0.0170898, 0.946777, 0.0011533, 0.0180664, 0.946777, 0.000998077, 0.019043, 0.946777, 0.00081415, 0.0200195, 0.946777, 0.00060228, 0.0209961, 0.946777, 0.000363502, 0.0219727, 0.946777, 9.91157e-05, 0.0229492, 0.946777, -0.000189322, 
        0.0161133, 0.947754, 0.00149253, 0.0170898, 0.947754, 0.00136687, 0.0180664, 0.947754, 0.0012102, 0.019043, 0.947754, 0.001023, 0.0200195, 0.947754, 0.000806096, 0.0209961, 0.947754, 0.000560569, 0.0219727, 0.947754, 0.000287801, 0.0229492, 0.947754, -1.05591e-05, 
        0.0161133, 0.94873, 0.00167449, 0.0170898, 0.94873, 0.00154941, 0.0180664, 0.94873, 0.00139178, 0.019043, 0.94873, 0.00120213, 0.0200195, 0.94873, 0.000981278, 0.0209961, 0.94873, 0.000730381, 0.0219727, 0.94873, 0.00045088, 0.0229492, 0.94873, 0.000144502, 
        0.0161133, 0.949707, 0.00182369, 0.0170898, 0.949707, 0.00169941, 0.0180664, 0.949707, 0.00154136, 0.019043, 0.949707, 0.00135007, 0.0200195, 0.949707, 0.00112643, 0.0209961, 0.949707, 0.000871602, 0.0219727, 0.949707, 0.000587093, 0.0229492, 0.949707, 0.000274689, 
        0.0161133, 0.950684, 0.00193892, 0.0170898, 0.950684, 0.00181564, 0.0180664, 0.950684, 0.00165769, 0.019043, 0.950684, 0.00146565, 0.0200195, 0.950684, 0.00124039, 0.0209961, 0.950684, 0.000983136, 0.0219727, 0.950684, 0.000695408, 0.0229492, 0.950684, 0.000379041, 
        0.0161133, 0.95166, 0.00201928, 0.0170898, 0.95166, 0.0018972, 0.0180664, 0.95166, 0.00173992, 0.019043, 0.95166, 0.00154801, 0.0200195, 0.95166, 0.00132235, 0.0209961, 0.95166, 0.00106419, 0.0219727, 0.95166, 0.000775076, 0.0229492, 0.95166, 0.000456862, 
        0.0161133, 0.952637, 0.00206422, 0.0170898, 0.952637, 0.00194357, 0.0180664, 0.952637, 0.00178752, 0.019043, 0.952637, 0.00159663, 0.0200195, 0.952637, 0.00137181, 0.0209961, 0.952637, 0.0011143, 0.0219727, 0.952637, 0.000825652, 0.0229492, 0.952637, 0.000507738
    ]
}
