{
    "level": 0,
    "idx": {"x": 2, "y": 52},
    "dim": {"x": 8, "y": 8},
    "offset": {"x": 0.0161133, "y": 0.406738},
    "cellSize": {"x": 0.000976562, "y": 0.000976562},
    "vertices": [
        0.0161133, 0.406738, 0.00200739, 0.0170898, 0.406738, 0.00213829, 0.0180664, 0.406738, 0.00226987, 0.019043, 0.406738, 0.00240209, 0.0200195, 0.406738, 0.00253485, 0.0209961, 0.406738, 0.00266808, 0.0219727, 0.406738, 0.00280165, 0.0229492, 0.406738, 0.00293547, 
        0.0161133, 0.407715, 0.00164778, 0.0170898, 0.407715, 0.00178094, 0.0180664, 0.407715, 0.00191831, 0.019043, 0.407715, 0.00205978, 0.0200195, 0.407715, 0.00220518, 0.0209961, 0.407715, 0.00235431, 0.0219727, 0.407715, 0.0025069, 0.0229492, 0.407715, 0.00266268, 
        0.0161133, 0.408691, 0.00129242, 0.0170898, 0.408691, 0.00142778, 0.0180664, 0.408691, 0.00157082, 0.019043, 0.408691, 0.00172138, 0.0200195, 0.408691, 0.00187921, 0.0209961, 0.408691, 0.00204398, 0.0219727, 0.408691, 0.0022153, 0.0229492, 0.408691, 0.0023927, 
        0.0161133, 0.409668, 0.000944815, 0.0170898, 0.409668, 0.00108228, 0.0180664, 0.409668, 0.00123083, 0.019043, 0.409668, 0.00139023, 0.0200195, 0.409668, 0.00156016, 0.0209961, 0.409668, 0.00174018, 0.0219727, 0.409668, 0.00192975, 0.0229492, 0.409668, 0.00212822, 
        0.0161133, 0.410645, 0.00060836, 0.0170898, 0.410645, 0.000747833, 0.0180664, 0.410645, 0.000901659, 0.019043, 0.410645, 0.00106957, 0.0200195, 0.410645, 0.00125117, 0.0209961, 0.410645, 0.00144589, 0.0219727, 0.410645, 0.00165307, 0.0229492, 0.410645, 0.00187188, 
        0.0161133, 0.411621, 0.000286341, 0.0170898, 0.411621, 0.000427699, 0.0180664, 0.411621, 0.000586543, 0.019043, 0.411621, 0.00076256, 0.0200195, 0.411621, 0.000955269, 0.0209961, 0.411621, 0.00116401, 0.0219727, 0.411621, 0.00138798, 0.0229492, 0.411621, 0.0016262, 
        0.0161133, 0.412598, -1.80702e-05, 0.0170898, 0.412598, 0.000125038, 0.0180664, 0.412598, 0.000288587, 0.019043, 0.412598, 0.000472224, 0.0200195, 0.412598, 0.000675393, 0.0209961, 0.412598, 0.000897343, 0.0219727, 0.412598, 0.00113713, 0.0229492, 0.412598, 0.00139364, 
        0.0161133, 0.413574, -0.000301914, 0.0170898, 0.413574, -0.000157207, 0.0180664, 0.413574, 1.06933e-05, 0.019043, 0.413574, 0.000201393, 0.0200195, 0.413574, 0.000414271, 0.0209961, 0.413574, 0.000648482, 0.0219727, 0.413574, 0.000902969, 0.0229492, 0.413574, 0.00117647
    ]
}
