{
    "level": 0,
    "idx": {"x": 2, "y": 76},
    "dim": {"x": 8, "y": 8},
    "offset": {"x": 0.0161133, "y": 0.594238},
    "cellSize": {"x": 0.000976562, "y": 0.000976562},
    "vertices": [
        0.0161133, 0.594238, -0.00233475, 0.0170898, 0.594238, -0.00246205, 0.0180664, 0.594238, -0.00258646, 0.019043, 0.594238, -0.00270797, 0.0200195, 0.594238, -0.00282658, 0.0209961, 0.594238, -0.00294232, 0.0219727, 0.594238, -0.00305523, 0.0229492, 0.594238, -0.00316538, 
        0.0161133, 0.595215, -0.00269248, 0.0170898, 0.595215, -0.00281745, 0.0180664, 0.595215, -0.00293601, 0.019043, 0.595215, -0.0030482, 0.0200195, 0.595215, -0.00315412, 0.0209961, 0.595215, -0.00325391, 0.0219727, 0.595215, -0.00334776, 0.0229492, 0.595215, -0.00343592, 
        0.0161133, 0.596191, -0.00304385, 0.0170898, 0.596191, -0.00316646, 0.0180664, 0.596191, -0.00327921, 0.019043, 0.596191, -0.00338218, 0.0200195, 0.596191, -0.00347556, 0.0209961, 0.596191, -0.00355959, 0.0219727, 0.596191, -0.00363463, 0.0229492, 0.596191, -0.00370109, 
        0.0161133, 0.597168, -0.0033854, 0.0170898, 0.597168, -0.00350565, 0.0180664, 0.597168, -0.00361268, 0.019043, 0.597168, -0.0037066, 0.0200195, 0.597168, -0.00378769, 0.0209961, 0.597168, -0.00385632, 0.0219727, 0.597168, -0.00391296, 0.0229492, 0.597168, -0.00395822, 
        0.0161133, 0.598145, -0.0037137, 0.0170898, 0.598145, -0.00383162, 0.0180664, 0.598145, -0.00393306, 0.019043, 0.598145, -0.0040182, 0.0200195, 0.598145, -0.00408738, 0.0209961, 0.598145, -0.00414108, 0.0219727, 0.598145, -0.00417992, 0.0229492, 0.598145, -0.00420467, 
        0.0161133, 0.599121, -0.0040255, 0.0170898, 0.599121, -0.00414113, 0.0180664, 0.599121, -0.00423717, 0.019043, 0.599121, -0.00431386, 0.0200195, 0.599121, -0.00437161, 0.0209961, 0.599121, -0.00441101, 0.0219727, 0.599121, -0.00443281, 0.0229492, 0.599121, -0.00443793, 
        0.0161133, 0.600098, -0.0043177, 0.0170898, 0.600098, -0.00443108, 0.0180664, 0.600098, -0.00452195, 0.019043, 0.600098, -0.00459061, 0.0200195, 0.600098, -0.00463752, 0.0209961, 0.600098, -0.00466337, 0.0219727, 0.600098, -0.00466905, 0.0229492, 0.600098, -0.00465561, 
        0.0161133, 0.601074, -0.00458735, 0.0170898, 0.601074, -0.00469855, 0.0180664, 0.601074, -0.00478454, 0.019043, 0.601074, -0.00484563, 0.0200195, 0.601074, -0.00488239, 0.0209961, 0.601074, -0.00489558, 0.0219727, 0.601074, -0.00488619, 0.0229492, 0.601074, -0.00485543
    ]
}
