{
    "level": 0,
    "idx": {"x": 2, "y": 50},
    "dim": {"x": 16, "y": 16},
    "offset": {"x": 0.0317383, "y": 0.781738},
    "cellSize": {"x": 0.000976562, "y": 0.000976562},
    "vertices": [
        0.0317383, 0.781738, 2.99276e-05, 0.0327148, 0.781738, 0.000925467, 0.0336914, 0.781738, 0.00178544, 0.034668, 0.781738, 0.00257675, 0.0356445, 0.781738, 0.00326891, 0.0366211, 0.781738, 0.00383529, 0.0375977, 0.781738, 0.00425408, 0.0385742, 0.781738, 0.00450915, 0.0395508, 0.781738, 0.00459069, 0.0405273, 0.781738, 0.00449556, 0.0415039, 0.781738, 0.00422743, 0.0424805, 0.781738, 0.00379662, 0.043457, 0.781738, 0.00321973, 0.0444336, 0.781738, 0.00251898, 0.0454102, 0.781738, 0.00172135, 0.0463867, 0.781738, 0.000857546, 
        0.0317383, 0.782715, 6.49027e-05, 0.0327148, 0.782715, 0.002073, 0.0336914, 0.782715, 0.00400135, 0.034668, 0.782715, 0.0057757, 0.0356445, 0.782715, 0.00732774, 0.0366211, 0.782715, 0.0085977, 0.0375977, 0.782715, 0.0095367, 0.0385742, 0.782715, 0.0101086, 0.0395508, 0.782715, 0.0102913, 0.0405273, 0.782715, 0.0100779, 0.0415039, 0.782715, 0.00947652, 0.0424805, 0.782715, 0.00851035, 0.043457, 0.782715, 0.0072166, 0.0444336, 0.782715, 0.00564509, 0.0454102, 0.782715, 0.00385632, 0.0463867, 0.782715, 0.00191918, 
        0.0317383, 0.783691, 9.74478e-05, 0.0327148, 0.783691, 0.00314087, 0.0336914, 0.783691, 0.00606342, 0.034668, 0.783691, 0.00875258, 0.0356445, 0.783691, 0.0111048, 0.0366211, 0.783691, 0.0130295, 0.0375977, 0.783691, 0.0144526, 0.0385742, 0.783691, 0.0153193, 0.0395508, 0.783691, 0.0155962, 0.0405273, 0.783691, 0.0152727, 0.0415039, 0.783691, 0.0143612, 0.0424805, 0.783691, 0.0128968, 0.043457, 0.783691, 0.010936, 0.0444336, 0.783691, 0.00855418, 0.0454102, 0.783691, 0.00584308, 0.0463867, 0.783691, 0.0029071, 
        0.0317383, 0.784668, 0.000126303, 0.0327148, 0.784668, 0.0040878, 0.0336914, 0.784668, 0.00789195, 0.034668, 0.784668, 0.0113923, 0.0356445, 0.784668, 0.0144541, 0.0366211, 0.784668, 0.0169594, 0.0375977, 0.784668, 0.0188117, 0.0385742, 0.784668, 0.0199399, 0.0395508, 0.784668, 0.0203003, 0.0405273, 0.784668, 0.0198792, 0.0415039, 0.784668, 0.0186927, 0.0424805, 0.784668, 0.0167865, 0.043457, 0.784668, 0.0142341, 0.0444336, 0.784668, 0.0111338, 0.0454102, 0.784668, 0.00760482, 0.0463867, 0.784668, 0.00378314, 
        0.0317383, 0.785645, 0.000150361, 0.0327148, 0.785645, 0.00487746, 0.0336914, 0.785645, 0.0094168, 0.034668, 0.785645, 0.0135936, 0.0356445, 0.785645, 0.0172471, 0.0366211, 0.785645, 0.0202366, 0.0375977, 0.785645, 0.0224469, 0.0385742, 0.785645, 0.0237931, 0.0395508, 0.785645, 0.0242231, 0.0405273, 0.785645, 0.0237206, 0.0415039, 0.785645, 0.0223048, 0.0424805, 0.785645, 0.0200303, 0.043457, 0.785645, 0.0169846, 0.0444336, 0.785645, 0.013285, 0.0454102, 0.785645, 0.00907397, 0.0463867, 0.785645, 0.00451367, 
        0.0317383, 0.786621, 0.000168691, 0.0327148, 0.786621, 0.00547932, 0.0336914, 0.786621, 0.010579, 0.034668, 0.786621, 0.0152715, 0.0356445, 0.786621, 0.019376, 0.0366211, 0.786621, 0.0227345, 0.0375977, 0.786621, 0.0252177, 0.0385742, 0.786621, 0.02673, 0.0395508, 0.786621, 0.0272131, 0.0405273, 0.786621, 0.0266485, 0.0415039, 0.786621, 0.0250579, 0.0424805, 0.786621, 0.0225026, 0.043457, 0.786621, 0.0190809, 0.0444336, 0.786621, 0.0149246, 0.0454102, 0.786621, 0.0101937, 0.0463867, 0.786621, 0.00507047, 
        0.0317383, 0.787598, 0.000180586, 0.0327148, 0.787598, 0.00587032, 0.0336914, 0.787598, 0.0113341, 0.034668, 0.787598, 0.0163615, 0.0356445, 0.787598, 0.020759, 0.0366211, 0.787598, 0.0243572, 0.0375977, 0.787598, 0.0270177, 0.0385742, 0.787598, 0.0286379, 0.0395508, 0.787598, 0.0291555, 0.0405273, 0.787598, 0.0285506, 0.0415039, 0.787598, 0.0268465, 0.0424805, 0.787598, 0.0241087, 0.043457, 0.787598, 0.0204428, 0.0444336, 0.787598, 0.0159898, 0.0454102, 0.787598, 0.0109212, 0.0463867, 0.787598, 0.00543218, 
        0.0317383, 0.788574, 0.000185588, 0.0327148, 0.788574, 0.00603532, 0.0336914, 0.788574, 0.0116527, 0.034668, 0.788574, 0.0168215, 0.0356445, 0.788574, 0.0213427, 0.0366211, 0.788574, 0.0250421, 0.0375977, 0.788574, 0.0277774, 0.0385742, 0.788574, 0.0294432, 0.0395508, 0.788574, 0.0299753, 0.0405273, 0.788574, 0.0293534, 0.0415039, 0.788574, 0.0276014, 0.0424805, 0.788574, 0.0247866, 0.043457, 0.788574, 0.0210175, 0.0444336, 0.788574, 0.0164393, 0.0454102, 0.788574, 0.0112282, 0.0463867, 0.788574, 0.00558481, 
        0.0317383, 0.789551, 0.000183501, 0.0327148, 0.789551, 0.005968, 0.0336914, 0.789551, 0.0115228, 0.034668, 0.789551, 0.0166339, 0.0356445, 0.789551, 0.0211046, 0.0366211, 0.789551, 0.0247628, 0.0375977, 0.789551, 0.0274676, 0.0385742, 0.789551, 0.0291148, 0.0395508, 0.789551, 0.029641, 0.0405273, 0.789551, 0.0290261, 0.0415039, 0.789551, 0.0272935, 0.0424805, 0.789551, 0.0245102, 0.043457, 0.789551, 0.0207831, 0.0444336, 0.789551, 0.016256, 0.0454102, 0.789551, 0.0111029, 0.0463867, 0.789551, 0.0055225, 
        0.0317383, 0.790527, 0.000174405, 0.0327148, 0.790527, 0.00567093, 0.0336914, 0.790527, 0.0109491, 0.034668, 0.790527, 0.0158058, 0.0356445, 0.790527, 0.020054, 0.0366211, 0.790527, 0.0235301, 0.0375977, 0.790527, 0.0261002, 0.0385742, 0.790527, 0.0276654, 0.0395508, 0.790527, 0.0281654, 0.0405273, 0.790527, 0.0275811, 0.0415039, 0.790527, 0.0259348, 0.0424805, 0.790527, 0.02329, 0.043457, 0.790527, 0.0197485, 0.0444336, 0.790527, 0.0154467, 0.0454102, 0.790527, 0.0105503, 0.0463867, 0.790527, 0.00524764, 
        0.0317383, 0.791504, 0.00015865, 0.0327148, 0.791504, 0.0051556, 0.0336914, 0.791504, 0.00995407, 0.034668, 0.791504, 0.0143693, 0.0356445, 0.791504, 0.0182314, 0.0366211, 0.791504, 0.0213915, 0.0375977, 0.791504, 0.023728, 0.0385742, 0.791504, 0.025151, 0.0395508, 0.791504, 0.0256056, 0.0405273, 0.791504, 0.0250743, 0.0415039, 0.791504, 0.0235777, 0.0424805, 0.791504, 0.0211733, 0.043457, 0.791504, 0.0179537, 0.0444336, 0.791504, 0.0140429, 0.0454102, 0.791504, 0.0095915, 0.0463867, 0.791504, 0.00477084, 
        0.0317383, 0.79248, 0.00013684, 0.0327148, 0.79248, 0.00444176, 0.0336914, 0.79248, 0.00857569, 0.034668, 0.79248, 0.0123795, 0.0356445, 0.79248, 0.0157067, 0.0366211, 0.79248, 0.0184292, 0.0375977, 0.79248, 0.0204421, 0.0385742, 0.79248, 0.021668, 0.0395508, 0.79248, 0.0220597, 0.0405273, 0.79248, 0.021602, 0.0415039, 0.79248, 0.0203126, 0.0424805, 0.79248, 0.0182412, 0.043457, 0.79248, 0.0154675, 0.0444336, 0.79248, 0.0120984, 0.0454102, 0.79248, 0.00826342, 0.0463867, 0.79248, 0.0041104, 
        0.0317383, 0.793457, 0.000109815, 0.0327148, 0.793457, 0.00355701, 0.0336914, 0.793457, 0.00686729, 0.034668, 0.793457, 0.00991321, 0.0356445, 0.793457, 0.0125775, 0.0366211, 0.793457, 0.0147575, 0.0375977, 0.793457, 0.0163694, 0.0385742, 0.793457, 0.0173511, 0.0395508, 0.793457, 0.0176647, 0.0405273, 0.793457, 0.0172982, 0.0415039, 0.793457, 0.0162658, 0.0424805, 0.793457, 0.0146071, 0.043457, 0.793457, 0.0123861, 0.0444336, 0.793457, 0.00968821, 0.0454102, 0.793457, 0.00661738, 0.0463867, 0.793457, 0.00329184, 
        0.0317383, 0.794434, 7.86122e-05, 0.0327148, 0.794434, 0.00253528, 0.0336914, 0.794434, 0.00489438, 0.034668, 0.794434, 0.00706508, 0.0356445, 0.794434, 0.00896381, 0.0366211, 0.794434, 0.0105174, 0.0375977, 0.794434, 0.0116662, 0.0385742, 0.794434, 0.0123658, 0.0395508, 0.794434, 0.0125893, 0.0405273, 0.794434, 0.0123282, 0.0415039, 0.794434, 0.0115924, 0.0424805, 0.794434, 0.0104103, 0.043457, 0.794434, 0.00882753, 0.0444336, 0.794434, 0.00690491, 0.0454102, 0.794434, 0.00471649, 0.0463867, 0.794434, 0.00234655, 
