{
    "level": 0,
    "idx": {"x": 30, "y": 62},
    "dim": {"x": 16, "y": 16},
    "offset": {"x": 0.469238, "y": 0.969238},
    "cellSize": {"x": 0.000976562, "y": 0.000976562},
    "vertices": [
        0.469238, 0.969238, 0.000562199, 0.470215, 0.969238, 0.00165629, 0.471191, 0.969238, 0.0026881, 0.472168, 0.969238, 0.00361795, 0.473145, 0.969238, 0.00441004, 0.474121, 0.969238, 0.00503387, 0.475098, 0.969238, 0.00546542, 0.476074, 0.969238, 0.00568809, 0.477051, 0.969238, 0.0056933, 0.478027, 0.969238, 0.00548085, 0.479004, 0.969238, 0.00505893, 0.47998, 0.969238, 0.00444378, 0.480957, 0.969238, 0.0036591, 0.481934, 0.969238, 0.00273505, 0.48291, 0.969238, 0.00170731, 0.483887, 0.969238, 0.000615392, 
        0.469238, 0.970215, 0.00107987, 0.470215, 0.970215, 0.00326128, 0.471191, 0.970215, 0.00531851, 0.472168, 0.970215, 0.00717244, 0.473145, 0.970215, 0.00875169, 0.474121, 0.970215, 0.00999545, 0.475098, 0.970215, 0.0108558, 0.476074, 0.970215, 0.0112997, 0.477051, 0.970215, 0.01131, 0.478027, 0.970215, 0.0108864, 0.479004, 0.970215, 0.010045, 0.47998, 0.970215, 0.00881842, 0.480957, 0.970215, 0.00725378, 0.481934, 0.970215, 0.00541127, 0.48291, 0.970215, 0.00336199, 0.483887, 0.970215, 0.00118478, 
        0.469238, 0.971191, 0.00155753, 0.470215, 0.971191, 0.00474235, 0.471191, 0.971191, 0.00774586, 0.472168, 0.971191, 0.0104526, 0.473145, 0.971191, 0.0127582, 0.474121, 0.971191, 0.0145741, 0.475098, 0.971191, 0.0158302, 0.476074, 0.971191, 0.0164783, 0.477051, 0.971191, 0.0164933, 0.478027, 0.971191, 0.0158747, 0.479004, 0.971191, 0.0146463, 0.47998, 0.971191, 0.0128554, 0.480957, 0.971191, 0.010571, 0.481934, 0.971191, 0.0078809, 0.48291, 0.971191, 0.00488892, 0.483887, 0.971191, 0.00171016, 
        0.469238, 0.972168, 0.00197666, 0.470215, 0.972168, 0.00604218, 0.471191, 0.972168, 0.00987627, 0.472168, 0.972168, 0.0133315, 0.473145, 0.972168, 0.0162747, 0.474121, 0.972168, 0.0185927, 0.475098, 0.972168, 0.0201962, 0.476074, 0.972168, 0.0210234, 0.477051, 0.972168, 0.0210426, 0.478027, 0.972168, 0.0202529, 0.479004, 0.972168, 0.0186848, 0.47998, 0.972168, 0.0163986, 0.480957, 0.972168, 0.0134824, 0.481934, 0.972168, 0.0100484, 0.48291, 0.972168, 0.00622901, 0.483887, 0.972168, 0.00217117, 
        0.469238, 0.973145, 0.00232113, 0.470215, 0.973145, 0.00711089, 0.471191, 0.973145, 0.011628, 0.472168, 0.973145, 0.0156987, 0.473145, 0.973145, 0.0191662, 0.474121, 0.973145, 0.0218971, 0.475098, 0.973145, 0.0237863, 0.476074, 0.973145, 0.0247609, 0.477051, 0.973145, 0.0247834, 0.478027, 0.973145, 0.023853, 0.479004, 0.973145, 0.0220055, 0.47998, 0.973145, 0.0193121, 0.480957, 0.973145, 0.0158764, 0.481934, 0.973145, 0.0118306, 0.48291, 0.973145, 0.00733081, 0.483887, 0.973145, 0.00255008, 
        0.469238, 0.974121, 0.00257759, 0.470215, 0.974121, 0.00790714, 0.471191, 0.974121, 0.0129333, 0.472168, 0.974121, 0.0174628, 0.473145, 0.974121, 0.0213211, 0.474121, 0.974121, 0.0243598, 0.475098, 0.974121, 0.0264618, 0.476074, 0.974121, 0.0275462, 0.477051, 0.974121, 0.0275713, 0.478027, 0.974121, 0.026536, 0.479004, 0.974121, 0.0244803, 0.47998, 0.974121, 0.0214834, 0.480957, 0.974121, 0.0176605, 0.481934, 0.974121, 0.0131587, 0.48291, 0.974121, 0.00815173, 0.483887, 0.974121, 0.00283219, 
        0.469238, 0.975098, 0.00273611, 0.470215, 0.975098, 0.00840021, 0.471191, 0.975098, 0.0137419, 0.472168, 0.975098, 0.0185557, 0.473145, 0.975098, 0.0226562, 0.474121, 0.975098, 0.0258856, 0.475098, 0.975098, 0.0281196, 0.476074, 0.975098, 0.0292721, 0.477051, 0.975098, 0.0292987, 0.478027, 0.975098, 0.0281985, 0.479004, 0.975098, 0.0260137, 0.47998, 0.975098, 0.0228286, 0.480957, 0.975098, 0.0187657, 0.481934, 0.975098, 0.0139814, 0.48291, 0.975098, 0.00866007, 0.483887, 0.975098, 0.0030066, 
        0.469238, 0.976074, 0.00279055, 0.470215, 0.976074, 0.00857114, 0.471191, 0.976074, 0.0140227, 0.472168, 0.976074, 0.0189355, 0.473145, 0.976074, 0.0231203, 0.474121, 0.976074, 0.0264162, 0.475098, 0.976074, 0.0286961, 0.476074, 0.976074, 0.0298723, 0.477051, 0.976074, 0.0298994, 0.478027, 0.976074, 0.0287766, 0.479004, 0.976074, 0.0265469, 0.47998, 0.976074, 0.0232962, 0.480957, 0.976074, 0.0191498, 0.481934, 0.976074, 0.014267, 0.48291, 0.976074, 0.0088363, 0.483887, 0.976074, 0.00306655, 
        0.469238, 0.977051, 0.00273877, 0.470215, 0.977051, 0.00841327, 0.471191, 0.977051, 0.0137648, 0.472168, 0.977051, 0.0185874, 0.473145, 0.977051, 0.0226954, 0.474121, 0.977051, 0.0259308, 0.475098, 0.977051, 0.0281689, 0.476074, 0.977051, 0.0293235, 0.477051, 0.977051, 0.0293501, 0.478027, 0.977051, 0.0282479, 0.479004, 0.977051, 0.0260591, 0.47998, 0.977051, 0.0228681, 0.480957, 0.977051, 0.0187978, 0.481934, 0.977051, 0.0140046, 0.48291, 0.977051, 0.00867355, 0.483887, 0.977051, 0.00300969, 
        0.469238, 0.978027, 0.0025827, 0.470215, 0.978027, 0.00793262, 0.471191, 0.978027, 0.012978, 0.472168, 0.978027, 0.0175247, 0.473145, 0.978027, 0.0213978, 0.474121, 0.978027, 0.0244481, 0.475098, 0.978027, 0.0265581, 0.476074, 0.978027, 0.0276467, 0.477051, 0.978027, 0.0276719, 0.478027, 0.978027, 0.0266326, 0.479004, 0.978027, 0.0245691, 0.47998, 0.978027, 0.0215606, 0.480957, 0.978027, 0.0177231, 0.481934, 0.978027, 0.0132041, 0.48291, 0.978027, 0.00817802, 0.483887, 0.978027, 0.00283814, 
        0.469238, 0.979004, 0.00232834, 0.470215, 0.979004, 0.00714771, 0.471191, 0.979004, 0.0116927, 0.472168, 0.979004, 0.0157886, 0.473145, 0.979004, 0.0192776, 0.474121, 0.979004, 0.0220254, 0.475098, 0.979004, 0.0239261, 0.476074, 0.979004, 0.0249068, 0.477051, 0.979004, 0.0249294, 0.478027, 0.979004, 0.0239933, 0.479004, 0.979004, 0.0221344, 0.47998, 0.979004, 0.0194243, 0.480957, 0.979004, 0.0159673, 0.481934, 0.979004, 0.0118965, 0.48291, 0.979004, 0.00736882, 0.483887, 0.979004, 0.0025585, 
        0.469238, 0.97998, 0.00198541, 0.470215, 0.97998, 0.00608861, 0.471191, 0.97998, 0.00995823, 0.472168, 0.97998, 0.0134454, 0.473145, 0.97998, 0.016416, 0.474121, 0.97998, 0.0187554, 0.475098, 0.97998, 0.0203738, 0.476074, 0.97998, 0.0212087, 0.477051, 0.97998, 0.021228, 0.478027, 0.97998, 0.0204309, 0.479004, 0.97998, 0.0188483, 0.47998, 0.97998, 0.0165409, 0.480957, 0.97998, 0.0135977, 0.481934, 0.97998, 0.0101318, 0.48291, 0.97998, 0.00627694, 0.483887, 0.97998, 0.00218145, 
        0.469238, 0.980957, 0.00156711, 0.470215, 0.980957, 0.00479622, 0.471191, 0.980957, 0.00784151, 0.472168, 0.980957, 0.0105859, 0.473145, 0.980957, 0.0129236, 0.474121, 0.980957, 0.0147647, 0.475098, 0.980957, 0.0160383, 0.476074, 0.980957, 0.0166953, 0.477051, 0.980957, 0.0167105, 0.478027, 0.980957, 0.0160833, 0.479004, 0.980957, 0.0148378, 0.47998, 0.980957, 0.013022, 0.480957, 0.980957, 0.0107057, 0.481934, 0.980957, 0.00797818, 0.48291, 0.980957, 0.00494454, 0.483887, 0.980957, 0.00172152, 
        0.469238, 0.981934, 0.00108945, 0.470215, 0.981934, 0.00332006, 0.471191, 0.981934, 0.0054237, 0.472168, 0.981934, 0.00731945, 0.473145, 0.981934, 0.00893432, 0.474121, 0.981934, 0.0102061, 0.475098, 0.981934, 0.0110859, 0.476074, 0.981934, 0.0115398, 0.477051, 0.981934, 0.0115503, 0.478027, 0.981934, 0.011117, 0.479004, 0.981934, 0.0102567, 0.47998, 0.981934, 0.00900237, 0.480957, 0.981934, 0.00740238, 0.481934, 0.981934, 0.00551826, 0.48291, 0.981934, 0.00342269, 0.483887, 0.981934, 0.0011963, 
        0.469238, 0.98291, 0.000570851, 0.470215, 0.98291, 0.00171717, 0.471191, 0.98291, 0.00279824, 0.472168, 0.98291, 0.00377247, 0.473145, 0.98291, 0.00460236, 0.474121, 0.98291, 0.00525596, 0.475098, 0.98291, 0.00570809, 0.476074, 0.98291, 0.00594136, 0.477051, 0.98291, 0.00594678, 0.478027, 0.98291, 0.00572415, 0.479004, 0.98291, 0.00528204, 0.47998, 0.98291, 0.00463748, 0.480957, 0.98291, 0.00381527, 0.481934, 0.98291, 0.00284706, 0.48291, 0.98291, 0.00177018, 0.483887, 0.98291, 0.000626074, 
