{
    "level": 0,
    "idx": {"x": 30, "y": 40},
    "dim": {"x": 16, "y": 16},
    "offset": {"x": 0.469238, "y": 0.625488},
    "cellSize": {"x": 0.000976562, "y": 0.000976562},
    "vertices": [
        0.469238, 0.625488, 0.153268, 0.470215, 0.625488, 0.154342, 0.471191, 0.625488, 0.155364, 0.472168, 0.625488, 0.15631, 0.473145, 0.625488, 0.157155, 0.474121, 0.625488, 0.15788, 0.475098, 0.625488, 0.158469, 0.476074, 0.625488, 0.158912, 0.477051, 0.625488, 0.159202, 0.478027, 0.625488, 0.15934, 0.479004, 0.625488, 0.159331, 0.47998, 0.625488, 0.159185, 0.480957, 0.625488, 0.158918, 0.481934, 0.625488, 0.158549, 0.48291, 0.625488, 0.158101, 0.483887, 0.625488, 0.1576, 
        0.469238, 0.626465, 0.152285, 0.470215, 0.626465, 0.154462, 0.471191, 0.626465, 0.156525, 0.472168, 0.626465, 0.158407, 0.473145, 0.626465, 0.16005, 0.474121, 0.626465, 0.161403, 0.475098, 0.626465, 0.162426, 0.476074, 0.626465, 0.16309, 0.477051, 0.626465, 0.163383, 0.478027, 0.626465, 0.163304, 0.479004, 0.626465, 0.162865, 0.47998, 0.626465, 0.162094, 0.480957, 0.626465, 0.161031, 0.481934, 0.626465, 0.159725, 0.48291, 0.626465, 0.158235, 0.483887, 0.626465, 0.156627, 
        0.469238, 0.627441, 0.151272, 0.470215, 0.627441, 0.154482, 0.471191, 0.627441, 0.157519, 0.472168, 0.627441, 0.16028, 0.473145, 0.627441, 0.16267, 0.474121, 0.627441, 0.164611, 0.475098, 0.627441, 0.166039, 0.476074, 0.627441, 0.166912, 0.477051, 0.627441, 0.167207, 0.478027, 0.627441, 0.166923, 0.479004, 0.627441, 0.166082, 0.47998, 0.627441, 0.164726, 0.480957, 0.627441, 0.162916, 0.481934, 0.627441, 0.160732, 0.48291, 0.627441, 0.158266, 0.483887, 0.627441, 0.155621, 
        0.469238, 0.628418, 0.150211, 0.470215, 0.628418, 0.154344, 0.471191, 0.628418, 0.158252, 0.472168, 0.628418, 0.161797, 0.473145, 0.628418, 0.164855, 0.474121, 0.628418, 0.167321, 0.475098, 0.628418, 0.169112, 0.476074, 0.628418, 0.17017, 0.477051, 0.628418, 0.170467, 0.478027, 0.628418, 0.17, 0.479004, 0.628418, 0.168799, 0.47998, 0.628418, 0.166919, 0.480957, 0.628418, 0.164442, 0.481934, 0.628418, 0.161473, 0.48291, 0.628418, 0.158133, 0.483887, 0.628418, 0.154561, 
        0.469238, 0.629395, 0.149083, 0.470215, 0.629395, 0.153995, 0.471191, 0.629395, 0.158636, 0.472168, 0.629395, 0.162841, 0.473145, 0.629395, 0.166462, 0.474121, 0.629395, 0.16937, 0.475098, 0.629395, 0.171467, 0.476074, 0.629395, 0.172681, 0.477051, 0.629395, 0.172979, 0.478027, 0.629395, 0.172357, 0.479004, 0.629395, 0.170852, 0.47998, 0.629395, 0.16853, 0.480957, 0.629395, 0.165491, 0.481934, 0.629395, 0.161859, 0.48291, 0.629395, 0.157783, 0.483887, 0.629395, 0.153429, 
        0.469238, 0.630371, 0.147876, 0.470215, 0.630371, 0.15339, 0.471191, 0.630371, 0.158599, 0.472168, 0.630371, 0.163316, 0.473145, 0.630371, 0.167372, 0.474121, 0.630371, 0.170623, 0.475098, 0.630371, 0.172955, 0.476074, 0.630371, 0.17429, 0.477051, 0.630371, 0.174587, 0.478027, 0.630371, 0.173846, 0.479004, 0.630371, 0.172104, 0.47998, 0.630371, 0.169439, 0.480957, 0.630371, 0.165962, 0.481934, 0.630371, 0.161816, 0.48291, 0.630371, 0.15717, 0.483887, 0.630371, 0.152208, 
        0.469238, 0.631348, 0.146578, 0.470215, 0.631348, 0.152495, 0.471191, 0.631348, 0.158085, 0.472168, 0.631348, 0.163144, 0.473145, 0.631348, 0.167492, 0.474121, 0.631348, 0.170971, 0.475098, 0.631348, 0.173461, 0.476074, 0.631348, 0.174876, 0.477051, 0.631348, 0.175172, 0.478027, 0.631348, 0.174349, 0.479004, 0.631348, 0.172448, 0.47998, 0.631348, 0.169551, 0.480957, 0.631348, 0.16578, 0.481934, 0.631348, 0.161288, 0.48291, 0.631348, 0.156257, 0.483887, 0.631348, 0.150888, 
        0.469238, 0.632324, 0.145182, 0.470215, 0.632324, 0.151288, 0.471191, 0.632324, 0.157055, 0.472168, 0.632324, 0.162275, 0.473145, 0.632324, 0.166759, 0.474121, 0.632324, 0.170345, 0.475098, 0.632324, 0.172907, 0.476074, 0.632324, 0.174358, 0.477051, 0.632324, 0.174653, 0.478027, 0.632324, 0.17379, 0.479004, 0.632324, 0.171812, 0.47998, 0.632324, 0.168805, 0.480957, 0.632324, 0.164893, 0.481934, 0.632324, 0.160237, 0.48291, 0.632324, 0.155022, 0.483887, 0.632324, 0.149459, 
        0.469238, 0.633301, 0.143684, 0.470215, 0.633301, 0.149757, 0.471191, 0.633301, 0.155493, 0.472168, 0.633301, 0.160684, 0.473145, 0.633301, 0.165143, 0.474121, 0.633301, 0.16871, 0.475098, 0.633301, 0.171257, 0.476074, 0.633301, 0.1727, 0.477051, 0.633301, 0.172991, 0.478027, 0.633301, 0.172131, 0.479004, 0.633301, 0.170162, 0.47998, 0.633301, 0.167169, 0.480957, 0.633301, 0.163276, 0.481934, 0.633301, 0.158643, 0.48291, 0.633301, 0.153454, 0.483887, 0.633301, 0.147918, 
        0.469238, 0.634277, 0.142086, 0.470215, 0.634277, 0.147905, 0.471191, 0.634277, 0.153401, 0.472168, 0.634277, 0.158376, 0.473145, 0.634277, 0.162651, 0.474121, 0.634277, 0.166071, 0.475098, 0.634277, 0.168517, 0.476074, 0.634277, 0.169905, 0.477051, 0.634277, 0.170193, 0.478027, 0.634277, 0.169379, 0.479004, 0.634277, 0.167504, 0.47998, 0.634277, 0.164649, 0.480957, 0.634277, 0.160934, 0.481934, 0.634277, 0.15651, 0.48291, 0.634277, 0.151554, 0.483887, 0.634277, 0.146266, 
        0.469238, 0.635254, 0.140392, 0.470215, 0.635254, 0.145745, 0.471191, 0.635254, 0.150803, 0.472168, 0.635254, 0.155382, 0.473145, 0.635254, 0.159319, 0.474121, 0.635254, 0.162473, 0.475098, 0.635254, 0.164734, 0.476074, 0.635254, 0.166026, 0.477051, 0.635254, 0.166308, 0.478027, 0.635254, 0.165581, 0.479004, 0.635254, 0.163882, 0.47998, 0.635254, 0.161284, 0.480957, 0.635254, 0.157898, 0.481934, 0.635254, 0.153861, 0.48291, 0.635254, 0.149338, 0.483887, 0.635254, 0.144509, 
        0.469238, 0.63623, 0.13861, 0.470215, 0.63623, 0.143305, 0.471191, 0.63623, 0.147741, 0.472168, 0.63623, 0.151761, 0.473145, 0.63623, 0.15522, 0.474121, 0.63623, 0.157998, 0.475098, 0.63623, 0.159997, 0.476074, 0.63623, 0.161153, 0.477051, 0.63623, 0.161429, 0.478027, 0.63623, 0.160827, 0.479004, 0.63623, 0.159378, 0.47998, 0.63623, 0.157146, 0.480957, 0.63623, 0.154228, 0.481934, 0.63623, 0.150742, 0.48291, 0.63623, 0.146832, 0.483887, 0.63623, 0.142655, 
        0.469238, 0.637207, 0.136754, 0.470215, 0.637207, 0.140622, 0.471191, 0.637207, 0.144278, 0.472168, 0.637207, 0.147595, 0.473145, 0.637207, 0.150455, 0.474121, 0.637207, 0.15276, 0.475098, 0.637207, 0.154432, 0.476074, 0.637207, 0.155417, 0.477051, 0.637207, 0.155687, 0.478027, 0.637207, 0.155242, 0.479004, 0.637207, 0.154107, 0.47998, 0.637207, 0.152337, 0.480957, 0.637207, 0.150006, 0.481934, 0.637207, 0.147214, 0.48291, 0.637207, 0.144075, 0.483887, 0.637207, 0.140718, 
        0.469238, 0.638184, 0.134837, 0.470215, 0.638184, 0.137742, 0.471191, 0.638184, 0.14049, 0.472168, 0.638184, 0.142987, 0.473145, 0.638184, 0.145149, 0.474121, 0.638184, 0.146904, 0.475098, 0.638184, 0.148194, 0.476074, 0.638184, 0.148981, 0.477051, 0.638184, 0.149244, 0.478027, 0.638184, 0.148983, 0.479004, 0.638184, 0.148216, 0.47998, 0.638184, 0.146983, 0.480957, 0.638184, 0.145339, 0.481934, 0.638184, 0.143355, 0.48291, 0.638184, 0.141116, 0.483887, 0.638184, 0.138715, 
        0.469238, 0.63916, 0.132879, 0.470215, 0.63916, 0.13472, 0.471191, 0.63916, 0.136466, 0.472168, 0.63916, 0.13806, 0.473145, 0.63916, 0.139452, 0.474121, 0.63916, 0.140599, 0.475098, 0.63916, 0.141469, 0.476074, 0.63916, 0.142037, 0.477051, 0.63916, 0.142293, 0.478027, 0.63916, 0.142234, 0.479004, 0.63916, 0.141874, 0.47998, 0.63916, 0.141234, 0.480957, 0.63916, 0.140347, 0.481934, 0.63916, 0.139256, 0.48291, 0.63916, 0.138011, 0.483887, 0.63916, 0.136665, 
        0.469238, 0.640137, 0.130898, 0.470215, 0.640137, 0.131618, 0.471191, 0.640137, 0.132306, 0.472168, 0.640137, 0.132946, 0.473145, 0.640137, 0.133526, 0.474121, 0.640137, 0.134033, 0.475098, 0.640137, 0.134458, 0.476074, 0.640137, 0.134796, 0.477051, 0.640137, 0.135044, 0.478027, 0.640137, 0.1352, 0.479004, 0.640137, 0.135268, 0.47998, 0.640137, 0.135255, 0.480957, 0.640137, 0.135168, 0.481934, 0.640137, 0.135019, 0.48291, 0.640137, 0.134822, 0.483887, 0.640137, 0.134591
    ]
}
