{
    "level": 0,
    "idx": {"x": 30, "y": 62},
    "dim": {"x": 8, "y": 8},
    "offset": {"x": 0.234863, "y": 0.484863},
    "cellSize": {"x": 0.000976562, "y": 0.000976562},
    "vertices": [
        0.234863, 0.484863, 0.0191315, 0.23584, 0.484863, 0.0194613, 0.236816, 0.484863, 0.0197622, 0.237793, 0.484863, 0.0200349, 0.23877, 0.484863, 0.0202805, 0.239746, 0.484863, 0.0205003, 0.240723, 0.484863, 0.0206959, 0.241699, 0.484863, 0.0208695, 
        0.234863, 0.48584, 0.0192434, 0.23584, 0.48584, 0.0195745, 0.236816, 0.48584, 0.0198771, 0.237793, 0.48584, 0.0201518, 0.23877, 0.48584, 0.0203996, 0.239746, 0.48584, 0.020622, 0.240723, 0.48584, 0.0208204, 0.241699, 0.48584, 0.020997, 
        0.234863, 0.486816, 0.0193189, 0.23584, 0.486816, 0.0196516, 0.236816, 0.486816, 0.0199564, 0.237793, 0.486816, 0.0202339, 0.23877, 0.486816, 0.0204853, 0.239746, 0.486816, 0.0207117, 0.240723, 0.486816, 0.0209148, 0.241699, 0.486816, 0.0210965, 
        0.234863, 0.487793, 0.0193586, 0.23584, 0.487793, 0.0196931, 0.236816, 0.487793, 0.0200006, 0.237793, 0.487793, 0.0202819, 0.23877, 0.487793, 0.020538, 0.239746, 0.487793, 0.02077, 0.240723, 0.487793, 0.0209795, 0.241699, 0.487793, 0.0211685, 
        0.234863, 0.48877, 0.0193633, 0.23584, 0.48877, 0.0196999, 0.236816, 0.48877, 0.0200108, 0.237793, 0.48877, 0.0202967, 0.23877, 0.48877, 0.0205586, 0.239746, 0.48877, 0.0207977, 0.240723, 0.48877, 0.0210154, 0.241699, 0.48877, 0.0212137, 
        0.234863, 0.489746, 0.0193346, 0.23584, 0.489746, 0.0196734, 0.236816, 0.489746, 0.0199881, 0.237793, 0.489746, 0.0202795, 0.23877, 0.489746, 0.0205484, 0.239746, 0.489746, 0.0207959, 0.240723, 0.489746, 0.0210236, 0.241699, 0.489746, 0.0212331, 
        0.234863, 0.490723, 0.0192739, 0.23584, 0.490723, 0.0196151, 0.236816, 0.490723, 0.0199342, 0.237793, 0.490723, 0.0202318, 0.23877, 0.490723, 0.0205088, 0.239746, 0.490723, 0.0207662, 0.240723, 0.490723, 0.0210053, 0.241699, 0.490723, 0.0212279, 
        0.234863, 0.491699, 0.0191833, 0.23584, 0.491699, 0.0195271, 0.236816, 0.491699, 0.019851, 0.237793, 0.491699, 0.0201556, 0.23877, 0.491699, 0.0204416, 0.239746, 0.491699, 0.02071, 0.240723, 0.491699, 0.0209622, 0.241699, 0.491699, 0.0211996
    ]
}
