{
    "level": 0,
    "idx": {"x": 30, "y": 107},
    "dim": {"x": 8, "y": 8},
    "offset": {"x": 0.234863, "y": 0.836426},
    "cellSize": {"x": 0.000976562, "y": 0.000976562},
    "vertices": [
        0.234863, 0.836426, -0.00177903, 0.23584, 0.836426, -0.00175554, 0.236816, 0.836426, -0.00170892, 0.237793, 0.836426, -0.00163954, 0.23877, 0.836426, -0.00154803, 0.239746, 0.836426, -0.0014352, 0.240723, 0.836426, -0.0013021, 0.241699, 0.836426, -0.00114994, 
        0.234863, 0.837402, -0.00135949, 0.23584, 0.837402, -0.00133747, 0.236816, 0.837402, -0.00129515, 0.237793, 0.837402, -0.00123289, 0.23877, 0.837402, -0.00115122, 0.239746, 0.837402, -0.00105087, 0.240723, 0.837402, -0.000932734, 0.241699, 0.837402, -0.0007979, 
        0.234863, 0.838379, -0.000919497, 0.23584, 0.838379, -0.000899085, 0.236816, 0.838379, -0.000861427, 0.237793, 0.838379, -0.000806815, 0.23877, 0.838379, -0.000735709, 0.239746, 0.838379, -0.000648726, 0.240723, 0.838379, -0.000546642, 0.241699, 0.838379, -0.000430376, 
        0.234863, 0.839355, -0.000462049, 0.23584, 0.839355, -0.000443372, 0.236816, 0.839355, -0.000410661, 0.237793, 0.839355, -0.000364156, 0.23877, 0.839355, -0.000304232, 0.239746, 0.839355, -0.000231396, 0.240723, 0.839355, -0.000146283, 0.241699, 0.839355, -4.96436e-05, 
        0.234863, 0.840332, 9.54734e-06, 0.23584, 0.840332, 2.63882e-05, 0.236816, 0.840332, 5.39139e-05, 0.237793, 0.840332, 9.19396e-05, 0.23877, 0.840332, 0.000140176, 0.239746, 0.840332, 0.000198234, 0.240723, 0.840332, 0.000265626, 0.241699, 0.840332, 0.000341773, 
        0.234863, 0.841309, 0.000491991, 0.23584, 0.841309, 0.000506918, 0.236816, 0.841309, 0.000529074, 0.237793, 0.841309, 0.000558333, 0.23877, 0.841309, 0.000594493, 0.239746, 0.841309, 0.000637286, 0.240723, 0.841309, 0.000686376, 0.241699, 0.841309, 0.000741365, 
        0.234863, 0.842285, 0.000981728, 0.23584, 0.842285, 0.000994687, 0.236816, 0.842285, 0.00101135, 0.237793, 0.842285, 0.00103164, 0.23877, 0.842285, 0.00105546, 0.239746, 0.842285, 0.00108265, 0.240723, 0.842285, 0.00111305, 0.241699, 0.842285, 0.00114642, 
        0.234863, 0.843262, 0.00147528, 0.23584, 0.843262, 0.00148624, 0.236816, 0.843262, 0.00149734, 0.237793, 0.843262, 0.00150856, 0.23877, 0.843262, 0.00151989, 0.239746, 0.843262, 0.00153131, 0.240723, 0.843262, 0.00154278, 0.241699, 0.843262, 0.00155429
    ]
}
