{
    "level": 0,
    "idx": {"x": 30, "y": 34},
    "dim": {"x": 16, "y": 16},
    "offset": {"x": 0.469238, "y": 0.531738},
    "cellSize": {"x": 0.000976562, "y": 0.000976562},
    "vertices": [
        0.469238, 0.531738, 0.27754, 0.470215, 0.531738, 0.278805, 0.471191, 0.531738, 0.280016, 0.472168, 0.531738, 0.281151, 0.473145, 0.531738, 0.282189, 0.474121, 0.531738, 0.283115, 0.475098, 0.531738, 0.283914, 0.476074, 0.531738, 0.284578, 0.477051, 0.531738, 0.285102, 0.478027, 0.531738, 0.285484, 0.479004, 0.531738, 0.285731, 0.47998, 0.531738, 0.28585, 0.480957, 0.531738, 0.285854, 0.481934, 0.531738, 0.285761, 0.48291, 0.531738, 0.285589, 0.483887, 0.531738, 0.285361, 
        0.469238, 0.532715, 0.277367, 0.470215, 0.532715, 0.279742, 0.471191, 0.532715, 0.281999, 0.472168, 0.532715, 0.284076, 0.473145, 0.532715, 0.285917, 0.474121, 0.532715, 0.287475, 0.475098, 0.532715, 0.288711, 0.476074, 0.532715, 0.2896, 0.477051, 0.532715, 0.290127, 0.478027, 0.532715, 0.290293, 0.479004, 0.532715, 0.290109, 0.47998, 0.532715, 0.289602, 0.480957, 0.532715, 0.288809, 0.481934, 0.532715, 0.287776, 0.48291, 0.532715, 0.286559, 0.483887, 0.532715, 0.285221, 
        0.469238, 0.533691, 0.277143, 0.470215, 0.533691, 0.280561, 0.471191, 0.533691, 0.283802, 0.472168, 0.533691, 0.286766, 0.473145, 0.533691, 0.289362, 0.474121, 0.533691, 0.291514, 0.475098, 0.533691, 0.293161, 0.476074, 0.533691, 0.294261, 0.477051, 0.533691, 0.294792, 0.478027, 0.533691, 0.294753, 0.479004, 0.533691, 0.294165, 0.47998, 0.533691, 0.29307, 0.480957, 0.533691, 0.291525, 0.481934, 0.533691, 0.289608, 0.48291, 0.533691, 0.287409, 0.483887, 0.533691, 0.285026, 
        0.469238, 0.534668, 0.276849, 0.470215, 0.534668, 0.281204, 0.471191, 0.534668, 0.285329, 0.472168, 0.534668, 0.289089, 0.473145, 0.534668, 0.292364, 0.474121, 0.534668, 0.295049, 0.475098, 0.534668, 0.297065, 0.476074, 0.534668, 0.298354, 0.477051, 0.534668, 0.298888, 0.478027, 0.534668, 0.298666, 0.479004, 0.534668, 0.297715, 0.47998, 0.534668, 0.296089, 0.480957, 0.534668, 0.29387, 0.481934, 0.534668, 0.291159, 0.48291, 0.534668, 0.288077, 0.483887, 0.534668, 0.284756, 
        0.469238, 0.535645, 0.276468, 0.470215, 0.535645, 0.281618, 0.471191, 0.535645, 0.286492, 0.472168, 0.535645, 0.290927, 0.473145, 0.535645, 0.294777, 0.474121, 0.535645, 0.297915, 0.475098, 0.535645, 0.300243, 0.476074, 0.535645, 0.301693, 0.477051, 0.535645, 0.302229, 0.478027, 0.535645, 0.301851, 0.479004, 0.535645, 0.300591, 0.47998, 0.535645, 0.298517, 0.480957, 0.535645, 0.295725, 0.481934, 0.535645, 0.29234, 0.48291, 0.535645, 0.288508, 0.483887, 0.535645, 0.284391, 
        0.469238, 0.536621, 0.275986, 0.470215, 0.536621, 0.281757, 0.471191, 0.536621, 0.287217, 0.472168, 0.536621, 0.292181, 0.473145, 0.536621, 0.29648, 0.474121, 0.536621, 0.299972, 0.475098, 0.536621, 0.302544, 0.476074, 0.536621, 0.30412, 0.477051, 0.536621, 0.304657, 0.478027, 0.536621, 0.304156, 0.479004, 0.536621, 0.302655, 0.47998, 0.536621, 0.300228, 0.480957, 0.536621, 0.296988, 0.481934, 0.536621, 0.293076, 0.48291, 0.536621, 0.288657, 0.483887, 0.536621, 0.283917, 
        0.469238, 0.537598, 0.27539, 0.470215, 0.537598, 0.281586, 0.471191, 0.537598, 0.287446, 0.472168, 0.537598, 0.29277, 0.473145, 0.537598, 0.297377, 0.474121, 0.537598, 0.30111, 0.475098, 0.537598, 0.303849, 0.476074, 0.537598, 0.30551, 0.477051, 0.537598, 0.306048, 0.478027, 0.537598, 0.305463, 0.479004, 0.537598, 0.303795, 0.47998, 0.537598, 0.301128, 0.480957, 0.537598, 0.297581, 0.481934, 0.537598, 0.293307, 0.48291, 0.537598, 0.288486, 0.483887, 0.537598, 0.283319, 
        0.469238, 0.538574, 0.274674, 0.470215, 0.538574, 0.281081, 0.471191, 0.538574, 0.28714, 0.472168, 0.538574, 0.292644, 0.473145, 0.538574, 0.297402, 0.474121, 0.538574, 0.301255, 0.475098, 0.538574, 0.304077, 0.476074, 0.538574, 0.305779, 0.477051, 0.538574, 0.306317, 0.478027, 0.538574, 0.305688, 0.479004, 0.538574, 0.303937, 0.47998, 0.538574, 0.301149, 0.480957, 0.538574, 0.297448, 0.481934, 0.538574, 0.292993, 0.48291, 0.538574, 0.287971, 0.483887, 0.538574, 0.28259, 
        0.469238, 0.539551, 0.273834, 0.470215, 0.539551, 0.28023, 0.471191, 0.539551, 0.286279, 0.472168, 0.539551, 0.291773, 0.473145, 0.539551, 0.296524, 0.474121, 0.539551, 0.30037, 0.475098, 0.539551, 0.303187, 0.476074, 0.539551, 0.304885, 0.477051, 0.539551, 0.305421, 0.478027, 0.539551, 0.304793, 0.479004, 0.539551, 0.303044, 0.47998, 0.539551, 0.300259, 0.480957, 0.539551, 0.296563, 0.481934, 0.539551, 0.292114, 0.48291, 0.539551, 0.287099, 0.483887, 0.539551, 0.281726, 
        0.469238, 0.540527, 0.27287, 0.470215, 0.540527, 0.279034, 0.471191, 0.540527, 0.284864, 0.472168, 0.540527, 0.290161, 0.473145, 0.540527, 0.294743, 0.474121, 0.540527, 0.298456, 0.475098, 0.540527, 0.30118, 0.476074, 0.540527, 0.30283, 0.477051, 0.540527, 0.303364, 0.478027, 0.540527, 0.302779, 0.479004, 0.540527, 0.301117, 0.47998, 0.540527, 0.29846, 0.480957, 0.540527, 0.294928, 0.481934, 0.540527, 0.290671, 0.48291, 0.540527, 0.285871, 0.483887, 0.540527, 0.280727, 
        0.469238, 0.541504, 0.271786, 0.470215, 0.541504, 0.277505, 0.471191, 0.541504, 0.282916, 0.472168, 0.541504, 0.287835, 0.473145, 0.541504, 0.292095, 0.474121, 0.541504, 0.295554, 0.475098, 0.541504, 0.298102, 0.476074, 0.541504, 0.29966, 0.477051, 0.541504, 0.30019, 0.478027, 0.541504, 0.299689, 0.479004, 0.541504, 0.298197, 0.47998, 0.541504, 0.295787, 0.480957, 0.541504, 0.292571, 0.481934, 0.541504, 0.288687, 0.48291, 0.541504, 0.284302, 0.483887, 0.541504, 0.279598, 
        0.469238, 0.54248, 0.270591, 0.470215, 0.54248, 0.275671, 0.471191, 0.54248, 0.280478, 0.472168, 0.54248, 0.284852, 0.473145, 0.54248, 0.288648, 0.474121, 0.54248, 0.291742, 0.475098, 0.54248, 0.294036, 0.476074, 0.54248, 0.295463, 0.477051, 0.54248, 0.295988, 0.478027, 0.54248, 0.29561, 0.479004, 0.54248, 0.294362, 0.47998, 0.54248, 0.29231, 0.480957, 0.54248, 0.289549, 0.481934, 0.54248, 0.286203, 0.48291, 0.54248, 0.282416, 0.483887, 0.54248, 0.278347, 
        0.469238, 0.543457, 0.269297, 0.470215, 0.543457, 0.273566, 0.471191, 0.543457, 0.277608, 0.472168, 0.543457, 0.281293, 0.473145, 0.543457, 0.284501, 0.474121, 0.543457, 0.287132, 0.475098, 0.543457, 0.289106, 0.476074, 0.543457, 0.290366, 0.477051, 0.543457, 0.290886, 0.478027, 0.543457, 0.290663, 0.479004, 0.543457, 0.289725, 0.47998, 0.543457, 0.288126, 0.480957, 0.543457, 0.285945, 0.481934, 0.543457, 0.283281, 0.48291, 0.543457, 0.280252, 0.483887, 0.543457, 0.276989, 
        0.469238, 0.544434, 0.267919, 0.470215, 0.544434, 0.271237, 0.471191, 0.544434, 0.274382, 0.472168, 0.544434, 0.277259, 0.473145, 0.544434, 0.279779, 0.474121, 0.544434, 0.281867, 0.475098, 0.544434, 0.283464, 0.476074, 0.544434, 0.28453, 0.477051, 0.544434, 0.285043, 0.478027, 0.544434, 0.285003, 0.479004, 0.544434, 0.28443, 0.47998, 0.544434, 0.283363, 0.480957, 0.544434, 0.28186, 0.481934, 0.544434, 0.279996, 0.48291, 0.544434, 0.277857, 0.483887, 0.544434, 0.27554, 
        0.469238, 0.54541, 0.266474, 0.470215, 0.54541, 0.268738, 0.471191, 0.54541, 0.27089, 0.472168, 0.54541, 0.27287, 0.473145, 0.54541, 0.274627, 0.474121, 0.54541, 0.276113, 0.475098, 0.54541, 0.277294, 0.476074, 0.54541, 0.278144, 0.477051, 0.54541, 0.27865, 0.478027, 0.54541, 0.278813, 0.479004, 0.54541, 0.278644, 0.47998, 0.54541, 0.278166, 0.480957, 0.54541, 0.277417, 0.481934, 0.54541, 0.276439, 0.48291, 0.54541, 0.275287, 0.483887, 0.54541, 0.274019, 
        0.469238, 0.546387, 0.264983, 0.470215, 0.546387, 0.266129, 0.471191, 0.546387, 0.267228, 0.472168, 0.546387, 0.268259, 0.473145, 0.546387, 0.269207, 0.474121, 0.546387, 0.270056, 0.475098, 0.546387, 0.270795, 0.476074, 0.546387, 0.271416, 0.477051, 0.546387, 0.271916, 0.478027, 0.546387, 0.272293, 0.479004, 0.546387, 0.272552, 0.47998, 0.546387, 0.2727, 0.480957, 0.546387, 0.272748, 0.481934, 0.546387, 0.272711, 0.48291, 0.546387, 0.272604, 0.483887, 0.546387, 0.272447
    ]
}
