{
    "level": 0,
    "idx": {"x": 31, "y": 57},
    "dim": {"x": 16, "y": 16},
    "offset": {"x": 0.484863, "y": 0.891113},
    "cellSize": {"x": 0.000976562, "y": 0.000976562},
    "vertices": [
        0.484863, 0.891113, 0.00111555, 0.48584, 0.891113, 0.00212228, 0.486816, 0.891113, 0.00307112, 0.487793, 0.891113, 0.00392554, 0.48877, 0.891113, 0.00465267, 0.489746, 0.891113, 0.00522454, 0.490723, 0.891113, 0.00561914, 0.491699, 0.891113, 0.00582131, 0.492676, 0.891113, 0.00582327, 0.493652, 0.891113, 0.00562495, 0.494629, 0.891113, 0.00523402, 0.495605, 0.891113, 0.00466554, 0.496582, 0.891113, 0.0039414, 0.497559, 0.891113, 0.00308949, 0.498535, 0.891113, 0.00214262, 0.499512, 0.891113, 0.00113726, 
        0.484863, 0.89209, 0.00163556, 0.48584, 0.89209, 0.00373381, 0.486816, 0.89209, 0.00571139, 0.487793, 0.89209, 0.00749216, 0.48877, 0.89209, 0.0090076, 0.489746, 0.89209, 0.0101994, 0.490723, 0.89209, 0.0110216, 0.491699, 0.89209, 0.0114426, 0.492676, 0.89209, 0.0114463, 0.493652, 0.89209, 0.0110324, 0.494629, 0.89209, 0.010217, 0.495605, 0.89209, 0.00903143, 0.496582, 0.89209, 0.00752138, 0.497559, 0.89209, 0.00574499, 0.498535, 0.89209, 0.00377066, 0.499512, 0.89209, 0.00167442, 
        0.484863, 0.893066, 0.00211623, 0.48584, 0.893066, 0.00522523, 0.486816, 0.893066, 0.00815542, 0.487793, 0.893066, 0.010794, 0.48877, 0.893066, 0.0130394, 0.489746, 0.893066, 0.0148052, 0.490723, 0.893066, 0.0160234, 0.491699, 0.893066, 0.0166471, 0.492676, 0.893066, 0.0166523, 0.493652, 0.893066, 0.0160389, 0.494629, 0.893066, 0.0148304, 0.495605, 0.893066, 0.0130734, 0.496582, 0.893066, 0.0108356, 0.497559, 0.893066, 0.00820312, 0.498535, 0.893066, 0.00527735, 0.499512, 0.893066, 0.00217096, 
        0.484863, 0.894043, 0.00253829, 0.48584, 0.894043, 0.00653828, 0.486816, 0.894043, 0.0103082, 0.487793, 0.894043, 0.013703, 0.48877, 0.894043, 0.0165919, 0.489746, 0.894043, 0.0188637, 0.490723, 0.894043, 0.0204309, 0.491699, 0.894043, 0.0212333, 0.492676, 0.894043, 0.0212399, 0.493652, 0.894043, 0.0204505, 0.494629, 0.894043, 0.0188955, 0.495605, 0.894043, 0.0166348, 0.496582, 0.894043, 0.0137555, 0.497559, 0.894043, 0.0103683, 0.498535, 0.894043, 0.00660387, 0.499512, 0.894043, 0.002607, 
        0.484863, 0.89502, 0.00288487, 0.48584, 0.89502, 0.00762193, 0.486816, 0.89502, 0.0120865, 0.487793, 0.89502, 0.0161068, 0.48877, 0.89502, 0.019528, 0.489746, 0.89502, 0.0222184, 0.490723, 0.89502, 0.0240744, 0.491699, 0.89502, 0.0250246, 0.492676, 0.89502, 0.0250323, 0.493652, 0.89502, 0.0240974, 0.494629, 0.89502, 0.0222557, 0.495605, 0.89502, 0.0195783, 0.496582, 0.89502, 0.0161683, 0.497559, 0.89502, 0.0121569, 0.498535, 0.89502, 0.00769862, 0.499512, 0.89502, 0.00296511, 
        0.484863, 0.895996, 0.00314189, 0.48584, 0.895996, 0.00843359, 0.486816, 0.895996, 0.0134209, 0.487793, 0.895996, 0.017912, 0.48877, 0.895996, 0.0217337, 0.489746, 0.895996, 0.0247391, 0.490723, 0.895996, 0.0268124, 0.491699, 0.895996, 0.0278737, 0.492676, 0.895996, 0.0278824, 0.493652, 0.895996, 0.0268379, 0.494629, 0.895996, 0.0247805, 0.495605, 0.895996, 0.0217896, 0.496582, 0.895996, 0.0179802, 0.497559, 0.895996, 0.013499, 0.498535, 0.895996, 0.00851861, 0.499512, 0.895996, 0.00323078, 
        0.484863, 0.896973, 0.00329883, 0.48584, 0.896973, 0.00894148, 0.486816, 0.896973, 0.0142596, 0.487793, 0.896973, 0.0190485, 0.48877, 0.896973, 0.0231237, 0.489746, 0.896973, 0.0263284, 0.490723, 0.896973, 0.0285391, 0.491699, 0.896973, 0.0296709, 0.492676, 0.896973, 0.02968, 0.493652, 0.896973, 0.0285662, 0.494629, 0.896973, 0.0263724, 0.495605, 0.896973, 0.023183, 0.496582, 0.896973, 0.0191209, 0.497559, 0.896973, 0.0143425, 0.498535, 0.896973, 0.00903173, 0.499512, 0.896973, 0.00339314, 
        0.484863, 0.897949, 0.00334899, 0.48584, 0.897949, 0.00912532, 0.486816, 0.897949, 0.0145694, 0.487793, 0.897949, 0.0194718, 0.48877, 0.897949, 0.0236435, 0.489746, 0.897949, 0.0269241, 0.490723, 0.897949, 0.0291873, 0.491699, 0.897949, 0.0303458, 0.492676, 0.897949, 0.0303552, 0.493652, 0.897949, 0.029215, 0.494629, 0.897949, 0.0269691, 0.495605, 0.897949, 0.0237042, 0.496582, 0.897949, 0.0195458, 0.497559, 0.897949, 0.0146541, 0.498535, 0.897949, 0.00921749, 0.499512, 0.897949, 0.00344527, 
        0.484863, 0.898926, 0.00328982, 0.48584, 0.898926, 0.00897745, 0.486816, 0.898926, 0.014338, 0.487793, 0.898926, 0.019165, 0.48877, 0.898926, 0.0232727, 0.489746, 0.898926, 0.0265029, 0.490723, 0.898926, 0.0287313, 0.491699, 0.898926, 0.0298721, 0.492676, 0.898926, 0.0298813, 0.493652, 0.898926, 0.0287586, 0.494629, 0.898926, 0.0265472, 0.495605, 0.898926, 0.0233324, 0.496582, 0.898926, 0.0192378, 0.497559, 0.898926, 0.0144213, 0.498535, 0.898926, 0.00906814, 0.499512, 0.898926, 0.00338455, 
        0.484863, 0.899902, 0.003123, 0.48584, 0.899902, 0.00850298, 0.486816, 0.899902, 0.0135735, 0.487793, 0.899902, 0.0181395, 0.48877, 0.899902, 0.022025, 0.489746, 0.899902, 0.0250805, 0.490723, 0.899902, 0.0271883, 0.491699, 0.899902, 0.0282674, 0.492676, 0.899902, 0.0282761, 0.493652, 0.899902, 0.0272141, 0.494629, 0.899902, 0.0251224, 0.495605, 0.899902, 0.0220815, 0.496582, 0.899902, 0.0182084, 0.497559, 0.899902, 0.0136524, 0.498535, 0.899902, 0.00858885, 0.499512, 0.899902, 0.00321271, 
        0.484863, 0.900879, 0.00285435, 0.48584, 0.900879, 0.0077195, 0.486816, 0.900879, 0.0123048, 0.487793, 0.900879, 0.0164339, 0.48877, 0.900879, 0.0199475, 0.489746, 0.900879, 0.0227107, 0.490723, 0.900879, 0.0246168, 0.491699, 0.900879, 0.0255926, 0.492676, 0.900879, 0.0256005, 0.493652, 0.900879, 0.0246402, 0.494629, 0.900879, 0.0227487, 0.495605, 0.900879, 0.0199988, 0.496582, 0.900879, 0.0164964, 0.497559, 0.900879, 0.0123764, 0.498535, 0.900879, 0.0077974, 0.499512, 0.900879, 0.00293575, 
        0.484863, 0.901855, 0.00249367, 0.48584, 0.901855, 0.00665674, 0.486816, 0.901855, 0.0105804, 0.487793, 0.901855, 0.0141135, 0.48877, 0.901855, 0.0171202, 0.489746, 0.901855, 0.0194846, 0.490723, 0.901855, 0.0211157, 0.491699, 0.901855, 0.0219507, 0.492676, 0.901855, 0.0219575, 0.493652, 0.901855, 0.0211358, 0.494629, 0.901855, 0.0195172, 0.495605, 0.901855, 0.0171642, 0.496582, 0.901855, 0.0141673, 0.497559, 0.901855, 0.0106419, 0.498535, 0.901855, 0.00672381, 0.499512, 0.901855, 0.0025638, 
        0.484863, 0.902832, 0.00205425, 0.48584, 0.902832, 0.0053549, 0.486816, 0.902832, 0.00846573, 0.487793, 0.902832, 0.011267, 0.48877, 0.902832, 0.0136508, 0.489746, 0.902832, 0.0155254, 0.490723, 0.902832, 0.0168186, 0.491699, 0.902832, 0.0174807, 0.492676, 0.902832, 0.0174861, 0.493652, 0.902832, 0.0168347, 0.494629, 0.902832, 0.0155515, 0.495605, 0.902832, 0.013686, 0.496582, 0.902832, 0.01131, 0.497559, 0.902832, 0.00851506, 0.498535, 0.902832, 0.0054087, 0.499512, 0.902832, 0.00211057, 
        0.484863, 0.903809, 0.0015525, 0.48584, 0.903809, 0.00386365, 0.486816, 0.903809, 0.00604189, 0.487793, 0.903809, 0.00800335, 0.48877, 0.903809, 0.00967252, 0.489746, 0.903809, 0.0109852, 0.490723, 0.903809, 0.0118907, 0.491699, 0.903809, 0.0123544, 0.492676, 0.903809, 0.0123582, 0.493652, 0.903809, 0.0119022, 0.494629, 0.903809, 0.0110038, 0.495605, 0.903809, 0.0096977, 0.496582, 0.903809, 0.00803414, 0.497559, 0.903809, 0.0060772, 0.498535, 0.903809, 0.00390224, 0.499512, 0.903809, 0.00159299, 
        0.484863, 0.904785, 0.00100725, 0.48584, 0.904785, 0.00224002, 0.486816, 0.904785, 0.00340188, 0.487793, 0.904785, 0.00444813, 0.48877, 0.904785, 0.00533848, 0.489746, 0.904785, 0.00603868, 0.490723, 0.904785, 0.00652176, 0.491699, 0.904785, 0.00676915, 0.492676, 0.904785, 0.00677133, 0.493652, 0.904785, 0.00652821, 0.494629, 0.904785, 0.00604918, 0.495605, 0.904785, 0.00535269, 0.496582, 0.904785, 0.00446555, 0.497559, 0.904785, 0.00342194, 0.498535, 0.904785, 0.00226204, 0.499512, 0.904785, 0.00103051, 
