{
    "level": 0,
    "idx": {"x": 31, "y": 20},
    "dim": {"x": 8, "y": 8},
    "offset": {"x": 0.970703, "y": 0.626953},
    "cellSize": {"x": 0.00390625, "y": 0.00390625},
    "vertices": [
        0.970703, 0.626953, 0.00983646, 0.974609, 0.626953, 0.0142069, 0.978516, 0.626953, 0.0102034, 0.982422, 0.626953, 0.000187092, 0.986328, 0.626953, -0.00993215, 0.990234, 0.626953, -0.0141834, 0.994141, 0.626953, -0.0100589, 0.998047, 0.626953, 6.67332e-006, 
        0.970703, 0.630859, 0.019906, 0.974609, 0.630859, 0.0287625, 0.978516, 0.630859, 0.0206548, 0.982422, 0.630859, 0.000365917, 0.986328, 0.630859, -0.0201317, 0.990234, 0.630859, -0.0287422, 0.994141, 0.630859, -0.0203854, 0.998047, 0.630859, 6.4906e-006, 
        0.970703, 0.634766, 0.0182389, 0.974609, 0.634766, 0.0263533, 0.978516, 0.634766, 0.0189248, 0.982422, 0.634766, 0.00033576, 0.986328, 0.634766, -0.0184445, 0.990234, 0.634766, -0.0263337, 0.994141, 0.634766, -0.0186771, 0.998047, 0.634766, 6.21601e-006, 
        0.970703, 0.638672, 0.00581861, 0.974609, 0.638672, 0.00840063, 0.978516, 0.638672, 0.00603403, 0.982422, 0.638672, 0.00011413, 0.986328, 0.638672, -0.0058665, 0.990234, 0.638672, -0.00837929, 0.994141, 0.638672, -0.00594222, 0.998047, 0.638672, 5.858e-006, 
        0.970703, 0.642578, -0.0100255, 0.974609, 0.642578, -0.014501, 0.978516, 0.642578, -0.0104103, 0.982422, 0.642578, -0.000168458, 0.986328, 0.642578, 0.0101791, 0.990234, 0.642578, 0.0145249, 0.994141, 0.642578, 0.0103035, 0.998047, 0.642578, 5.47634e-006, 
        0.970703, 0.646484, -0.0199433, 0.974609, 0.646484, -0.0288364, 0.978516, 0.646484, -0.0207037, 0.982422, 0.646484, -0.000345511, 0.986328, 0.646484, 0.0202226, 0.990234, 0.646484, 0.0288615, 0.994141, 0.646484, 0.0204723, 0.998047, 0.646484, 5.14709e-006, 
        0.970703, 0.650391, -0.0180825, 0.974609, 0.650391, -0.0261463, 0.978516, 0.650391, -0.0187722, 0.982422, 0.650391, -0.00031282, 0.986328, 0.650391, 0.0183369, 0.990234, 0.650391, 0.02617, 0.994141, 0.650391, 0.0185632, 0.998047, 0.650391, 4.918e-006, 
        0.970703, 0.654297, -0.00554149, 0.974609, 0.654297, -0.00801828, 0.978516, 0.654297, -0.00575569, 0.982422, 0.654297, -8.99387e-005, 0.986328, 0.654297, 0.00563439, 0.990234, 0.654297, 0.00803828, 0.994141, 0.654297, 0.00570247, 0.998047, 0.654297, 4.78054e-006
    ]
}
