{
    "level": 0,
    "idx": {"x": 31, "y": 26},
    "dim": {"x": 16, "y": 16},
    "offset": {"x": 0.484863, "y": 0.406738},
    "cellSize": {"x": 0.000976562, "y": 0.000976562},
    "vertices": [
        0.484863, 0.406738, 0.20901, 0.48584, 0.406738, 0.208791, 0.486816, 0.406738, 0.208582, 0.487793, 0.406738, 0.208401, 0.48877, 0.406738, 0.208262, 0.489746, 0.406738, 0.208179, 0.490723, 0.406738, 0.20816, 0.491699, 0.406738, 0.208214, 0.492676, 0.406738, 0.208343, 0.493652, 0.406738, 0.208547, 0.494629, 0.406738, 0.208824, 0.495605, 0.406738, 0.209166, 0.496582, 0.406738, 0.209562, 0.497559, 0.406738, 0.210001, 0.498535, 0.406738, 0.210468, 0.499512, 0.406738, 0.210944, 
        0.484863, 0.407715, 0.209995, 0.48584, 0.407715, 0.208662, 0.486816, 0.407715, 0.207404, 0.487793, 0.407715, 0.206277, 0.48877, 0.407715, 0.205334, 0.489746, 0.407715, 0.204618, 0.490723, 0.407715, 0.204164, 0.491699, 0.407715, 0.203995, 0.492676, 0.407715, 0.204123, 0.493652, 0.407715, 0.204549, 0.494629, 0.407715, 0.20526, 0.495605, 0.407715, 0.206233, 0.496582, 0.407715, 0.207433, 0.497559, 0.407715, 0.208818, 0.498535, 0.407715, 0.210334, 0.499512, 0.407715, 0.211926, 
        0.484863, 0.408691, 0.211005, 0.48584, 0.408691, 0.208619, 0.486816, 0.408691, 0.206368, 0.487793, 0.408691, 0.204348, 0.48877, 0.408691, 0.202644, 0.489746, 0.408691, 0.201331, 0.490723, 0.408691, 0.200464, 0.491699, 0.408691, 0.200084, 0.492676, 0.408691, 0.200212, 0.493652, 0.408691, 0.200847, 0.494629, 0.408691, 0.201969, 0.495605, 0.408691, 0.203539, 0.496582, 0.408691, 0.205499, 0.497559, 0.408691, 0.207777, 0.498535, 0.408691, 0.210287, 0.499512, 0.408691, 0.212934, 
        0.484863, 0.409668, 0.21206, 0.48584, 0.409668, 0.208722, 0.486816, 0.409668, 0.205574, 0.487793, 0.409668, 0.202746, 0.48877, 0.409668, 0.200355, 0.489746, 0.409668, 0.198501, 0.490723, 0.409668, 0.197262, 0.491699, 0.409668, 0.196692, 0.492676, 0.409668, 0.196819, 0.493652, 0.409668, 0.197643, 0.494629, 0.409668, 0.199137, 0.495605, 0.409668, 0.201246, 0.496582, 0.409668, 0.203894, 0.497559, 0.409668, 0.20698, 0.498535, 0.409668, 0.210388, 0.499512, 0.409668, 0.213987, 
        0.484863, 0.410645, 0.213177, 0.48584, 0.410645, 0.209025, 0.486816, 0.410645, 0.20511, 0.487793, 0.410645, 0.201592, 0.48877, 0.410645, 0.198613, 0.489746, 0.410645, 0.196297, 0.490723, 0.410645, 0.19474, 0.491699, 0.410645, 0.194008, 0.492676, 0.410645, 0.194134, 0.493652, 0.410645, 0.19512, 0.494629, 0.410645, 0.196932, 0.495605, 0.410645, 0.199503, 0.496582, 0.410645, 0.202738, 0.497559, 0.410645, 0.206515, 0.498535, 0.410645, 0.210691, 0.499512, 0.410645, 0.215106, 
        0.484863, 0.411621, 0.214372, 0.48584, 0.411621, 0.209576, 0.486816, 0.411621, 0.205053, 0.487793, 0.411621, 0.200988, 0.48877, 0.411621, 0.197544, 0.489746, 0.411621, 0.194863, 0.490723, 0.411621, 0.193053, 0.491699, 0.411621, 0.192193, 0.492676, 0.411621, 0.192319, 0.493652, 0.411621, 0.193433, 0.494629, 0.411621, 0.195497, 0.495605, 0.411621, 0.198434, 0.496582, 0.411621, 0.202135, 0.497559, 0.411621, 0.20646, 0.498535, 0.411621, 0.211244, 0.499512, 0.411621, 0.216305, 
        0.484863, 0.412598, 0.215657, 0.48584, 0.412598, 0.21041, 0.486816, 0.412598, 0.205464, 0.487793, 0.412598, 0.201017, 0.48877, 0.412598, 0.197248, 0.489746, 0.412598, 0.194311, 0.490723, 0.412598, 0.192326, 0.491699, 0.412598, 0.191375, 0.492676, 0.412598, 0.191502, 0.493652, 0.412598, 0.192707, 0.494629, 0.412598, 0.194946, 0.495605, 0.412598, 0.19814, 0.496582, 0.412598, 0.202166, 0.497559, 0.412598, 0.206874, 0.498535, 0.412598, 0.212084, 0.499512, 0.412598, 0.217596, 
        0.484863, 0.413574, 0.21704, 0.48584, 0.413574, 0.211555, 0.486816, 0.413574, 0.206384, 0.487793, 0.413574, 0.201734, 0.48877, 0.413574, 0.197793, 0.489746, 0.413574, 0.194721, 0.490723, 0.413574, 0.192643, 0.491699, 0.413574, 0.191646, 0.492676, 0.413574, 0.191773, 0.493652, 0.413574, 0.193026, 0.494629, 0.413574, 0.19536, 0.495605, 0.413574, 0.198689, 0.496582, 0.413574, 0.202889, 0.497559, 0.413574, 0.207801, 0.498535, 0.413574, 0.213237, 0.499512, 0.413574, 0.218989, 
        0.484863, 0.414551, 0.218525, 0.48584, 0.414551, 0.213023, 0.486816, 0.414551, 0.207835, 0.487793, 0.414551, 0.203171, 0.48877, 0.414551, 0.199218, 0.489746, 0.414551, 0.196136, 0.490723, 0.414551, 0.194052, 0.491699, 0.414551, 0.193051, 0.492676, 0.414551, 0.19318, 0.493652, 0.414551, 0.194437, 0.494629, 0.414551, 0.196779, 0.495605, 0.414551, 0.20012, 0.496582, 0.414551, 0.204334, 0.497559, 0.414551, 0.209262, 0.498535, 0.414551, 0.214716, 0.499512, 0.414551, 0.220488, 
        0.484863, 0.415527, 0.220112, 0.48584, 0.415527, 0.214815, 0.486816, 0.415527, 0.209819, 0.487793, 0.415527, 0.205328, 0.48877, 0.415527, 0.201523, 0.489746, 0.415527, 0.198558, 0.490723, 0.415527, 0.196554, 0.491699, 0.415527, 0.195595, 0.492676, 0.415527, 0.195725, 0.493652, 0.415527, 0.196943, 0.494629, 0.415527, 0.199207, 0.495605, 0.415527, 0.202434, 0.496582, 0.415527, 0.206503, 0.497559, 0.415527, 0.21126, 0.498535, 0.415527, 0.216523, 0.499512, 0.415527, 0.222093, 
        0.484863, 0.416504, 0.221798, 0.48584, 0.416504, 0.216919, 0.486816, 0.416504, 0.212318, 0.487793, 0.416504, 0.208182, 0.48877, 0.416504, 0.204678, 0.489746, 0.416504, 0.201951, 0.490723, 0.416504, 0.200111, 0.491699, 0.416504, 0.199237, 0.492676, 0.416504, 0.199368, 0.493652, 0.416504, 0.200505, 0.494629, 0.416504, 0.202607, 0.495605, 0.416504, 0.2056, 0.496582, 0.416504, 0.209369, 0.497559, 0.416504, 0.213774, 0.498535, 0.416504, 0.218646, 0.499512, 0.416504, 0.223799, 
        0.484863, 0.41748, 0.223574, 0.48584, 0.41748, 0.219311, 0.486816, 0.41748, 0.21529, 0.487793, 0.41748, 0.211677, 0.48877, 0.41748, 0.208619, 0.489746, 0.41748, 0.206241, 0.490723, 0.41748, 0.204644, 0.491699, 0.41748, 0.203894, 0.492676, 0.41748, 0.204027, 0.493652, 0.41748, 0.205043, 0.494629, 0.41748, 0.206907, 0.495605, 0.41748, 0.209553, 0.496582, 0.41748, 0.212881, 0.497559, 0.41748, 0.216765, 0.498535, 0.41748, 0.221059, 0.499512, 0.41748, 0.225598, 
        0.484863, 0.418457, 0.225429, 0.48584, 0.418457, 0.221955, 0.486816, 0.418457, 0.21868, 0.487793, 0.418457, 0.215737, 0.48877, 0.418457, 0.21325, 0.489746, 0.418457, 0.211321, 0.490723, 0.418457, 0.210034, 0.491699, 0.418457, 0.209443, 0.492676, 0.418457, 0.209578, 0.493652, 0.418457, 0.210439, 0.494629, 0.418457, 0.211998, 0.495605, 0.418457, 0.214198, 0.496582, 0.418457, 0.216958, 0.497559, 0.418457, 0.220175, 0.498535, 0.418457, 0.223727, 0.499512, 0.418457, 0.227479, 
        0.484863, 0.419434, 0.227346, 0.48584, 0.419434, 0.224807, 0.486816, 0.419434, 0.222411, 0.487793, 0.419434, 0.220261, 0.48877, 0.419434, 0.218449, 0.489746, 0.419434, 0.217051, 0.490723, 0.419434, 0.21613, 0.491699, 0.419434, 0.215727, 0.492676, 0.419434, 0.215864, 0.493652, 0.419434, 0.216542, 0.494629, 0.419434, 0.217739, 0.495605, 0.419434, 0.219413, 0.496582, 0.419434, 0.221502, 0.497559, 0.419434, 0.22393, 0.498535, 0.419434, 0.226605, 0.499512, 0.419434, 0.229424, 
        0.484863, 0.42041, 0.229308, 0.48584, 0.42041, 0.227811, 0.486816, 0.42041, 0.226397, 0.487793, 0.42041, 0.225132, 0.48877, 0.42041, 0.224072, 0.489746, 0.42041, 0.223266, 0.490723, 0.42041, 0.222754, 0.491699, 0.42041, 0.222561, 0.492676, 0.42041, 0.222701, 0.493652, 0.42041, 0.223174, 0.494629, 0.42041, 0.223966, 0.495605, 0.42041, 0.225053, 0.496582, 0.42041, 0.226394, 0.497559, 0.42041, 0.227941, 0.498535, 0.42041, 0.229636, 0.499512, 0.42041, 0.231416, 
        0.484863, 0.421387, 0.231295, 0.48584, 0.421387, 0.230907, 0.486816, 0.421387, 0.23054, 0.487793, 0.421387, 0.230217, 0.48877, 0.421387, 0.229958, 0.489746, 0.421387, 0.229783, 0.490723, 0.421387, 0.229706, 0.491699, 0.421387, 0.229736, 0.492676, 0.421387, 0.229879, 0.493652, 0.421387, 0.230134, 0.494629, 0.421387, 0.230496, 0.495605, 0.421387, 0.230957, 0.496582, 0.421387, 0.2315, 0.497559, 0.421387, 0.232109, 0.498535, 0.421387, 0.232761, 0.499512, 0.421387, 0.233434
    ]
}
