{
    "level": 0,
    "idx": {"x": 31, "y": 93},
    "dim": {"x": 8, "y": 8},
    "offset": {"x": 0.242676, "y": 0.727051},
    "cellSize": {"x": 0.000976562, "y": 0.000976562},
    "vertices": [
        0.242676, 0.727051, -0.00221051, 0.243652, 0.727051, -0.00238502, 0.244629, 0.727051, -0.00257319, 0.245605, 0.727051, -0.00277283, 0.246582, 0.727051, -0.00298157, 0.247559, 0.727051, -0.00319695, 0.248535, 0.727051, -0.0034164, 0.249512, 0.727051, -0.00363729, 
        0.242676, 0.728027, -0.00215533, 0.243652, 0.728027, -0.00234782, 0.244629, 0.728027, -0.00255531, 0.245605, 0.728027, -0.00277544, 0.246582, 0.728027, -0.00300566, 0.247559, 0.728027, -0.00324329, 0.248535, 0.728027, -0.00348559, 0.249512, 0.728027, -0.0037297, 
        0.242676, 0.729004, -0.00211761, 0.243652, 0.729004, -0.00232585, 0.244629, 0.729004, -0.00255028, 0.245605, 0.729004, -0.00278835, 0.246582, 0.729004, -0.00303737, 0.247559, 0.729004, -0.0032945, 0.248535, 0.729004, -0.00355679, 0.249512, 0.729004, -0.00382122, 
        0.242676, 0.72998, -0.00209863, 0.243652, 0.72998, -0.00232028, 0.244629, 0.72998, -0.00255909, 0.245605, 0.72998, -0.00281241, 0.246582, 0.72998, -0.0030774, 0.247559, 0.72998, -0.00335107, 0.248535, 0.72998, -0.00363033, 0.249512, 0.72998, -0.003912, 
        0.242676, 0.730957, -0.0020995, 0.243652, 0.730957, -0.00233208, 0.244629, 0.730957, -0.00258261, 0.245605, 0.730957, -0.00284833, 0.246582, 0.730957, -0.0031263, 0.247559, 0.730957, -0.00341341, 0.248535, 0.730957, -0.00370646, 0.249512, 0.730957, -0.00400213, 
        0.242676, 0.731934, -0.00212109, 0.243652, 0.731934, -0.00236202, 0.244629, 0.731934, -0.00262149, 0.245605, 0.731934, -0.00289667, 0.246582, 0.731934, -0.00318452, 0.247559, 0.731934, -0.00348185, 0.248535, 0.731934, -0.00378538, 0.249512, 0.731934, -0.00409169, 
        0.242676, 0.73291, -0.00216405, 0.243652, 0.73291, -0.00241069, 0.244629, 0.73291, -0.00267626, 0.245605, 0.73291, -0.00295785, 0.246582, 0.73291, -0.0032524, 0.247559, 0.73291, -0.00355665, 0.248535, 0.73291, -0.00386725, 0.249512, 0.73291, -0.00418076, 
        0.242676, 0.733887, -0.00222879, 0.243652, 0.733887, -0.00247845, 0.244629, 0.733887, -0.00274721, 0.245605, 0.733887, -0.00303214, 0.246582, 0.733887, -0.00333014, 0.247559, 0.733887, -0.00363794, 0.248535, 0.733887, -0.00395217, 0.249512, 0.733887, -0.00426934
    ]
}
