{
    "level": 0,
    "idx": {"x": 31, "y": 28},
    "dim": {"x": 16, "y": 16},
    "offset": {"x": 0.484863, "y": 0.437988},
    "cellSize": {"x": 0.000976562, "y": 0.000976562},
    "vertices": [
        0.484863, 0.437988, 0.25426, 0.48584, 0.437988, 0.254058, 0.486816, 0.437988, 0.253865, 0.487793, 0.437988, 0.2537, 0.48877, 0.437988, 0.253577, 0.489746, 0.437988, 0.253512, 0.490723, 0.437988, 0.253515, 0.491699, 0.437988, 0.253593, 0.492676, 0.437988, 0.25375, 0.493652, 0.437988, 0.253986, 0.494629, 0.437988, 0.254297, 0.495605, 0.437988, 0.254676, 0.496582, 0.437988, 0.255113, 0.497559, 0.437988, 0.255592, 0.498535, 0.437988, 0.256099, 0.499512, 0.437988, 0.256614, 
        0.484863, 0.438965, 0.254947, 0.48584, 0.438965, 0.253632, 0.486816, 0.438965, 0.252391, 0.487793, 0.438965, 0.25128, 0.48877, 0.438965, 0.250354, 0.489746, 0.438965, 0.249657, 0.490723, 0.438965, 0.249224, 0.491699, 0.438965, 0.24908, 0.492676, 0.438965, 0.249236, 0.493652, 0.438965, 0.249693, 0.494629, 0.438965, 0.250438, 0.495605, 0.438965, 0.251448, 0.496582, 0.438965, 0.252687, 0.497559, 0.438965, 0.25411, 0.498535, 0.438965, 0.255666, 0.499512, 0.438965, 0.257295, 
        0.484863, 0.439941, 0.255652, 0.48584, 0.439941, 0.253286, 0.486816, 0.439941, 0.251053, 0.487793, 0.439941, 0.249051, 0.48877, 0.439941, 0.247366, 0.489746, 0.439941, 0.246073, 0.490723, 0.439941, 0.245228, 0.491699, 0.439941, 0.244873, 0.492676, 0.439941, 0.245029, 0.493652, 0.439941, 0.245694, 0.494629, 0.439941, 0.246849, 0.495605, 0.439941, 0.248454, 0.496582, 0.439941, 0.250451, 0.497559, 0.439941, 0.252767, 0.498535, 0.439941, 0.255313, 0.499512, 0.439941, 0.257994, 
        0.484863, 0.440918, 0.256392, 0.48584, 0.440918, 0.253078, 0.486816, 0.440918, 0.249952, 0.487793, 0.440918, 0.247145, 0.48877, 0.440918, 0.244775, 0.489746, 0.440918, 0.242943, 0.490723, 0.440918, 0.241727, 0.491699, 0.440918, 0.241183, 0.492676, 0.440918, 0.241337, 0.493652, 0.440918, 0.242191, 0.494629, 0.440918, 0.243716, 0.495605, 0.440918, 0.245858, 0.496582, 0.440918, 0.24854, 0.497559, 0.440918, 0.25166, 0.498535, 0.440918, 0.255101, 0.499512, 0.440918, 0.258731, 
        0.484863, 0.441895, 0.257187, 0.48584, 0.441895, 0.253064, 0.486816, 0.441895, 0.249175, 0.487793, 0.441895, 0.245681, 0.48877, 0.441895, 0.242727, 0.489746, 0.441895, 0.240435, 0.490723, 0.441895, 0.238903, 0.491699, 0.441895, 0.238197, 0.492676, 0.441895, 0.238351, 0.493652, 0.441895, 0.239365, 0.494629, 0.441895, 0.241206, 0.495605, 0.441895, 0.243807, 0.496582, 0.441895, 0.247073, 0.497559, 0.441895, 0.250879, 0.498535, 0.441895, 0.255084, 0.499512, 0.441895, 0.259524, 
        0.484863, 0.442871, 0.258052, 0.48584, 0.442871, 0.253289, 0.486816, 0.442871, 0.248798, 0.487793, 0.442871, 0.244762, 0.48877, 0.442871, 0.241346, 0.489746, 0.442871, 0.238692, 0.490723, 0.442871, 0.23691, 0.491699, 0.442871, 0.236076, 0.492676, 0.442871, 0.23623, 0.493652, 0.442871, 0.237371, 0.494629, 0.442871, 0.239461, 0.495605, 0.442871, 0.242425, 0.496582, 0.442871, 0.246152, 0.497559, 0.442871, 0.250502, 0.498535, 0.442871, 0.255309, 0.499512, 0.442871, 0.26039, 
        0.484863, 0.443848, 0.258998, 0.48584, 0.443848, 0.253791, 0.486816, 0.443848, 0.248881, 0.487793, 0.443848, 0.244468, 0.48877, 0.443848, 0.240732, 0.489746, 0.443848, 0.237826, 0.490723, 0.443848, 0.23587, 0.491699, 0.443848, 0.234948, 0.492676, 0.443848, 0.235101, 0.493652, 0.443848, 0.236331, 0.494629, 0.443848, 0.238596, 0.495605, 0.443848, 0.241812, 0.496582, 0.443848, 0.24586, 0.497559, 0.443848, 0.250587, 0.498535, 0.443848, 0.255813, 0.499512, 0.443848, 0.26134, 
        0.484863, 0.444824, 0.260034, 0.48584, 0.444824, 0.254595, 0.486816, 0.444824, 0.249467, 0.487793, 0.444824, 0.244857, 0.48877, 0.444824, 0.240953, 0.489746, 0.444824, 0.237915, 0.490723, 0.444824, 0.235869, 0.491699, 0.444824, 0.234901, 0.492676, 0.444824, 0.235055, 0.493652, 0.444824, 0.236331, 0.494629, 0.444824, 0.238687, 0.495605, 0.444824, 0.242035, 0.496582, 0.444824, 0.246252, 0.497559, 0.444824, 0.251177, 0.498535, 0.444824, 0.256623, 0.499512, 0.444824, 0.262383, 
        0.484863, 0.445801, 0.261164, 0.48584, 0.445801, 0.255714, 0.486816, 0.445801, 0.250575, 0.487793, 0.445801, 0.245956, 0.48877, 0.445801, 0.242045, 0.489746, 0.445801, 0.239001, 0.490723, 0.445801, 0.236951, 0.491699, 0.445801, 0.235981, 0.492676, 0.445801, 0.236136, 0.493652, 0.445801, 0.237415, 0.494629, 0.445801, 0.239776, 0.495605, 0.445801, 0.243132, 0.496582, 0.445801, 0.247357, 0.497559, 0.445801, 0.252293, 0.498535, 0.445801, 0.257751, 0.499512, 0.445801, 0.263523, 
        0.484863, 0.446777, 0.262387, 0.48584, 0.446777, 0.257148, 0.486816, 0.446777, 0.252208, 0.487793, 0.446777, 0.247768, 0.48877, 0.446777, 0.244009, 0.489746, 0.446777, 0.241085, 0.490723, 0.446777, 0.239118, 0.491699, 0.446777, 0.23819, 0.492676, 0.446777, 0.238346, 0.493652, 0.446777, 0.239585, 0.494629, 0.446777, 0.241865, 0.495605, 0.446777, 0.245103, 0.496582, 0.446777, 0.249178, 0.497559, 0.446777, 0.253936, 0.498535, 0.446777, 0.259197, 0.499512, 0.446777, 0.26476, 
        0.484863, 0.447754, 0.263701, 0.48584, 0.447754, 0.258886, 0.486816, 0.447754, 0.254345, 0.487793, 0.447754, 0.250265, 0.48877, 0.447754, 0.246812, 0.489746, 0.447754, 0.24413, 0.490723, 0.447754, 0.242329, 0.491699, 0.447754, 0.241487, 0.492676, 0.447754, 0.241645, 0.493652, 0.447754, 0.242801, 0.494629, 0.447754, 0.244916, 0.495605, 0.447754, 0.247916, 0.496582, 0.447754, 0.251687, 0.497559, 0.447754, 0.256087, 0.498535, 0.447754, 0.26095, 0.499512, 0.447754, 0.26609, 
        0.484863, 0.44873, 0.265095, 0.48584, 0.44873, 0.260902, 0.486816, 0.44873, 0.256947, 0.487793, 0.44873, 0.253394, 0.48877, 0.44873, 0.250391, 0.489746, 0.44873, 0.248061, 0.490723, 0.44873, 0.246504, 0.491699, 0.44873, 0.245788, 0.492676, 0.44873, 0.245946, 0.493652, 0.44873, 0.24698, 0.494629, 0.44873, 0.248856, 0.495605, 0.44873, 0.251505, 0.496582, 0.44873, 0.254829, 0.497559, 0.44873, 0.258705, 0.498535, 0.44873, 0.262984, 0.499512, 0.44873, 0.267505, 
        0.484863, 0.449707, 0.266559, 0.48584, 0.449707, 0.263161, 0.486816, 0.449707, 0.259955, 0.487793, 0.449707, 0.257077, 0.48877, 0.449707, 0.254647, 0.489746, 0.449707, 0.252769, 0.490723, 0.449707, 0.251524, 0.491699, 0.449707, 0.250967, 0.492676, 0.449707, 0.251128, 0.493652, 0.449707, 0.252006, 0.494629, 0.449707, 0.253573, 0.495605, 0.449707, 0.255774, 0.496582, 0.449707, 0.258527, 0.497559, 0.449707, 0.261731, 0.498535, 0.449707, 0.265264, 0.499512, 0.449707, 0.268991, 
        0.484863, 0.450684, 0.268077, 0.48584, 0.450684, 0.265616, 0.486816, 0.450684, 0.263294, 0.487793, 0.450684, 0.261211, 0.48877, 0.450684, 0.259459, 0.489746, 0.450684, 0.258114, 0.490723, 0.450684, 0.257236, 0.491699, 0.450684, 0.256868, 0.492676, 0.450684, 0.257031, 0.493652, 0.450684, 0.257724, 0.494629, 0.450684, 0.258928, 0.495605, 0.450684, 0.2606, 0.496582, 0.450684, 0.26268, 0.497559, 0.450684, 0.265091, 0.498535, 0.450684, 0.267742, 0.499512, 0.450684, 0.270534, 
        0.484863, 0.45166, 0.269631, 0.48584, 0.45166, 0.268214, 0.486816, 0.45166, 0.266877, 0.487793, 0.45166, 0.26568, 0.48877, 0.45166, 0.264682, 0.489746, 0.45166, 0.26393, 0.490723, 0.45166, 0.263462, 0.491699, 0.45166, 0.263304, 0.492676, 0.45166, 0.263469, 0.493652, 0.45166, 0.263957, 0.494629, 0.45166, 0.264756, 0.495605, 0.45166, 0.265838, 0.496582, 0.45166, 0.267167, 0.497559, 0.45166, 0.268695, 0.498535, 0.45166, 0.270365, 0.499512, 0.45166, 0.272114, 
        0.484863, 0.452637, 0.271201, 0.48584, 0.452637, 0.270895, 0.486816, 0.452637, 0.270604, 0.487793, 0.452637, 0.270351, 0.48877, 0.452637, 0.270155, 0.489746, 0.452637, 0.270034, 0.490723, 0.452637, 0.270002, 0.491699, 0.452637, 0.270067, 0.492676, 0.452637, 0.270234, 0.493652, 0.452637, 0.270504, 0.494629, 0.452637, 0.270871, 0.495605, 0.452637, 0.271327, 0.496582, 0.452637, 0.271857, 0.497559, 0.452637, 0.272445, 0.498535, 0.452637, 0.273071, 0.499512, 0.452637, 0.273711
    ]
}
