{
    "level": 0,
    "idx": {"x": 31, "y": 121},
    "dim": {"x": 8, "y": 8},
    "offset": {"x": 0.242676, "y": 0.945801},
    "cellSize": {"x": 0.000976562, "y": 0.000976562},
    "vertices": [
        0.242676, 0.945801, 0.00431515, 0.243652, 0.945801, 0.00454546, 0.244629, 0.945801, 0.00479077, 0.245605, 0.945801, 0.00504885, 0.246582, 0.945801, 0.00531732, 0.247559, 0.945801, 0.00559367, 0.248535, 0.945801, 0.00587529, 0.249512, 0.945801, 0.00615952, 
        0.242676, 0.946777, 0.00408901, 0.243652, 0.946777, 0.00433555, 0.244629, 0.946777, 0.00459845, 0.245605, 0.946777, 0.00487527, 0.246582, 0.946777, 0.00516347, 0.247559, 0.946777, 0.00546034, 0.248535, 0.946777, 0.00576307, 0.249512, 0.946777, 0.00606881, 
        0.242676, 0.947754, 0.00388143, 0.243652, 0.947754, 0.00414199, 0.244629, 0.947754, 0.00442005, 0.245605, 0.947754, 0.00471305, 0.246582, 0.947754, 0.00501829, 0.247559, 0.947754, 0.00533288, 0.248535, 0.947754, 0.00565386, 0.249512, 0.947754, 0.00597818, 
        0.242676, 0.94873, 0.00369376, 0.243652, 0.94873, 0.00396595, 0.244629, 0.94873, 0.00425661, 0.245605, 0.94873, 0.00456307, 0.246582, 0.94873, 0.00488248, 0.247559, 0.94873, 0.00521182, 0.248535, 0.94873, 0.005548, 0.249512, 0.94873, 0.0058878, 
        0.242676, 0.949707, 0.00352703, 0.243652, 0.949707, 0.00380837, 0.244629, 0.949707, 0.00410896, 0.245605, 0.949707, 0.00442603, 0.246582, 0.949707, 0.00475661, 0.247559, 0.949707, 0.0050976, 0.248535, 0.949707, 0.00544576, 0.249512, 0.949707, 0.00579779, 
        0.242676, 0.950684, 0.00338214, 0.243652, 0.950684, 0.00367006, 0.244629, 0.950684, 0.0039778, 0.245605, 0.950684, 0.0043025, 0.246582, 0.950684, 0.00464116, 0.247559, 0.950684, 0.00499055, 0.248535, 0.950684, 0.00534739, 0.249512, 0.950684, 0.00570828, 
        0.242676, 0.95166, 0.00325973, 0.243652, 0.95166, 0.00355158, 0.244629, 0.95166, 0.00386361, 0.245605, 0.95166, 0.00419293, 0.246582, 0.95166, 0.00453647, 0.247559, 0.95166, 0.00489097, 0.248535, 0.95166, 0.00525308, 0.249512, 0.95166, 0.00561936, 
        0.242676, 0.952637, 0.00316017, 0.243652, 0.952637, 0.00345328, 0.244629, 0.952637, 0.00376671, 0.245605, 0.952637, 0.00409756, 0.246582, 0.952637, 0.00444275, 0.247559, 0.952637, 0.00479899, 0.248535, 0.952637, 0.00516294, 0.249512, 0.952637, 0.0055311
    ]
}
