{
    "level": 0,
    "idx": {"x": 32, "y": 41},
    "dim": {"x": 8, "y": 8},
    "offset": {"x": 0.250488, "y": 0.320801},
    "cellSize": {"x": 0.000976562, "y": 0.000976562},
    "vertices": [
        0.250488, 0.320801, 0.00849772, 0.251465, 0.320801, 0.00889694, 0.252441, 0.320801, 0.00929442, 0.253418, 0.320801, 0.0096876, 0.254395, 0.320801, 0.010074, 0.255371, 0.320801, 0.0104513, 0.256348, 0.320801, 0.0108171, 0.257324, 0.320801, 0.0111693, 
        0.250488, 0.321777, 0.00846341, 0.251465, 0.321777, 0.00888792, 0.252441, 0.321777, 0.00931047, 0.253418, 0.321777, 0.0097283, 0.254395, 0.321777, 0.0101387, 0.255371, 0.321777, 0.0105391, 0.256348, 0.321777, 0.010927, 0.257324, 0.321777, 0.0113, 
        0.250488, 0.322754, 0.00842865, 0.251465, 0.322754, 0.00887565, 0.252441, 0.322754, 0.00932052, 0.253418, 0.322754, 0.0097603, 0.254395, 0.322754, 0.0101921, 0.255371, 0.322754, 0.0106132, 0.256348, 0.322754, 0.0110208, 0.257324, 0.322754, 0.0114124, 
        0.250488, 0.32373, 0.00839343, 0.251465, 0.32373, 0.00885993, 0.252441, 0.32373, 0.00932417, 0.253418, 0.32373, 0.00978301, 0.254395, 0.32373, 0.0102334, 0.255371, 0.32373, 0.0106724, 0.256348, 0.32373, 0.0110972, 0.257324, 0.32373, 0.0115051, 
        0.250488, 0.324707, 0.00835775, 0.251465, 0.324707, 0.00884059, 0.252441, 0.324707, 0.00932107, 0.253418, 0.324707, 0.00979591, 0.254395, 0.324707, 0.010262, 0.255371, 0.324707, 0.0107161, 0.256348, 0.324707, 0.0111554, 0.257324, 0.324707, 0.0115771, 
        0.250488, 0.325684, 0.00832163, 0.251465, 0.325684, 0.0088175, 0.252441, 0.325684, 0.00931096, 0.253418, 0.325684, 0.00979862, 0.254395, 0.325684, 0.0102772, 0.255371, 0.325684, 0.0107436, 0.256348, 0.325684, 0.0111946, 0.257324, 0.325684, 0.0116275, 
        0.250488, 0.32666, 0.00828507, 0.251465, 0.32666, 0.00879057, 0.252441, 0.32666, 0.00929364, 0.253418, 0.32666, 0.00979083, 0.254395, 0.32666, 0.0102788, 0.255371, 0.32666, 0.0107543, 0.256348, 0.32666, 0.0112142, 0.257324, 0.32666, 0.0116555, 
        0.250488, 0.327637, 0.0082481, 0.251465, 0.327637, 0.00875974, 0.252441, 0.327637, 0.00926899, 0.253418, 0.327637, 0.00977235, 0.254395, 0.327637, 0.0102664, 0.255371, 0.327637, 0.0107479, 0.256348, 0.327637, 0.0112137, 0.257324, 0.327637, 0.0116609
    ]
}
