{
    "level": 0,
    "idx": {"x": 32, "y": 32},
    "dim": {"x": 8, "y": 8},
    "offset": {"x": 0.250488, "y": 0.250488},
    "cellSize": {"x": 0.000976562, "y": 0.000976562},
    "vertices": [
        0.250488, 0.250488, 0.00947225, 0.251465, 0.250488, 0.00951843, 0.252441, 0.250488, 0.00956256, 0.253418, 0.250488, 0.00960458, 0.254395, 0.250488, 0.00964441, 0.255371, 0.250488, 0.00968197, 0.256348, 0.250488, 0.0097172, 0.257324, 0.250488, 0.00975004, 
        0.250488, 0.251465, 0.00951843, 0.251465, 0.251465, 0.00960136, 0.252441, 0.251465, 0.00968184, 0.253418, 0.251465, 0.00975944, 0.254395, 0.251465, 0.00983374, 0.255371, 0.251465, 0.00990436, 0.256348, 0.251465, 0.00997091, 0.257324, 0.251465, 0.010033, 
        0.250488, 0.252441, 0.00956256, 0.251465, 0.252441, 0.00968184, 0.252441, 0.252441, 0.00979825, 0.253418, 0.252441, 0.00991102, 0.254395, 0.252441, 0.0100194, 0.255371, 0.252441, 0.0101227, 0.256348, 0.252441, 0.0102202, 0.257324, 0.252441, 0.0103113, 
        0.250488, 0.253418, 0.00960458, 0.251465, 0.253418, 0.00975944, 0.252441, 0.253418, 0.00991102, 0.253418, 0.253418, 0.0100582, 0.254395, 0.253418, 0.0102, 0.255371, 0.253418, 0.0103353, 0.256348, 0.253418, 0.0104631, 0.257324, 0.253418, 0.0105826, 
        0.250488, 0.254395, 0.00964441, 0.251465, 0.254395, 0.00983374, 0.252441, 0.254395, 0.0100194, 0.253418, 0.254395, 0.0102, 0.254395, 0.254395, 0.0103741, 0.255371, 0.254395, 0.0105404, 0.256348, 0.254395, 0.0106977, 0.257324, 0.254395, 0.0108447, 
        0.250488, 0.255371, 0.00968197, 0.251465, 0.255371, 0.00990436, 0.252441, 0.255371, 0.0101227, 0.253418, 0.255371, 0.0103353, 0.254395, 0.255371, 0.0105404, 0.255371, 0.255371, 0.0107365, 0.256348, 0.255371, 0.010922, 0.257324, 0.255371, 0.0110953, 
        0.250488, 0.256348, 0.0097172, 0.251465, 0.256348, 0.00997091, 0.252441, 0.256348, 0.0102202, 0.253418, 0.256348, 0.0104631, 0.254395, 0.256348, 0.0106977, 0.255371, 0.256348, 0.010922, 0.256348, 0.256348, 0.0111342, 0.257324, 0.256348, 0.0113326, 
        0.250488, 0.257324, 0.00975004, 0.251465, 0.257324, 0.010033, 0.252441, 0.257324, 0.0103113, 0.253418, 0.257324, 0.0105826, 0.254395, 0.257324, 0.0108447, 0.255371, 0.257324, 0.0110953, 0.256348, 0.257324, 0.0113326, 0.257324, 0.257324, 0.0115544
    ]
}
