{
    "level": 0,
    "idx": {"x": 32, "y": 117},
    "dim": {"x": 8, "y": 8},
    "offset": {"x": 0.250488, "y": 0.914551},
    "cellSize": {"x": 0.000976562, "y": 0.000976562},
    "vertices": [
        0.250488, 0.914551, 0.00744893, 0.251465, 0.914551, 0.00716547, 0.252441, 0.914551, 0.00688287, 0.253418, 0.914551, 0.00660383, 0.254395, 0.914551, 0.00633098, 0.255371, 0.914551, 0.00606687, 0.256348, 0.914551, 0.00581394, 0.257324, 0.914551, 0.0055745, 
        0.250488, 0.915527, 0.0074459, 0.251465, 0.915527, 0.00714068, 0.252441, 0.915527, 0.00683659, 0.253418, 0.915527, 0.00653653, 0.254395, 0.915527, 0.00624333, 0.255371, 0.915527, 0.00595973, 0.256348, 0.915527, 0.00568837, 0.257324, 0.915527, 0.00543173, 
        0.250488, 0.916504, 0.00744108, 0.251465, 0.916504, 0.00711705, 0.252441, 0.916504, 0.00679436, 0.253418, 0.916504, 0.00647611, 0.254395, 0.916504, 0.0061653, 0.255371, 0.916504, 0.00586485, 0.256348, 0.916504, 0.00557754, 0.257324, 0.916504, 0.00530602, 
        0.250488, 0.91748, 0.00743452, 0.251465, 0.91748, 0.00709478, 0.252441, 0.91748, 0.00675658, 0.253418, 0.91748, 0.00642315, 0.254395, 0.91748, 0.00609765, 0.255371, 0.91748, 0.00578313, 0.256348, 0.91748, 0.00548252, 0.257324, 0.91748, 0.0051986, 
        0.250488, 0.918457, 0.00742626, 0.251465, 0.918457, 0.00707407, 0.252441, 0.918457, 0.00672358, 0.253418, 0.918457, 0.00637813, 0.254395, 0.918457, 0.00604099, 0.255371, 0.918457, 0.00571534, 0.256348, 0.918457, 0.0054042, 0.257324, 0.918457, 0.00511045, 
        0.250488, 0.919434, 0.00741632, 0.251465, 0.919434, 0.00705508, 0.252441, 0.919434, 0.00669564, 0.253418, 0.919434, 0.00634144, 0.254395, 0.919434, 0.00599584, 0.255371, 0.919434, 0.00566208, 0.256348, 0.919434, 0.00534328, 0.257324, 0.919434, 0.00504238, 
        0.250488, 0.92041, 0.00740472, 0.251465, 0.92041, 0.0070379, 0.252441, 0.92041, 0.00667294, 0.253418, 0.92041, 0.00631336, 0.254395, 0.92041, 0.00596254, 0.255371, 0.92041, 0.00562379, 0.256348, 0.92041, 0.00530028, 0.257324, 0.92041, 0.00499498, 
        0.250488, 0.921387, 0.0073915, 0.251465, 0.921387, 0.00702262, 0.252441, 0.921387, 0.00665563, 0.253418, 0.921387, 0.00629406, 0.254395, 0.921387, 0.00594133, 0.255371, 0.921387, 0.00560076, 0.256348, 0.921387, 0.00527551, 0.257324, 0.921387, 0.00496861
    ]
}
