{
    "level": 0,
    "idx": {"x": 32, "y": 45},
    "dim": {"x": 8, "y": 8},
    "offset": {"x": 0.250488, "y": 0.352051},
    "cellSize": {"x": 0.000976562, "y": 0.000976562},
    "vertices": [
        0.250488, 0.352051, 0.00740901, 0.251465, 0.352051, 0.0073403, 0.252441, 0.352051, 0.00727885, 0.253418, 0.352051, 0.00722725, 0.254395, 0.352051, 0.00718804, 0.255371, 0.352051, 0.00716366, 0.256348, 0.352051, 0.00715647, 0.257324, 0.352051, 0.00716869, 
        0.250488, 0.353027, 0.0073913, 0.251465, 0.353027, 0.00730166, 0.252441, 0.353027, 0.00721964, 0.253418, 0.353027, 0.00714805, 0.254395, 0.353027, 0.00708965, 0.255371, 0.353027, 0.0070471, 0.256348, 0.353027, 0.00702295, 0.257324, 0.353027, 0.00701962, 
        0.250488, 0.354004, 0.0073758, 0.251465, 0.354004, 0.00726805, 0.252441, 0.354004, 0.00716825, 0.253418, 0.354004, 0.00707941, 0.254395, 0.354004, 0.00700447, 0.255371, 0.354004, 0.00694628, 0.256348, 0.354004, 0.00690756, 0.257324, 0.354004, 0.00689091, 
        0.250488, 0.35498, 0.00736258, 0.251465, 0.35498, 0.00723975, 0.252441, 0.35498, 0.00712517, 0.253418, 0.35498, 0.00702199, 0.254395, 0.35498, 0.00693334, 0.255371, 0.35498, 0.00686222, 0.256348, 0.35498, 0.00681151, 0.257324, 0.35498, 0.00678393, 
        0.250488, 0.355957, 0.00735173, 0.251465, 0.355957, 0.00721701, 0.252441, 0.355957, 0.00709079, 0.253418, 0.355957, 0.00697637, 0.254395, 0.355957, 0.006877, 0.255371, 0.355957, 0.00679581, 0.256348, 0.355957, 0.0067358, 0.257324, 0.355957, 0.00669982, 
        0.250488, 0.356934, 0.0073433, 0.251465, 0.356934, 0.00720003, 0.252441, 0.356934, 0.00706546, 0.253418, 0.356934, 0.00694302, 0.254395, 0.356934, 0.00683604, 0.255371, 0.356934, 0.00674776, 0.256348, 0.356934, 0.00668128, 0.257324, 0.356934, 0.00663953, 
        0.250488, 0.35791, 0.00733735, 0.251465, 0.35791, 0.00718896, 0.252441, 0.35791, 0.00704945, 0.253418, 0.35791, 0.0069223, 0.254395, 0.35791, 0.00681093, 0.255371, 0.35791, 0.00671864, 0.256348, 0.35791, 0.0066486, 0.257324, 0.35791, 0.00660379, 
        0.250488, 0.358887, 0.00733393, 0.251465, 0.358887, 0.00718394, 0.252441, 0.358887, 0.00704294, 0.253418, 0.358887, 0.00691448, 0.254395, 0.358887, 0.006802, 0.255371, 0.358887, 0.00670884, 0.256348, 0.358887, 0.00663821, 0.257324, 0.358887, 0.00659312
    ]
}
