{
    "level": 0,
    "idx": {"x": 32, "y": 70},
    "dim": {"x": 8, "y": 8},
    "offset": {"x": 0.250488, "y": 0.547363},
    "cellSize": {"x": 0.000976562, "y": 0.000976562},
    "vertices": [
        0.250488, 0.547363, 0.02796, 0.251465, 0.547363, 0.028032, 0.252441, 0.547363, 0.0281133, 0.253418, 0.547363, 0.0282076, 0.254395, 0.547363, 0.0283183, 0.255371, 0.547363, 0.0284489, 0.256348, 0.547363, 0.0286025, 0.257324, 0.547363, 0.0287823, 
        0.250488, 0.54834, 0.0279629, 0.251465, 0.54834, 0.0280369, 0.252441, 0.54834, 0.0281201, 0.253418, 0.54834, 0.0282162, 0.254395, 0.54834, 0.0283286, 0.255371, 0.54834, 0.0284606, 0.256348, 0.54834, 0.0286154, 0.257324, 0.54834, 0.0287961, 
        0.250488, 0.549316, 0.0279633, 0.251465, 0.549316, 0.0280428, 0.252441, 0.549316, 0.0281314, 0.253418, 0.549316, 0.0282326, 0.254395, 0.549316, 0.0283499, 0.255371, 0.549316, 0.0284864, 0.256348, 0.549316, 0.0286453, 0.257324, 0.549316, 0.0288297, 
        0.250488, 0.550293, 0.0279612, 0.251465, 0.550293, 0.0280495, 0.252441, 0.550293, 0.0281469, 0.253418, 0.550293, 0.0282566, 0.254395, 0.550293, 0.0283819, 0.255371, 0.550293, 0.0285259, 0.256348, 0.550293, 0.0286919, 0.257324, 0.550293, 0.0288826, 
        0.250488, 0.55127, 0.0279564, 0.251465, 0.55127, 0.028057, 0.252441, 0.55127, 0.0281664, 0.253418, 0.55127, 0.0282877, 0.254395, 0.55127, 0.0284241, 0.255371, 0.55127, 0.0285787, 0.256348, 0.55127, 0.0287545, 0.257324, 0.55127, 0.0289541, 
        0.250488, 0.552246, 0.0279491, 0.251465, 0.552246, 0.0280651, 0.252441, 0.552246, 0.0281895, 0.253418, 0.552246, 0.0283255, 0.254395, 0.552246, 0.0284761, 0.255371, 0.552246, 0.0286441, 0.256348, 0.552246, 0.0288323, 0.257324, 0.552246, 0.0290434, 
        0.250488, 0.553223, 0.027939, 0.251465, 0.553223, 0.0280734, 0.252441, 0.553223, 0.028216, 0.253418, 0.553223, 0.0283696, 0.254395, 0.553223, 0.0285371, 0.255371, 0.553223, 0.0287212, 0.256348, 0.553223, 0.0289244, 0.257324, 0.553223, 0.0291493, 
        0.250488, 0.554199, 0.0279263, 0.251465, 0.554199, 0.0280819, 0.252441, 0.554199, 0.0282453, 0.253418, 0.554199, 0.0284193, 0.254395, 0.554199, 0.0286063, 0.255371, 0.554199, 0.0288089, 0.256348, 0.554199, 0.0290296, 0.257324, 0.554199, 0.0292706
    ]
}
