{
    "level": 0,
    "idx": {"x": 32, "y": 65},
    "dim": {"x": 8, "y": 8},
    "offset": {"x": 0.250488, "y": 0.508301},
    "cellSize": {"x": 0.000976562, "y": 0.000976562},
    "vertices": [
        0.250488, 0.508301, 0.025482, 0.251465, 0.508301, 0.0262348, 0.252441, 0.508301, 0.0269914, 0.253418, 0.508301, 0.0277495, 0.254395, 0.508301, 0.0285064, 0.255371, 0.508301, 0.0292599, 0.256348, 0.508301, 0.0300076, 0.257324, 0.508301, 0.0307474, 
        0.250488, 0.509277, 0.0256073, 0.251465, 0.509277, 0.0263825, 0.252441, 0.509277, 0.0271614, 0.253418, 0.509277, 0.027941, 0.254395, 0.509277, 0.0287188, 0.255371, 0.509277, 0.0294922, 0.256348, 0.509277, 0.0302587, 0.257324, 0.509277, 0.0310159, 
        0.250488, 0.510254, 0.0257295, 0.251465, 0.510254, 0.0265244, 0.252441, 0.510254, 0.0273225, 0.253418, 0.510254, 0.028121, 0.254395, 0.510254, 0.028917, 0.255371, 0.510254, 0.0297077, 0.256348, 0.510254, 0.0304904, 0.257324, 0.510254, 0.0312628, 
        0.250488, 0.51123, 0.0258486, 0.251465, 0.51123, 0.02666, 0.252441, 0.51123, 0.0274745, 0.253418, 0.51123, 0.0282888, 0.254395, 0.51123, 0.0291001, 0.255371, 0.51123, 0.0299053, 0.256348, 0.51123, 0.0307018, 0.257324, 0.51123, 0.0314867, 
        0.250488, 0.512207, 0.0259646, 0.251465, 0.512207, 0.0267893, 0.252441, 0.512207, 0.0276168, 0.253418, 0.512207, 0.0284439, 0.254395, 0.512207, 0.0292674, 0.255371, 0.512207, 0.0300843, 0.256348, 0.512207, 0.0308916, 0.257324, 0.512207, 0.0316867, 
        0.250488, 0.513184, 0.0260772, 0.251465, 0.513184, 0.0269119, 0.252441, 0.513184, 0.0277491, 0.253418, 0.513184, 0.0285857, 0.254395, 0.513184, 0.0294183, 0.255371, 0.513184, 0.0302438, 0.256348, 0.513184, 0.0310592, 0.257324, 0.513184, 0.0318616, 
        0.250488, 0.51416, 0.0261866, 0.251465, 0.51416, 0.0270277, 0.252441, 0.51416, 0.0278712, 0.253418, 0.51416, 0.0287139, 0.254395, 0.51416, 0.0295523, 0.255371, 0.51416, 0.0303833, 0.256348, 0.51416, 0.0312038, 0.257324, 0.51416, 0.0320109, 
        0.250488, 0.515137, 0.0262926, 0.251465, 0.515137, 0.0271366, 0.252441, 0.515137, 0.0279829, 0.253418, 0.515137, 0.0288282, 0.254395, 0.515137, 0.0296692, 0.255371, 0.515137, 0.0305025, 0.256348, 0.515137, 0.0313251, 0.257324, 0.515137, 0.0321341
    ]
}
