{
    "level": 0,
    "idx": {"x": 32, "y": 2},
    "dim": {"x": 8, "y": 8},
    "offset": {"x": 0.250488, "y": 0.0161133},
    "cellSize": {"x": 0.000976562, "y": 0.000976562},
    "vertices": [
        0.250488, 0.0161133, -0.00208515, 0.251465, 0.0161133, -0.00171719, 0.252441, 0.0161133, -0.00135292, 0.253418, 0.0161133, -0.00099585, 0.254395, 0.0161133, -0.000649404, 0.255371, 0.0161133, -0.000316896, 0.256348, 0.0161133, -1.50331e-06, 0.257324, 0.0161133, 0.000293772, 
        0.250488, 0.0170898, -0.00221738, 0.251465, 0.0170898, -0.00185122, 0.252441, 0.0170898, -0.00148867, 0.253418, 0.0170898, -0.00113325, 0.254395, 0.0170898, -0.000788341, 0.255371, 0.0170898, -0.000457256, 0.256348, 0.0170898, -0.000143153, 0.257324, 0.0170898, 0.000150982, 
        0.250488, 0.0180664, -0.00234972, 0.251465, 0.0180664, -0.00198887, 0.252441, 0.0180664, -0.00163154, 0.253418, 0.0180664, -0.00128116, 0.254395, 0.0180664, -0.000941097, 0.255371, 0.0180664, -0.000614595, 0.256348, 0.0180664, -0.000304769, 0.257324, 0.0180664, -1.45644e-05, 
        0.250488, 0.019043, -0.00248209, 0.251465, 0.019043, -0.00213004, 0.252441, 0.019043, -0.00178135, 0.253418, 0.019043, -0.00143939, 0.254395, 0.019043, -0.00110741, 0.255371, 0.019043, -0.000788607, 0.256348, 0.019043, -0.000486004, 0.257324, 0.019043, -0.000202477, 
        0.250488, 0.0200195, -0.00261444, 0.251465, 0.0200195, -0.00227458, 0.252441, 0.0200195, -0.00193788, 0.253418, 0.0200195, -0.0016076, 0.254395, 0.0200195, -0.00128689, 0.255371, 0.0200195, -0.000978821, 0.256348, 0.0200195, -0.000686313, 0.257324, 0.0200195, -0.000412144, 
        0.250488, 0.0209961, -0.00274669, 0.251465, 0.0209961, -0.00242228, 0.252441, 0.0209961, -0.00210082, 0.253418, 0.0209961, -0.00178539, 0.254395, 0.0209961, -0.00147901, 0.255371, 0.0209961, -0.0011846, 0.256348, 0.0209961, -0.000904958, 0.257324, 0.0209961, -0.000642735, 
        0.250488, 0.0219727, -0.00287875, 0.251465, 0.0219727, -0.00257293, 0.252441, 0.0219727, -0.00226978, 0.253418, 0.0219727, -0.00197222, 0.254395, 0.0219727, -0.00168309, 0.255371, 0.0219727, -0.00140514, 0.256348, 0.0219727, -0.00114102, 0.257324, 0.0219727, -0.000893208, 
        0.250488, 0.0229492, -0.00301055, 0.251465, 0.0229492, -0.00272625, 0.252441, 0.0229492, -0.00244432, 0.253418, 0.0229492, -0.00216748, 0.254395, 0.0229492, -0.00189835, 0.255371, 0.0229492, -0.0016395, 0.256348, 0.0229492, -0.00139339, 0.257324, 0.0229492, -0.00116232
    ]
}
