{
    "level": 0,
    "idx": {"x": 32, "y": 73},
    "dim": {"x": 8, "y": 8},
    "offset": {"x": 0.250488, "y": 0.570801},
    "cellSize": {"x": 0.000976562, "y": 0.000976562},
    "vertices": [
        0.250488, 0.570801, 0.0272208, 0.251465, 0.570801, 0.0278865, 0.252441, 0.570801, 0.0285527, 0.253418, 0.570801, 0.0292168, 0.254395, 0.570801, 0.0298763, 0.255371, 0.570801, 0.0305287, 0.256348, 0.570801, 0.0311718, 0.257324, 0.570801, 0.0318035, 
        0.250488, 0.571777, 0.0271461, 0.251465, 0.571777, 0.0278323, 0.252441, 0.571777, 0.0285187, 0.253418, 0.571777, 0.0292024, 0.254395, 0.571777, 0.0298807, 0.255371, 0.571777, 0.0305511, 0.256348, 0.571777, 0.031211, 0.257324, 0.571777, 0.0318581, 
        0.250488, 0.572754, 0.0270673, 0.251465, 0.572754, 0.0277712, 0.252441, 0.572754, 0.0284749, 0.253418, 0.572754, 0.0291754, 0.254395, 0.572754, 0.0298699, 0.255371, 0.572754, 0.0305557, 0.256348, 0.572754, 0.0312299, 0.257324, 0.572754, 0.0318901, 
        0.250488, 0.57373, 0.0269845, 0.251465, 0.57373, 0.0277028, 0.252441, 0.57373, 0.0284208, 0.253418, 0.57373, 0.0291352, 0.254395, 0.57373, 0.0298431, 0.255371, 0.57373, 0.0305414, 0.256348, 0.57373, 0.0312274, 0.257324, 0.57373, 0.0318983, 
        0.250488, 0.574707, 0.0268974, 0.251465, 0.574707, 0.0276271, 0.252441, 0.574707, 0.0283561, 0.253418, 0.574707, 0.0290813, 0.254395, 0.574707, 0.0297995, 0.255371, 0.574707, 0.0305075, 0.256348, 0.574707, 0.0312025, 0.257324, 0.574707, 0.0318816, 
        0.250488, 0.575684, 0.0268062, 0.251465, 0.575684, 0.0275438, 0.252441, 0.575684, 0.0282806, 0.253418, 0.575684, 0.0290133, 0.254395, 0.575684, 0.0297386, 0.255371, 0.575684, 0.0304533, 0.256348, 0.575684, 0.0311545, 0.257324, 0.575684, 0.0318392, 
        0.250488, 0.57666, 0.0267108, 0.251465, 0.57666, 0.0274529, 0.252441, 0.57666, 0.0281941, 0.253418, 0.57666, 0.0289309, 0.254395, 0.57666, 0.0296601, 0.255371, 0.57666, 0.0303785, 0.256348, 0.57666, 0.0310828, 0.257324, 0.57666, 0.0317703, 
        0.250488, 0.577637, 0.0266112, 0.251465, 0.577637, 0.0273543, 0.252441, 0.577637, 0.0280963, 0.253418, 0.577637, 0.0288339, 0.254395, 0.577637, 0.0295638, 0.255371, 0.577637, 0.0302825, 0.256348, 0.577637, 0.0309871, 0.257324, 0.577637, 0.0316747
    ]
}
