{
    "level": 0,
    "idx": {"x": 32, "y": 30},
    "dim": {"x": 16, "y": 16},
    "offset": {"x": 0.500488, "y": 0.469238},
    "cellSize": {"x": 0.000976562, "y": 0.000976562},
    "vertices": [
        0.500488, 0.469238, 0.289026, 0.501465, 0.469238, 0.289535, 0.502441, 0.469238, 0.28999, 0.503418, 0.469238, 0.290374, 0.504395, 0.469238, 0.290668, 0.505371, 0.469238, 0.290857, 0.506348, 0.469238, 0.29093, 0.507324, 0.469238, 0.29088, 0.508301, 0.469238, 0.290702, 0.509277, 0.469238, 0.290396, 0.510254, 0.469238, 0.289966, 0.51123, 0.469238, 0.289421, 0.512207, 0.469238, 0.288772, 0.513184, 0.469238, 0.288034, 0.51416, 0.469238, 0.287224, 0.515137, 0.469238, 0.286362, 
        0.500488, 0.470215, 0.290283, 0.501465, 0.470215, 0.291904, 0.502441, 0.470215, 0.293408, 0.503418, 0.470215, 0.294734, 0.504395, 0.470215, 0.295829, 0.505371, 0.470215, 0.296647, 0.506348, 0.470215, 0.297153, 0.507324, 0.470215, 0.297322, 0.508301, 0.470215, 0.297142, 0.509277, 0.470215, 0.296612, 0.510254, 0.470215, 0.295746, 0.51123, 0.470215, 0.294568, 0.512207, 0.470215, 0.293114, 0.513184, 0.470215, 0.291431, 0.51416, 0.470215, 0.289571, 0.515137, 0.470215, 0.287595, 
        0.500488, 0.471191, 0.291487, 0.501465, 0.471191, 0.294157, 0.502441, 0.471191, 0.296649, 0.503418, 0.471191, 0.298864, 0.504395, 0.471191, 0.300714, 0.505371, 0.471191, 0.302126, 0.506348, 0.471191, 0.30304, 0.507324, 0.471191, 0.303416, 0.508301, 0.471191, 0.303233, 0.509277, 0.471191, 0.302493, 0.510254, 0.471191, 0.301215, 0.51123, 0.471191, 0.29944, 0.512207, 0.471191, 0.297228, 0.513184, 0.471191, 0.294653, 0.51416, 0.471191, 0.291803, 0.515137, 0.471191, 0.288776, 
        0.500488, 0.472168, 0.292617, 0.501465, 0.472168, 0.296233, 0.502441, 0.472168, 0.299615, 0.503418, 0.472168, 0.302631, 0.504395, 0.472168, 0.305163, 0.505371, 0.472168, 0.307109, 0.506348, 0.472168, 0.30839, 0.507324, 0.472168, 0.308953, 0.508301, 0.472168, 0.308768, 0.509277, 0.472168, 0.307838, 0.510254, 0.472168, 0.306188, 0.51123, 0.472168, 0.303876, 0.512207, 0.472168, 0.30098, 0.513184, 0.472168, 0.297601, 0.51416, 0.472168, 0.293859, 0.515137, 0.472168, 0.289886, 
        0.500488, 0.473145, 0.293655, 0.501465, 0.473145, 0.298076, 0.502441, 0.473145, 0.302217, 0.503418, 0.473145, 0.305915, 0.504395, 0.473145, 0.309027, 0.505371, 0.473145, 0.311428, 0.506348, 0.473145, 0.313023, 0.507324, 0.473145, 0.313744, 0.508301, 0.473145, 0.313558, 0.509277, 0.473145, 0.312465, 0.510254, 0.473145, 0.3105, 0.51123, 0.473145, 0.307729, 0.512207, 0.473145, 0.30425, 0.513184, 0.473145, 0.300187, 0.51416, 0.473145, 0.295685, 0.515137, 0.473145, 0.290905, 
        0.500488, 0.474121, 0.294585, 0.501465, 0.474121, 0.29964, 0.502441, 0.474121, 0.304378, 0.503418, 0.474121, 0.308614, 0.504395, 0.474121, 0.312182, 0.505371, 0.474121, 0.314942, 0.506348, 0.474121, 0.316783, 0.507324, 0.474121, 0.31763, 0.508301, 0.474121, 0.317442, 0.509277, 0.474121, 0.316222, 0.510254, 0.474121, 0.314007, 0.51123, 0.474121, 0.310876, 0.512207, 0.474121, 0.306938, 0.513184, 0.474121, 0.302336, 0.51416, 0.474121, 0.297235, 0.515137, 0.474121, 0.291819, 
        0.500488, 0.475098, 0.295394, 0.501465, 0.475098, 0.300888, 0.502441, 0.475098, 0.306039, 0.503418, 0.475098, 0.310646, 0.504395, 0.475098, 0.31453, 0.505371, 0.475098, 0.317538, 0.506348, 0.475098, 0.31955, 0.507324, 0.475098, 0.320483, 0.508301, 0.475098, 0.320294, 0.509277, 0.475098, 0.318985, 0.510254, 0.475098, 0.316598, 0.51123, 0.475098, 0.313217, 0.512207, 0.475098, 0.308962, 0.513184, 0.475098, 0.303986, 0.51416, 0.475098, 0.298471, 0.515137, 0.475098, 0.292616, 
        0.500488, 0.476074, 0.296073, 0.501465, 0.476074, 0.301793, 0.502441, 0.476074, 0.307157, 0.503418, 0.476074, 0.311956, 0.504395, 0.476074, 0.316004, 0.505371, 0.476074, 0.319139, 0.506348, 0.476074, 0.321239, 0.507324, 0.476074, 0.322216, 0.508301, 0.476074, 0.322027, 0.509277, 0.476074, 0.320672, 0.510254, 0.476074, 0.318196, 0.51123, 0.476074, 0.314685, 0.512207, 0.476074, 0.310266, 0.513184, 0.476074, 0.305097, 0.51416, 0.476074, 0.299368, 0.515137, 0.476074, 0.293286, 
        0.500488, 0.477051, 0.296618, 0.501465, 0.477051, 0.302343, 0.502441, 0.477051, 0.307712, 0.503418, 0.477051, 0.312515, 0.504395, 0.477051, 0.316566, 0.505371, 0.477051, 0.319705, 0.506348, 0.477051, 0.321806, 0.507324, 0.477051, 0.322784, 0.508301, 0.477051, 0.322594, 0.509277, 0.477051, 0.321238, 0.510254, 0.477051, 0.318759, 0.51123, 0.477051, 0.315245, 0.512207, 0.477051, 0.310822, 0.513184, 0.477051, 0.305649, 0.51416, 0.477051, 0.299914, 0.515137, 0.477051, 0.293826, 
        0.500488, 0.478027, 0.297028, 0.501465, 0.478027, 0.302537, 0.502441, 0.478027, 0.307702, 0.503418, 0.478027, 0.312323, 0.504395, 0.478027, 0.316218, 0.505371, 0.478027, 0.319234, 0.506348, 0.478027, 0.321251, 0.507324, 0.478027, 0.322185, 0.508301, 0.478027, 0.321996, 0.509277, 0.478027, 0.320683, 0.510254, 0.478027, 0.318289, 0.51123, 0.478027, 0.314897, 0.512207, 0.478027, 0.310629, 0.513184, 0.478027, 0.305639, 0.51416, 0.478027, 0.300107, 0.515137, 0.478027, 0.294235, 
        0.500488, 0.479004, 0.297308, 0.501465, 0.479004, 0.302388, 0.502441, 0.479004, 0.307149, 0.503418, 0.479004, 0.311405, 0.504395, 0.479004, 0.314991, 0.505371, 0.479004, 0.317764, 0.506348, 0.479004, 0.319614, 0.507324, 0.479004, 0.320464, 0.508301, 0.479004, 0.320275, 0.509277, 0.479004, 0.319047, 0.510254, 0.479004, 0.316821, 0.51123, 0.479004, 0.313673, 0.512207, 0.479004, 0.309714, 0.513184, 0.479004, 0.305088, 0.51416, 0.479004, 0.29996, 0.515137, 0.479004, 0.294517, 
        0.500488, 0.47998, 0.297466, 0.501465, 0.47998, 0.30192, 0.502441, 0.47998, 0.306092, 0.503418, 0.47998, 0.309818, 0.504395, 0.47998, 0.312953, 0.505371, 0.47998, 0.315372, 0.506348, 0.47998, 0.316978, 0.507324, 0.47998, 0.317704, 0.508301, 0.47998, 0.317516, 0.509277, 0.47998, 0.316413, 0.510254, 0.47998, 0.314432, 0.51123, 0.47998, 0.311639, 0.512207, 0.47998, 0.308132, 0.513184, 0.47998, 0.304036, 0.51416, 0.47998, 0.299498, 0.515137, 0.47998, 0.29468, 
        0.500488, 0.480957, 0.297514, 0.501465, 0.480957, 0.30117, 0.502441, 0.480957, 0.30459, 0.503418, 0.480957, 0.30764, 0.504395, 0.480957, 0.3102, 0.505371, 0.480957, 0.312167, 0.506348, 0.480957, 0.313463, 0.507324, 0.480957, 0.314031, 0.508301, 0.480957, 0.313843, 0.509277, 0.480957, 0.312901, 0.510254, 0.480957, 0.311232, 0.51123, 0.480957, 0.308892, 0.512207, 0.480957, 0.305961, 0.513184, 0.480957, 0.302543, 0.51416, 0.480957, 0.298757, 0.515137, 0.480957, 0.294737, 
        0.500488, 0.481934, 0.297467, 0.501465, 0.481934, 0.300184, 0.502441, 0.481934, 0.302719, 0.503418, 0.481934, 0.304972, 0.504395, 0.481934, 0.306855, 0.505371, 0.481934, 0.308291, 0.506348, 0.481934, 0.30922, 0.507324, 0.481934, 0.309602, 0.508301, 0.481934, 0.309416, 0.509277, 0.481934, 0.308662, 0.510254, 0.481934, 0.307361, 0.51123, 0.481934, 0.305555, 0.512207, 0.481934, 0.303303, 0.513184, 0.481934, 0.300682, 0.51416, 0.481934, 0.297782, 0.515137, 0.481934, 0.294701, 
        0.500488, 0.48291, 0.297345, 0.501465, 0.48291, 0.299017, 0.502441, 0.48291, 0.300567, 0.503418, 0.48291, 0.301935, 0.504395, 0.48291, 0.303064, 0.505371, 0.48291, 0.303909, 0.506348, 0.48291, 0.304431, 0.507324, 0.48291, 0.304607, 0.508301, 0.48291, 0.304422, 0.509277, 0.48291, 0.303877, 0.510254, 0.48291, 0.302985, 0.51123, 0.48291, 0.301773, 0.512207, 0.48291, 0.300276, 0.513184, 0.48291, 0.298542, 0.51416, 0.48291, 0.296627, 0.515137, 0.48291, 0.294592, 
        0.500488, 0.483887, 0.297167, 0.501465, 0.483887, 0.297729, 0.502441, 0.483887, 0.298233, 0.503418, 0.483887, 0.29866, 0.504395, 0.483887, 0.298989, 0.505371, 0.483887, 0.299205, 0.506348, 0.483887, 0.299295, 0.507324, 0.483887, 0.299251, 0.508301, 0.483887, 0.299068, 0.509277, 0.483887, 0.298746, 0.510254, 0.483887, 0.298289, 0.51123, 0.483887, 0.297707, 0.512207, 0.483887, 0.297012, 0.513184, 0.483887, 0.296221, 0.51416, 0.483887, 0.295353, 0.515137, 0.483887, 0.294428
    ]
}
