{
    "level": 0,
    "idx": {"x": 34, "y": 120},
    "dim": {"x": 8, "y": 8},
    "offset": {"x": 0.266113, "y": 0.937988},
    "cellSize": {"x": 0.000976562, "y": 0.000976562},
    "vertices": [
        0.266113, 0.937988, 0.00693162, 0.26709, 0.937988, 0.00689084, 0.268066, 0.937988, 0.00684454, 0.269043, 0.937988, 0.0067928, 0.27002, 0.937988, 0.00673571, 0.270996, 0.937988, 0.00667341, 0.271973, 0.937988, 0.00660606, 0.272949, 0.937988, 0.00653386, 
        0.266113, 0.938965, 0.00724198, 0.26709, 0.938965, 0.00719881, 0.268066, 0.938965, 0.00714665, 0.269043, 0.938965, 0.00708563, 0.27002, 0.938965, 0.00701594, 0.270996, 0.938965, 0.00693785, 0.271973, 0.938965, 0.00685166, 0.272949, 0.938965, 0.00675777, 
        0.266113, 0.939941, 0.00754329, 0.26709, 0.939941, 0.0074978, 0.268066, 0.939941, 0.00743991, 0.269043, 0.939941, 0.00736981, 0.27002, 0.939941, 0.00728778, 0.270996, 0.939941, 0.00719421, 0.271973, 0.939941, 0.00708957, 0.272949, 0.939941, 0.00697442, 
        0.266113, 0.940918, 0.0078321, 0.26709, 0.940918, 0.00778437, 0.268066, 0.940918, 0.00772094, 0.269043, 0.940918, 0.00764205, 0.27002, 0.940918, 0.00754807, 0.270996, 0.940918, 0.0074395, 0.271973, 0.940918, 0.00731696, 0.272949, 0.940918, 0.00718119, 
        0.266113, 0.941895, 0.00810512, 0.26709, 0.941895, 0.00805528, 0.268066, 0.941895, 0.00798655, 0.269043, 0.941895, 0.00789924, 0.27002, 0.941895, 0.00779379, 0.270996, 0.941895, 0.00767084, 0.271973, 0.941895, 0.00753115, 0.272949, 0.941895, 0.00737561, 
        0.266113, 0.942871, 0.00835911, 0.26709, 0.942871, 0.00830729, 0.268066, 0.942871, 0.00823356, 0.269043, 0.942871, 0.00813829, 0.27002, 0.942871, 0.00802201, 0.270996, 0.942871, 0.00788544, 0.271973, 0.942871, 0.00772949, 0.272949, 0.942871, 0.00755522, 
        0.266113, 0.943848, 0.00859108, 0.26709, 0.943848, 0.00853743, 0.268066, 0.943848, 0.00845906, 0.269043, 0.943848, 0.00835636, 0.27002, 0.943848, 0.00822996, 0.270996, 0.943848, 0.00808068, 0.271973, 0.943848, 0.00790954, 0.272949, 0.943848, 0.00771777, 
        0.266113, 0.944824, 0.00879813, 0.26709, 0.944824, 0.00874284, 0.268066, 0.944824, 0.00866022, 0.269043, 0.944824, 0.00855073, 0.27002, 0.944824, 0.00841503, 0.270996, 0.944824, 0.00825406, 0.271973, 0.944824, 0.00806896, 0.272949, 0.944824, 0.00786108
    ]
}
