{
    "level": 0,
    "idx": {"x": 34, "y": 77},
    "dim": {"x": 8, "y": 8},
    "offset": {"x": 0.266113, "y": 0.602051},
    "cellSize": {"x": 0.000976562, "y": 0.000976562},
    "vertices": [
        0.266113, 0.602051, 0.0255773, 0.26709, 0.602051, 0.0259608, 0.268066, 0.602051, 0.0263747, 0.269043, 0.602051, 0.0268185, 0.27002, 0.602051, 0.0272916, 0.270996, 0.602051, 0.027793, 0.271973, 0.602051, 0.0283216, 0.272949, 0.602051, 0.028876, 
        0.266113, 0.603027, 0.0251252, 0.26709, 0.603027, 0.0255075, 0.268066, 0.603027, 0.0259223, 0.269043, 0.603027, 0.0263691, 0.27002, 0.603027, 0.0268473, 0.270996, 0.603027, 0.0273559, 0.271973, 0.603027, 0.0278935, 0.272949, 0.603027, 0.0284588, 
        0.266113, 0.604004, 0.0246998, 0.26709, 0.604004, 0.0250807, 0.268066, 0.604004, 0.0254959, 0.269043, 0.604004, 0.025945, 0.27002, 0.604004, 0.0264274, 0.270996, 0.604004, 0.0269418, 0.271973, 0.604004, 0.027487, 0.272949, 0.604004, 0.0280613, 
        0.266113, 0.60498, 0.0243032, 0.26709, 0.60498, 0.0246824, 0.268066, 0.60498, 0.0250975, 0.269043, 0.60498, 0.0255482, 0.27002, 0.60498, 0.0260335, 0.270996, 0.60498, 0.0265524, 0.271973, 0.60498, 0.0271035, 0.272949, 0.60498, 0.027685, 
        0.266113, 0.605957, 0.0239371, 0.26709, 0.605957, 0.0243143, 0.268066, 0.605957, 0.0247289, 0.269043, 0.605957, 0.0251801, 0.27002, 0.605957, 0.0256673, 0.270996, 0.605957, 0.0261893, 0.271973, 0.605957, 0.0267445, 0.272949, 0.605957, 0.0273313, 
        0.266113, 0.606934, 0.0236028, 0.26709, 0.606934, 0.0239779, 0.268066, 0.606934, 0.0243912, 0.269043, 0.606934, 0.0248422, 0.27002, 0.606934, 0.02533, 0.270996, 0.606934, 0.0258535, 0.271973, 0.606934, 0.0264111, 0.272949, 0.606934, 0.0270011, 
        0.266113, 0.60791, 0.0233013, 0.26709, 0.60791, 0.023674, 0.268066, 0.60791, 0.0240855, 0.269043, 0.60791, 0.0245354, 0.27002, 0.60791, 0.0250226, 0.270996, 0.60791, 0.0255461, 0.271973, 0.60791, 0.0261042, 0.272949, 0.60791, 0.0266952, 
        0.266113, 0.608887, 0.0230334, 0.26709, 0.608887, 0.0234034, 0.268066, 0.608887, 0.0238126, 0.269043, 0.608887, 0.0242603, 0.27002, 0.608887, 0.0247457, 0.270996, 0.608887, 0.0252676, 0.271973, 0.608887, 0.0258244, 0.272949, 0.608887, 0.0264143
    ]
}
