{
    "level": 0,
    "idx": {"x": 34, "y": 46},
    "dim": {"x": 8, "y": 8},
    "offset": {"x": 0.266113, "y": 0.359863},
    "cellSize": {"x": 0.000976562, "y": 0.000976562},
    "vertices": [
        0.266113, 0.359863, 0.00776037, 0.26709, 0.359863, 0.00808526, 0.268066, 0.359863, 0.00845115, 0.269043, 0.359863, 0.00885743, 0.27002, 0.359863, 0.0093032, 0.270996, 0.359863, 0.00978716, 0.271973, 0.359863, 0.0103077, 0.272949, 0.359863, 0.0108631, 
        0.266113, 0.36084, 0.00784122, 0.26709, 0.36084, 0.00816962, 0.268066, 0.36084, 0.00853881, 0.269043, 0.36084, 0.00894818, 0.27002, 0.36084, 0.00939684, 0.270996, 0.36084, 0.0098835, 0.271973, 0.36084, 0.0104066, 0.272949, 0.36084, 0.0109643, 
        0.266113, 0.361816, 0.00795977, 0.26709, 0.361816, 0.00829143, 0.268066, 0.361816, 0.00866331, 0.269043, 0.361816, 0.00907484, 0.27002, 0.361816, 0.00952511, 0.270996, 0.361816, 0.0100129, 0.271973, 0.361816, 0.0105366, 0.272949, 0.361816, 0.0110945, 
        0.266113, 0.362793, 0.0081154, 0.26709, 0.362793, 0.00845006, 0.268066, 0.362793, 0.00882405, 0.269043, 0.362793, 0.0092368, 0.27002, 0.362793, 0.00968745, 0.270996, 0.362793, 0.0101748, 0.271973, 0.362793, 0.0106973, 0.272949, 0.362793, 0.0112532, 
        0.266113, 0.36377, 0.00830714, 0.26709, 0.36377, 0.00864456, 0.268066, 0.36377, 0.00902007, 0.269043, 0.36377, 0.00943315, 0.27002, 0.36377, 0.00988296, 0.270996, 0.36377, 0.0103683, 0.271973, 0.36377, 0.0108878, 0.272949, 0.36377, 0.0114397, 
        0.266113, 0.364746, 0.00853371, 0.26709, 0.364746, 0.00887363, 0.268066, 0.364746, 0.00925012, 0.269043, 0.364746, 0.00966266, 0.27002, 0.364746, 0.0101105, 0.270996, 0.364746, 0.0105924, 0.271973, 0.364746, 0.0111071, 0.272949, 0.364746, 0.011653, 
        0.266113, 0.365723, 0.00879348, 0.26709, 0.365723, 0.00913569, 0.268066, 0.365723, 0.00951262, 0.269043, 0.365723, 0.0099238, 0.27002, 0.365723, 0.0103685, 0.270996, 0.365723, 0.0108456, 0.271973, 0.365723, 0.011354, 0.272949, 0.365723, 0.011892, 
        0.266113, 0.366699, 0.00908453, 0.26709, 0.366699, 0.00942881, 0.268066, 0.366699, 0.00980569, 0.269043, 0.366699, 0.0102147, 0.27002, 0.366699, 0.0106553, 0.270996, 0.366699, 0.0111263, 0.271973, 0.366699, 0.0116267, 0.272949, 0.366699, 0.012155
    ]
}
