{
    "level": 0,
    "idx": {"x": 35, "y": 38},
    "dim": {"x": 16, "y": 16},
    "offset": {"x": 0.547363, "y": 0.594238},
    "cellSize": {"x": 0.000976562, "y": 0.000976562},
    "vertices": [
        0.547363, 0.594238, 0.191105, 0.54834, 0.594238, 0.189713, 0.549316, 0.594238, 0.188349, 0.550293, 0.594238, 0.187039, 0.55127, 0.594238, 0.185802, 0.552246, 0.594238, 0.18466, 0.553223, 0.594238, 0.183625, 0.554199, 0.594238, 0.182709, 0.555176, 0.594238, 0.181915, 0.556152, 0.594238, 0.181244, 0.557129, 0.594238, 0.180691, 0.558105, 0.594238, 0.180246, 0.559082, 0.594238, 0.179893, 0.560059, 0.594238, 0.179614, 0.561035, 0.594238, 0.179388, 0.562012, 0.594238, 0.179189, 
        0.547363, 0.595215, 0.189063, 0.54834, 0.595215, 0.186572, 0.549316, 0.595215, 0.184175, 0.550293, 0.595215, 0.181938, 0.55127, 0.595215, 0.179918, 0.552246, 0.595215, 0.178163, 0.553223, 0.595215, 0.176713, 0.554199, 0.595215, 0.175594, 0.555176, 0.595215, 0.174819, 0.556152, 0.595215, 0.174386, 0.557129, 0.595215, 0.174283, 0.558105, 0.595215, 0.174481, 0.559082, 0.595215, 0.174942, 0.560059, 0.595215, 0.175615, 0.561035, 0.595215, 0.176442, 0.562012, 0.595215, 0.177359, 
        0.547363, 0.596191, 0.187056, 0.54834, 0.596191, 0.183534, 0.549316, 0.596191, 0.180168, 0.550293, 0.596191, 0.177062, 0.55127, 0.596191, 0.174306, 0.552246, 0.596191, 0.171978, 0.553223, 0.596191, 0.170139, 0.554199, 0.596191, 0.16883, 0.555176, 0.596191, 0.168072, 0.556152, 0.596191, 0.167864, 0.557129, 0.596191, 0.168183, 0.558105, 0.596191, 0.168985, 0.559082, 0.596191, 0.170209, 0.560059, 0.596191, 0.171776, 0.561035, 0.596191, 0.173593, 0.562012, 0.596191, 0.175557, 
        0.547363, 0.597168, 0.185105, 0.54834, 0.597168, 0.18066, 0.549316, 0.597168, 0.176428, 0.550293, 0.597168, 0.172544, 0.55127, 0.597168, 0.16913, 0.552246, 0.597168, 0.16629, 0.553223, 0.597168, 0.164103, 0.554199, 0.597168, 0.162625, 0.555176, 0.597168, 0.161883, 0.556152, 0.597168, 0.161875, 0.557129, 0.597168, 0.162573, 0.558105, 0.597168, 0.163917, 0.559082, 0.597168, 0.165826, 0.560059, 0.597168, 0.168193, 0.561035, 0.597168, 0.170897, 0.562012, 0.597168, 0.173799, 
        0.547363, 0.598145, 0.183232, 0.54834, 0.598145, 0.178008, 0.549316, 0.598145, 0.173045, 0.550293, 0.598145, 0.168505, 0.55127, 0.598145, 0.164536, 0.552246, 0.598145, 0.161262, 0.553223, 0.598145, 0.158782, 0.554199, 0.598145, 0.157162, 0.555176, 0.598145, 0.156435, 0.556152, 0.598145, 0.156599, 0.557129, 0.598145, 0.157617, 0.558105, 0.598145, 0.15942, 0.559082, 0.598145, 0.161908, 0.560059, 0.598145, 0.164953, 0.561035, 0.598145, 0.168406, 0.562012, 0.598145, 0.172103, 
        0.547363, 0.599121, 0.181453, 0.54834, 0.599121, 0.175624, 0.549316, 0.599121, 0.170093, 0.550293, 0.599121, 0.165044, 0.55127, 0.599121, 0.160645, 0.552246, 0.599121, 0.157036, 0.553223, 0.599121, 0.15433, 0.554199, 0.599121, 0.1526, 0.555176, 0.599121, 0.151886, 0.556152, 0.599121, 0.152184, 0.557129, 0.599121, 0.153453, 0.558105, 0.599121, 0.155615, 0.559082, 0.599121, 0.158554, 0.560059, 0.599121, 0.162128, 0.561035, 0.599121, 0.166166, 0.562012, 0.599121, 0.170482, 
        0.547363, 0.600098, 0.179781, 0.54834, 0.600098, 0.173546, 0.549316, 0.600098, 0.167632, 0.550293, 0.600098, 0.162241, 0.55127, 0.600098, 0.157553, 0.552246, 0.600098, 0.15372, 0.553223, 0.600098, 0.150862, 0.554199, 0.600098, 0.149061, 0.555176, 0.600098, 0.148357, 0.556152, 0.600098, 0.148748, 0.557129, 0.600098, 0.150189, 0.558105, 0.600098, 0.152594, 0.559082, 0.600098, 0.155841, 0.560059, 0.600098, 0.159774, 0.561035, 0.600098, 0.16421, 0.562012, 0.600098, 0.168946, 
        0.547363, 0.601074, 0.178225, 0.54834, 0.601074, 0.171797, 0.549316, 0.601074, 0.165703, 0.550293, 0.601074, 0.16015, 0.55127, 0.601074, 0.155325, 0.552246, 0.601074, 0.151387, 0.553223, 0.601074, 0.148459, 0.554199, 0.601074, 0.146626, 0.555176, 0.601074, 0.14593, 0.556152, 0.601074, 0.146369, 0.557129, 0.601074, 0.147896, 0.558105, 0.601074, 0.150423, 0.559082, 0.601074, 0.153821, 0.560059, 0.601074, 0.15793, 0.561035, 0.601074, 0.162561, 0.562012, 0.601074, 0.167503, 
        0.547363, 0.602051, 0.176791, 0.54834, 0.602051, 0.170391, 0.549316, 0.602051, 0.164323, 0.550293, 0.602051, 0.158795, 0.55127, 0.602051, 0.153992, 0.552246, 0.602051, 0.150072, 0.553223, 0.602051, 0.147159, 0.554199, 0.602051, 0.145337, 0.555176, 0.602051, 0.144646, 0.556152, 0.602051, 0.145087, 0.557129, 0.602051, 0.146611, 0.558105, 0.602051, 0.14913, 0.559082, 0.602051, 0.152519, 0.560059, 0.602051, 0.156615, 0.561035, 0.602051, 0.161231, 0.562012, 0.602051, 0.166157, 
        0.547363, 0.603027, 0.175478, 0.54834, 0.603027, 0.169326, 0.549316, 0.603027, 0.163492, 0.550293, 0.603027, 0.158174, 0.55127, 0.603027, 0.153551, 0.552246, 0.603027, 0.149772, 0.553223, 0.603027, 0.146958, 0.554199, 0.603027, 0.145187, 0.555176, 0.603027, 0.144501, 0.556152, 0.603027, 0.144896, 0.557129, 0.603027, 0.146328, 0.558105, 0.603027, 0.148714, 0.559082, 0.603027, 0.151932, 0.560059, 0.603027, 0.155826, 0.561035, 0.603027, 0.160218, 0.562012, 0.603027, 0.164907, 
        0.547363, 0.604004, 0.17428, 0.54834, 0.604004, 0.168588, 0.549316, 0.604004, 0.163186, 0.550293, 0.604004, 0.158257, 0.55127, 0.604004, 0.153963, 0.552246, 0.604004, 0.150445, 0.553223, 0.604004, 0.147809, 0.554199, 0.604004, 0.14613, 0.555176, 0.604004, 0.145445, 0.556152, 0.604004, 0.14575, 0.557129, 0.604004, 0.147007, 0.558105, 0.604004, 0.149137, 0.559082, 0.604004, 0.15203, 0.560059, 0.604004, 0.155542, 0.561035, 0.604004, 0.15951, 0.562012, 0.604004, 0.16375, 
        0.547363, 0.60498, 0.173189, 0.54834, 0.60498, 0.168149, 0.549316, 0.60498, 0.163362, 0.550293, 0.60498, 0.158984, 0.55127, 0.60498, 0.15516, 0.552246, 0.60498, 0.152009, 0.553223, 0.60498, 0.149626, 0.554199, 0.60498, 0.148075, 0.555176, 0.60498, 0.147388, 0.556152, 0.60498, 0.147564, 0.557129, 0.60498, 0.148567, 0.558105, 0.60498, 0.15033, 0.559082, 0.60498, 0.152756, 0.560059, 0.60498, 0.155721, 0.561035, 0.60498, 0.159082, 0.562012, 0.60498, 0.162678, 
        0.547363, 0.605957, 0.17219, 0.54834, 0.605957, 0.167972, 0.549316, 0.605957, 0.163957, 0.550293, 0.605957, 0.160274, 0.55127, 0.605957, 0.157039, 0.552246, 0.605957, 0.15435, 0.553223, 0.605957, 0.152283, 0.554199, 0.605957, 0.150893, 0.555176, 0.605957, 0.150203, 0.556152, 0.605957, 0.150214, 0.557129, 0.605957, 0.150896, 0.558105, 0.605957, 0.152194, 0.559082, 0.605957, 0.15403, 0.560059, 0.605957, 0.156303, 0.561035, 0.605957, 0.158896, 0.562012, 0.605957, 0.16168, 
        0.547363, 0.606934, 0.171267, 0.54834, 0.606934, 0.168008, 0.549316, 0.606934, 0.164894, 0.550293, 0.606934, 0.162021, 0.55127, 0.606934, 0.159473, 0.552246, 0.606934, 0.157322, 0.553223, 0.606934, 0.155625, 0.554199, 0.606934, 0.15442, 0.555176, 0.606934, 0.153726, 0.556152, 0.606934, 0.153543, 0.557129, 0.606934, 0.153848, 0.558105, 0.606934, 0.154603, 0.559082, 0.606934, 0.155749, 0.560059, 0.606934, 0.157212, 0.561035, 0.606934, 0.158908, 0.562012, 0.606934, 0.160741, 
        0.547363, 0.60791, 0.170399, 0.54834, 0.60791, 0.168199, 0.549316, 0.60791, 0.166081, 0.550293, 0.60791, 0.164102, 0.55127, 0.60791, 0.162314, 0.552246, 0.60791, 0.160758, 0.553223, 0.60791, 0.159468, 0.554199, 0.60791, 0.158468, 0.555176, 0.60791, 0.157769, 0.556152, 0.60791, 0.15737, 0.557129, 0.60791, 0.157259, 0.558105, 0.60791, 0.157411, 0.559082, 0.60791, 0.157794, 0.560059, 0.60791, 0.158362, 0.561035, 0.60791, 0.159066, 0.562012, 0.60791, 0.159847, 
        0.547363, 0.608887, 0.169563, 0.54834, 0.608887, 0.168482, 0.549316, 0.608887, 0.167417, 0.550293, 0.608887, 0.166383, 0.55127, 0.608887, 0.165397, 0.552246, 0.608887, 0.164469, 0.553223, 0.608887, 0.16361, 0.554199, 0.608887, 0.162826, 0.555176, 0.608887, 0.16212, 0.556152, 0.608887, 0.161493, 0.557129, 0.608887, 0.160941, 0.558105, 0.608887, 0.160458, 0.559082, 0.608887, 0.160033, 0.560059, 0.608887, 0.159655, 0.561035, 0.608887, 0.159309, 0.562012, 0.608887, 0.158979
    ]
}
