{
    "level": 0,
    "idx": {"x": 35, "y": 25},
    "dim": {"x": 8, "y": 8},
    "offset": {"x": 0.273926, "y": 0.195801},
    "cellSize": {"x": 0.000976562, "y": 0.000976562},
    "vertices": [
        0.273926, 0.195801, 0.00626679, 0.274902, 0.195801, 0.00605025, 0.275879, 0.195801, 0.00581676, 0.276855, 0.195801, 0.00556843, 0.277832, 0.195801, 0.00530751, 0.278809, 0.195801, 0.00503636, 0.279785, 0.195801, 0.00475742, 0.280762, 0.195801, 0.00447321, 
        0.273926, 0.196777, 0.00656142, 0.274902, 0.196777, 0.00632628, 0.275879, 0.196777, 0.00607272, 0.276855, 0.196777, 0.00580306, 0.277832, 0.196777, 0.00551973, 0.278809, 0.196777, 0.0052253, 0.279785, 0.196777, 0.00492243, 0.280762, 0.196777, 0.00461387, 
        0.273926, 0.197754, 0.00683575, 0.274902, 0.197754, 0.00658414, 0.275879, 0.197754, 0.00631283, 0.276855, 0.197754, 0.00602427, 0.277832, 0.197754, 0.0057211, 0.278809, 0.197754, 0.00540607, 0.279785, 0.197754, 0.00508203, 0.280762, 0.197754, 0.00475192, 
        0.273926, 0.19873, 0.00708833, 0.274902, 0.19873, 0.00682255, 0.275879, 0.19873, 0.00653594, 0.276855, 0.19873, 0.00623113, 0.277832, 0.19873, 0.00591088, 0.278809, 0.19873, 0.00557811, 0.279785, 0.19873, 0.00523584, 0.280762, 0.19873, 0.00488717, 
        0.273926, 0.199707, 0.00731791, 0.274902, 0.199707, 0.00704038, 0.275879, 0.199707, 0.0067411, 0.276855, 0.199707, 0.00642282, 0.277832, 0.199707, 0.00608841, 0.278809, 0.199707, 0.00574093, 0.279785, 0.199707, 0.00538354, 0.280762, 0.199707, 0.00501948, 
        0.273926, 0.200684, 0.00752348, 0.274902, 0.200684, 0.00723673, 0.275879, 0.200684, 0.00692751, 0.276855, 0.200684, 0.00659865, 0.277832, 0.200684, 0.00625314, 0.278809, 0.200684, 0.00589412, 0.279785, 0.200684, 0.00552487, 0.280762, 0.200684, 0.00514873, 
        0.273926, 0.20166, 0.00770422, 0.274902, 0.20166, 0.00741086, 0.275879, 0.20166, 0.00709453, 0.276855, 0.20166, 0.0067581, 0.277832, 0.20166, 0.00640463, 0.278809, 0.20166, 0.00603735, 0.279785, 0.20166, 0.0056596, 0.280762, 0.20166, 0.00527481, 
        0.273926, 0.202637, 0.00785955, 0.274902, 0.202637, 0.00756227, 0.275879, 0.202637, 0.00724171, 0.276855, 0.202637, 0.00690078, 0.277832, 0.202637, 0.00654259, 0.278809, 0.202637, 0.0061704, 0.279785, 0.202637, 0.00578759, 0.280762, 0.202637, 0.00539763
    ]
}
