{
    "level": 0,
    "idx": {"x": 35, "y": 61},
    "dim": {"x": 16, "y": 16},
    "offset": {"x": 0.547363, "y": 0.953613},
    "cellSize": {"x": 0.000976562, "y": 0.000976562},
    "vertices": [
        0.547363, 0.953613, 0.000667087, 0.54834, 0.953613, 0.00174001, 0.549316, 0.953613, 0.00274853, 0.550293, 0.953613, 0.00365381, 0.55127, 0.953613, 0.004421, 0.552246, 0.953613, 0.00502049, 0.553223, 0.953613, 0.00542923, 0.554199, 0.953613, 0.00563147, 0.555176, 0.953613, 0.0056194, 0.556152, 0.953613, 0.00539348, 0.557129, 0.953613, 0.0049624, 0.558105, 0.953613, 0.00434275, 0.559082, 0.953613, 0.00355838, 0.560059, 0.953613, 0.00263947, 0.561035, 0.953613, 0.00162139, 0.562012, 0.953613, 0.000543337, 
        0.547363, 0.95459, 0.00127065, 0.54834, 0.95459, 0.00342858, 0.549316, 0.95459, 0.005457, 0.550293, 0.95459, 0.00727779, 0.55127, 0.95459, 0.0088209, 0.552246, 0.95459, 0.0100268, 0.553223, 0.95459, 0.010849, 0.554199, 0.95459, 0.011256, 0.555176, 0.95459, 0.0112321, 0.556152, 0.95459, 0.010778, 0.557129, 0.95459, 0.00991144, 0.558105, 0.95459, 0.00866563, 0.559082, 0.95459, 0.00708855, 0.560059, 0.95459, 0.00524092, 0.561035, 0.95459, 0.00319388, 0.562012, 0.95459, 0.00102622, 
        0.547363, 0.955566, 0.00182784, 0.54834, 0.955566, 0.00498759, 0.549316, 0.955566, 0.00795772, 0.550293, 0.955566, 0.0106239, 0.55127, 0.955566, 0.0128834, 0.552246, 0.955566, 0.0146492, 0.553223, 0.955566, 0.0158533, 0.554199, 0.955566, 0.0164493, 0.555176, 0.955566, 0.0164143, 0.556152, 0.955566, 0.0157497, 0.557129, 0.955566, 0.014481, 0.558105, 0.955566, 0.012657, 0.559082, 0.955566, 0.010348, 0.560059, 0.955566, 0.00764285, 0.561035, 0.955566, 0.00464572, 0.562012, 0.955566, 0.00147199, 
        0.547363, 0.956543, 0.00231719, 0.54834, 0.956543, 0.00635717, 0.549316, 0.956543, 0.0101547, 0.550293, 0.956543, 0.0135636, 0.55127, 0.956543, 0.0164526, 0.552246, 0.956543, 0.0187103, 0.553223, 0.956543, 0.0202499, 0.554199, 0.956543, 0.021012, 0.555176, 0.956543, 0.0209674, 0.556152, 0.956543, 0.0201177, 0.557129, 0.956543, 0.0184957, 0.558105, 0.956543, 0.0161637, 0.559082, 0.956543, 0.0132116, 0.560059, 0.956543, 0.00975303, 0.561035, 0.956543, 0.00592114, 0.562012, 0.956543, 0.00186347, 
        0.547363, 0.95752, 0.0027197, 0.54834, 0.95752, 0.00748428, 0.549316, 0.95752, 0.0119629, 0.550293, 0.95752, 0.0159832, 0.55127, 0.95752, 0.0193904, 0.552246, 0.95752, 0.0220531, 0.553223, 0.95752, 0.0238688, 0.554199, 0.95752, 0.0247677, 0.555176, 0.95752, 0.0247151, 0.556152, 0.95752, 0.0237131, 0.557129, 0.95752, 0.0218002, 0.558105, 0.95752, 0.0190501, 0.559082, 0.95752, 0.0155686, 0.560059, 0.95752, 0.0114898, 0.561035, 0.95752, 0.00697077, 0.562012, 0.95752, 0.00218542, 
        0.547363, 0.958496, 0.00301985, 0.54834, 0.958496, 0.00832562, 0.549316, 0.958496, 0.013313, 0.550293, 0.958496, 0.0177899, 0.55127, 0.958496, 0.0215841, 0.552246, 0.958496, 0.0245492, 0.553223, 0.958496, 0.0265712, 0.554199, 0.958496, 0.0275723, 0.555176, 0.958496, 0.0275138, 0.556152, 0.958496, 0.026398, 0.557129, 0.958496, 0.0242679, 0.558105, 0.958496, 0.0212054, 0.559082, 0.958496, 0.0173286, 0.560059, 0.958496, 0.0127865, 0.561035, 0.958496, 0.00775425, 0.562012, 0.958496, 0.00242544, 
        0.547363, 0.959473, 0.00320596, 0.54834, 0.959473, 0.00884857, 0.549316, 0.959473, 0.0141526, 0.550293, 0.959473, 0.0189137, 0.55127, 0.959473, 0.0229488, 0.552246, 0.959473, 0.0261022, 0.553223, 0.959473, 0.0282526, 0.554199, 0.959473, 0.0293172, 0.555176, 0.959473, 0.029255, 0.556152, 0.959473, 0.0280684, 0.557129, 0.959473, 0.0258031, 0.558105, 0.959473, 0.0225462, 0.559082, 0.959473, 0.0184233, 0.560059, 0.959473, 0.013593, 0.561035, 0.959473, 0.00824124, 0.562012, 0.959473, 0.00257416, 
        0.547363, 0.960449, 0.0032708, 0.54834, 0.960449, 0.00903301, 0.549316, 0.960449, 0.0144494, 0.550293, 0.960449, 0.0193115, 0.55127, 0.960449, 0.0234321, 0.552246, 0.960449, 0.0266523, 0.553223, 0.960449, 0.0288483, 0.554199, 0.960449, 0.0299355, 0.555176, 0.960449, 0.029872, 0.556152, 0.960449, 0.0286603, 0.557129, 0.960449, 0.0263469, 0.558105, 0.960449, 0.0230211, 0.559082, 0.960449, 0.0188108, 0.560059, 0.960449, 0.0138781, 0.561035, 0.960449, 0.00841297, 0.562012, 0.960449, 0.00262581, 
        0.547363, 0.961426, 0.00321179, 0.54834, 0.961426, 0.00887172, 0.549316, 0.961426, 0.014192, 0.550293, 0.961426, 0.0189677, 0.55127, 0.961426, 0.0230152, 0.552246, 0.961426, 0.0261783, 0.553223, 0.961426, 0.0283353, 0.554199, 0.961426, 0.0294032, 0.555176, 0.961426, 0.0293408, 0.556152, 0.961426, 0.0281506, 0.557129, 0.961426, 0.0258783, 0.558105, 0.961426, 0.0226115, 0.559082, 0.961426, 0.018476, 0.560059, 0.961426, 0.0136308, 0.561035, 0.961426, 0.00826274, 0.562012, 0.961426, 0.00257831, 
        0.547363, 0.962402, 0.00303113, 0.54834, 0.962402, 0.00837081, 0.549316, 0.962402, 0.0133901, 0.550293, 0.962402, 0.0178956, 0.55127, 0.962402, 0.0217141, 0.552246, 0.962402, 0.0246982, 0.553223, 0.962402, 0.0267331, 0.554199, 0.962402, 0.0277406, 0.555176, 0.962402, 0.0276817, 0.556152, 0.962402, 0.0265589, 0.557129, 0.962402, 0.0244152, 0.558105, 0.962402, 0.0213332, 0.559082, 0.962402, 0.0174316, 0.560059, 0.962402, 0.0128606, 0.561035, 0.962402, 0.00779623, 0.562012, 0.962402, 0.00243342, 
        0.547363, 0.963379, 0.00273569, 0.54834, 0.963379, 0.00754951, 0.549316, 0.963379, 0.0120745, 0.550293, 0.963379, 0.0161363, 0.55127, 0.963379, 0.0195787, 0.552246, 0.963379, 0.0222689, 0.553223, 0.963379, 0.0241035, 0.554199, 0.963379, 0.0250117, 0.555176, 0.963379, 0.0249586, 0.556152, 0.963379, 0.0239463, 0.557129, 0.963379, 0.0220137, 0.558105, 0.963379, 0.0192352, 0.559082, 0.963379, 0.0157179, 0.560059, 0.963379, 0.011597, 0.561035, 0.963379, 0.00703135, 0.562012, 0.963379, 0.00219666, 
        0.547363, 0.964355, 0.00233682, 0.54834, 0.964355, 0.00643947, 0.549316, 0.964355, 0.0102959, 0.550293, 0.964355, 0.0137577, 0.55127, 0.964355, 0.0166915, 0.552246, 0.964355, 0.0189843, 0.553223, 0.964355, 0.0205478, 0.554199, 0.964355, 0.0213218, 0.555176, 0.964355, 0.0212766, 0.556152, 0.964355, 0.0204138, 0.557129, 0.964355, 0.0187667, 0.558105, 0.964355, 0.0163986, 0.559082, 0.964355, 0.0134009, 0.560059, 0.964355, 0.00988877, 0.561035, 0.964355, 0.00599757, 0.562012, 0.964355, 0.00187709, 
        0.547363, 0.965332, 0.00184975, 0.54834, 0.965332, 0.00508319, 0.549316, 0.965332, 0.00812258, 0.550293, 0.965332, 0.0108509, 0.55127, 0.965332, 0.0131632, 0.552246, 0.965332, 0.0149701, 0.553223, 0.965332, 0.0162024, 0.554199, 0.965332, 0.0168124, 0.555176, 0.965332, 0.0167767, 0.556152, 0.965332, 0.0160967, 0.557129, 0.965332, 0.0147985, 0.558105, 0.965332, 0.0129321, 0.559082, 0.965332, 0.0105694, 0.560059, 0.965332, 0.00780133, 0.561035, 0.965332, 0.00473447, 0.562012, 0.965332, 0.00148691, 
        0.547363, 0.966309, 0.00129324, 0.54834, 0.966309, 0.00353303, 0.549316, 0.966309, 0.00563841, 0.550293, 0.966309, 0.0075283, 0.55127, 0.966309, 0.00912998, 0.552246, 0.966309, 0.0103816, 0.553223, 0.966309, 0.0112352, 0.554199, 0.966309, 0.0116577, 0.555176, 0.966309, 0.0116329, 0.556152, 0.966309, 0.0111618, 0.557129, 0.966309, 0.0102625, 0.558105, 0.966309, 0.00896957, 0.559082, 0.966309, 0.00733285, 0.560059, 0.966309, 0.00541532, 0.561035, 0.966309, 0.00329083, 0.562012, 0.966309, 0.00104115, 
        0.547363, 0.967285, 0.00068857, 0.54834, 0.967285, 0.00184839, 0.549316, 0.967285, 0.0029386, 0.550293, 0.967285, 0.00391722, 0.55127, 0.967285, 0.00474659, 0.552246, 0.967285, 0.0053947, 0.553223, 0.967285, 0.00583663, 0.554199, 0.967285, 0.00605535, 0.555176, 0.967285, 0.00604245, 0.556152, 0.967285, 0.0057984, 0.557129, 0.967285, 0.00533259, 0.558105, 0.967285, 0.00466297, 0.559082, 0.967285, 0.0038153, 0.560059, 0.967285, 0.00282221, 0.561035, 0.967285, 0.00172194, 0.562012, 0.967285, 0.000556845, 
