{
    "level": 0,
    "idx": {"x": 35, "y": 9},
    "dim": {"x": 8, "y": 8},
    "offset": {"x": 0.273926, "y": 0.0708008},
    "cellSize": {"x": 0.000976562, "y": 0.000976562},
    "vertices": [
        0.273926, 0.0708008, -0.0047041, 0.274902, 0.0708008, -0.00484364, 0.275879, 0.0708008, -0.00499677, 0.276855, 0.0708008, -0.00516144, 0.277832, 0.0708008, -0.00533545, 0.278809, 0.0708008, -0.00551652, 0.279785, 0.0708008, -0.00570227, 0.280762, 0.0708008, -0.00589025, 
        0.273926, 0.0717773, -0.00456349, 0.274902, 0.0717773, -0.00472105, 0.275879, 0.0717773, -0.00489364, 0.276855, 0.0717773, -0.00507902, 0.277832, 0.0717773, -0.0052748, 0.278809, 0.0717773, -0.00547848, 0.279785, 0.0717773, -0.00568745, 0.280762, 0.0717773, -0.00589903, 
        0.273926, 0.0727539, -0.00443996, 0.274902, 0.0727539, -0.00461347, 0.275879, 0.0727539, -0.00480328, 0.276855, 0.0727539, -0.00500699, 0.277832, 0.0727539, -0.00522203, 0.278809, 0.0727539, -0.0054457, 0.279785, 0.0727539, -0.00567522, 0.280762, 0.0727539, -0.00590769, 
        0.273926, 0.0737305, -0.00433495, 0.274902, 0.0737305, -0.00452217, 0.275879, 0.0737305, -0.0047268, 0.276855, 0.0737305, -0.00494627, 0.277832, 0.0737305, -0.00517787, 0.278809, 0.0737305, -0.00541874, 0.279785, 0.0737305, -0.00566592, 0.280762, 0.0737305, -0.00591636, 
        0.273926, 0.074707, -0.0042497, 0.274902, 0.074707, -0.00444826, 0.275879, 0.074707, -0.00466514, 0.276855, 0.074707, -0.00489765, 0.277832, 0.074707, -0.00514296, 0.278809, 0.074707, -0.00539807, 0.279785, 0.074707, -0.00565987, 0.280762, 0.074707, -0.00592517, 
        0.273926, 0.0756836, -0.00418522, 0.274902, 0.0756836, -0.00439264, 0.275879, 0.0756836, -0.0046191, 0.276855, 0.0756836, -0.00486181, 0.277832, 0.0756836, -0.00511783, 0.278809, 0.0756836, -0.00538406, 0.279785, 0.0756836, -0.00565729, 0.280762, 0.0756836, -0.0059342, 
        0.273926, 0.0766602, -0.00414231, 0.274902, 0.0766602, -0.00435603, 0.275879, 0.0766602, -0.0045893, 0.276855, 0.0766602, -0.00483925, 0.277832, 0.0766602, -0.00510288, 0.278809, 0.0766602, -0.00537702, 0.279785, 0.0766602, -0.00565837, 0.280762, 0.0766602, -0.00594355, 
        0.273926, 0.0776367, -0.00412155, 0.274902, 0.0776367, -0.00433894, 0.275879, 0.0776367, -0.00457617, 0.276855, 0.0776367, -0.00483035, 0.277832, 0.0776367, -0.00509842, 0.278809, 0.0776367, -0.00537717, 0.279785, 0.0776367, -0.00566326, 0.280762, 0.0776367, -0.00595325
    ]
}
