{
    "level": 0,
    "idx": {"x": 36, "y": 52},
    "dim": {"x": 16, "y": 16},
    "offset": {"x": 0.562988, "y": 0.812988},
    "cellSize": {"x": 0.000976562, "y": 0.000976562},
    "vertices": [
        0.562988, 0.812988, 0.00542824, 0.563965, 0.812988, 0.00631949, 0.564941, 0.812988, 0.00715496, 0.565918, 0.812988, 0.00790155, 0.566895, 0.812988, 0.00852953, 0.567871, 0.812988, 0.00901378, 0.568848, 0.812988, 0.00933467, 0.569824, 0.812988, 0.00947886, 0.570801, 0.812988, 0.0094398, 0.571777, 0.812988, 0.00921801, 0.572754, 0.812988, 0.00882101, 0.57373, 0.812988, 0.00826304, 0.574707, 0.812988, 0.00756461, 0.575684, 0.812988, 0.00675156, 0.57666, 0.812988, 0.00585416, 0.577637, 0.812988, 0.00490591, 
        0.562988, 0.813965, 0.00593661, 0.563965, 0.813965, 0.00792114, 0.564941, 0.813965, 0.00978364, 0.565918, 0.813965, 0.0114515, 0.566895, 0.813965, 0.0128595, 0.567871, 0.813965, 0.0139526, 0.568848, 0.813965, 0.0146876, 0.569824, 0.813965, 0.0150354, 0.570801, 0.813965, 0.0149815, 0.571777, 0.813965, 0.0145272, 0.572754, 0.813965, 0.0136888, 0.57373, 0.813965, 0.0124976, 0.574707, 0.813965, 0.0109986, 0.575684, 0.813965, 0.0092484, 0.57666, 0.813965, 0.00731346, 0.577637, 0.813965, 0.00526722, 
        0.562988, 0.814941, 0.00640306, 0.563965, 0.814941, 0.00940344, 0.564941, 0.814941, 0.0122202, 0.565918, 0.814941, 0.0147441, 0.566895, 0.814941, 0.0168769, 0.567871, 0.814941, 0.0185357, 0.568848, 0.814941, 0.0196556, 0.569824, 0.814941, 0.0201926, 0.570801, 0.814941, 0.020125, 0.571777, 0.814941, 0.0194546, 0.572754, 0.814941, 0.0182061, 0.57373, 0.814941, 0.0164265, 0.574707, 0.814941, 0.0141837, 0.575684, 0.814941, 0.0115629, 0.57666, 0.814941, 0.00866391, 0.577637, 0.814941, 0.0055975, 
        0.562988, 0.815918, 0.00680515, 0.563965, 0.815918, 0.010705, 0.564941, 0.815918, 0.0143668, 0.565918, 0.815918, 0.0176486, 0.566895, 0.815918, 0.0204233, 0.567871, 0.815918, 0.022583, 0.568848, 0.815918, 0.0240437, 0.569824, 0.815918, 0.0247482, 0.570801, 0.815918, 0.0246686, 0.571777, 0.815918, 0.0238069, 0.572754, 0.815918, 0.0221953, 0.57373, 0.815918, 0.019895, 0.574707, 0.815918, 0.0169936, 0.575684, 0.815918, 0.0136019, 0.57666, 0.815918, 0.00984949, 0.577637, 0.815918, 0.00587989, 
        0.562988, 0.816895, 0.00712287, 0.563965, 0.816895, 0.0117711, 0.564941, 0.816895, 0.0161359, 0.565918, 0.816895, 0.0200484, 0.566895, 0.816895, 0.0233571, 0.567871, 0.816895, 0.0259336, 0.568848, 0.816895, 0.0276779, 0.569824, 0.816895, 0.0285219, 0.570801, 0.816895, 0.0284323, 0.571777, 0.816895, 0.0274116, 0.572754, 0.816895, 0.0254981, 0.57373, 0.816895, 0.0227646, 0.574707, 0.816895, 0.0193155, 0.575684, 0.816895, 0.0152826, 0.57666, 0.816895, 0.0108203, 0.577637, 0.816895, 0.00609937, 
        0.562988, 0.817871, 0.00733968, 0.563965, 0.817871, 0.0125565, 0.564941, 0.817871, 0.0174555, 0.565918, 0.817871, 0.0218471, 0.566895, 0.817871, 0.0255615, 0.567871, 0.817871, 0.0284548, 0.568848, 0.817871, 0.0304147, 0.569824, 0.817871, 0.0313648, 0.570801, 0.817871, 0.0312677, 0.571777, 0.817871, 0.0301263, 0.572754, 0.817871, 0.0279837, 0.57373, 0.817871, 0.0249212, 0.574707, 0.817871, 0.0210562, 0.575684, 0.817871, 0.0165364, 0.57666, 0.817871, 0.0115349, 0.577637, 0.817871, 0.00624351, 
        0.562988, 0.818848, 0.00744293, 0.563965, 0.818848, 0.0130266, 0.564941, 0.818848, 0.0182702, 0.565918, 0.818848, 0.022971, 0.566895, 0.818848, 0.0269473, 0.567871, 0.818848, 0.030045, 0.568848, 0.818848, 0.032144, 0.569824, 0.818848, 0.0331628, 0.570801, 0.818848, 0.0330611, 0.571777, 0.818848, 0.0318421, 0.572754, 0.818848, 0.0295518, 0.57373, 0.818848, 0.0262774, 0.574707, 0.818848, 0.0221444, 0.575684, 0.818848, 0.0173108, 0.57666, 0.818848, 0.011962, 0.577637, 0.818848, 0.00630283, 
        0.562988, 0.819824, 0.00742449, 0.563965, 0.819824, 0.0131592, 0.564941, 0.819824, 0.0185447, 0.565918, 0.819824, 0.0233729, 0.566895, 0.819824, 0.0274571, 0.567871, 0.819824, 0.0306391, 0.568848, 0.819824, 0.0327956, 0.569824, 0.819824, 0.0338429, 0.570801, 0.819824, 0.0337397, 0.571777, 0.819824, 0.0324891, 0.572754, 0.819824, 0.0301385, 0.57373, 0.819824, 0.0267774, 0.574707, 0.819824, 0.0225345, 0.575684, 0.819824, 0.0175724, 0.57666, 0.819824, 0.0120811, 0.577637, 0.819824, 0.00627119, 
        0.562988, 0.820801, 0.00728099, 0.563965, 0.820801, 0.0129451, 0.564941, 0.820801, 0.0182644, 0.565918, 0.820801, 0.0230332, 0.566895, 0.820801, 0.0270672, 0.567871, 0.820801, 0.0302101, 0.568848, 0.820801, 0.0323403, 0.569824, 0.820801, 0.0333749, 0.570801, 0.820801, 0.0332733, 0.571777, 0.820801, 0.0320384, 0.572754, 0.820801, 0.0297171, 0.57373, 0.820801, 0.0263978, 0.574707, 0.820801, 0.0222077, 0.575684, 0.820801, 0.0173071, 0.57666, 0.820801, 0.0118839, 0.577637, 0.820801, 0.00614606, 
        0.562988, 0.821777, 0.00701393, 0.563965, 0.821777, 0.0123886, 0.564941, 0.821777, 0.017436, 0.565918, 0.821777, 0.021961, 0.566895, 0.821777, 0.0257886, 0.567871, 0.821777, 0.0287708, 0.568848, 0.821777, 0.0307917, 0.569824, 0.821777, 0.031773, 0.570801, 0.821777, 0.031676, 0.571777, 0.821777, 0.0305035, 0.572754, 0.821777, 0.0283001, 0.57373, 0.821777, 0.0251495, 0.574707, 0.821777, 0.0211726, 0.575684, 0.821777, 0.0165214, 0.57666, 0.821777, 0.0113743, 0.577637, 0.821777, 0.00592857, 
        0.562988, 0.822754, 0.00662971, 0.563965, 0.822754, 0.0115072, 0.564941, 0.822754, 0.0160876, 0.565918, 0.822754, 0.0201937, 0.566895, 0.822754, 0.0236669, 0.567871, 0.822754, 0.0263725, 0.568848, 0.822754, 0.0282056, 0.569824, 0.822754, 0.029095, 0.570801, 0.822754, 0.0290055, 0.571777, 0.822754, 0.0279398, 0.572754, 0.822754, 0.0259383, 0.57373, 0.822754, 0.023077, 0.574707, 0.822754, 0.0194655, 0.575684, 0.822754, 0.015242, 0.57666, 0.822754, 0.0105683, 0.577637, 0.822754, 0.00562351, 
        0.562988, 0.82373, 0.00613933, 0.563965, 0.82373, 0.0103311, 0.564941, 0.82373, 0.0142674, 0.565918, 0.82373, 0.0177959, 0.566895, 0.82373, 0.0207801, 0.567871, 0.82373, 0.0231043, 0.568848, 0.82373, 0.0246783, 0.569824, 0.82373, 0.0254407, 0.570801, 0.82373, 0.0253614, 0.571777, 0.82373, 0.0244427, 0.572754, 0.82373, 0.0227192, 0.57373, 0.82373, 0.0202565, 0.574707, 0.82373, 0.0171487, 0.575684, 0.82373, 0.0135146, 0.57666, 0.82373, 0.00949342, 0.577637, 0.82373, 0.00523914, 
        0.562988, 0.824707, 0.00555786, 0.563965, 0.824707, 0.00890177, 0.564941, 0.824707, 0.0120416, 0.565918, 0.824707, 0.0148559, 0.566895, 0.824707, 0.0172354, 0.567871, 0.824707, 0.0190879, 0.568848, 0.824707, 0.0203413, 0.569824, 0.824707, 0.0209466, 0.570801, 0.824707, 0.0208798, 0.571777, 0.824707, 0.0201427, 0.572754, 0.824707, 0.0187629, 0.57373, 0.824707, 0.0167928, 0.574707, 0.824707, 0.0143076, 0.575684, 0.824707, 0.0114021, 0.57666, 0.824707, 0.00818752, 0.577637, 0.824707, 0.00478675, 
        0.562988, 0.825684, 0.00490414, 0.563965, 0.825684, 0.00727078, 0.564941, 0.825684, 0.00949266, 0.565918, 0.825684, 0.0114836, 0.566895, 0.825684, 0.0131661, 0.567871, 0.825684, 0.0144749, 0.568848, 0.825684, 0.0153587, 0.569824, 0.825684, 0.0157829, 0.570801, 0.825684, 0.0157304, 0.571777, 0.825684, 0.0152025, 0.572754, 0.825684, 0.0142188, 0.57373, 0.825684, 0.0128164, 0.574707, 0.825684, 0.0110486, 0.575684, 0.825684, 0.00898277, 0.57666, 0.825684, 0.00669765, 0.577637, 0.825684, 0.00428048, 
        0.562988, 0.82666, 0.00419966, 0.563965, 0.82666, 0.00549713, 0.564941, 0.82666, 0.00671471, 0.565918, 0.82666, 0.00780486, 0.566895, 0.82666, 0.00872492, 0.567871, 0.82666, 0.00943879, 0.568848, 0.82666, 0.0099183, 0.569824, 0.82666, 0.0101443, 0.570801, 0.82666, 0.0101074, 0.571777, 0.82666, 0.00980825, 0.572754, 0.82666, 0.00925775, 0.57373, 0.82666, 0.00847631, 0.574707, 0.82666, 0.00749335, 0.575684, 0.82666, 0.00634599, 0.57666, 0.82666, 0.00507766, 0.577637, 0.82666, 0.00373646, 
