{
    "level": 0,
    "idx": {"x": 36, "y": 84},
    "dim": {"x": 8, "y": 8},
    "offset": {"x": 0.281738, "y": 0.656738},
    "cellSize": {"x": 0.000976562, "y": 0.000976562},
    "vertices": [
        0.281738, 0.656738, 0.0174161, 0.282715, 0.656738, 0.0177072, 0.283691, 0.656738, 0.0180011, 0.284668, 0.656738, 0.0182978, 0.285645, 0.656738, 0.018597, 0.286621, 0.656738, 0.0188985, 0.287598, 0.656738, 0.0192021, 0.288574, 0.656738, 0.0195076, 
        0.281738, 0.657715, 0.0171131, 0.282715, 0.657715, 0.0174379, 0.283691, 0.657715, 0.0177652, 0.284668, 0.657715, 0.0180944, 0.285645, 0.657715, 0.018425, 0.286621, 0.657715, 0.0187565, 0.287598, 0.657715, 0.0190883, 0.288574, 0.657715, 0.0194201, 
        0.281738, 0.658691, 0.0168107, 0.282715, 0.658691, 0.0171688, 0.283691, 0.658691, 0.0175289, 0.284668, 0.658691, 0.0178902, 0.285645, 0.658691, 0.0182517, 0.286621, 0.658691, 0.0186127, 0.287598, 0.658691, 0.0189723, 0.288574, 0.658691, 0.0193297, 
        0.281738, 0.659668, 0.0165091, 0.282715, 0.659668, 0.0168996, 0.283691, 0.659668, 0.0172916, 0.284668, 0.659668, 0.017684, 0.285645, 0.659668, 0.0180756, 0.286621, 0.659668, 0.0184653, 0.287598, 0.659668, 0.0188519, 0.288574, 0.659668, 0.0192344, 
        0.281738, 0.660645, 0.0162081, 0.282715, 0.660645, 0.0166297, 0.283691, 0.660645, 0.0170525, 0.284668, 0.660645, 0.0174749, 0.285645, 0.660645, 0.0178954, 0.286621, 0.660645, 0.0183127, 0.287598, 0.660645, 0.0187253, 0.288574, 0.660645, 0.0191319, 
        0.281738, 0.661621, 0.0159077, 0.282715, 0.661621, 0.0163589, 0.283691, 0.661621, 0.0168109, 0.284668, 0.661621, 0.0172618, 0.285645, 0.661621, 0.0177099, 0.286621, 0.661621, 0.0181534, 0.287598, 0.661621, 0.0185907, 0.288574, 0.661621, 0.0190202, 
        0.281738, 0.662598, 0.015608, 0.282715, 0.662598, 0.0160869, 0.283691, 0.662598, 0.0165663, 0.284668, 0.662598, 0.0170439, 0.285645, 0.662598, 0.0175178, 0.286621, 0.662598, 0.0179859, 0.287598, 0.662598, 0.0184463, 0.288574, 0.662598, 0.0188973, 
        0.281738, 0.663574, 0.0153087, 0.282715, 0.663574, 0.0158133, 0.283691, 0.663574, 0.0163179, 0.284668, 0.663574, 0.0168203, 0.285645, 0.663574, 0.0173179, 0.286621, 0.663574, 0.0178087, 0.287598, 0.663574, 0.0182905, 0.288574, 0.663574, 0.0187612
    ]
}
