{
    "level": 0,
    "idx": {"x": 36, "y": 50},
    "dim": {"x": 16, "y": 16},
    "offset": {"x": 0.562988, "y": 0.781738},
    "cellSize": {"x": 0.000976562, "y": 0.000976562},
    "vertices": [
        0.562988, 0.781738, 0.0108852, 0.563965, 0.781738, 0.0117142, 0.564941, 0.781738, 0.0124893, 0.565918, 0.781738, 0.0131785, 0.566895, 0.781738, 0.0137535, 0.567871, 0.781738, 0.0141899, 0.568848, 0.781738, 0.0144688, 0.569824, 0.781738, 0.0145776, 0.570801, 0.781738, 0.0145099, 0.571777, 0.781738, 0.0142661, 0.572754, 0.781738, 0.0138535, 0.57373, 0.781738, 0.0132859, 0.574707, 0.781738, 0.012583, 0.575684, 0.781738, 0.0117696, 0.57666, 0.781738, 0.0108748, 0.577637, 0.781738, 0.00993089, 
        0.562988, 0.782715, 0.0112858, 0.563965, 0.782715, 0.0132103, 0.564941, 0.782715, 0.0150145, 0.565918, 0.782715, 0.016627, 0.566895, 0.782715, 0.0179837, 0.567871, 0.782715, 0.0190304, 0.568848, 0.782715, 0.0197248, 0.569824, 0.782715, 0.020038, 0.570801, 0.782715, 0.019956, 0.571777, 0.782715, 0.0194799, 0.572754, 0.782715, 0.0186259, 0.57373, 0.782715, 0.0174247, 0.574707, 0.782715, 0.0159205, 0.575684, 0.782715, 0.0141691, 0.57666, 0.782715, 0.0122358, 0.577637, 0.782715, 0.0101929, 
        0.562988, 0.783691, 0.011647, 0.563965, 0.783691, 0.014591, 0.564941, 0.783691, 0.017353, 0.565918, 0.783691, 0.0198247, 0.566895, 0.783691, 0.0219089, 0.567871, 0.783691, 0.0235236, 0.568848, 0.783691, 0.0246046, 0.569824, 0.783691, 0.0251081, 0.570801, 0.783691, 0.025013, 0.571777, 0.783691, 0.0243207, 0.572754, 0.783691, 0.0230559, 0.57373, 0.783691, 0.0212651, 0.574707, 0.783691, 0.0190155, 0.575684, 0.783691, 0.0163913, 0.57666, 0.783691, 0.0134917, 0.577637, 0.783691, 0.010426, 
        0.562988, 0.784668, 0.0119462, 0.563965, 0.784668, 0.0157943, 0.564941, 0.784668, 0.0194056, 0.565918, 0.784668, 0.0226393, 0.566895, 0.784668, 0.0253689, 0.567871, 0.784668, 0.0274873, 0.568848, 0.784668, 0.0289112, 0.569824, 0.784668, 0.0295836, 0.570801, 0.784668, 0.0294769, 0.571777, 0.784668, 0.028593, 0.572754, 0.784668, 0.0269641, 0.57373, 0.784668, 0.0246507, 0.574707, 0.784668, 0.02174, 0.575684, 0.784668, 0.0183421, 0.57666, 0.784668, 0.0145857, 0.577637, 0.784668, 0.0106133, 
        0.562988, 0.785645, 0.0121632, 0.563965, 0.785645, 0.0167655, 0.564941, 0.785645, 0.0210853, 0.565918, 0.785645, 0.0249546, 0.566895, 0.785645, 0.0282224, 0.567871, 0.785645, 0.0307612, 0.568848, 0.785645, 0.0324712, 0.569824, 0.785645, 0.0332847, 0.570801, 0.785645, 0.0331684, 0.571777, 0.785645, 0.032125, 0.572754, 0.785645, 0.0301925, 0.57373, 0.785645, 0.0274435, 0.574707, 0.785645, 0.0239818, 0.575684, 0.785645, 0.0199388, 0.57666, 0.785645, 0.015468, 0.577637, 0.785645, 0.0107396, 
        0.562988, 0.786621, 0.0122815, 0.563965, 0.786621, 0.0174588, 0.564941, 0.786621, 0.0223189, 0.565918, 0.786621, 0.0266728, 0.566895, 0.786621, 0.0303512, 0.567871, 0.786621, 0.0332105, 0.568848, 0.786621, 0.0351388, 0.569824, 0.786621, 0.0360601, 0.570801, 0.786621, 0.0359368, 0.571777, 0.786621, 0.034772, 0.572754, 0.786621, 0.0326085, 0.57373, 0.786621, 0.0295276, 0.574707, 0.786621, 0.0256462, 0.575684, 0.786621, 0.0211117, 0.57666, 0.786621, 0.0160968, 0.577637, 0.786621, 0.0107925, 
        0.562988, 0.787598, 0.0122881, 0.563965, 0.787598, 0.0178393, 0.564941, 0.787598, 0.0230508, 0.565918, 0.787598, 0.02772, 0.566895, 0.787598, 0.0316654, 0.567871, 0.787598, 0.0347333, 0.568848, 0.787598, 0.0368039, 0.569824, 0.787598, 0.0377955, 0.570801, 0.787598, 0.0376681, 0.571777, 0.787598, 0.0364248, 0.572754, 0.787598, 0.0341116, 0.57373, 0.787598, 0.0308155, 0.574707, 0.787598, 0.0266618, 0.575684, 0.787598, 0.0218084, 0.57666, 0.787598, 0.0164403, 0.577637, 0.787598, 0.0107622, 
        0.562988, 0.788574, 0.0121749, 0.563965, 0.788574, 0.0178845, 0.564941, 0.788574, 0.0232448, 0.565918, 0.788574, 0.0280476, 0.566895, 0.788574, 0.0321064, 0.567871, 0.788574, 0.035263, 0.568848, 0.788574, 0.0373942, 0.569824, 0.788574, 0.038416, 0.570801, 0.788574, 0.0382875, 0.571777, 0.788574, 0.0370117, 0.572754, 0.788574, 0.0346359, 0.57373, 0.788574, 0.0312497, 0.574707, 0.788574, 0.0269817, 0.575684, 0.788574, 0.0219944, 0.57666, 0.788574, 0.0164779, 0.577637, 0.788574, 0.0106427, 
        0.562988, 0.789551, 0.0119382, 0.563965, 0.789551, 0.0175847, 0.564941, 0.789551, 0.0228857, 0.565918, 0.789551, 0.0276355, 0.566895, 0.789551, 0.0316495, 0.567871, 0.789551, 0.0347714, 0.568848, 0.789551, 0.0368793, 0.569824, 0.789551, 0.0378904, 0.570801, 0.789551, 0.0377638, 0.571777, 0.789551, 0.0365028, 0.572754, 0.789551, 0.0341541, 0.57373, 0.789551, 0.0308061, 0.574707, 0.789551, 0.0265863, 0.575684, 0.789551, 0.0216551, 0.57666, 0.789551, 0.0162007, 0.577637, 0.789551, 0.0104312, 
        0.562988, 0.790527, 0.0115794, 0.563965, 0.790527, 0.0169436, 0.564941, 0.790527, 0.0219796, 0.565918, 0.790527, 0.0264917, 0.566895, 0.790527, 0.0303046, 0.567871, 0.790527, 0.0332699, 0.568848, 0.790527, 0.0352717, 0.569824, 0.790527, 0.0362311, 0.570801, 0.790527, 0.0361096, 0.571777, 0.790527, 0.0349101, 0.572754, 0.790527, 0.032677, 0.57373, 0.790527, 0.0294945, 0.574707, 0.790527, 0.0254834, 0.575684, 0.790527, 0.0207965, 0.57666, 0.790527, 0.0156123, 0.577637, 0.790527, 0.0101286, 
        0.562988, 0.791504, 0.0111049, 0.563965, 0.791504, 0.0159786, 0.564941, 0.791504, 0.0205539, 0.565918, 0.791504, 0.024653, 0.566895, 0.791504, 0.0281164, 0.567871, 0.791504, 0.0308092, 0.568848, 0.791504, 0.032626, 0.569824, 0.791504, 0.0334951, 0.570801, 0.791504, 0.0333816, 0.571777, 0.791504, 0.032288, 0.572754, 0.791504, 0.0302548, 0.57373, 0.791504, 0.0273583, 0.574707, 0.791504, 0.0237087, 0.575684, 0.791504, 0.0194445, 0.57666, 0.791504, 0.0147283, 0.577637, 0.791504, 0.00973982, 
        0.562988, 0.79248, 0.0105252, 0.563965, 0.79248, 0.0147192, 0.564941, 0.79248, 0.018656, 0.565918, 0.79248, 0.0221825, 0.566895, 0.79248, 0.0251614, 0.567871, 0.79248, 0.0274762, 0.568848, 0.79248, 0.0290364, 0.569824, 0.79248, 0.0297801, 0.570801, 0.79248, 0.0296772, 0.571777, 0.79248, 0.0287299, 0.572754, 0.79248, 0.0269731, 0.57373, 0.79248, 0.0244725, 0.574707, 0.79248, 0.0213231, 0.575684, 0.79248, 0.0176441, 0.57666, 0.79248, 0.0135757, 0.577637, 0.79248, 0.00927275, 
        0.562988, 0.793457, 0.00985555, 0.563965, 0.793457, 0.0132068, 0.564941, 0.793457, 0.016352, 0.565918, 0.793457, 0.0191686, 0.566895, 0.793457, 0.0215466, 0.567871, 0.793457, 0.0233928, 0.568848, 0.793457, 0.0246347, 0.569824, 0.793457, 0.0252227, 0.570801, 0.793457, 0.0251327, 0.571777, 0.793457, 0.0243664, 0.572754, 0.793457, 0.0229519, 0.57373, 0.793457, 0.0209418, 0.574707, 0.793457, 0.018412, 0.575684, 0.793457, 0.0154582, 0.57666, 0.793457, 0.0121924, 0.577637, 0.793457, 0.00873876, 
        0.562988, 0.794434, 0.00911443, 0.563965, 0.794434, 0.0114923, 0.564941, 0.794434, 0.0137232, 0.565918, 0.794434, 0.0157198, 0.566895, 0.794434, 0.0174037, 0.567871, 0.794434, 0.0187086, 0.568848, 0.794434, 0.0195826, 0.569824, 0.794434, 0.0199907, 0.570801, 0.794434, 0.0199154, 0.571777, 0.794434, 0.0193581, 0.572754, 0.794434, 0.0183387, 0.57373, 0.794434, 0.0168947, 0.574707, 0.794434, 0.0150804, 0.575684, 0.794434, 0.0129638, 0.57666, 0.794434, 0.0106247, 0.577637, 0.794434, 0.00815174, 
        0.562988, 0.79541, 0.00832347, 0.563965, 0.79541, 0.00963493, 0.564941, 0.79541, 0.0108642, 0.565918, 0.79541, 0.0119625, 0.566895, 0.79541, 0.012886, 0.567871, 0.79541, 0.0135978, 0.568848, 0.79541, 0.0140688, 0.569824, 0.79541, 0.0142795, 0.570801, 0.79541, 0.0142203, 0.571777, 0.79541, 0.0138917, 0.572754, 0.79541, 0.0133051, 0.57373, 0.79541, 0.0124812, 0.574707, 0.79541, 0.0114504, 0.575684, 0.79541, 0.0102508, 0.57666, 0.79541, 0.0089268, 0.577637, 0.79541, 0.00752791, 
