{
    "level": 0,
    "idx": {"x": 37, "y": 49},
    "dim": {"x": 16, "y": 16},
    "offset": {"x": 0.578613, "y": 0.766113},
    "cellSize": {"x": 0.000976562, "y": 0.000976562},
    "vertices": [
        0.578613, 0.766113, 0.0139197, 0.57959, 0.766113, 0.0146991, 0.580566, 0.766113, 0.0154251, 0.581543, 0.766113, 0.0160666, 0.58252, 0.766113, 0.0165957, 0.583496, 0.766113, 0.0169887, 0.584473, 0.766113, 0.0172272, 0.585449, 0.766113, 0.0172987, 0.586426, 0.766113, 0.0171973, 0.587402, 0.766113, 0.0169234, 0.588379, 0.766113, 0.0164844, 0.589355, 0.766113, 0.0158937, 0.590332, 0.766113, 0.0151708, 0.591309, 0.766113, 0.0143401, 0.592285, 0.766113, 0.0134302, 0.593262, 0.766113, 0.0124728, 
        0.578613, 0.76709, 0.0142878, 0.57959, 0.76709, 0.0161634, 0.580566, 0.76709, 0.0179187, 0.581543, 0.76709, 0.0194829, 0.58252, 0.76709, 0.0207925, 0.583496, 0.76709, 0.021794, 0.584473, 0.76709, 0.0224456, 0.585449, 0.76709, 0.022719, 0.586426, 0.76709, 0.0226005, 0.587402, 0.76709, 0.0220913, 0.588379, 0.76709, 0.0212078, 0.589355, 0.76709, 0.0199808, 0.590332, 0.76709, 0.0184541, 0.591309, 0.76709, 0.0166834, 0.592285, 0.76709, 0.0147334, 0.593262, 0.76709, 0.0126759, 
        0.578613, 0.768066, 0.014616, 0.57959, 0.768066, 0.0175125, 0.580566, 0.768066, 0.0202262, 0.581543, 0.768066, 0.0226495, 0.58252, 0.768066, 0.024686, 0.583496, 0.768066, 0.0262542, 0.584473, 0.768066, 0.0272906, 0.585449, 0.768066, 0.027752, 0.586426, 0.768066, 0.0276176, 0.587402, 0.768066, 0.0268894, 0.588379, 0.768066, 0.0255922, 0.589355, 0.768066, 0.0237727, 0.590332, 0.768066, 0.0214979, 0.591309, 0.768066, 0.018852, 0.592285, 0.768066, 0.0159337, 0.593262, 0.768066, 0.0128521, 
        0.578613, 0.769043, 0.0148813, 0.57959, 0.769043, 0.0186841, 0.580566, 0.769043, 0.0222487, 0.581543, 0.769043, 0.0254347, 0.58252, 0.769043, 0.0281166, 0.583496, 0.769043, 0.0301879, 0.584473, 0.769043, 0.0315659, 0.585449, 0.769043, 0.0321944, 0.586426, 0.769043, 0.0320462, 0.587402, 0.769043, 0.0311237, 0.588379, 0.769043, 0.0294594, 0.589355, 0.769043, 0.0271143, 0.590332, 0.769043, 0.0241755, 0.591309, 0.769043, 0.020753, 0.592285, 0.769043, 0.0169753, 0.593262, 0.769043, 0.0129849, 
        0.578613, 0.77002, 0.015063, 0.57959, 0.77002, 0.0196225, 0.580566, 0.77002, 0.0238976, 0.581543, 0.77002, 0.0277206, 0.58252, 0.77002, 0.0309414, 0.583496, 0.77002, 0.033433, 0.584473, 0.77002, 0.0350964, 0.585449, 0.77002, 0.0358647, 0.586426, 0.77002, 0.035705, 0.587402, 0.77002, 0.0346207, 0.588379, 0.77002, 0.0326503, 0.589355, 0.77002, 0.0298666, 0.590332, 0.77002, 0.0263739, 0.591309, 0.77002, 0.0223033, 0.592285, 0.77002, 0.0178086, 0.593262, 0.77002, 0.0130597, 
        0.578613, 0.770996, 0.0151438, 0.57959, 0.770996, 0.0202816, 0.580566, 0.770996, 0.0250996, 0.581543, 0.770996, 0.0294093, 0.58252, 0.770996, 0.0330421, 0.583496, 0.770996, 0.035855, 0.584473, 0.770996, 0.0377368, 0.585449, 0.770996, 0.0386121, 0.586426, 0.770996, 0.0384442, 0.587402, 0.770996, 0.0372366, 0.588379, 0.770996, 0.0350328, 0.589355, 0.770996, 0.0319146, 0.590332, 0.770996, 0.0279992, 0.591309, 0.770996, 0.0234341, 0.592285, 0.770996, 0.0183923, 0.593262, 0.770996, 0.0130646, 
        0.578613, 0.771973, 0.0151105, 0.57959, 0.771973, 0.0206258, 0.580566, 0.771973, 0.0257982, 0.581543, 0.771973, 0.0304259, 0.58252, 0.771973, 0.0343277, 0.583496, 0.771973, 0.0373506, 0.584473, 0.771973, 0.0393753, 0.585449, 0.771973, 0.0403209, 0.586426, 0.771973, 0.0401482, 0.587402, 0.771973, 0.0388608, 0.588379, 0.771973, 0.0365054, 0.589355, 0.771973, 0.0331697, 0.590332, 0.771973, 0.0289793, 0.591309, 0.771973, 0.0240925, 0.592285, 0.771973, 0.0186945, 0.593262, 0.771973, 0.0129902, 
        0.578613, 0.772949, 0.0149546, 0.57959, 0.772949, 0.0206321, 0.580566, 0.772949, 0.025957, 0.581543, 0.772949, 0.0307215, 0.58252, 0.772949, 0.0347392, 0.583496, 0.772949, 0.0378528, 0.584473, 0.772949, 0.0399395, 0.585449, 0.772949, 0.0409161, 0.586426, 0.772949, 0.0407422, 0.587402, 0.772949, 0.0394216, 0.588379, 0.772949, 0.0370023, 0.589355, 0.772949, 0.0335746, 0.590332, 0.772949, 0.0292676, 0.591309, 0.772949, 0.0242442, 0.592285, 0.772949, 0.0186948, 0.593262, 0.772949, 0.0128303, 
        0.578613, 0.773926, 0.0146723, 0.57959, 0.773926, 0.0202907, 0.580566, 0.773926, 0.0255602, 0.581543, 0.773926, 0.0302752, 0.58252, 0.773926, 0.0342513, 0.583496, 0.773926, 0.0373329, 0.584473, 0.773926, 0.0393983, 0.585449, 0.773926, 0.0403655, 0.586426, 0.773926, 0.0401942, 0.587402, 0.773926, 0.0388883, 0.588379, 0.773926, 0.0364954, 0.589355, 0.773926, 0.0331047, 0.590332, 0.773926, 0.0288439, 0.591309, 0.773926, 0.0238742, 0.592285, 0.773926, 0.0183843, 0.593262, 0.773926, 0.0125825, 
        0.578613, 0.774902, 0.014265, 0.57959, 0.774902, 0.0196052, 0.580566, 0.774902, 0.0246136, 0.581543, 0.774902, 0.0290947, 0.58252, 0.774902, 0.0328734, 0.583496, 0.774902, 0.0358014, 0.584473, 0.774902, 0.0377633, 0.585449, 0.774902, 0.0386809, 0.586426, 0.774902, 0.038516, 0.587402, 0.774902, 0.0372723, 0.588379, 0.774902, 0.034995, 0.589355, 0.774902, 0.0317689, 0.590332, 0.774902, 0.0277156, 0.591309, 0.774902, 0.0229882, 0.592285, 0.774902, 0.0177661, 0.593262, 0.774902, 0.0122475, 
        0.578613, 0.775879, 0.0137389, 0.57959, 0.775879, 0.0185926, 0.580566, 0.775879, 0.0231445, 0.581543, 0.775879, 0.0272166, 0.58252, 0.775879, 0.0306496, 0.583496, 0.775879, 0.0333086, 0.584473, 0.775879, 0.0350887, 0.585449, 0.775879, 0.0359186, 0.586426, 0.775879, 0.0357637, 0.587402, 0.775879, 0.0346272, 0.588379, 0.775879, 0.0325504, 0.589355, 0.775879, 0.0296104, 0.590332, 0.775879, 0.0259177, 0.591309, 0.775879, 0.0216118, 0.592285, 0.775879, 0.0168557, 0.593262, 0.775879, 0.0118299, 
        0.578613, 0.776855, 0.013105, 0.57959, 0.776855, 0.0172828, 0.580566, 0.776855, 0.0212001, 0.581543, 0.776855, 0.0247037, 0.58252, 0.776855, 0.0276561, 0.583496, 0.776855, 0.0299411, 0.584473, 0.776855, 0.0314681, 0.585449, 0.776855, 0.0321756, 0.586426, 0.776855, 0.0320339, 0.587402, 0.776855, 0.0310458, 0.588379, 0.776855, 0.0292467, 0.589355, 0.776855, 0.0267032, 0.590332, 0.776855, 0.0235106, 0.591309, 0.776855, 0.0197892, 0.592285, 0.776855, 0.0156796, 0.593262, 0.776855, 0.0113374, 
        0.578613, 0.777832, 0.0123789, 0.57959, 0.777832, 0.0157171, 0.580566, 0.777832, 0.0188465, 0.581543, 0.777832, 0.0216441, 0.58252, 0.777832, 0.0239997, 0.583496, 0.777832, 0.02582, 0.584473, 0.777832, 0.0270324, 0.585449, 0.777832, 0.0275878, 0.586426, 0.777832, 0.0274621, 0.587402, 0.777832, 0.0266576, 0.588379, 0.777832, 0.0252028, 0.589355, 0.777832, 0.0231511, 0.590332, 0.777832, 0.0205789, 0.591309, 0.777832, 0.0175826, 0.592285, 0.777832, 0.0142749, 0.593262, 0.777832, 0.0107807, 
        0.578613, 0.778809, 0.0115795, 0.57959, 0.778809, 0.0139473, 0.580566, 0.778809, 0.0161658, 0.581543, 0.778809, 0.0181472, 0.58252, 0.778809, 0.0198127, 0.583496, 0.778809, 0.0210957, 0.584473, 0.778809, 0.0219444, 0.585449, 0.778809, 0.0223236, 0.586426, 0.778809, 0.0222161, 0.587402, 0.778809, 0.0216237, 0.588379, 0.778809, 0.0205666, 0.589355, 0.778809, 0.0190829, 0.590332, 0.778809, 0.0172274, 0.591309, 0.778809, 0.0150688, 0.592285, 0.778809, 0.0126878, 0.593262, 0.778809, 0.0101734, 
        0.578613, 0.779785, 0.0107288, 0.57959, 0.779785, 0.0120325, 0.580566, 0.779785, 0.0132522, 0.581543, 0.779785, 0.0143385, 0.58252, 0.779785, 0.0152473, 0.583496, 0.779785, 0.015941, 0.584473, 0.779785, 0.0163907, 0.585449, 0.779785, 0.0165766, 0.586426, 0.779785, 0.0164889, 0.587402, 0.779785, 0.0161288, 0.588379, 0.779785, 0.0155075, 0.589355, 0.779785, 0.0146466, 0.590332, 0.779785, 0.0135767, 0.591309, 0.779785, 0.0123364, 0.592285, 0.779785, 0.0109711, 0.593262, 0.779785, 0.00953082, 
