{
    "level": 0,
    "idx": {"x": 38, "y": 42},
    "dim": {"x": 16, "y": 16},
    "offset": {"x": 0.594238, "y": 0.656738},
    "cellSize": {"x": 0.000976562, "y": 0.000976562},
    "vertices": [
        0.594238, 0.656738, 0.0782177, 0.595215, 0.656738, 0.0783788, 0.596191, 0.656738, 0.0784926, 0.597168, 0.656738, 0.0785323, 0.598145, 0.656738, 0.0784743, 0.599121, 0.656738, 0.0782983, 0.600098, 0.656738, 0.0779887, 0.601074, 0.656738, 0.0775351, 0.602051, 0.656738, 0.0769323, 0.603027, 0.656738, 0.0761812, 0.604004, 0.656738, 0.0752879, 0.60498, 0.656738, 0.0742644, 0.605957, 0.656738, 0.0731274, 0.606934, 0.656738, 0.0718981, 0.60791, 0.656738, 0.070601, 0.608887, 0.656738, 0.0692635, 
        0.594238, 0.657715, 0.0779275, 0.595215, 0.657715, 0.0791953, 0.596191, 0.657715, 0.0803477, 0.597168, 0.657715, 0.0813184, 0.598145, 0.657715, 0.0820479, 0.599121, 0.657715, 0.0824862, 0.600098, 0.657715, 0.0825941, 0.601074, 0.657715, 0.0823454, 0.602051, 0.657715, 0.0817274, 0.603027, 0.657715, 0.0807417, 0.604004, 0.657715, 0.079404, 0.60498, 0.657715, 0.0777434, 0.605957, 0.657715, 0.0758015, 0.606934, 0.657715, 0.0736308, 0.60791, 0.657715, 0.0712924, 0.608887, 0.657715, 0.0688538, 
        0.594238, 0.658691, 0.0776002, 0.595215, 0.658691, 0.0799038, 0.596191, 0.658691, 0.0820283, 0.597168, 0.658691, 0.0838704, 0.598145, 0.658691, 0.0853371, 0.599121, 0.658691, 0.0863504, 0.600098, 0.658691, 0.0868492, 0.601074, 0.658691, 0.0867927, 0.602051, 0.658691, 0.0861609, 0.603027, 0.658691, 0.0849562, 0.604004, 0.658691, 0.0832031, 0.60498, 0.658691, 0.0809469, 0.605957, 0.658691, 0.0782524, 0.606934, 0.658691, 0.0752015, 0.60791, 0.658691, 0.0718893, 0.608887, 0.658691, 0.0684211, 
        0.594238, 0.659668, 0.0772119, 0.595215, 0.659668, 0.0804408, 0.596191, 0.659668, 0.0834339, 0.597168, 0.659668, 0.0860545, 0.598145, 0.659668, 0.0881801, 0.599121, 0.659668, 0.0897074, 0.600098, 0.659668, 0.0905561, 0.601074, 0.659668, 0.0906718, 0.602051, 0.659668, 0.0900284, 0.603027, 0.659668, 0.0886289, 0.604004, 0.659668, 0.0865056, 0.60498, 0.659668, 0.0837185, 0.605957, 0.659668, 0.080353, 0.606934, 0.659668, 0.0765169, 0.60791, 0.659668, 0.0723361, 0.608887, 0.659668, 0.0679495, 
        0.594238, 0.660645, 0.0767412, 0.595215, 0.660645, 0.0807496, 0.596191, 0.660645, 0.0844744, 0.597168, 0.660645, 0.087751, 0.598145, 0.660645, 0.090432, 0.599121, 0.660645, 0.0923928, 0.600098, 0.660645, 0.0935368, 0.601074, 0.660645, 0.0937984, 0.602051, 0.660645, 0.0931463, 0.603027, 0.660645, 0.0915842, 0.604004, 0.660645, 0.0891506, 0.60498, 0.660645, 0.0859179, 0.605957, 0.660645, 0.0819889, 0.606934, 0.660645, 0.0774935, 0.60791, 0.660645, 0.0725831, 0.608887, 0.660645, 0.0674251, 
        0.594238, 0.661621, 0.07617, 0.595215, 0.661621, 0.0807823, 0.596191, 0.661621, 0.0850741, 0.597168, 0.661621, 0.0888592, 0.598145, 0.661621, 0.0919708, 0.599121, 0.661621, 0.0942682, 0.600098, 0.661621, 0.0956419, 0.601074, 0.661621, 0.0960179, 0.602051, 0.661621, 0.0953607, 0.603027, 0.661621, 0.0936744, 0.604004, 0.661621, 0.0910026, 0.60498, 0.661621, 0.0874272, 0.605957, 0.661621, 0.0830644, 0.606934, 0.661621, 0.0780611, 0.60791, 0.661621, 0.0725885, 0.608887, 0.661621, 0.0668359, 
        0.594238, 0.662598, 0.0754845, 0.595215, 0.662598, 0.0805022, 0.596191, 0.662598, 0.0851746, 0.597168, 0.662598, 0.0893015, 0.598145, 0.662598, 0.0927028, 0.599121, 0.662598, 0.0952271, 0.600098, 0.662598, 0.0967565, 0.601074, 0.662598, 0.0972112, 0.602051, 0.662598, 0.0965528, 0.603027, 0.662598, 0.0947859, 0.604004, 0.662598, 0.0919574, 0.60498, 0.662598, 0.0881555, 0.605957, 0.662598, 0.0835055, 0.606934, 0.662598, 0.0781654, 0.60791, 0.662598, 0.0723199, 0.608887, 0.662598, 0.0661727, 
        0.594238, 0.663574, 0.0746755, 0.595215, 0.663574, 0.0798846, 0.596191, 0.663574, 0.084737, 0.597168, 0.663574, 0.0890258, 0.598145, 0.663574, 0.0925651, 0.599121, 0.663574, 0.0951982, 0.600098, 0.663574, 0.0968034, 0.601074, 0.663574, 0.0972982, 0.602051, 0.663574, 0.096643, 0.603027, 0.663574, 0.0948424, 0.604004, 0.663574, 0.0919452, 0.60498, 0.663574, 0.0880421, 0.605957, 0.663574, 0.0832627, 0.606934, 0.663574, 0.0777704, 0.60791, 0.663574, 0.0717559, 0.608887, 0.663574, 0.0654297, 
        0.594238, 0.664551, 0.0737385, 0.595215, 0.664551, 0.078918, 0.596191, 0.664551, 0.0837432, 0.597168, 0.664551, 0.0880082, 0.598145, 0.664551, 0.0915285, 0.599121, 0.664551, 0.0941485, 0.600098, 0.664551, 0.0957469, 0.601074, 0.664551, 0.0962421, 0.602051, 0.664551, 0.0955946, 0.603027, 0.664551, 0.0938089, 0.604004, 0.664551, 0.0909336, 0.60498, 0.664551, 0.0870587, 0.605957, 0.664551, 0.0823132, 0.606934, 0.664551, 0.0768593, 0.60791, 0.664551, 0.0708864, 0.608887, 0.664551, 0.0646038, 
        0.594238, 0.665527, 0.0726747, 0.595215, 0.665527, 0.077605, 0.596191, 0.665527, 0.0821969, 0.597168, 0.665527, 0.0862537, 0.598145, 0.665527, 0.0895991, 0.599121, 0.665527, 0.0920846, 0.600098, 0.665527, 0.0935944, 0.601074, 0.665527, 0.0940504, 0.602051, 0.665527, 0.093415, 0.603027, 0.665527, 0.0916925, 0.604004, 0.665527, 0.0889292, 0.60498, 0.665527, 0.0852112, 0.605957, 0.665527, 0.0806616, 0.606934, 0.665527, 0.0754354, 0.60791, 0.665527, 0.0697135, 0.608887, 0.665527, 0.0636958, 
        0.594238, 0.666504, 0.0714899, 0.595215, 0.666504, 0.0759613, 0.596191, 0.666504, 0.080123, 0.597168, 0.666504, 0.0837953, 0.598145, 0.666504, 0.086817, 0.599121, 0.666504, 0.0890522, 0.600098, 0.666504, 0.0903951, 0.601074, 0.666504, 0.0907741, 0.602051, 0.666504, 0.0901551, 0.603027, 0.666504, 0.0885418, 0.604004, 0.666504, 0.0859766, 0.60498, 0.666504, 0.0825384, 0.605957, 0.666504, 0.0783396, 0.606934, 0.666504, 0.073522, 0.60791, 0.666504, 0.0682511, 0.608887, 0.666504, 0.0627096, 
        0.594238, 0.66748, 0.0701953, 0.595215, 0.66748, 0.0740159, 0.596191, 0.66748, 0.0775676, 0.597168, 0.66748, 0.0806943, 0.598145, 0.66748, 0.0832561, 0.599121, 0.66748, 0.0851351, 0.600098, 0.66748, 0.0862394, 0.601074, 0.66748, 0.086507, 0.602051, 0.66748, 0.0859081, 0.603027, 0.66748, 0.0844462, 0.604004, 0.66748, 0.0821579, 0.60498, 0.66748, 0.0791117, 0.605957, 0.66748, 0.0754053, 0.606934, 0.66748, 0.0711617, 0.60791, 0.66748, 0.0665246, 0.608887, 0.66748, 0.0616526, 
        0.594238, 0.668457, 0.068806, 0.595215, 0.668457, 0.0718093, 0.596191, 0.668457, 0.0745947, 0.597168, 0.668457, 0.0770359, 0.598145, 0.668457, 0.0790196, 0.599121, 0.668457, 0.0804504, 0.600098, 0.668457, 0.081254, 0.601074, 0.668457, 0.0813801, 0.602051, 0.668457, 0.0808048, 0.603027, 0.668457, 0.0795307, 0.604004, 0.668457, 0.0775877, 0.60498, 0.668457, 0.0750311, 0.605957, 0.668457, 0.07194, 0.606934, 0.668457, 0.068414, 0.60791, 0.668457, 0.0645694, 0.608887, 0.668457, 0.0605347, 
        0.594238, 0.669434, 0.0673417, 0.595215, 0.669434, 0.0693929, 0.596191, 0.669434, 0.0712856, 0.597168, 0.669434, 0.072928, 0.598145, 0.669434, 0.074238, 0.599121, 0.669434, 0.0751462, 0.600098, 0.669434, 0.0755988, 0.601074, 0.669434, 0.0755593, 0.602051, 0.669434, 0.0750102, 0.603027, 0.669434, 0.0739536, 0.604004, 0.669434, 0.072411, 0.60498, 0.669434, 0.0704229, 0.605957, 0.669434, 0.0680465, 0.606934, 0.669434, 0.0653543, 0.60791, 0.669434, 0.0624306, 0.608887, 0.669434, 0.0593688, 
        0.594238, 0.67041, 0.0658245, 0.595215, 0.67041, 0.0668257, 0.596191, 0.67041, 0.0677338, 0.597168, 0.67041, 0.0684951, 0.598145, 0.67041, 0.0690618, 0.599121, 0.67041, 0.0693934, 0.600098, 0.67041, 0.0694584, 0.601074, 0.67041, 0.0692355, 0.602051, 0.67041, 0.0687146, 0.603027, 0.67041, 0.0678969, 0.604004, 0.67041, 0.0667951, 0.60498, 0.67041, 0.0654327, 0.605957, 0.67041, 0.0638434, 0.606934, 0.67041, 0.0620693, 0.60791, 0.67041, 0.0601599, 0.608887, 0.67041, 0.0581697, 
