{
    "level": 0,
    "idx": {"x": 38, "y": 71},
    "dim": {"x": 8, "y": 8},
    "offset": {"x": 0.297363, "y": 0.555176},
    "cellSize": {"x": 0.000976562, "y": 0.000976562},
    "vertices": [
        0.297363, 0.555176, 0.0571595, 0.29834, 0.555176, 0.0578595, 0.299316, 0.555176, 0.0585432, 0.300293, 0.555176, 0.0592111, 0.30127, 0.555176, 0.0598638, 0.302246, 0.555176, 0.0605024, 0.303223, 0.555176, 0.0611278, 0.304199, 0.555176, 0.0617415, 
        0.297363, 0.556152, 0.0566955, 0.29834, 0.556152, 0.0573931, 0.299316, 0.556152, 0.0580771, 0.300293, 0.556152, 0.058748, 0.30127, 0.556152, 0.0594063, 0.302246, 0.556152, 0.0600528, 0.303223, 0.556152, 0.0606886, 0.304199, 0.556152, 0.0613148, 
        0.297363, 0.557129, 0.0562058, 0.29834, 0.557129, 0.0569012, 0.299316, 0.557129, 0.0575859, 0.300293, 0.557129, 0.0582603, 0.30127, 0.557129, 0.0589248, 0.302246, 0.557129, 0.0595803, 0.303223, 0.557129, 0.0602276, 0.304199, 0.557129, 0.0608676, 
        0.297363, 0.558105, 0.0556933, 0.29834, 0.558105, 0.0563867, 0.299316, 0.558105, 0.0570724, 0.300293, 0.558105, 0.0577508, 0.30127, 0.558105, 0.0584223, 0.302246, 0.558105, 0.0590875, 0.303223, 0.558105, 0.0597472, 0.304199, 0.558105, 0.0604021, 
        0.297363, 0.559082, 0.0551614, 0.29834, 0.559082, 0.0558528, 0.299316, 0.559082, 0.0565398, 0.300293, 0.559082, 0.0572226, 0.30127, 0.559082, 0.0579015, 0.302246, 0.559082, 0.0585772, 0.303223, 0.559082, 0.05925, 0.304199, 0.559082, 0.0599209, 
        0.297363, 0.560059, 0.0546134, 0.29834, 0.560059, 0.0553028, 0.299316, 0.560059, 0.0559913, 0.300293, 0.560059, 0.0566787, 0.30127, 0.560059, 0.0573656, 0.302246, 0.560059, 0.0580521, 0.303223, 0.560059, 0.0587389, 0.304199, 0.560059, 0.0594263, 
        0.297363, 0.561035, 0.0540525, 0.29834, 0.561035, 0.0547402, 0.299316, 0.561035, 0.0554302, 0.300293, 0.561035, 0.0561226, 0.30127, 0.561035, 0.0568176, 0.302246, 0.561035, 0.0575155, 0.303223, 0.561035, 0.0582165, 0.304199, 0.561035, 0.058921, 
        0.297363, 0.562012, 0.0534825, 0.29834, 0.562012, 0.0541684, 0.299316, 0.562012, 0.05486, 0.300293, 0.562012, 0.0555575, 0.30127, 0.562012, 0.0562609, 0.302246, 0.562012, 0.0569703, 0.303223, 0.562012, 0.0576858, 0.304199, 0.562012, 0.0584077
    ]
}
