{
    "level": 0,
    "idx": {"x": 38, "y": 43},
    "dim": {"x": 8, "y": 8},
    "offset": {"x": 0.297363, "y": 0.336426},
    "cellSize": {"x": 0.000976562, "y": 0.000976562},
    "vertices": [
        0.297363, 0.336426, 0.0166, 0.29834, 0.336426, 0.0169377, 0.299316, 0.336426, 0.0173035, 0.300293, 0.336426, 0.0176969, 0.30127, 0.336426, 0.0181173, 0.302246, 0.336426, 0.0185638, 0.303223, 0.336426, 0.0190354, 0.304199, 0.336426, 0.0195306, 
        0.297363, 0.337402, 0.0170453, 0.29834, 0.337402, 0.0173868, 0.299316, 0.337402, 0.0177538, 0.300293, 0.337402, 0.0181459, 0.30127, 0.337402, 0.0185625, 0.302246, 0.337402, 0.0190028, 0.303223, 0.337402, 0.0194659, 0.304199, 0.337402, 0.0199505, 
        0.297363, 0.338379, 0.0175144, 0.29834, 0.338379, 0.0178597, 0.299316, 0.338379, 0.0182276, 0.300293, 0.338379, 0.0186178, 0.30127, 0.338379, 0.0190298, 0.302246, 0.338379, 0.0194629, 0.303223, 0.338379, 0.0199164, 0.304199, 0.338379, 0.0203891, 
        0.297363, 0.339355, 0.0180045, 0.29834, 0.339355, 0.0183533, 0.299316, 0.339355, 0.0187218, 0.300293, 0.339355, 0.0191097, 0.30127, 0.339355, 0.0195164, 0.302246, 0.339355, 0.0199416, 0.303223, 0.339355, 0.0203844, 0.304199, 0.339355, 0.020844, 
        0.297363, 0.340332, 0.0185124, 0.29834, 0.340332, 0.0188647, 0.299316, 0.340332, 0.0192335, 0.300293, 0.340332, 0.0196186, 0.30127, 0.340332, 0.0200196, 0.302246, 0.340332, 0.0204361, 0.303223, 0.340332, 0.0208674, 0.304199, 0.340332, 0.021313, 
        0.297363, 0.341309, 0.0190348, 0.29834, 0.341309, 0.0193906, 0.299316, 0.341309, 0.0197596, 0.300293, 0.341309, 0.0201416, 0.30127, 0.341309, 0.0205363, 0.302246, 0.341309, 0.0209436, 0.303223, 0.341309, 0.0213628, 0.304199, 0.341309, 0.0217936, 
        0.297363, 0.342285, 0.0195685, 0.29834, 0.342285, 0.0199277, 0.299316, 0.342285, 0.0202967, 0.300293, 0.342285, 0.0206753, 0.30127, 0.342285, 0.0210636, 0.302246, 0.342285, 0.0214612, 0.303223, 0.342285, 0.0218679, 0.304199, 0.342285, 0.0222833, 
        0.297363, 0.343262, 0.02011, 0.29834, 0.343262, 0.0204725, 0.299316, 0.343262, 0.0208414, 0.300293, 0.343262, 0.0212166, 0.30127, 0.343262, 0.0215981, 0.302246, 0.343262, 0.0219858, 0.303223, 0.343262, 0.0223797, 0.304199, 0.343262, 0.0227794
    ]
}
