{
    "level": 0,
    "idx": {"x": 39, "y": 2},
    "dim": {"x": 8, "y": 8},
    "offset": {"x": 0.305176, "y": 0.0161133},
    "cellSize": {"x": 0.000976562, "y": 0.000976562},
    "vertices": [
        0.305176, 0.0161133, -0.0036758, 0.306152, 0.0161133, -0.00336074, 0.307129, 0.0161133, -0.00302321, 0.308105, 0.0161133, -0.00266614, 0.309082, 0.0161133, -0.00229265, 0.310059, 0.0161133, -0.00190599, 0.311035, 0.0161133, -0.00150957, 0.312012, 0.0161133, -0.00110688, 
        0.305176, 0.0170898, -0.00372996, 0.306152, 0.0170898, -0.00341419, 0.307129, 0.0170898, -0.00307604, 0.308105, 0.0170898, -0.00271842, 0.309082, 0.0170898, -0.00234444, 0.310059, 0.0170898, -0.00195734, 0.311035, 0.0170898, -0.00156049, 0.312012, 0.0170898, -0.00115739, 
        0.305176, 0.0180664, -0.00375903, 0.306152, 0.0180664, -0.00344525, 0.307129, 0.0180664, -0.00310939, 0.308105, 0.0180664, -0.00275432, 0.309082, 0.0180664, -0.0023831, 0.310059, 0.0180664, -0.00199894, 0.311035, 0.0180664, -0.00160514, 0.312012, 0.0180664, -0.00120516, 
        0.305176, 0.019043, -0.00376334, 0.306152, 0.019043, -0.00345422, 0.307129, 0.019043, -0.00312353, 0.308105, 0.019043, -0.00277407, 0.309082, 0.019043, -0.00240882, 0.310059, 0.019043, -0.00203091, 0.311035, 0.019043, -0.00164359, 0.312012, 0.019043, -0.0012502, 
        0.305176, 0.0200195, -0.00374347, 0.306152, 0.0200195, -0.00344161, 0.307129, 0.0200195, -0.00311889, 0.308105, 0.0200195, -0.00277801, 0.309082, 0.0200195, -0.00242187, 0.310059, 0.0200195, -0.00205347, 0.311035, 0.0200195, -0.00167595, 0.312012, 0.0200195, -0.00129255, 
        0.305176, 0.0209961, -0.00370023, 0.306152, 0.0209961, -0.00340813, 0.307129, 0.0209961, -0.00309609, 0.308105, 0.0209961, -0.00276668, 0.309082, 0.0209961, -0.00242266, 0.310059, 0.0209961, -0.00206691, 0.311035, 0.0209961, -0.00170242, 0.312012, 0.0209961, -0.00133228, 
        0.305176, 0.0219727, -0.00363463, 0.306152, 0.0219727, -0.0033547, 0.307129, 0.0219727, -0.00305592, 0.308105, 0.0219727, -0.00274073, 0.309082, 0.0219727, -0.00241172, 0.310059, 0.0219727, -0.00207161, 0.311035, 0.0219727, -0.00172322, 0.312012, 0.0219727, -0.00136946, 
        0.305176, 0.0229492, -0.00354791, 0.306152, 0.0229492, -0.00328241, 0.307129, 0.0229492, -0.00299933, 0.308105, 0.0229492, -0.00270095, 0.309082, 0.0229492, -0.00238966, 0.310059, 0.0229492, -0.00206802, 0.311035, 0.0229492, -0.00173863, 0.312012, 0.0229492, -0.00140421
    ]
}
