{
    "level": 0,
    "idx": {"x": 39, "y": 47},
    "dim": {"x": 16, "y": 16},
    "offset": {"x": 0.609863, "y": 0.734863},
    "cellSize": {"x": 0.000976562, "y": 0.000976562},
    "vertices": [
        0.609863, 0.734863, 0.0204044, 0.61084, 0.734863, 0.0210588, 0.611816, 0.734863, 0.0216615, 0.612793, 0.734863, 0.0221828, 0.61377, 0.734863, 0.0225958, 0.614746, 0.734863, 0.0228781, 0.615723, 0.734863, 0.0230123, 0.616699, 0.734863, 0.0229865, 0.617676, 0.734863, 0.0227952, 0.618652, 0.734863, 0.0224391, 0.619629, 0.734863, 0.0219254, 0.620605, 0.734863, 0.0212673, 0.621582, 0.734863, 0.0204835, 0.622559, 0.734863, 0.0195976, 0.623535, 0.734863, 0.0186373, 0.624512, 0.734863, 0.0176329, 
        0.609863, 0.73584, 0.0207215, 0.61084, 0.73584, 0.0224738, 0.611816, 0.73584, 0.024106, 0.612793, 0.73584, 0.0255487, 0.61377, 0.73584, 0.0267399, 0.614746, 0.73584, 0.0276272, 0.615723, 0.73584, 0.0281701, 0.616699, 0.73584, 0.028341, 0.617676, 0.73584, 0.0281271, 0.618652, 0.73584, 0.0275299, 0.619629, 0.73584, 0.0265662, 0.620605, 0.73584, 0.0252663, 0.621582, 0.73584, 0.0236742, 0.622559, 0.73584, 0.0218445, 0.623535, 0.73584, 0.0198413, 0.624512, 0.73584, 0.0177354, 
        0.609863, 0.736816, 0.0209978, 0.61084, 0.736816, 0.023774, 0.611816, 0.736816, 0.0263663, 0.612793, 0.736816, 0.0286684, 0.61377, 0.736816, 0.0305854, 0.614746, 0.736816, 0.0320371, 0.615723, 0.736816, 0.0329612, 0.616699, 0.736816, 0.0333158, 0.617676, 0.736816, 0.0330809, 0.618652, 0.736816, 0.0322591, 0.619629, 0.736816, 0.0308758, 0.620605, 0.736816, 0.0289778, 0.621582, 0.736816, 0.0266321, 0.622559, 0.736816, 0.0239225, 0.623535, 0.736816, 0.020947, 0.624512, 0.736816, 0.017814, 
        0.609863, 0.737793, 0.0212086, 0.61084, 0.737793, 0.0248954, 0.611816, 0.737793, 0.0283414, 0.612793, 0.737793, 0.0314079, 0.61377, 0.737793, 0.0339704, 0.614746, 0.737793, 0.035924, 0.615723, 0.737793, 0.0371873, 0.616699, 0.737793, 0.0377054, 0.617676, 0.737793, 0.0374522, 0.618652, 0.737793, 0.036431, 0.619629, 0.737793, 0.0346751, 0.620605, 0.737793, 0.0322457, 0.621582, 0.737793, 0.0292303, 0.622559, 0.737793, 0.0257388, 0.623535, 0.737793, 0.0218993, 0.624512, 0.737793, 0.0178536, 
        0.609863, 0.73877, 0.0213322, 0.61084, 0.73877, 0.0257812, 0.611816, 0.73877, 0.0299421, 0.612793, 0.73877, 0.0336485, 0.61377, 0.73877, 0.0367516, 0.614746, 0.73877, 0.0391257, 0.615723, 0.73877, 0.0406733, 0.616699, 0.73877, 0.0413287, 0.617676, 0.73877, 0.0410606, 0.618652, 0.73877, 0.039873, 0.619629, 0.73877, 0.0378058, 0.620605, 0.73877, 0.0349322, 0.621582, 0.73877, 0.0313569, 0.622559, 0.73877, 0.0272116, 0.623535, 0.73877, 0.0226497, 0.624512, 0.73877, 0.0178407, 
        0.609863, 0.739746, 0.0213502, 0.61084, 0.739746, 0.026384, 0.611816, 0.739746, 0.0310932, 0.612793, 0.739746, 0.0352906, 0.61377, 0.739746, 0.0388086, 0.614746, 0.739746, 0.0415055, 0.615723, 0.739746, 0.0432716, 0.616699, 0.739746, 0.0440329, 0.617676, 0.739746, 0.043754, 0.618652, 0.739746, 0.0424396, 0.619629, 0.739746, 0.0401345, 0.620605, 0.739746, 0.0369212, 0.621582, 0.739746, 0.0329177, 0.622559, 0.739746, 0.028272, 0.623535, 0.739746, 0.0231572, 0.624512, 0.739746, 0.0177641, 
        0.609863, 0.740723, 0.0212485, 0.61084, 0.740723, 0.0266672, 0.611816, 0.740723, 0.0317375, 0.612793, 0.740723, 0.0362583, 0.61377, 0.740723, 0.0400495, 0.614746, 0.740723, 0.0429594, 0.615723, 0.740723, 0.0448699, 0.616699, 0.740723, 0.0457016, 0.617676, 0.740723, 0.0454167, 0.618652, 0.740723, 0.0440201, 0.619629, 0.740723, 0.0415597, 0.620605, 0.740723, 0.0381244, 0.621582, 0.740723, 0.0338406, 0.622559, 0.740723, 0.0288675, 0.623535, 0.740723, 0.0233906, 0.624512, 0.740723, 0.017615, 
        0.609863, 0.741699, 0.0210181, 0.61084, 0.741699, 0.0266071, 0.611816, 0.741699, 0.0318372, 0.612793, 0.741699, 0.0365012, 0.61377, 0.741699, 0.0404138, 0.614746, 0.741699, 0.0434186, 0.615723, 0.741699, 0.045394, 0.616699, 0.741699, 0.0462582, 0.617676, 0.741699, 0.0459722, 0.618652, 0.741699, 0.0445411, 0.619629, 0.741699, 0.0420144, 0.620605, 0.741699, 0.0384834, 0.621582, 0.741699, 0.0340785, 0.622559, 0.741699, 0.0289634, 0.623535, 0.741699, 0.0233295, 0.624512, 0.741699, 0.0173879, 
        0.609863, 0.742676, 0.0206549, 0.61084, 0.742676, 0.026193, 0.611816, 0.742676, 0.0313757, 0.612793, 0.742676, 0.0359975, 0.61377, 0.742676, 0.039875, 0.614746, 0.742676, 0.0428531, 0.615723, 0.742676, 0.0448115, 0.616699, 0.742676, 0.0456691, 0.617676, 0.742676, 0.0453872, 0.618652, 0.742676, 0.043971, 0.619629, 0.742676, 0.0414693, 0.620605, 0.742676, 0.0379727, 0.621582, 0.742676, 0.0336104, 0.622559, 0.742676, 0.0285446, 0.623535, 0.742676, 0.0229648, 0.624512, 0.742676, 0.0170802, 
        0.609863, 0.743652, 0.02016, 0.61084, 0.743652, 0.0254283, 0.611816, 0.743652, 0.0303582, 0.612793, 0.743652, 0.0347542, 0.61377, 0.743652, 0.0384415, 0.614746, 0.743652, 0.0412725, 0.615723, 0.743652, 0.0431328, 0.616699, 0.743652, 0.0439449, 0.617676, 0.743652, 0.0436723, 0.618652, 0.743652, 0.0423197, 0.619629, 0.743652, 0.0399337, 0.620605, 0.743652, 0.0366004, 0.621582, 0.743652, 0.032443, 0.622559, 0.743652, 0.0276159, 0.623535, 0.743652, 0.0222993, 0.624512, 0.743652, 0.0166926, 
        0.609863, 0.744629, 0.0195401, 0.61084, 0.744629, 0.0243301, 0.611816, 0.744629, 0.0288118, 0.612793, 0.744629, 0.032807, 0.61377, 0.744629, 0.0361565, 0.614746, 0.744629, 0.0387259, 0.615723, 0.744629, 0.0404107, 0.616699, 0.744629, 0.0411406, 0.617676, 0.744629, 0.040882, 0.618652, 0.744629, 0.0396395, 0.619629, 0.744629, 0.0374554, 0.620605, 0.744629, 0.0344082, 0.621582, 0.744629, 0.0306102, 0.622559, 0.744629, 0.0262019, 0.623535, 0.744629, 0.0213477, 0.624512, 0.744629, 0.0162292, 
        0.609863, 0.745605, 0.0188065, 0.61084, 0.745605, 0.0229283, 0.611816, 0.745605, 0.0267836, 0.612793, 0.745605, 0.0302187, 0.61377, 0.745605, 0.0330958, 0.614746, 0.745605, 0.035299, 0.615723, 0.745605, 0.036738, 0.616699, 0.745605, 0.0373519, 0.617676, 0.745605, 0.0371119, 0.618652, 0.745605, 0.0360218, 0.619629, 0.745605, 0.0341182, 0.620605, 0.745605, 0.031469, 0.621582, 0.745605, 0.0281711, 0.622559, 0.745605, 0.024346, 0.623535, 0.745605, 0.0201357, 0.624512, 0.745605, 0.0156969, 
        0.609863, 0.746582, 0.0179754, 0.61084, 0.746582, 0.0212648, 0.611816, 0.746582, 0.02434, 0.612793, 0.746582, 0.0270773, 0.61377, 0.746582, 0.029366, 0.614746, 0.746582, 0.0311127, 0.615723, 0.746582, 0.032245, 0.616699, 0.746582, 0.032714, 0.617676, 0.746582, 0.0324964, 0.618652, 0.746582, 0.0315952, 0.619629, 0.746582, 0.0300401, 0.620605, 0.746582, 0.0278854, 0.621582, 0.746582, 0.0252091, 0.622559, 0.746582, 0.022109, 0.623535, 0.746582, 0.0186993, 0.624512, 0.746582, 0.0151059, 
        0.609863, 0.747559, 0.0170668, 0.61084, 0.747559, 0.0193918, 0.611816, 0.747559, 0.021563, 0.612793, 0.747559, 0.0234917, 0.61377, 0.747559, 0.0250984, 0.614746, 0.747559, 0.0263161, 0.615723, 0.747559, 0.0270929, 0.616699, 0.747559, 0.0273935, 0.617676, 0.747559, 0.0272013, 0.618652, 0.747559, 0.0265185, 0.619629, 0.747559, 0.0253664, 0.620605, 0.747559, 0.0237839, 0.621582, 0.747559, 0.0218272, 0.622559, 0.747559, 0.0195662, 0.623535, 0.747559, 0.0170831, 0.624512, 0.747559, 0.0144682, 
        0.609863, 0.748535, 0.0161038, 0.61084, 0.748535, 0.0173698, 0.611816, 0.748535, 0.0185483, 0.612793, 0.748535, 0.019589, 0.61377, 0.748535, 0.0204467, 0.614746, 0.748535, 0.0210833, 0.615723, 0.748535, 0.0214694, 0.616699, 0.748535, 0.0215849, 0.617676, 0.748535, 0.0214203, 0.618652, 0.748535, 0.020977, 0.619629, 0.748535, 0.020267, 0.620605, 0.748535, 0.0193125, 0.621582, 0.748535, 0.0181453, 0.622559, 0.748535, 0.0168054, 0.623535, 0.748535, 0.0153392, 0.624512, 0.748535, 0.0137983, 
