{
    "level": 0,
    "idx": {"x": 39, "y": 39},
    "dim": {"x": 8, "y": 8},
    "offset": {"x": 0.305176, "y": 0.305176},
    "cellSize": {"x": 0.000976562, "y": 0.000976562},
    "vertices": [
        0.305176, 0.305176, 0.0177172, 0.306152, 0.305176, 0.0176805, 0.307129, 0.305176, 0.0176302, 0.308105, 0.305176, 0.0175683, 0.309082, 0.305176, 0.017497, 0.310059, 0.305176, 0.0174186, 0.311035, 0.305176, 0.0173354, 0.312012, 0.305176, 0.0172498, 
        0.305176, 0.306152, 0.0176805, 0.306152, 0.306152, 0.0176699, 0.307129, 0.306152, 0.0176475, 0.308105, 0.306152, 0.017615, 0.309082, 0.306152, 0.0175744, 0.310059, 0.306152, 0.0175276, 0.311035, 0.306152, 0.0174768, 0.312012, 0.306152, 0.0174241, 
        0.305176, 0.307129, 0.0176302, 0.306152, 0.307129, 0.0176475, 0.307129, 0.307129, 0.0176548, 0.308105, 0.307129, 0.0176536, 0.309082, 0.307129, 0.0176457, 0.310059, 0.307129, 0.0176327, 0.311035, 0.307129, 0.0176165, 0.312012, 0.307129, 0.0175989, 
        0.305176, 0.308105, 0.0175683, 0.306152, 0.308105, 0.017615, 0.307129, 0.308105, 0.0176536, 0.308105, 0.308105, 0.0176855, 0.309082, 0.308105, 0.017712, 0.310059, 0.308105, 0.0177346, 0.311035, 0.308105, 0.0177549, 0.312012, 0.308105, 0.0177743, 
        0.305176, 0.309082, 0.017497, 0.306152, 0.309082, 0.0175744, 0.307129, 0.309082, 0.0176457, 0.308105, 0.309082, 0.017712, 0.309082, 0.309082, 0.0177745, 0.310059, 0.309082, 0.0178343, 0.311035, 0.309082, 0.0178926, 0.312012, 0.309082, 0.0179508, 
        0.305176, 0.310059, 0.0174186, 0.306152, 0.310059, 0.0175276, 0.307129, 0.310059, 0.0176327, 0.308105, 0.310059, 0.0177346, 0.309082, 0.310059, 0.0178343, 0.310059, 0.310059, 0.0179325, 0.311035, 0.310059, 0.0180302, 0.312012, 0.310059, 0.0181283, 
        0.305176, 0.311035, 0.0173354, 0.306152, 0.311035, 0.0174768, 0.307129, 0.311035, 0.0176165, 0.308105, 0.311035, 0.0177549, 0.309082, 0.311035, 0.0178926, 0.310059, 0.311035, 0.0180302, 0.311035, 0.311035, 0.0181683, 0.312012, 0.311035, 0.0183073, 
        0.305176, 0.312012, 0.0172498, 0.306152, 0.312012, 0.0174241, 0.307129, 0.312012, 0.0175989, 0.308105, 0.312012, 0.0177743, 0.309082, 0.312012, 0.0179508, 0.310059, 0.312012, 0.0181283, 0.311035, 0.312012, 0.0183073, 0.312012, 0.312012, 0.0184879
    ]
}
