{
    "level": 0,
    "idx": {"x": 39, "y": 50},
    "dim": {"x": 8, "y": 8},
    "offset": {"x": 0.305176, "y": 0.391113},
    "cellSize": {"x": 0.000976562, "y": 0.000976562},
    "vertices": [
        0.305176, 0.391113, 0.0342223, 0.306152, 0.391113, 0.0352284, 0.307129, 0.391113, 0.0362641, 0.308105, 0.391113, 0.0373264, 0.309082, 0.391113, 0.0384122, 0.310059, 0.391113, 0.0395182, 0.311035, 0.391113, 0.040641, 0.312012, 0.391113, 0.041777, 
        0.305176, 0.39209, 0.034557, 0.306152, 0.39209, 0.035567, 0.307129, 0.39209, 0.0366065, 0.308105, 0.39209, 0.0376725, 0.309082, 0.39209, 0.0387619, 0.310059, 0.39209, 0.0398715, 0.311035, 0.39209, 0.0409979, 0.312012, 0.39209, 0.0421375, 
        0.305176, 0.393066, 0.0349172, 0.306152, 0.393066, 0.0359284, 0.307129, 0.393066, 0.0369688, 0.308105, 0.393066, 0.0380354, 0.309082, 0.393066, 0.0391252, 0.310059, 0.393066, 0.0402349, 0.311035, 0.393066, 0.0413614, 0.312012, 0.393066, 0.042501, 
        0.305176, 0.394043, 0.0353025, 0.306152, 0.394043, 0.0363123, 0.307129, 0.394043, 0.0373506, 0.308105, 0.394043, 0.0384147, 0.309082, 0.394043, 0.0395016, 0.310059, 0.394043, 0.0406083, 0.311035, 0.394043, 0.0417314, 0.312012, 0.394043, 0.0428676, 
        0.305176, 0.39502, 0.0357122, 0.306152, 0.39502, 0.0367178, 0.307129, 0.39502, 0.0377514, 0.308105, 0.39502, 0.03881, 0.309082, 0.39502, 0.039891, 0.310059, 0.39502, 0.0409912, 0.311035, 0.39502, 0.0421077, 0.312012, 0.39502, 0.0432371, 
        0.305176, 0.395996, 0.0361451, 0.306152, 0.395996, 0.0371443, 0.307129, 0.395996, 0.0381703, 0.308105, 0.395996, 0.0392206, 0.309082, 0.395996, 0.0402926, 0.310059, 0.395996, 0.0413834, 0.311035, 0.395996, 0.04249, 0.312012, 0.395996, 0.0436093, 
        0.305176, 0.396973, 0.0366003, 0.306152, 0.396973, 0.0375905, 0.307129, 0.396973, 0.0386065, 0.308105, 0.396973, 0.0396458, 0.309082, 0.396973, 0.0407059, 0.310059, 0.396973, 0.0417842, 0.311035, 0.396973, 0.0428779, 0.312012, 0.396973, 0.0439841, 
        0.305176, 0.397949, 0.0370763, 0.306152, 0.397949, 0.0380554, 0.307129, 0.397949, 0.0390588, 0.308105, 0.397949, 0.0400846, 0.309082, 0.397949, 0.0411302, 0.310059, 0.397949, 0.0421933, 0.311035, 0.397949, 0.0432712, 0.312012, 0.397949, 0.0443613
    ]
}
