{
    "level": 0,
    "idx": {"x": 3, "y": 57},
    "dim": {"x": 8, "y": 8},
    "offset": {"x": 0.0239258, "y": 0.445801},
    "cellSize": {"x": 0.000976562, "y": 0.000976562},
    "vertices": [
        0.0239258, 0.445801, 0.0047184, 0.0249023, 0.445801, 0.00462393, 0.0258789, 0.445801, 0.00451165, 0.0268555, 0.445801, 0.00438364, 0.027832, 0.445801, 0.00424212, 0.0288086, 0.445801, 0.00408943, 0.0297852, 0.445801, 0.003928, 0.0307617, 0.445801, 0.00376035, 
        0.0239258, 0.446777, 0.00485317, 0.0249023, 0.446777, 0.00474033, 0.0258789, 0.446777, 0.00460827, 0.0268555, 0.446777, 0.00445923, 0.027832, 0.446777, 0.00429562, 0.0288086, 0.446777, 0.00412, 0.0297852, 0.446777, 0.00393499, 0.0307617, 0.446777, 0.00374334, 
        0.0239258, 0.447754, 0.00496658, 0.0249023, 0.447754, 0.00483746, 0.0258789, 0.447754, 0.00468786, 0.0268555, 0.447754, 0.0045202, 0.027832, 0.447754, 0.00433705, 0.0288086, 0.447754, 0.00414114, 0.0297852, 0.447754, 0.00393529, 0.0307617, 0.447754, 0.00372242, 
        0.0239258, 0.44873, 0.00505725, 0.0249023, 0.44873, 0.00491407, 0.0258789, 0.44873, 0.00474935, 0.0268555, 0.44873, 0.00456564, 0.027832, 0.44873, 0.00436566, 0.0288086, 0.44873, 0.00415229, 0.0297852, 0.44873, 0.00392851, 0.0307617, 0.44873, 0.0036974, 
        0.0239258, 0.449707, 0.00512401, 0.0249023, 0.449707, 0.0049691, 0.0258789, 0.449707, 0.0047918, 0.0268555, 0.449707, 0.00459477, 0.027832, 0.449707, 0.00438084, 0.0288086, 0.449707, 0.004153, 0.0297852, 0.449707, 0.00391436, 0.0307617, 0.449707, 0.00366815, 
        0.0239258, 0.450684, 0.00516588, 0.0249023, 0.450684, 0.0050017, 0.0258789, 0.450684, 0.00481448, 0.0268555, 0.450684, 0.00460696, 0.027832, 0.450684, 0.00438205, 0.0288086, 0.450684, 0.00414286, 0.0297852, 0.450684, 0.00389259, 0.0307617, 0.450684, 0.00363455, 
        0.0239258, 0.45166, 0.00518215, 0.0249023, 0.45166, 0.00501122, 0.0258789, 0.45166, 0.00481681, 0.0268555, 0.45166, 0.00460172, 0.027832, 0.45166, 0.00436893, 0.0288086, 0.45166, 0.0041216, 0.0297852, 0.45166, 0.00386299, 0.0307617, 0.45166, 0.0035965, 
        0.0239258, 0.452637, 0.00517232, 0.0249023, 0.452637, 0.00499722, 0.0258789, 0.452637, 0.00479842, 0.0268555, 0.452637, 0.00457875, 0.027832, 0.452637, 0.00434122, 0.0288086, 0.452637, 0.00408902, 0.0297852, 0.452637, 0.00382546, 0.0307617, 0.452637, 0.00355397
    ]
}
