{
    "level": 0,
    "idx": {"x": 3, "y": 8},
    "dim": {"x": 16, "y": 16},
    "offset": {"x": 0.0473633, "y": 0.125488},
    "cellSize": {"x": 0.000976562, "y": 0.000976562},
    "vertices": [
        0.0473633, 0.125488, -6.52171e-06, 0.0483398, 0.125488, -0.000150285, 0.0493164, 0.125488, -0.000288251, 0.050293, 0.125488, -0.000415106, 0.0512695, 0.125488, -0.000525966, 0.0522461, 0.125488, -0.000616562, 0.0532227, 0.125488, -0.000683405, 0.0541992, 0.125488, -0.000723921, 0.0551758, 0.125488, -0.000736549, 0.0561523, 0.125488, -0.000720803, 0.0571289, 0.125488, -0.000677288, 0.0581055, 0.125488, -0.000607679, 0.059082, 0.125488, -0.000514657, 0.0600586, 0.125488, -0.000401801, 0.0610352, 0.125488, -0.000273458, 0.0620117, 0.125488, -0.000134568, 
        0.0473633, 0.126465, -6.03365e-05, 0.0483398, 0.126465, -0.00134392, 0.0493164, 0.126465, -0.00257575, 0.050293, 0.126465, -0.00370838, 0.0512695, 0.126465, -0.00469821, 0.0522461, 0.126465, -0.00550713, 0.0532227, 0.126465, -0.00610399, 0.0541992, 0.126465, -0.0064658, 0.0551758, 0.126465, -0.00657864, 0.0561523, 0.126465, -0.00643816, 0.0571289, 0.126465, -0.00604976, 0.0581055, 0.126465, -0.00542841, 0.059082, 0.126465, -0.00459803, 0.0600586, 0.126465, -0.00359058, 0.0610352, 0.126465, -0.00244486, 0.0620117, 0.126465, -0.00120498, 
        0.0473633, 0.127441, -0.000111817, 0.0483398, 0.127441, -0.00248579, 0.0493164, 0.127441, -0.00476403, 0.050293, 0.127441, -0.00685881, 0.0512695, 0.127441, -0.0086895, 0.0522461, 0.127441, -0.0101856, 0.0532227, 0.127441, -0.0112895, 0.0541992, 0.127441, -0.0119587, 0.0551758, 0.127441, -0.0121674, 0.0561523, 0.127441, -0.0119075, 0.0571289, 0.127441, -0.0111892, 0.0581055, 0.127441, -0.0100401, 0.059082, 0.127441, -0.0085043, 0.0600586, 0.127441, -0.00664105, 0.0610352, 0.127441, -0.00452208, 0.0620117, 0.127441, -0.00222898, 
        0.0473633, 0.128418, -0.00015898, 0.0483398, 0.128418, -0.00353193, 0.0493164, 0.128418, -0.00676886, 0.050293, 0.128418, -0.00974515, 0.0512695, 0.128418, -0.0123462, 0.0522461, 0.128418, -0.0144719, 0.0532227, 0.128418, -0.0160403, 0.0541992, 0.128418, -0.016991, 0.0551758, 0.128418, -0.0172876, 0.0561523, 0.128418, -0.0169184, 0.0571289, 0.128418, -0.0158978, 0.0581055, 0.128418, -0.0142651, 0.059082, 0.128418, -0.0120831, 0.0600586, 0.128418, -0.0094358, 0.0610352, 0.128418, -0.00642517, 0.0620117, 0.128418, -0.00316712, 
        0.0473633, 0.129395, -0.000200012, 0.0483398, 0.129395, -0.00444207, 0.0493164, 0.129395, -0.00851308, 0.050293, 0.129395, -0.0122563, 0.0512695, 0.129395, -0.0155275, 0.0522461, 0.129395, -0.0182009, 0.0532227, 0.129395, -0.0201734, 0.0541992, 0.129395, -0.0213692, 0.0551758, 0.129395, -0.0217421, 0.0561523, 0.129395, -0.0212779, 0.0571289, 0.129395, -0.0199944, 0.0581055, 0.129395, -0.0179409, 0.059082, 0.129395, -0.0151967, 0.0600586, 0.129395, -0.0118672, 0.0610352, 0.129395, -0.00808086, 0.0620117, 0.129395, -0.00398331, 
        0.0473633, 0.130371, -0.000233329, 0.0483398, 0.130371, -0.00518115, 0.0493164, 0.130371, -0.00992947, 0.050293, 0.130371, -0.0142954, 0.0512695, 0.130371, -0.0181109, 0.0522461, 0.130371, -0.0212291, 0.0532227, 0.130371, -0.0235298, 0.0541992, 0.130371, -0.0249245, 0.0551758, 0.130371, -0.0253595, 0.0561523, 0.130371, -0.024818, 0.0571289, 0.130371, -0.0233209, 0.0581055, 0.130371, -0.0209259, 0.059082, 0.130371, -0.017725, 0.0600586, 0.130371, -0.0138417, 0.0610352, 0.130371, -0.00942537, 0.0620117, 0.130371, -0.0046461, 
        0.0473633, 0.131348, -0.000257651, 0.0483398, 0.131348, -0.00572073, 0.0493164, 0.131348, -0.0109635, 0.050293, 0.131348, -0.0157841, 0.0512695, 0.131348, -0.019997, 0.0522461, 0.131348, -0.0234399, 0.0532227, 0.131348, -0.0259802, 0.0541992, 0.131348, -0.0275201, 0.0551758, 0.131348, -0.0280004, 0.0561523, 0.131348, -0.0274025, 0.0571289, 0.131348, -0.0257495, 0.0581055, 0.131348, -0.0231051, 0.059082, 0.131348, -0.0195709, 0.0600586, 0.131348, -0.0152832, 0.0610352, 0.131348, -0.0104069, 0.0620117, 0.131348, -0.00512997, 
        0.0473633, 0.132324, -0.000272039, 0.0483398, 0.132324, -0.00604002, 0.0493164, 0.132324, -0.0115754, 0.050293, 0.132324, -0.0166651, 0.0512695, 0.132324, -0.0211131, 0.0522461, 0.132324, -0.0247481, 0.0532227, 0.132324, -0.0274302, 0.0541992, 0.132324, -0.0290561, 0.0551758, 0.132324, -0.0295632, 0.0561523, 0.132324, -0.0289319, 0.0571289, 0.132324, -0.0271867, 0.0581055, 0.132324, -0.0243946, 0.059082, 0.132324, -0.0206632, 0.0600586, 0.132324, -0.0161362, 0.0610352, 0.132324, -0.0109878, 0.0620117, 0.132324, -0.00541629, 
        0.0473633, 0.133301, -0.00027594, 0.0483398, 0.133301, -0.00612673, 0.0493164, 0.133301, -0.0117416, 0.050293, 0.133301, -0.0169043, 0.0512695, 0.133301, -0.0214162, 0.0522461, 0.133301, -0.0251034, 0.0532227, 0.133301, -0.027824, 0.0541992, 0.133301, -0.0294732, 0.0551758, 0.133301, -0.0299876, 0.0561523, 0.133301, -0.0293473, 0.0571289, 0.133301, -0.027577, 0.0581055, 0.133301, -0.0247448, 0.059082, 0.133301, -0.0209599, 0.0600586, 0.133301, -0.0163678, 0.0610352, 0.133301, -0.0111455, 0.0620117, 0.133301, -0.00549405, 
        0.0473633, 0.134277, -0.000269202, 0.0483398, 0.134277, -0.00597752, 0.0493164, 0.134277, -0.0114557, 0.050293, 0.134277, -0.0164927, 0.0512695, 0.134277, -0.0208947, 0.0522461, 0.134277, -0.0244921, 0.0532227, 0.134277, -0.0271464, 0.0541992, 0.134277, -0.0287555, 0.0551758, 0.134277, -0.0292574, 0.0561523, 0.134277, -0.0286327, 0.0571289, 0.134277, -0.0269054, 0.0581055, 0.134277, -0.0241422, 0.059082, 0.134277, -0.0204494, 0.0600586, 0.134277, -0.0159692, 0.0610352, 0.134277, -0.0108741, 0.0620117, 0.134277, -0.00536023, 
        0.0473633, 0.135254, -0.000252086, 0.0483398, 0.135254, -0.00559814, 0.0493164, 0.135254, -0.0107286, 0.050293, 0.135254, -0.015446, 0.0512695, 0.135254, -0.0195686, 0.0522461, 0.135254, -0.0229377, 0.0532227, 0.135254, -0.0254236, 0.0541992, 0.135254, -0.0269306, 0.0551758, 0.135254, -0.0274005, 0.0561523, 0.135254, -0.0268155, 0.0571289, 0.135254, -0.0251979, 0.0581055, 0.135254, -0.02261, 0.059082, 0.135254, -0.0191516, 0.0600586, 0.135254, -0.0149557, 0.0610352, 0.135254, -0.0101839, 0.0620117, 0.135254, -0.00502, 
        0.0473633, 0.13623, -0.000225249, 0.0483398, 0.13623, -0.00500319, 0.0493164, 0.13623, -0.00958846, 0.050293, 0.13623, -0.0138045, 0.0512695, 0.13623, -0.017489, 0.0522461, 0.13623, -0.0205001, 0.0532227, 0.13623, -0.0227218, 0.0541992, 0.13623, -0.0240686, 0.0551758, 0.13623, -0.0244887, 0.0561523, 0.13623, -0.0239658, 0.0571289, 0.13623, -0.0225201, 0.0581055, 0.13623, -0.0202073, 0.059082, 0.13623, -0.0171163, 0.0600586, 0.13623, -0.0133663, 0.0610352, 0.13623, -0.00910163, 0.0620117, 0.13623, -0.00448645, 
        0.0473633, 0.137207, -0.000189724, 0.0483398, 0.137207, -0.00421558, 0.0493164, 0.137207, -0.0080791, 0.050293, 0.137207, -0.0116315, 0.0512695, 0.137207, -0.014736, 0.0522461, 0.137207, -0.0172732, 0.0532227, 0.137207, -0.0191452, 0.0541992, 0.137207, -0.02028, 0.0551758, 0.137207, -0.0206339, 0.0561523, 0.137207, -0.0201933, 0.0571289, 0.137207, -0.0189752, 0.0581055, 0.137207, -0.0170264, 0.059082, 0.137207, -0.014422, 0.0600586, 0.137207, -0.0112623, 0.0610352, 0.137207, -0.00766886, 0.0620117, 0.137207, -0.00378014, 
        0.0473633, 0.138184, -0.000146879, 0.0483398, 0.138184, -0.00326563, 0.0493164, 0.138184, -0.00625862, 0.050293, 0.138184, -0.00901059, 0.0512695, 0.138184, -0.0114156, 0.0522461, 0.138184, -0.0133811, 0.0532227, 0.138184, -0.0148313, 0.0541992, 0.138184, -0.0157104, 0.0551758, 0.138184, -0.0159846, 0.0561523, 0.138184, -0.0156433, 0.0571289, 0.138184, -0.0146996, 0.0581055, 0.138184, -0.0131899, 0.059082, 0.138184, -0.0111723, 0.0600586, 0.138184, -0.00872451, 0.0610352, 0.138184, -0.00594076, 0.0620117, 0.138184, -0.00292824, 
