{
    "level": 0,
    "idx": {"x": 3, "y": 30},
    "dim": {"x": 16, "y": 16},
    "offset": {"x": 0.0473633, "y": 0.469238},
    "cellSize": {"x": 0.000976562, "y": 0.000976562},
    "vertices": [
        0.0473633, 0.469238, 4.8555e-05, 0.0483398, 0.469238, -0.000487188, 0.0493164, 0.469238, -0.00100113, 0.050293, 0.469238, -0.00147337, 0.0512695, 0.469238, -0.00188561, 0.0522461, 0.469238, -0.00222186, 0.0532227, 0.469238, -0.00246906, 0.0541992, 0.469238, -0.00261756, 0.0551758, 0.469238, -0.00266151, 0.0561523, 0.469238, -0.00259909, 0.0571289, 0.469238, -0.00243256, 0.0581055, 0.469238, -0.00216819, 0.059082, 0.469238, -0.00181601, 0.0600586, 0.469238, -0.00138944, 0.0610352, 0.469238, -0.000904729, 0.0620117, 0.469238, -0.000380391, 
        0.0473633, 0.470215, -4.52116e-06, 0.0483398, 0.470215, -0.00166801, 0.0493164, 0.470215, -0.00326422, 0.050293, 0.470215, -0.00473158, 0.0512695, 0.470215, -0.00601349, 0.0522461, 0.470215, -0.00706045, 0.0532227, 0.470215, -0.00783204, 0.0541992, 0.470215, -0.00829843, 0.0551758, 0.470215, -0.00844152, 0.0561523, 0.470215, -0.00825568, 0.0571289, 0.470215, -0.00774791, 0.0581055, 0.470215, -0.00693763, 0.059082, 0.470215, -0.00585589, 0.0600586, 0.470215, -0.00454419, 0.0610352, 0.470215, -0.00305286, 0.0620117, 0.470215, -0.00143919, 
        0.0473633, 0.471191, -5.45711e-05, 0.0483398, 0.471191, -0.00278161, 0.0493164, 0.471191, -0.00539848, 0.050293, 0.471191, -0.00780431, 0.0512695, 0.471191, -0.00990637, 0.0522461, 0.471191, -0.0116236, 0.0532227, 0.471191, -0.0128897, 0.0541992, 0.471191, -0.0136559, 0.0551758, 0.471191, -0.0138925, 0.0561523, 0.471191, -0.0135903, 0.0571289, 0.471191, -0.0127607, 0.0581055, 0.471191, -0.0114356, 0.059082, 0.471191, -0.00966579, 0.0600586, 0.471191, -0.00751934, 0.0610352, 0.471191, -0.00507871, 0.0620117, 0.471191, -0.0024377, 
        0.0473633, 0.472168, -9.96633e-05, 0.0483398, 0.472168, -0.00378514, 0.0493164, 0.472168, -0.00732181, 0.050293, 0.472168, -0.0105734, 0.0512695, 0.472168, -0.0134145, 0.0522461, 0.472168, -0.0157358, 0.0532227, 0.472168, -0.0174476, 0.0541992, 0.472168, -0.0184839, 0.0551758, 0.472168, -0.0188048, 0.0561523, 0.472168, -0.0183976, 0.0571289, 0.472168, -0.017278, 0.0581055, 0.472168, -0.015489, 0.059082, 0.472168, -0.0130991, 0.0600586, 0.472168, -0.0102005, 0.0610352, 0.472168, -0.00690432, 0.0620117, 0.472168, -0.00333752, 
        0.0473633, 0.473145, -0.000138055, 0.0483398, 0.473145, -0.00463996, 0.0493164, 0.473145, -0.00896014, 0.050293, 0.473145, -0.0129321, 0.0512695, 0.473145, -0.0164029, 0.0522461, 0.473145, -0.0192386, 0.0532227, 0.473145, -0.0213301, 0.0541992, 0.473145, -0.0225965, 0.0551758, 0.473145, -0.0229892, 0.0561523, 0.473145, -0.0224927, 0.0571289, 0.473145, -0.021126, 0.0581055, 0.473145, -0.0189417, 0.059082, 0.473145, -0.0160238, 0.0600586, 0.473145, -0.0124843, 0.0610352, 0.473145, -0.00845941, 0.0620117, 0.473145, -0.00410398, 
        0.0473633, 0.474121, -0.000168262, 0.0483398, 0.474121, -0.00531316, 0.0493164, 0.474121, -0.0102504, 0.050293, 0.474121, -0.0147897, 0.0512695, 0.474121, -0.0187563, 0.0522461, 0.474121, -0.0219973, 0.0532227, 0.474121, -0.0243877, 0.0541992, 0.474121, -0.0258354, 0.0551758, 0.474121, -0.0262846, 0.0561523, 0.474121, -0.0257177, 0.0571289, 0.474121, -0.0241565, 0.0581055, 0.474121, -0.021661, 0.059082, 0.474121, -0.018327, 0.0600586, 0.474121, -0.0142829, 0.0610352, 0.474121, -0.00968409, 0.0620117, 0.474121, -0.00470757, 
        0.0473633, 0.475098, -0.000189115, 0.0483398, 0.475098, -0.00577879, 0.0493164, 0.475098, -0.0111429, 0.050293, 0.475098, -0.0160747, 0.0512695, 0.475098, -0.0203843, 0.0522461, 0.475098, -0.0239055, 0.0532227, 0.475098, -0.0265028, 0.0541992, 0.475098, -0.0280759, 0.0551758, 0.475098, -0.0285641, 0.0561523, 0.475098, -0.0279486, 0.0571289, 0.475098, -0.0262528, 0.0581055, 0.475098, -0.0235419, 0.059082, 0.475098, -0.0199202, 0.0600586, 0.475098, -0.015527, 0.0610352, 0.475098, -0.0105312, 0.0620117, 0.475098, -0.00512502, 
        0.0473633, 0.476074, -0.000199806, 0.0483398, 0.476074, -0.00601893, 0.0493164, 0.476074, -0.0116032, 0.050293, 0.476074, -0.0167375, 0.0512695, 0.476074, -0.021224, 0.0522461, 0.476074, -0.0248899, 0.0532227, 0.476074, -0.0275938, 0.0541992, 0.476074, -0.0292316, 0.0551758, 0.476074, -0.02974, 0.0561523, 0.476074, -0.0290993, 0.0571289, 0.476074, -0.0273341, 0.0581055, 0.476074, -0.0245122, 0.059082, 0.476074, -0.020742, 0.0600586, 0.476074, -0.0161687, 0.0610352, 0.476074, -0.0109681, 0.0620117, 0.476074, -0.00534027, 
        0.0473633, 0.477051, -0.000199917, 0.0483398, 0.477051, -0.00602433, 0.0493164, 0.477051, -0.0116137, 0.050293, 0.477051, -0.0167526, 0.0512695, 0.477051, -0.0212432, 0.0522461, 0.477051, -0.0249124, 0.0532227, 0.477051, -0.0276188, 0.0541992, 0.477051, -0.0292581, 0.0551758, 0.477051, -0.0297669, 0.0561523, 0.477051, -0.0291257, 0.0571289, 0.477051, -0.0273589, 0.0581055, 0.477051, -0.0245344, 0.059082, 0.477051, -0.0207608, 0.0600586, 0.477051, -0.0161833, 0.0610352, 0.477051, -0.0109779, 0.0620117, 0.477051, -0.005345, 
        0.0473633, 0.478027, -0.000189438, 0.0483398, 0.478027, -0.00579477, 0.0493164, 0.478027, -0.0111739, 0.050293, 0.478027, -0.0161195, 0.0512695, 0.478027, -0.0204411, 0.0522461, 0.478027, -0.0239723, 0.0532227, 0.478027, -0.0265768, 0.0541992, 0.478027, -0.0281543, 0.0551758, 0.478027, -0.0286439, 0.0561523, 0.478027, -0.0280266, 0.0571289, 0.478027, -0.0263261, 0.0581055, 0.478027, -0.0236076, 0.059082, 0.478027, -0.0199757, 0.0600586, 0.478027, -0.0155702, 0.0610352, 0.478027, -0.0105604, 0.0620117, 0.478027, -0.00513903, 
        0.0473633, 0.479004, -0.000168769, 0.0483398, 0.479004, -0.00533908, 0.0493164, 0.479004, -0.0103007, 0.050293, 0.479004, -0.0148625, 0.0512695, 0.479004, -0.0188487, 0.0522461, 0.479004, -0.0221056, 0.0532227, 0.479004, -0.0245079, 0.0541992, 0.479004, -0.0259627, 0.0551758, 0.479004, -0.0264141, 0.0561523, 0.479004, -0.0258444, 0.0571289, 0.479004, -0.0242755, 0.0581055, 0.479004, -0.0217676, 0.059082, 0.479004, -0.0184171, 0.0600586, 0.479004, -0.014353, 0.0610352, 0.479004, -0.00973143, 0.0620117, 0.479004, -0.00473029, 
        0.0473633, 0.47998, -0.0001387, 0.0483398, 0.47998, -0.00467481, 0.0493164, 0.47998, -0.00902782, 0.050293, 0.47998, -0.01303, 0.0512695, 0.47998, -0.0165271, 0.0522461, 0.47998, -0.0193844, 0.0532227, 0.47998, -0.0214917, 0.0541992, 0.47998, -0.0227678, 0.0551758, 0.47998, -0.0231634, 0.0561523, 0.47998, -0.0226631, 0.0571289, 0.47998, -0.021286, 0.0581055, 0.47998, -0.0190851, 0.059082, 0.47998, -0.016145, 0.0600586, 0.47998, -0.0125785, 0.0610352, 0.47998, -0.00852306, 0.0620117, 0.47998, -0.0041345, 
        0.0473633, 0.480957, -0.000100384, 0.0483398, 0.480957, -0.00382753, 0.0493164, 0.480957, -0.00740419, 0.050293, 0.480957, -0.0106925, 0.0512695, 0.480957, -0.0135658, 0.0522461, 0.480957, -0.0159133, 0.0532227, 0.480957, -0.0176444, 0.0541992, 0.480957, -0.0186925, 0.0551758, 0.480957, -0.0190169, 0.0561523, 0.480957, -0.0186052, 0.0571289, 0.480957, -0.0174729, 0.0581055, 0.480957, -0.0156636, 0.059082, 0.480957, -0.0132467, 0.0600586, 0.480957, -0.0103152, 0.0610352, 0.480957, -0.00698176, 0.0620117, 0.480957, -0.00337459, 
        0.0473633, 0.481934, -5.52904e-05, 0.0483398, 0.481934, -0.00282982, 0.0493164, 0.481934, -0.00549227, 0.050293, 0.481934, -0.00794, 0.0512695, 0.481934, -0.0100787, 0.0522461, 0.481934, -0.0118258, 0.0532227, 0.481934, -0.013114, 0.0541992, 0.481934, -0.0138935, 0.0551758, 0.481934, -0.0141342, 0.0561523, 0.481934, -0.0138267, 0.0571289, 0.481934, -0.0129826, 0.0581055, 0.481934, -0.0116344, 0.059082, 0.481934, -0.0098338, 0.0600586, 0.481934, -0.00764995, 0.0610352, 0.481934, -0.0051668, 0.0620117, 0.481934, -0.00247978, 
