{
    "level": 0,
    "idx": {"x": 3, "y": 38},
    "dim": {"x": 16, "y": 16},
    "offset": {"x": 0.0473633, "y": 0.594238},
    "cellSize": {"x": 0.000976562, "y": 0.000976562},
    "vertices": [
        0.0473633, 0.594238, 2.15284e-05, 0.0483398, 0.594238, -0.000657963, 0.0493164, 0.594238, -0.00130991, 0.050293, 0.594238, -0.00190913, 0.0512695, 0.594238, -0.00243247, 0.0522461, 0.594238, -0.00285969, 0.0532227, 0.594238, -0.00317426, 0.0541992, 0.594238, -0.00336397, 0.0551758, 0.594238, -0.00342142, 0.0561523, 0.594238, -0.0033443, 0.0571289, 0.594238, -0.00313549, 0.0581055, 0.594238, -0.00280292, 0.059082, 0.594238, -0.00235929, 0.0600586, 0.594238, -0.00182156, 0.0610352, 0.594238, -0.00121033, 0.0620117, 0.594238, -0.000549023, 
        0.0473633, 0.595215, -3.18539e-05, 0.0483398, 0.595215, -0.00183339, 0.0493164, 0.595215, -0.00356214, 0.050293, 0.595215, -0.00515145, 0.0512695, 0.595215, -0.00654006, 0.0522461, 0.595215, -0.00767441, 0.0532227, 0.595215, -0.00851074, 0.0541992, 0.595215, -0.00901675, 0.0551758, 0.595215, -0.00917287, 0.0561523, 0.595215, -0.00897298, 0.0571289, 0.595215, -0.00842469, 0.0581055, 0.595215, -0.00754901, 0.059082, 0.595215, -0.00637954, 0.0600586, 0.595215, -0.00496121, 0.0610352, 0.595215, -0.00334851, 0.0620117, 0.595215, -0.00160342, 
        0.0473633, 0.596191, -8.19583e-05, 0.0483398, 0.596191, -0.0029361, 0.0493164, 0.596191, -0.00567501, 0.050293, 0.596191, -0.00819314, 0.0512695, 0.596191, -0.0103935, 0.0522461, 0.596191, -0.0121912, 0.0532227, 0.596191, -0.013517, 0.0541992, 0.596191, -0.0143197, 0.0551758, 0.596191, -0.0145684, 0.0561523, 0.596191, -0.0142533, 0.0571289, 0.596191, -0.0133866, 0.0581055, 0.596191, -0.0120014, 0.059082, 0.596191, -0.010151, 0.0600586, 0.596191, -0.00790659, 0.0610352, 0.596191, -0.0053544, 0.0620117, 0.596191, -0.00259261, 
        0.0473633, 0.597168, -0.000126872, 0.0483398, 0.597168, -0.00392368, 0.0493164, 0.597168, -0.00756725, 0.050293, 0.597168, -0.0109172, 0.0512695, 0.597168, -0.0138445, 0.0522461, 0.597168, -0.0162363, 0.0532227, 0.597168, -0.0180004, 0.0541992, 0.597168, -0.0190689, 0.0551758, 0.597168, -0.0194005, 0.0561523, 0.597168, -0.0189823, 0.0571289, 0.597168, -0.0178303, 0.0581055, 0.597168, -0.0159888, 0.059082, 0.597168, -0.0135287, 0.0600586, 0.597168, -0.0105444, 0.0610352, 0.597168, -0.00715086, 0.0620117, 0.597168, -0.00347856, 
        0.0473633, 0.598145, -0.000164879, 0.0483398, 0.598145, -0.00475805, 0.0493164, 0.598145, -0.00916587, 0.050293, 0.598145, -0.0132185, 0.0512695, 0.598145, -0.0167599, 0.0522461, 0.598145, -0.0196536, 0.0532227, 0.598145, -0.0217881, 0.0541992, 0.598145, -0.023081, 0.0551758, 0.598145, -0.0234826, 0.0561523, 0.598145, -0.0229773, 0.0571289, 0.598145, -0.0215844, 0.0581055, 0.598145, -0.0193575, 0.059082, 0.598145, -0.0163822, 0.0600586, 0.598145, -0.0127729, 0.0610352, 0.598145, -0.0086686, 0.0620117, 0.598145, -0.00422711, 
        0.0473633, 0.599121, -0.000194532, 0.0483398, 0.599121, -0.00540713, 0.0493164, 0.599121, -0.0104094, 0.050293, 0.599121, -0.0150087, 0.0512695, 0.599121, -0.0190277, 0.0522461, 0.599121, -0.0223118, 0.0532227, 0.599121, -0.0247343, 0.0541992, 0.599121, -0.0262019, 0.0551758, 0.599121, -0.026658, 0.0561523, 0.599121, -0.0260849, 0.0571289, 0.599121, -0.0245046, 0.0581055, 0.599121, -0.0219779, 0.059082, 0.599121, -0.0186019, 0.0600586, 0.599121, -0.0145065, 0.0610352, 0.599121, -0.00984928, 0.0620117, 0.599121, -0.0048095, 
        0.0473633, 0.600098, -0.000214705, 0.0483398, 0.600098, -0.00584596, 0.0493164, 0.600098, -0.01125, 0.050293, 0.600098, -0.0162187, 0.0512695, 0.600098, -0.0205606, 0.0522461, 0.600098, -0.0241085, 0.0532227, 0.600098, -0.0267257, 0.0541992, 0.600098, -0.0283113, 0.0551758, 0.600098, -0.0288042, 0.0561523, 0.600098, -0.0281854, 0.0571289, 0.600098, -0.0264784, 0.0581055, 0.600098, -0.023749, 0.059082, 0.600098, -0.0201023, 0.0600586, 0.600098, -0.0156783, 0.0610352, 0.600098, -0.0106475, 0.0620117, 0.600098, -0.00520334, 
        0.0473633, 0.601074, -0.000224636, 0.0483398, 0.601074, -0.00605765, 0.0493164, 0.601074, -0.0116553, 0.050293, 0.601074, -0.016802, 0.0512695, 0.601074, -0.0212996, 0.0522461, 0.601074, -0.0249746, 0.0532227, 0.601074, -0.0276856, 0.0541992, 0.601074, -0.0293281, 0.0551758, 0.601074, -0.0298388, 0.0561523, 0.601074, -0.0291979, 0.0571289, 0.601074, -0.0274299, 0.0581055, 0.601074, -0.0246029, 0.059082, 0.601074, -0.0208256, 0.0600586, 0.601074, -0.0162434, 0.0610352, 0.601074, -0.0110325, 0.0620117, 0.601074, -0.00539348, 
        0.0473633, 0.602051, -0.000223959, 0.0483398, 0.602051, -0.00603406, 0.0493164, 0.602051, -0.0116098, 0.050293, 0.602051, -0.0167362, 0.0512695, 0.602051, -0.0212161, 0.0522461, 0.602051, -0.0248767, 0.0532227, 0.602051, -0.0275771, 0.0541992, 0.602051, -0.0292132, 0.0551758, 0.602051, -0.0297218, 0.0561523, 0.602051, -0.0290834, 0.0571289, 0.602051, -0.0273224, 0.0581055, 0.602051, -0.0245065, 0.059082, 0.602051, -0.0207441, 0.0600586, 0.602051, -0.0161799, 0.0610352, 0.602051, -0.0109895, 0.0620117, 0.602051, -0.00537264, 
        0.0473633, 0.603027, -0.000212716, 0.0483398, 0.603027, -0.00577613, 0.0493164, 0.603027, -0.0111151, 0.050293, 0.603027, -0.0160239, 0.0512695, 0.603027, -0.0203135, 0.0522461, 0.603027, -0.0238187, 0.0532227, 0.603027, -0.0264044, 0.0541992, 0.603027, -0.0279709, 0.0551758, 0.603027, -0.0284579, 0.0561523, 0.603027, -0.0278465, 0.0571289, 0.603027, -0.0261602, 0.0581055, 0.603027, -0.0234637, 0.059082, 0.603027, -0.0198609, 0.0600586, 0.603027, -0.0154903, 0.0610352, 0.603027, -0.0105201, 0.0620117, 0.603027, -0.00514164, 
        0.0473633, 0.604004, -0.000191355, 0.0483398, 0.604004, -0.00529379, 0.0493164, 0.604004, -0.0101903, 0.050293, 0.604004, -0.0146924, 0.0512695, 0.604004, -0.0186265, 0.0522461, 0.604004, -0.0218412, 0.0532227, 0.604004, -0.0242125, 0.0541992, 0.604004, -0.0256492, 0.0551758, 0.604004, -0.0260956, 0.0561523, 0.604004, -0.0255347, 0.0571289, 0.604004, -0.0239879, 0.0581055, 0.604004, -0.0215146, 0.059082, 0.604004, -0.01821, 0.0600586, 0.604004, -0.0142013, 0.0610352, 0.604004, -0.00964259, 0.0620117, 0.604004, -0.0047094, 
        0.0473633, 0.60498, -0.000160714, 0.0483398, 0.60498, -0.00460564, 0.0493164, 0.60498, -0.0088712, 0.050293, 0.60498, -0.0127931, 0.0512695, 0.60498, -0.0162202, 0.0522461, 0.60498, -0.0190205, 0.0532227, 0.60498, -0.0210861, 0.0541992, 0.60498, -0.0223374, 0.0551758, 0.60498, -0.0227261, 0.0561523, 0.60498, -0.0222371, 0.0571289, 0.60498, -0.0208892, 0.0581055, 0.60498, -0.0187343, 0.059082, 0.60498, -0.0158551, 0.0600586, 0.60498, -0.0123624, 0.0610352, 0.60498, -0.00839063, 0.0620117, 0.60498, -0.0040926, 
        0.0473633, 0.605957, -0.000121988, 0.0483398, 0.605957, -0.00373818, 0.0493164, 0.605957, -0.00720843, 0.050293, 0.605957, -0.010399, 0.0512695, 0.605957, -0.0131871, 0.0522461, 0.605957, -0.0154651, 0.0532227, 0.605957, -0.0171454, 0.0541992, 0.605957, -0.0181631, 0.0551758, 0.605957, -0.0184789, 0.0561523, 0.605957, -0.0180807, 0.0571289, 0.605957, -0.0169836, 0.0581055, 0.605957, -0.0152298, 0.059082, 0.605957, -0.0128867, 0.0600586, 0.605957, -0.0100445, 0.0610352, 0.605957, -0.0068125, 0.0620117, 0.605957, -0.003315, 
        0.0473633, 0.606934, -7.66846e-05, 0.0483398, 0.606934, -0.00272485, 0.0493164, 0.606934, -0.0052661, 0.050293, 0.606934, -0.0076025, 0.0512695, 0.606934, -0.00964405, 0.0522461, 0.606934, -0.011312, 0.0532227, 0.606934, -0.0125422, 0.0541992, 0.606934, -0.013287, 0.0551758, 0.606934, -0.0135178, 0.0561523, 0.606934, -0.0132255, 0.0571289, 0.606934, -0.0124213, 0.0581055, 0.606934, -0.0111361, 0.059082, 0.606934, -0.00941935, 0.0600586, 0.606934, -0.00733694, 0.0610352, 0.606934, -0.00496899, 0.0620117, 0.606934, -0.00240657, 
