{
    "level": 0,
    "idx": {"x": 40, "y": 46},
    "dim": {"x": 16, "y": 16},
    "offset": {"x": 0.625488, "y": 0.719238},
    "cellSize": {"x": 0.000976562, "y": 0.000976562},
    "vertices": [
        0.625488, 0.719238, 0.0233485, 0.626465, 0.719238, 0.0239315, 0.627441, 0.719238, 0.024464, 0.628418, 0.719238, 0.0249167, 0.629395, 0.719238, 0.0252638, 0.630371, 0.719238, 0.0254831, 0.631348, 0.719238, 0.0255577, 0.632324, 0.719238, 0.0254761, 0.633301, 0.719238, 0.025233, 0.634277, 0.719238, 0.0248292, 0.635254, 0.719238, 0.0242718, 0.63623, 0.719238, 0.0235739, 0.637207, 0.719238, 0.0227538, 0.638184, 0.719238, 0.0218348, 0.63916, 0.719238, 0.0208438, 0.640137, 0.719238, 0.0198108, 
        0.625488, 0.720215, 0.0236571, 0.626465, 0.720215, 0.0253389, 0.627441, 0.720215, 0.026901, 0.628418, 0.720215, 0.0282747, 0.629395, 0.720215, 0.0293987, 0.630371, 0.720215, 0.0302213, 0.631348, 0.720215, 0.0307023, 0.632324, 0.720215, 0.0308149, 0.633301, 0.720215, 0.0305463, 0.634277, 0.720215, 0.0298986, 0.635254, 0.720215, 0.0288882, 0.63623, 0.720215, 0.0275459, 0.637207, 0.720215, 0.0259151, 0.638184, 0.720215, 0.0240501, 0.63916, 0.720215, 0.0220147, 0.640137, 0.720215, 0.0198793, 
        0.625488, 0.721191, 0.0239239, 0.626465, 0.721191, 0.026631, 0.627441, 0.721191, 0.0291538, 0.628418, 0.721191, 0.031387, 0.629395, 0.721191, 0.0332361, 0.630371, 0.721191, 0.0346218, 0.631348, 0.721191, 0.0354823, 0.632324, 0.721191, 0.0357762, 0.633301, 0.721191, 0.0354841, 0.634277, 0.721191, 0.0346088, 0.635254, 0.721191, 0.0331761, 0.63623, 0.721191, 0.0312328, 0.637207, 0.721191, 0.0288458, 0.638184, 0.721191, 0.0260985, 0.63916, 0.721191, 0.0230889, 0.640137, 0.721191, 0.0199251, 
        0.625488, 0.722168, 0.0241236, 0.626465, 0.722168, 0.0277434, 0.627441, 0.722168, 0.0311216, 0.628418, 0.722168, 0.0341198, 0.629395, 0.722168, 0.0366146, 0.630371, 0.722168, 0.0385016, 0.631348, 0.722168, 0.0397001, 0.632324, 0.722168, 0.0401558, 0.633301, 0.722168, 0.039843, 0.634277, 0.722168, 0.0387658, 0.635254, 0.722168, 0.0369575, 0.63623, 0.722168, 0.0344798, 0.637207, 0.722168, 0.0314203, 0.638184, 0.722168, 0.0278883, 0.63916, 0.722168, 0.0240122, 0.640137, 0.722168, 0.0199336, 
        0.625488, 0.723145, 0.0242338, 0.626465, 0.723145, 0.0286185, 0.627441, 0.723145, 0.0327136, 0.628418, 0.723145, 0.0363533, 0.629395, 0.723145, 0.0393893, 0.630371, 0.723145, 0.0416968, 0.631348, 0.723145, 0.0431789, 0.632324, 0.723145, 0.0437706, 0.633301, 0.723145, 0.0434411, 0.634277, 0.723145, 0.0421952, 0.635254, 0.723145, 0.040073, 0.63623, 0.723145, 0.0371483, 0.637207, 0.723145, 0.0335261, 0.638184, 0.723145, 0.0293374, 0.63916, 0.723145, 0.0247361, 0.640137, 0.723145, 0.019892, 
        0.625488, 0.724121, 0.0242357, 0.626465, 0.724121, 0.0292085, 0.627441, 0.724121, 0.0338547, 0.628418, 0.724121, 0.0379875, 0.629395, 0.724121, 0.0414398, 0.630371, 0.724121, 0.0440709, 0.631348, 0.724121, 0.0457716, 0.632324, 0.724121, 0.0464685, 0.633301, 0.724121, 0.046127, 0.634277, 0.724121, 0.0447524, 0.635254, 0.724121, 0.04239, 0.63623, 0.724121, 0.039123, 0.637207, 0.724121, 0.0350695, 0.638184, 0.724121, 0.0303776, 0.63916, 0.724121, 0.0252204, 0.640137, 0.724121, 0.0197894, 
        0.625488, 0.725098, 0.0241148, 0.626465, 0.725098, 0.0294762, 0.627441, 0.725098, 0.0344866, 0.628418, 0.725098, 0.0389454, 0.629395, 0.725098, 0.0426732, 0.630371, 0.725098, 0.0455186, 0.631348, 0.725098, 0.0473644, 0.632324, 0.725098, 0.0481318, 0.633301, 0.725098, 0.0477835, 0.634277, 0.725098, 0.0463254, 0.635254, 0.725098, 0.043806, 0.63623, 0.725098, 0.0403146, 0.637207, 0.725098, 0.0359784, 0.638184, 0.725098, 0.0309561, 0.63916, 0.725098, 0.0254339, 0.640137, 0.725098, 0.0196175, 
        0.625488, 0.726074, 0.0238618, 0.626465, 0.726074, 0.0293974, 0.627441, 0.726074, 0.0345713, 0.628418, 0.726074, 0.0391766, 0.629395, 0.726074, 0.0430284, 0.630371, 0.726074, 0.0459708, 0.631348, 0.726074, 0.0478829, 0.632324, 0.726074, 0.0486835, 0.633301, 0.726074, 0.0483342, 0.634277, 0.726074, 0.046841, 0.635254, 0.726074, 0.0442538, 0.63623, 0.726074, 0.0406649, 0.637207, 0.726074, 0.0362051, 0.638184, 0.726074, 0.0310383, 0.63916, 0.726074, 0.0253562, 0.640137, 0.726074, 0.0193708, 
        0.625488, 0.727051, 0.0234723, 0.626465, 0.727051, 0.0289612, 0.627441, 0.727051, 0.0340917, 0.628418, 0.727051, 0.0386585, 0.629395, 0.727051, 0.0424784, 0.630371, 0.727051, 0.0453968, 0.631348, 0.727051, 0.0472939, 0.632324, 0.727051, 0.0480893, 0.633301, 0.727051, 0.0477448, 0.634277, 0.727051, 0.0462664, 0.635254, 0.727051, 0.0437036, 0.63623, 0.727051, 0.0401478, 0.637207, 0.727051, 0.0357288, 0.638184, 0.727051, 0.0306088, 0.63916, 0.727051, 0.0249782, 0.640137, 0.727051, 0.0190468, 
        0.625488, 0.728027, 0.0229474, 0.626465, 0.728027, 0.0281708, 0.627441, 0.728027, 0.0330526, 0.628418, 0.728027, 0.0373975, 0.629395, 0.728027, 0.0410309, 0.630371, 0.728027, 0.0438055, 0.631348, 0.728027, 0.0456071, 0.632324, 0.728027, 0.0463591, 0.633301, 0.728027, 0.0460252, 0.634277, 0.728027, 0.0446111, 0.635254, 0.728027, 0.042164, 0.63623, 0.728027, 0.0387708, 0.637207, 0.728027, 0.0345554, 0.638184, 0.728027, 0.0296722, 0.63916, 0.728027, 0.0243024, 0.640137, 0.728027, 0.0186463, 
        0.625488, 0.729004, 0.022294, 0.626465, 0.729004, 0.0270432, 0.627441, 0.729004, 0.0314811, 0.628418, 0.729004, 0.0354294, 0.629395, 0.729004, 0.0387289, 0.630371, 0.729004, 0.0412454, 0.631348, 0.729004, 0.0428747, 0.632324, 0.729004, 0.0435471, 0.633301, 0.729004, 0.0432294, 0.634277, 0.729004, 0.0419267, 0.635254, 0.729004, 0.0396822, 0.63623, 0.729004, 0.0365751, 0.637207, 0.729004, 0.0327182, 0.638184, 0.729004, 0.0282526, 0.63916, 0.729004, 0.0233433, 0.640137, 0.729004, 0.018173, 
        0.625488, 0.72998, 0.0215235, 0.626465, 0.72998, 0.0256084, 0.627441, 0.72998, 0.029424, 0.628418, 0.72998, 0.0328164, 0.629395, 0.72998, 0.0356477, 0.630371, 0.72998, 0.0378019, 0.631348, 0.72998, 0.0391891, 0.632324, 0.72998, 0.0397487, 0.633301, 0.72998, 0.0394522, 0.634277, 0.72998, 0.038304, 0.635254, 0.72998, 0.0363413, 0.63623, 0.72998, 0.0336328, 0.637207, 0.72998, 0.030276, 0.638184, 0.72998, 0.0263928, 0.63916, 0.72998, 0.0221261, 0.640137, 0.72998, 0.0176336, 
        0.625488, 0.730957, 0.0206526, 0.626465, 0.730957, 0.0239086, 0.627441, 0.730957, 0.0269479, 0.628418, 0.730957, 0.0296464, 0.629395, 0.730957, 0.0318934, 0.630371, 0.730957, 0.0335953, 0.631348, 0.730957, 0.0346797, 0.632324, 0.730957, 0.035098, 0.633301, 0.730957, 0.034827, 0.634277, 0.730957, 0.0338704, 0.635254, 0.730957, 0.0322582, 0.63623, 0.730957, 0.0300456, 0.637207, 0.730957, 0.0273111, 0.638184, 0.730957, 0.0241529, 0.63916, 0.730957, 0.0206861, 0.640137, 0.730957, 0.0170377, 
        0.625488, 0.731934, 0.0197017, 0.626465, 0.731934, 0.0219964, 0.627441, 0.731934, 0.0241354, 0.628418, 0.731934, 0.0260293, 0.629395, 0.731934, 0.0275984, 0.630371, 0.731934, 0.0287755, 0.631348, 0.731934, 0.0295085, 0.632324, 0.731934, 0.0297623, 0.633301, 0.731934, 0.0295203, 0.634277, 0.731934, 0.0287853, 0.635254, 0.731934, 0.0275786, 0.63623, 0.731934, 0.0259402, 0.637207, 0.731934, 0.0239265, 0.638184, 0.731934, 0.0216081, 0.63916, 0.731934, 0.0190678, 0.640137, 0.731934, 0.016397, 
        0.625488, 0.73291, 0.0186944, 0.626465, 0.73291, 0.0199325, 0.627441, 0.73291, 0.0210818, 0.628418, 0.73291, 0.0220912, 0.629395, 0.73291, 0.0229151, 0.630371, 0.73291, 0.0235151, 0.631348, 0.73291, 0.0238615, 0.632324, 0.73291, 0.0239342, 0.633301, 0.73291, 0.0237239, 0.634277, 0.73291, 0.0232318, 0.635254, 0.73291, 0.0224705, 0.63623, 0.73291, 0.0214627, 0.637207, 0.73291, 0.0202405, 0.638184, 0.73291, 0.0188445, 0.63916, 0.73291, 0.017322, 0.640137, 0.73291, 0.0157251, 
