{
    "level": 0,
    "idx": {"x": 40, "y": 108},
    "dim": {"x": 8, "y": 8},
    "offset": {"x": 0.312988, "y": 0.844238},
    "cellSize": {"x": 0.000976562, "y": 0.000976562},
    "vertices": [
        0.312988, 0.844238, 0.0011978, 0.313965, 0.844238, 0.00114944, 0.314941, 0.844238, 0.00110136, 0.315918, 0.844238, 0.00105386, 0.316895, 0.844238, 0.00100723, 0.317871, 0.844238, 0.000961745, 0.318848, 0.844238, 0.00091769, 0.319824, 0.844238, 0.000875313, 
        0.312988, 0.845215, 0.00122105, 0.313965, 0.845215, 0.00113439, 0.314941, 0.845215, 0.00104843, 0.315918, 0.845215, 0.000963832, 0.316895, 0.845215, 0.000881208, 0.317871, 0.845215, 0.000801172, 0.318848, 0.845215, 0.000724302, 0.319824, 0.845215, 0.000651142, 
        0.312988, 0.846191, 0.00124469, 0.313965, 0.846191, 0.00112036, 0.314941, 0.846191, 0.000997181, 0.315918, 0.846191, 0.000876114, 0.316895, 0.846191, 0.000758112, 0.317871, 0.846191, 0.000644106, 0.318848, 0.846191, 0.000534977, 0.319824, 0.846191, 0.000431553, 
        0.312988, 0.847168, 0.00126877, 0.313965, 0.847168, 0.00110779, 0.314941, 0.847168, 0.000948366, 0.315918, 0.847168, 0.000791795, 0.316895, 0.847168, 0.000639348, 0.317871, 0.847168, 0.000492263, 0.318848, 0.847168, 0.00035172, 0.319824, 0.847168, 0.00021882, 
        0.312988, 0.848145, 0.0012934, 0.313965, 0.848145, 0.00109708, 0.314941, 0.848145, 0.000902714, 0.315918, 0.848145, 0.000711914, 0.316895, 0.848145, 0.000526257, 0.317871, 0.848145, 0.000347277, 0.318848, 0.848145, 0.000176437, 0.319824, 0.848145, 1.51054e-05, 
        0.312988, 0.849121, 0.00131863, 0.313965, 0.849121, 0.00108862, 0.314941, 0.849121, 0.000860937, 0.315918, 0.849121, 0.000637497, 0.316895, 0.849121, 0.000420165, 0.317871, 0.849121, 0.000210761, 0.318848, 0.849121, 1.10144e-05, 0.319824, 0.849121, -0.000177451, 
        0.312988, 0.850098, 0.00134454, 0.313965, 0.850098, 0.00108278, 0.314941, 0.850098, 0.000823698, 0.315918, 0.850098, 0.000569492, 0.316895, 0.850098, 0.000322299, 0.317871, 0.850098, 8.42053e-05, 0.318848, 0.850098, -0.000142805, 0.319824, 0.850098, -0.000356873, 
        0.312988, 0.851074, 0.0013712, 0.313965, 0.851074, 0.00107991, 0.314941, 0.851074, 0.000791631, 0.315918, 0.851074, 0.00050881, 0.316895, 0.851074, 0.000233839, 0.317871, 0.851074, -3.09512e-05, 0.318848, 0.851074, -0.000283342, 0.319824, 0.851074, -0.000521254
    ]
}
