{
    "level": 0,
    "idx": {"x": 40, "y": 96},
    "dim": {"x": 8, "y": 8},
    "offset": {"x": 0.312988, "y": 0.750488},
    "cellSize": {"x": 0.000976562, "y": 0.000976562},
    "vertices": [
        0.312988, 0.750488, 0.00298875, 0.313965, 0.750488, 0.00323029, 0.314941, 0.750488, 0.00347322, 0.315918, 0.750488, 0.00371723, 0.316895, 0.750488, 0.00396204, 0.317871, 0.750488, 0.00420734, 0.318848, 0.750488, 0.00445285, 0.319824, 0.750488, 0.00469833, 
        0.312988, 0.751465, 0.00288734, 0.313965, 0.751465, 0.00316294, 0.314941, 0.751465, 0.00343946, 0.315918, 0.751465, 0.00371625, 0.316895, 0.751465, 0.00399269, 0.317871, 0.751465, 0.00426816, 0.318848, 0.751465, 0.00454206, 0.319824, 0.751465, 0.00481387, 
        0.312988, 0.752441, 0.00278852, 0.313965, 0.752441, 0.00309755, 0.314941, 0.752441, 0.00340703, 0.315918, 0.752441, 0.003716, 0.316895, 0.752441, 0.00402349, 0.317871, 0.752441, 0.00432856, 0.318848, 0.752441, 0.00463032, 0.319824, 0.752441, 0.00492796, 
        0.312988, 0.753418, 0.00269213, 0.313965, 0.753418, 0.00303363, 0.314941, 0.753418, 0.00337514, 0.315918, 0.753418, 0.00371535, 0.316895, 0.753418, 0.00405299, 0.317871, 0.753418, 0.0043868, 0.318848, 0.753418, 0.00471561, 0.319824, 0.753418, 0.00503831, 
        0.312988, 0.754395, 0.00259806, 0.313965, 0.754395, 0.00297074, 0.314941, 0.754395, 0.003343, 0.315918, 0.754395, 0.0037132, 0.316895, 0.754395, 0.00407978, 0.317871, 0.754395, 0.00444118, 0.318848, 0.754395, 0.00479594, 0.319824, 0.754395, 0.00514269, 
        0.312988, 0.755371, 0.0025062, 0.313965, 0.755371, 0.00290845, 0.314941, 0.755371, 0.00330985, 0.315918, 0.755371, 0.00370849, 0.316895, 0.755371, 0.0041025, 0.317871, 0.755371, 0.00449005, 0.318848, 0.755371, 0.0048694, 0.319824, 0.755371, 0.00523892, 
        0.312988, 0.756348, 0.00241642, 0.313965, 0.756348, 0.00284632, 0.314941, 0.756348, 0.00327498, 0.315918, 0.756348, 0.00370021, 0.316895, 0.756348, 0.00411987, 0.317871, 0.756348, 0.00453185, 0.318848, 0.756348, 0.00493417, 0.319824, 0.756348, 0.00532495, 
        0.312988, 0.757324, 0.00232863, 0.313965, 0.757324, 0.00278398, 0.314941, 0.757324, 0.00323773, 0.315918, 0.757324, 0.00368742, 0.316895, 0.757324, 0.00413067, 0.317871, 0.757324, 0.00456511, 0.318848, 0.757324, 0.00498853, 0.319824, 0.757324, 0.00539885
    ]
}
