{
    "level": 0,
    "idx": {"x": 40, "y": 123},
    "dim": {"x": 8, "y": 8},
    "offset": {"x": 0.312988, "y": 0.961426},
    "cellSize": {"x": 0.000976562, "y": 0.000976562},
    "vertices": [
        0.312988, 0.961426, 0.00195013, 0.313965, 0.961426, 0.00209978, 0.314941, 0.961426, 0.00224585, 0.315918, 0.961426, 0.00238616, 0.316895, 0.961426, 0.00251855, 0.317871, 0.961426, 0.00264094, 0.318848, 0.961426, 0.00275135, 0.319824, 0.961426, 0.0028479, 
        0.312988, 0.962402, 0.00190102, 0.313965, 0.962402, 0.00202356, 0.314941, 0.962402, 0.00214291, 0.315918, 0.962402, 0.00225715, 0.316895, 0.962402, 0.00236439, 0.317871, 0.962402, 0.00246281, 0.318848, 0.962402, 0.00255068, 0.319824, 0.962402, 0.00262636, 
        0.312988, 0.963379, 0.00185068, 0.313965, 0.963379, 0.00194417, 0.314941, 0.963379, 0.00203487, 0.315918, 0.963379, 0.00212115, 0.316895, 0.963379, 0.00220142, 0.317871, 0.963379, 0.00227414, 0.318848, 0.963379, 0.00233783, 0.319824, 0.963379, 0.00239111, 
        0.312988, 0.964355, 0.00179923, 0.313965, 0.964355, 0.00186201, 0.314941, 0.964355, 0.00192243, 0.315918, 0.964355, 0.00197917, 0.316895, 0.964355, 0.00203093, 0.317871, 0.964355, 0.00207647, 0.318848, 0.964355, 0.0021146, 0.319824, 0.964355, 0.00214418, 
        0.312988, 0.965332, 0.00174678, 0.313965, 0.965332, 0.0017775, 0.314941, 0.965332, 0.00180632, 0.315918, 0.965332, 0.00183222, 0.316895, 0.965332, 0.00185422, 0.317871, 0.965332, 0.00187139, 0.318848, 0.965332, 0.00188281, 0.319824, 0.965332, 0.00188765, 
        0.312988, 0.966309, 0.00169343, 0.313965, 0.966309, 0.0016911, 0.314941, 0.966309, 0.00168731, 0.315918, 0.966309, 0.00168139, 0.316895, 0.966309, 0.0016727, 0.317871, 0.966309, 0.00166059, 0.318848, 0.966309, 0.00164448, 0.319824, 0.966309, 0.00162378, 
        0.312988, 0.967285, 0.00163931, 0.313965, 0.967285, 0.00160324, 0.314941, 0.967285, 0.00156618, 0.315918, 0.967285, 0.0015278, 0.316895, 0.967285, 0.00148777, 0.317871, 0.967285, 0.00144579, 0.318848, 0.967285, 0.00140156, 0.319824, 0.967285, 0.00135481, 
        0.312988, 0.968262, 0.00158455, 0.313965, 0.968262, 0.00151441, 0.314941, 0.968262, 0.00144375, 0.315918, 0.968262, 0.00137258, 0.316895, 0.968262, 0.00130091, 0.317871, 0.968262, 0.00122876, 0.318848, 0.968262, 0.00115615, 0.319824, 0.968262, 0.00108308
    ]
}
