{
    "level": 0,
    "idx": {"x": 41, "y": 26},
    "dim": {"x": 16, "y": 16},
    "offset": {"x": 0.641113, "y": 0.406738},
    "cellSize": {"x": 0.000976562, "y": 0.000976562},
    "vertices": [
        0.641113, 0.406738, 0.0942346, 0.64209, 0.406738, 0.0927275, 0.643066, 0.406738, 0.091254, 0.644043, 0.406738, 0.0898309, 0.64502, 0.406738, 0.0884729, 0.645996, 0.406738, 0.0871927, 0.646973, 0.406738, 0.0859998, 0.647949, 0.406738, 0.084901, 0.648926, 0.406738, 0.0838992, 0.649902, 0.406738, 0.082994, 0.650879, 0.406738, 0.0821816, 0.651855, 0.406738, 0.0814545, 0.652832, 0.406738, 0.0808024, 0.653809, 0.406738, 0.0802121, 0.654785, 0.406738, 0.0796685, 0.655762, 0.406738, 0.0791547, 
        0.641113, 0.407715, 0.094201, 0.64209, 0.407715, 0.0915778, 0.643066, 0.407715, 0.0890588, 0.644043, 0.407715, 0.0867011, 0.64502, 0.407715, 0.0845548, 0.645996, 0.407715, 0.0826627, 0.646973, 0.407715, 0.0810577, 0.647949, 0.407715, 0.079762, 0.648926, 0.407715, 0.0787859, 0.649902, 0.407715, 0.0781277, 0.650879, 0.407715, 0.0777738, 0.651855, 0.407715, 0.0776988, 0.652832, 0.407715, 0.0778669, 0.653809, 0.407715, 0.0782333, 0.654785, 0.407715, 0.0787455, 0.655762, 0.407715, 0.0793458, 
        0.641113, 0.408691, 0.0942046, 0.64209, 0.408691, 0.0905257, 0.643066, 0.408691, 0.0870178, 0.644043, 0.408691, 0.0837759, 0.64502, 0.408691, 0.0808837, 0.645996, 0.408691, 0.0784127, 0.646973, 0.408691, 0.0764175, 0.647949, 0.408691, 0.0749353, 0.648926, 0.408691, 0.0739831, 0.649902, 0.408691, 0.0735582, 0.650879, 0.408691, 0.0736374, 0.651855, 0.408691, 0.0741787, 0.652832, 0.408691, 0.0751221, 0.653809, 0.408691, 0.0763927, 0.654785, 0.408691, 0.0779028, 0.655762, 0.408691, 0.0795563, 
        0.641113, 0.409668, 0.0942719, 0.64209, 0.409668, 0.089638, 0.643066, 0.409668, 0.0852354, 0.644043, 0.409668, 0.0811935, 0.64502, 0.409668, 0.0776264, 0.645996, 0.409668, 0.0746314, 0.646973, 0.409668, 0.0722828, 0.647949, 0.409668, 0.0706313, 0.648926, 0.409668, 0.0697, 0.649902, 0.409668, 0.0694852, 0.650879, 0.409668, 0.0699554, 0.651855, 0.409668, 0.071053, 0.652832, 0.409668, 0.0726966, 0.653809, 0.409668, 0.0747839, 0.654785, 0.409668, 0.0771955, 0.655762, 0.409668, 0.0798003, 
        0.641113, 0.410645, 0.0944267, 0.64209, 0.410645, 0.0889749, 0.643066, 0.410645, 0.0838061, 0.644043, 0.410645, 0.0790789, 0.64502, 0.410645, 0.0749335, 0.645996, 0.410645, 0.0714892, 0.646973, 0.410645, 0.0688374, 0.647949, 0.410645, 0.06704, 0.648926, 0.410645, 0.0661256, 0.649902, 0.410645, 0.0660895, 0.650879, 0.410645, 0.0668929, 0.651855, 0.410645, 0.0684655, 0.652832, 0.410645, 0.0707067, 0.653809, 0.410645, 0.0734915, 0.654785, 0.410645, 0.076673, 0.655762, 0.410645, 0.0800905, 
        0.641113, 0.411621, 0.0946894, 0.64209, 0.411621, 0.088588, 0.643066, 0.411621, 0.0828106, 0.644043, 0.411621, 0.0775389, 0.64502, 0.411621, 0.0729339, 0.645996, 0.411621, 0.0691321, 0.646973, 0.411621, 0.0662385, 0.647949, 0.411621, 0.064324, 0.648926, 0.411621, 0.0634215, 0.649902, 0.411621, 0.0635254, 0.650879, 0.411621, 0.0645914, 0.651855, 0.411621, 0.0665387, 0.652832, 0.411621, 0.0692521, 0.653809, 0.411621, 0.072588, 0.654785, 0.411621, 0.0763781, 0.655762, 0.411621, 0.0804379, 
        0.641113, 0.412598, 0.095076, 0.64209, 0.412598, 0.0885181, 0.643066, 0.412598, 0.0823129, 0.644043, 0.412598, 0.0766584, 0.64502, 0.412598, 0.0717296, 0.645996, 0.412598, 0.0676757, 0.646973, 0.412598, 0.0646108, 0.647949, 0.412598, 0.0626123, 0.648926, 0.412598, 0.0617159, 0.649902, 0.412598, 0.0619155, 0.650879, 0.412598, 0.063163, 0.651855, 0.412598, 0.0653701, 0.652832, 0.412598, 0.0684115, 0.653809, 0.412598, 0.0721307, 0.654785, 0.412598, 0.0763442, 0.655762, 0.412598, 0.0808511, 
        0.641113, 0.413574, 0.0955977, 0.64209, 0.413574, 0.0887938, 0.643066, 0.413574, 0.0823577, 0.644043, 0.413574, 0.0764962, 0.64502, 0.413574, 0.071392, 0.645996, 0.413574, 0.0672006, 0.646973, 0.413574, 0.0640413, 0.647949, 0.413574, 0.0619947, 0.648926, 0.413574, 0.0610981, 0.649902, 0.413574, 0.0613453, 0.650879, 0.413574, 0.0626859, 0.651855, 0.413574, 0.0650277, 0.652832, 0.413574, 0.0682401, 0.653809, 0.413574, 0.0721596, 0.654785, 0.413574, 0.0765948, 0.655762, 0.413574, 0.081336, 
        0.641113, 0.414551, 0.0962605, 0.64209, 0.414551, 0.0894301, 0.643066, 0.414551, 0.0829688, 0.644043, 0.414551, 0.0770839, 0.64502, 0.414551, 0.0719589, 0.645996, 0.414551, 0.0677498, 0.646973, 0.414551, 0.0645762, 0.647949, 0.414551, 0.0625191, 0.648926, 0.414551, 0.0616158, 0.649902, 0.414551, 0.0618601, 0.650879, 0.414551, 0.0632015, 0.651855, 0.414551, 0.0655475, 0.652832, 0.414551, 0.068767, 0.653809, 0.414551, 0.072696, 0.654785, 0.414551, 0.0771424, 0.655762, 0.414551, 0.0818959, 
        0.641113, 0.415527, 0.0970647, 0.64209, 0.415527, 0.0904281, 0.643066, 0.415527, 0.0841477, 0.644043, 0.415527, 0.0784238, 0.64502, 0.415527, 0.0734332, 0.645996, 0.415527, 0.0693265, 0.646973, 0.415527, 0.066219, 0.647949, 0.415527, 0.064189, 0.648926, 0.415527, 0.0632725, 0.649902, 0.415527, 0.0634635, 0.650879, 0.415527, 0.0647131, 0.651855, 0.415527, 0.0669323, 0.652832, 0.415527, 0.0699945, 0.653809, 0.415527, 0.0737414, 0.654785, 0.415527, 0.0779879, 0.655762, 0.415527, 0.0825308, 
        0.641113, 0.416504, 0.0980052, 0.64209, 0.416504, 0.0917748, 0.643066, 0.416504, 0.0858745, 0.644043, 0.416504, 0.0804892, 0.64502, 0.416504, 0.0757827, 0.645996, 0.416504, 0.0718943, 0.646973, 0.416504, 0.0689307, 0.647949, 0.416504, 0.0669641, 0.648926, 0.416504, 0.0660281, 0.649902, 0.416504, 0.0661169, 0.650879, 0.416504, 0.0671855, 0.651855, 0.416504, 0.0691515, 0.652832, 0.416504, 0.0718977, 0.653809, 0.416504, 0.0752778, 0.654785, 0.416504, 0.0791205, 0.655762, 0.416504, 0.083238, 
        0.641113, 0.41748, 0.0990712, 0.64209, 0.41748, 0.0934438, 0.643066, 0.41748, 0.0881075, 0.644043, 0.41748, 0.0832254, 0.64502, 0.41748, 0.0789416, 0.645996, 0.41748, 0.0753786, 0.646973, 0.41748, 0.0726306, 0.647949, 0.41748, 0.0707612, 0.648926, 0.41748, 0.0697997, 0.649902, 0.41748, 0.0697413, 0.650879, 0.41748, 0.0705463, 0.651855, 0.41748, 0.0721421, 0.652832, 0.41748, 0.0744256, 0.653809, 0.41748, 0.077268, 0.654785, 0.41748, 0.0805185, 0.655762, 0.41748, 0.0840117, 
        0.641113, 0.418457, 0.100247, 0.64209, 0.418457, 0.095396, 0.643066, 0.418457, 0.0907859, 0.644043, 0.418457, 0.0865517, 0.64502, 0.418457, 0.0828124, 0.645996, 0.418457, 0.0796694, 0.646973, 0.418457, 0.0772002, 0.647949, 0.418457, 0.0754574, 0.648926, 0.418457, 0.0744654, 0.649902, 0.418457, 0.0742201, 0.650879, 0.418457, 0.0746888, 0.651855, 0.418457, 0.0758115, 0.652832, 0.418457, 0.0775031, 0.653809, 0.418457, 0.0796573, 0.654785, 0.418457, 0.0821496, 0.655762, 0.418457, 0.0848434, 
        0.641113, 0.419434, 0.101514, 0.64209, 0.419434, 0.0975813, 0.643066, 0.419434, 0.0938312, 0.644043, 0.419434, 0.0903645, 0.64502, 0.419434, 0.0872705, 0.645996, 0.419434, 0.0846253, 0.646973, 0.419434, 0.0824871, 0.647949, 0.419434, 0.0808956, 0.648926, 0.419434, 0.0798688, 0.649902, 0.419434, 0.0794038, 0.650879, 0.419434, 0.0794761, 0.651855, 0.419434, 0.0800407, 0.652832, 0.419434, 0.0810338, 0.653809, 0.419434, 0.0823756, 0.654785, 0.419434, 0.0839727, 0.655762, 0.419434, 0.0857226, 
        0.641113, 0.42041, 0.102847, 0.64209, 0.42041, 0.0999404, 0.643066, 0.42041, 0.0971508, 0.644043, 0.42041, 0.0945414, 0.64502, 0.42041, 0.0921682, 0.645996, 0.42041, 0.0900794, 0.646973, 0.42041, 0.0883115, 0.647949, 0.42041, 0.0868895, 0.648926, 0.42041, 0.0858247, 0.649902, 0.42041, 0.0851155, 0.650879, 0.42041, 0.0847464, 0.651855, 0.42041, 0.0846891, 0.652832, 0.42041, 0.0849037, 0.653809, 0.42041, 0.0853398, 0.654785, 0.42041, 0.0859388, 0.655762, 0.42041, 0.0866363, 
