{
    "level": 0,
    "idx": {"x": 41, "y": 93},
    "dim": {"x": 8, "y": 8},
    "offset": {"x": 0.320801, "y": 0.727051},
    "cellSize": {"x": 0.000976562, "y": 0.000976562},
    "vertices": [
        0.320801, 0.727051, 0.00656093, 0.321777, 0.727051, 0.00664832, 0.322754, 0.727051, 0.00675914, 0.32373, 0.727051, 0.00689488, 0.324707, 0.727051, 0.0070568, 0.325684, 0.727051, 0.00724593, 0.32666, 0.727051, 0.00746303, 0.327637, 0.727051, 0.00770864, 
        0.320801, 0.728027, 0.00619975, 0.321777, 0.728027, 0.0062711, 0.322754, 0.728027, 0.0063676, 0.32373, 0.728027, 0.00649087, 0.324707, 0.728027, 0.00664226, 0.325684, 0.728027, 0.00682289, 0.32666, 0.728027, 0.0070336, 0.327637, 0.728027, 0.00727495, 
        0.320801, 0.729004, 0.00586316, 0.321777, 0.729004, 0.00592034, 0.322754, 0.729004, 0.00600418, 0.32373, 0.729004, 0.00611637, 0.324707, 0.729004, 0.00625839, 0.325684, 0.729004, 0.00643141, 0.32666, 0.729004, 0.00663633, 0.327637, 0.729004, 0.00687375, 
        0.320801, 0.72998, 0.00555249, 0.321777, 0.72998, 0.0055975, 0.322754, 0.72998, 0.00567042, 0.32373, 0.72998, 0.00577304, 0.324707, 0.72998, 0.0059069, 0.325684, 0.72998, 0.00607325, 0.32666, 0.72998, 0.00627303, 0.327637, 0.72998, 0.00650688, 
        0.320801, 0.730957, 0.00526893, 0.321777, 0.730957, 0.00530386, 0.322754, 0.730957, 0.0053677, 0.32373, 0.730957, 0.00546232, 0.324707, 0.730957, 0.00558932, 0.325684, 0.730957, 0.00574998, 0.32666, 0.730957, 0.0059453, 0.327637, 0.730957, 0.00617594, 
        0.320801, 0.731934, 0.00501341, 0.321777, 0.731934, 0.00504045, 0.322754, 0.731934, 0.00509713, 0.32373, 0.731934, 0.00518538, 0.324707, 0.731934, 0.00530685, 0.325684, 0.731934, 0.00546285, 0.32666, 0.731934, 0.00565442, 0.327637, 0.731934, 0.00588223, 
        0.320801, 0.73291, 0.00478658, 0.321777, 0.73291, 0.00480795, 0.322754, 0.73291, 0.00485944, 0.32373, 0.73291, 0.004943, 0.324707, 0.73291, 0.00506031, 0.325684, 0.73291, 0.00521272, 0.32666, 0.73291, 0.00540126, 0.327637, 0.73291, 0.00562663, 
        0.320801, 0.733887, 0.00458891, 0.321777, 0.733887, 0.00460689, 0.322754, 0.733887, 0.00465519, 0.32373, 0.733887, 0.00473577, 0.324707, 0.733887, 0.00485032, 0.325684, 0.733887, 0.0050002, 0.32666, 0.733887, 0.00518645, 0.327637, 0.733887, 0.00540977
    ]
}
