{
    "level": 0,
    "idx": {"x": 41, "y": 2},
    "dim": {"x": 16, "y": 16},
    "offset": {"x": 0.641113, "y": 0.0317383},
    "cellSize": {"x": 0.000976562, "y": 0.000976562},
    "vertices": [
        0.641113, 0.0317383, -3.89e-06, 0.64209, 0.0317383, -3.93527e-05, 0.643066, 0.0317383, -7.2569e-05, 0.644043, 0.0317383, -0.000102263, 0.64502, 0.0317383, -0.000127304, 0.645996, 0.0317383, -0.000146732, 0.646973, 0.0317383, -0.00015981, 0.647949, 0.0317383, -0.000166041, 0.648926, 0.0317383, -0.000165193, 0.649902, 0.0317383, -0.000157307, 0.650879, 0.0317383, -0.000142695, 0.651855, 0.0317383, -0.000121925, 0.652832, 0.0317383, -9.58091e-05, 0.653809, 0.0317383, -6.53556e-05, 0.654785, 0.0317383, -3.17498e-05, 0.655762, 0.0317383, 3.71183e-06, 
        0.641113, 0.0327148, -0.000738414, 0.64209, 0.0327148, -0.00189393, 0.643066, 0.0327148, -0.00297585, 0.644043, 0.0327148, -0.00394235, 0.64502, 0.0327148, -0.00475638, 0.645996, 0.0327148, -0.00538648, 0.646973, 0.0327148, -0.00580849, 0.647949, 0.0327148, -0.00600611, 0.648926, 0.0327148, -0.00597176, 0.649902, 0.0327148, -0.00570675, 0.650879, 0.0327148, -0.00522135, 0.651855, 0.0327148, -0.00453416, 0.652832, 0.0327148, -0.00367178, 0.653809, 0.0327148, -0.00266728, 0.654785, 0.0327148, -0.00155949, 0.655762, 0.0327148, -0.000390913, 
        0.641113, 0.0336914, -0.00144371, 0.64209, 0.0336914, -0.00367479, 0.643066, 0.0336914, -0.00576376, 0.644043, 0.0336914, -0.00762987, 0.64502, 0.0336914, -0.00920155, 0.645996, 0.0336914, -0.0104181, 0.646973, 0.0336914, -0.0112328, 0.647949, 0.0336914, -0.0116142, 0.648926, 0.0336914, -0.0115476, 0.649902, 0.0336914, -0.0110357, 0.650879, 0.0336914, -0.0100982, 0.651855, 0.0336914, -0.00877111, 0.652832, 0.0336914, -0.00710567, 0.653809, 0.0336914, -0.0051658, 0.654785, 0.0336914, -0.0030265, 0.655762, 0.0336914, -0.000769818, 
        0.641113, 0.034668, -0.00209259, 0.64209, 0.034668, -0.00531335, 0.643066, 0.034668, -0.00832894, 0.644043, 0.034668, -0.0110228, 0.64502, 0.034668, -0.0132916, 0.645996, 0.034668, -0.0150477, 0.646973, 0.034668, -0.0162238, 0.647949, 0.034668, -0.0167743, 0.648926, 0.034668, -0.0166782, 0.649902, 0.034668, -0.015939, 0.650879, 0.034668, -0.0145856, 0.651855, 0.034668, -0.0126696, 0.652832, 0.034668, -0.0102652, 0.653809, 0.034668, -0.00746472, 0.654785, 0.034668, -0.00437628, 0.655762, 0.034668, -0.00111839, 
        0.641113, 0.0356445, -0.00266005, 0.64209, 0.0356445, -0.00674647, 0.643066, 0.0356445, -0.0105726, 0.644043, 0.0356445, -0.0139905, 0.64502, 0.0356445, -0.0168691, 0.645996, 0.0356445, -0.0190972, 0.646973, 0.0356445, -0.0205893, 0.647949, 0.0356445, -0.0212877, 0.648926, 0.0356445, -0.0211657, 0.649902, 0.0356445, -0.0202279, 0.650879, 0.0356445, -0.0185105, 0.651855, 0.0356445, -0.0160795, 0.652832, 0.0356445, -0.0130288, 0.653809, 0.0356445, -0.00947548, 0.654785, 0.0356445, -0.00555683, 0.655762, 0.0356445, -0.00142318, 
        0.641113, 0.0366211, -0.00312419, 0.64209, 0.0366211, -0.00791895, 0.643066, 0.0366211, -0.0124083, 0.644043, 0.0366211, -0.0164186, 0.64502, 0.0366211, -0.0197962, 0.645996, 0.0366211, -0.0224105, 0.646973, 0.0366211, -0.0241612, 0.647949, 0.0366211, -0.0249807, 0.648926, 0.0366211, -0.0248375, 0.649902, 0.0366211, -0.023737, 0.650879, 0.0366211, -0.021722, 0.651855, 0.0366211, -0.0188695, 0.652832, 0.0366211, -0.01529, 0.653809, 0.0366211, -0.0111206, 0.654785, 0.0366211, -0.00652266, 0.655762, 0.0366211, -0.00167243, 
        0.641113, 0.0375977, -0.00346712, 0.64209, 0.0375977, -0.0087856, 0.643066, 0.0375977, -0.0137653, 0.644043, 0.0375977, -0.0182137, 0.64502, 0.0375977, -0.0219602, 0.645996, 0.0375977, -0.02486, 0.646973, 0.0375977, -0.0268019, 0.647949, 0.0375977, -0.0277109, 0.648926, 0.0375977, -0.027552, 0.649902, 0.0375977, -0.0263314, 0.650879, 0.0375977, -0.0240962, 0.651855, 0.0375977, -0.0209321, 0.652832, 0.0375977, -0.0169616, 0.653809, 0.0375977, -0.0123368, 0.654785, 0.0375977, -0.00723656, 0.655762, 0.0375977, -0.00185651, 
        0.641113, 0.0385742, -0.00367559, 0.64209, 0.0385742, -0.00931303, 0.643066, 0.0385742, -0.0145913, 0.644043, 0.0385742, -0.0193065, 0.64502, 0.0385742, -0.0232777, 0.645996, 0.0385742, -0.0263514, 0.646973, 0.0385742, -0.0284098, 0.647949, 0.0385742, -0.0293732, 0.648926, 0.0385742, -0.0292049, 0.649902, 0.0385742, -0.027911, 0.650879, 0.0385742, -0.0255417, 0.651855, 0.0385742, -0.0221879, 0.652832, 0.0385742, -0.0179793, 0.653809, 0.0385742, -0.0130771, 0.654785, 0.0385742, -0.00767102, 0.655762, 0.0385742, -0.00196831, 
        0.641113, 0.0395508, -0.00374155, 0.64209, 0.0395508, -0.00948088, 0.643066, 0.0395508, -0.0148546, 0.644043, 0.0395508, -0.019655, 0.64502, 0.0395508, -0.023698, 0.645996, 0.0395508, -0.0268272, 0.646973, 0.0395508, -0.0289228, 0.647949, 0.0395508, -0.0299037, 0.648926, 0.0395508, -0.0297323, 0.649902, 0.0395508, -0.028415, 0.650879, 0.0395508, -0.026003, 0.651855, 0.0395508, -0.0225885, 0.652832, 0.0395508, -0.0183038, 0.653809, 0.0395508, -0.0133131, 0.654785, 0.0395508, -0.00780926, 0.655762, 0.0395508, -0.00200349, 
        0.641113, 0.0405273, -0.00366242, 0.64209, 0.0405273, -0.00928267, 0.643066, 0.0405273, -0.0145449, 0.644043, 0.0405273, -0.0192457, 0.64502, 0.0405273, -0.0232048, 0.645996, 0.0405273, -0.0262691, 0.646973, 0.0405273, -0.0283212, 0.647949, 0.0405273, -0.0292818, 0.648926, 0.0405273, -0.0291139, 0.649902, 0.0405273, -0.027824, 0.650879, 0.0405273, -0.025462, 0.651855, 0.0405273, -0.0221185, 0.652832, 0.0405273, -0.0179227, 0.653809, 0.0405273, -0.0130355, 0.654785, 0.0405273, -0.00764594, 0.655762, 0.0405273, -0.00196067, 
        0.641113, 0.0415039, -0.00344121, 0.64209, 0.0415039, -0.00872598, 0.643066, 0.0415039, -0.0136741, 0.644043, 0.0415039, -0.0180943, 0.64502, 0.0415039, -0.0218171, 0.645996, 0.0415039, -0.0246985, 0.646973, 0.0415039, -0.0266282, 0.647949, 0.0415039, -0.0275314, 0.648926, 0.0415039, -0.0273736, 0.649902, 0.0415039, -0.0261608, 0.650879, 0.0415039, -0.0239398, 0.651855, 0.0415039, -0.0207958, 0.652832, 0.0415039, -0.0168505, 0.653809, 0.0415039, -0.0122551, 0.654785, 0.0415039, -0.00718732, 0.655762, 0.0415039, -0.00184146, 
        0.641113, 0.0424805, -0.00308639, 0.64209, 0.0424805, -0.00783221, 0.643066, 0.0424805, -0.0122757, 0.644043, 0.0424805, -0.0162452, 0.64502, 0.0424805, -0.0195883, 0.645996, 0.0424805, -0.0221759, 0.646973, 0.0424805, -0.0239088, 0.647949, 0.0424805, -0.0247199, 0.648926, 0.0424805, -0.0245783, 0.649902, 0.0424805, -0.0234892, 0.650879, 0.0424805, -0.0214947, 0.651855, 0.0424805, -0.0186715, 0.652832, 0.0424805, -0.0151286, 0.653809, 0.0424805, -0.0110019, 0.654785, 0.0424805, -0.00645102, 0.655762, 0.0424805, -0.00165042, 
        0.641113, 0.043457, -0.00261159, 0.64209, 0.043457, -0.00663574, 0.643066, 0.043457, -0.0104035, 0.644043, 0.043457, -0.0137694, 0.64502, 0.043457, -0.0166042, 0.645996, 0.043457, -0.0187983, 0.646973, 0.043457, -0.0202677, 0.647949, 0.043457, -0.0209556, 0.648926, 0.043457, -0.0208355, 0.649902, 0.043457, -0.0199121, 0.650879, 0.043457, -0.018221, 0.651855, 0.043457, -0.0158272, 0.652832, 0.043457, -0.0128232, 0.653809, 0.043457, -0.00932411, 0.654785, 0.043457, -0.00546535, 0.655762, 0.043457, -0.00139487, 
        0.641113, 0.0444336, -0.00203506, 0.64209, 0.0444336, -0.0051826, 0.643066, 0.0444336, -0.00812965, 0.644043, 0.0444336, -0.0107623, 0.64502, 0.0444336, -0.0129796, 0.645996, 0.0444336, -0.0146958, 0.646973, 0.0444336, -0.0158452, 0.647949, 0.0444336, -0.0163833, 0.648926, 0.0444336, -0.0162894, 0.649902, 0.0444336, -0.0155673, 0.650879, 0.0444336, -0.0142447, 0.651855, 0.0444336, -0.0123725, 0.652832, 0.0444336, -0.0100229, 0.653809, 0.0444336, -0.00728627, 0.654785, 0.0444336, -0.00426825, 0.655762, 0.0444336, -0.00108463, 
