{
    "level": 0,
    "idx": {"x": 41, "y": 18},
    "dim": {"x": 8, "y": 8},
    "offset": {"x": 0.320801, "y": 0.141113},
    "cellSize": {"x": 0.000976562, "y": 0.000976562},
    "vertices": [
        0.320801, 0.141113, 0.00235216, 0.321777, 0.141113, 0.00266033, 0.322754, 0.141113, 0.00294015, 0.32373, 0.141113, 0.00318955, 0.324707, 0.141113, 0.0034068, 0.325684, 0.141113, 0.00359044, 0.32666, 0.141113, 0.00373938, 0.327637, 0.141113, 0.00385282, 
        0.320801, 0.14209, 0.00237735, 0.321777, 0.14209, 0.00268203, 0.322754, 0.14209, 0.00295853, 0.32373, 0.14209, 0.0032048, 0.324707, 0.14209, 0.0034191, 0.325684, 0.14209, 0.0036, 0.32666, 0.14209, 0.00374641, 0.327637, 0.14209, 0.00385754, 
        0.320801, 0.143066, 0.00237693, 0.321777, 0.143066, 0.00267583, 0.322754, 0.143066, 0.00294697, 0.32373, 0.143066, 0.00318837, 0.324707, 0.143066, 0.0033983, 0.325684, 0.143066, 0.00357537, 0.32666, 0.143066, 0.00371848, 0.327637, 0.143066, 0.00382688, 
        0.320801, 0.144043, 0.00235133, 0.321777, 0.144043, 0.00264216, 0.322754, 0.144043, 0.00290596, 0.32373, 0.144043, 0.00314077, 0.324707, 0.144043, 0.00334494, 0.325684, 0.144043, 0.00351709, 0.32666, 0.144043, 0.00365615, 0.327637, 0.144043, 0.00376141, 
        0.320801, 0.14502, 0.0023012, 0.321777, 0.14502, 0.00258176, 0.322754, 0.14502, 0.00283626, 0.32373, 0.14502, 0.00306284, 0.324707, 0.14502, 0.00325987, 0.325684, 0.14502, 0.00342604, 0.32666, 0.14502, 0.00356034, 0.327637, 0.14502, 0.00366204, 
        0.320801, 0.145996, 0.00222744, 0.321777, 0.145996, 0.0024956, 0.322754, 0.145996, 0.00273894, 0.32373, 0.145996, 0.00295567, 0.324707, 0.145996, 0.00314426, 0.325684, 0.145996, 0.00330344, 0.32666, 0.145996, 0.00343226, 0.327637, 0.145996, 0.00353002, 
        0.320801, 0.146973, 0.0021312, 0.321777, 0.146973, 0.00238493, 0.322754, 0.146973, 0.00261532, 0.32373, 0.146973, 0.00282068, 0.324707, 0.146973, 0.00299957, 0.325684, 0.146973, 0.0031508, 0.32666, 0.146973, 0.00327346, 0.327637, 0.146973, 0.00336692, 
        0.320801, 0.147949, 0.00201383, 0.321777, 0.147949, 0.00225123, 0.322754, 0.147949, 0.00246699, 0.32373, 0.147949, 0.00265955, 0.324707, 0.147949, 0.00282756, 0.325684, 0.147949, 0.00296993, 0.32666, 0.147949, 0.00308581, 0.327637, 0.147949, 0.0031746
    ]
}
