{
    "level": 0,
    "idx": {"x": 42, "y": 102},
    "dim": {"x": 8, "y": 8},
    "offset": {"x": 0.328613, "y": 0.797363},
    "cellSize": {"x": 0.000976562, "y": 0.000976562},
    "vertices": [
        0.328613, 0.797363, -0.00158303, 0.32959, 0.797363, -0.00143234, 0.330566, 0.797363, -0.00124549, 0.331543, 0.797363, -0.00102316, 0.33252, 0.797363, -0.000766335, 0.333496, 0.797363, -0.00047636, 0.334473, 0.797363, -0.000154881, 0.335449, 0.797363, 0.000196152, 
        0.328613, 0.79834, -0.00158617, 0.32959, 0.79834, -0.00143867, 0.330566, 0.79834, -0.00125546, 0.331543, 0.79834, -0.00103722, 0.33252, 0.79834, -0.000784926, 0.333496, 0.79834, -0.000499896, 0.334473, 0.79834, -0.000183759, 0.335449, 0.79834, 0.000161557, 
        0.328613, 0.799316, -0.00155236, 0.32959, 0.799316, -0.00140834, 0.330566, 0.799316, -0.00122942, 0.331543, 0.799316, -0.00101624, 0.33252, 0.799316, -0.000769771, 0.333496, 0.799316, -0.000491297, 0.334473, 0.799316, -0.000182411, 0.335449, 0.799316, 0.000155003, 
        0.328613, 0.800293, -0.00148242, 0.32959, 0.800293, -0.00134218, 0.330566, 0.800293, -0.00116816, 0.331543, 0.800293, -0.000960992, 0.33252, 0.800293, -0.000721616, 0.333496, 0.800293, -0.000451272, 0.334473, 0.800293, -0.000151502, 0.335449, 0.800293, 0.000175871, 
        0.328613, 0.80127, -0.0013775, 0.32959, 0.80127, -0.00124131, 0.330566, 0.80127, -0.0010728, 0.331543, 0.80127, -0.000872567, 0.33252, 0.80127, -0.00064151, 0.333496, 0.80127, -0.00038082, 0.334473, 0.80127, -9.19712e-05, 0.335449, 0.80127, 0.000223292, 
        0.328613, 0.802246, -0.00123909, 0.32959, 0.802246, -0.00110722, 0.330566, 0.802246, -0.000944793, 0.331543, 0.802246, -0.000752374, 0.33252, 0.802246, -0.000530811, 0.333496, 0.802246, -0.000281231, 0.334473, 0.802246, -5.02859e-06, 0.335449, 0.802246, 0.000296147, 
        0.328613, 0.803223, -0.00106896, 0.32959, 0.803223, -0.000941669, 0.330566, 0.803223, -0.000785867, 0.331543, 0.803223, -0.000602092, 0.33252, 0.803223, -0.000391133, 0.333496, 0.803223, -0.000154041, 0.334473, 0.803223, 0.000107882, 0.335449, 0.803223, 0.000393097, 
        0.328613, 0.804199, -0.00086922, 0.32959, 0.804199, -0.000746738, 0.330566, 0.804199, -0.000598071, 0.331543, 0.804199, -0.000423716, 0.33252, 0.804199, -0.000224395, 0.333496, 0.804199, -1.07473e-06, 0.334473, 0.804199, 0.000245048, 0.335449, 0.804199, 0.00051256
    ]
}
