{
    "level": 0,
    "idx": {"x": 42, "y": 67},
    "dim": {"x": 8, "y": 8},
    "offset": {"x": 0.328613, "y": 0.523926},
    "cellSize": {"x": 0.000976562, "y": 0.000976562},
    "vertices": [
        0.328613, 0.523926, 0.0923869, 0.32959, 0.523926, 0.0935218, 0.330566, 0.523926, 0.0946419, 0.331543, 0.523926, 0.0957477, 0.33252, 0.523926, 0.0968398, 0.333496, 0.523926, 0.0979189, 0.334473, 0.523926, 0.0989862, 0.335449, 0.523926, 0.100043, 
        0.328613, 0.524902, 0.0919409, 0.32959, 0.524902, 0.0930734, 0.330566, 0.524902, 0.094194, 0.331543, 0.524902, 0.0953028, 0.33252, 0.524902, 0.0964005, 0.333496, 0.524902, 0.0974877, 0.334473, 0.524902, 0.0985655, 0.335449, 0.524902, 0.0996349, 
        0.328613, 0.525879, 0.0914668, 0.32959, 0.525879, 0.0925971, 0.330566, 0.525879, 0.0937183, 0.331543, 0.525879, 0.0948307, 0.33252, 0.525879, 0.0959347, 0.333496, 0.525879, 0.097031, 0.334473, 0.525879, 0.0981203, 0.335449, 0.525879, 0.0992036, 
        0.328613, 0.526855, 0.0909676, 0.32959, 0.526855, 0.0920957, 0.330566, 0.526855, 0.0932179, 0.331543, 0.526855, 0.0943342, 0.33252, 0.526855, 0.0954452, 0.333496, 0.526855, 0.0965512, 0.334473, 0.526855, 0.097653, 0.335449, 0.526855, 0.0987513, 
        0.328613, 0.527832, 0.0904463, 0.32959, 0.527832, 0.0915724, 0.330566, 0.527832, 0.0926957, 0.331543, 0.527832, 0.0938164, 0.33252, 0.527832, 0.0949348, 0.333496, 0.527832, 0.0960512, 0.334473, 0.527832, 0.0971662, 0.335449, 0.527832, 0.0982804, 
        0.328613, 0.528809, 0.0899065, 0.32959, 0.528809, 0.0910305, 0.330566, 0.528809, 0.0921551, 0.331543, 0.528809, 0.0932804, 0.33252, 0.528809, 0.0944066, 0.333496, 0.528809, 0.0955339, 0.334473, 0.528809, 0.0966627, 0.335449, 0.528809, 0.0977935, 
        0.328613, 0.529785, 0.0893515, 0.32959, 0.529785, 0.0904735, 0.330566, 0.529785, 0.0915995, 0.331543, 0.529785, 0.0927295, 0.33252, 0.529785, 0.0938637, 0.333496, 0.529785, 0.0950022, 0.334473, 0.529785, 0.0961453, 0.335449, 0.529785, 0.097293, 
        0.328613, 0.530762, 0.0887849, 0.32959, 0.530762, 0.0899048, 0.330566, 0.530762, 0.0910322, 0.331543, 0.530762, 0.0921671, 0.33252, 0.530762, 0.0933094, 0.333496, 0.530762, 0.0944593, 0.334473, 0.530762, 0.0956168, 0.335449, 0.530762, 0.0967818
    ]
}
