{
    "level": 0,
    "idx": {"x": 42, "y": 51},
    "dim": {"x": 8, "y": 8},
    "offset": {"x": 0.328613, "y": 0.398926},
    "cellSize": {"x": 0.000976562, "y": 0.000976562},
    "vertices": [
        0.328613, 0.398926, 0.0625868, 0.32959, 0.398926, 0.0635197, 0.330566, 0.398926, 0.0644348, 0.331543, 0.398926, 0.0653324, 0.33252, 0.398926, 0.0662132, 0.333496, 0.398926, 0.0670778, 0.334473, 0.398926, 0.0679273, 0.335449, 0.398926, 0.068763, 
        0.328613, 0.399902, 0.0627836, 0.32959, 0.399902, 0.0637261, 0.330566, 0.399902, 0.0646536, 0.331543, 0.399902, 0.0655664, 0.33252, 0.399902, 0.0664648, 0.333496, 0.399902, 0.0673497, 0.334473, 0.399902, 0.0682218, 0.335449, 0.399902, 0.0690824, 
        0.328613, 0.400879, 0.0629579, 0.32959, 0.400879, 0.0639102, 0.330566, 0.400879, 0.0648504, 0.331543, 0.400879, 0.0657787, 0.33252, 0.400879, 0.0666956, 0.333496, 0.400879, 0.0676017, 0.334473, 0.400879, 0.0684976, 0.335449, 0.400879, 0.0693844, 
        0.328613, 0.401855, 0.0631126, 0.32959, 0.401855, 0.0640747, 0.330566, 0.401855, 0.0650279, 0.331543, 0.401855, 0.0659723, 0.33252, 0.401855, 0.0669082, 0.333496, 0.401855, 0.0678362, 0.334473, 0.401855, 0.0687569, 0.335449, 0.401855, 0.069671, 
        0.328613, 0.402832, 0.0632506, 0.32959, 0.402832, 0.0642226, 0.330566, 0.402832, 0.065189, 0.331543, 0.402832, 0.0661499, 0.33252, 0.402832, 0.0671054, 0.333496, 0.402832, 0.068056, 0.334473, 0.402832, 0.0690021, 0.335449, 0.402832, 0.0699444, 
        0.328613, 0.403809, 0.0633753, 0.32959, 0.403809, 0.0643572, 0.330566, 0.403809, 0.0653369, 0.331543, 0.403809, 0.0663145, 0.33252, 0.403809, 0.06729, 0.333496, 0.403809, 0.0682637, 0.334473, 0.403809, 0.0692359, 0.335449, 0.403809, 0.0702071, 
        0.328613, 0.404785, 0.0634898, 0.32959, 0.404785, 0.0644817, 0.330566, 0.404785, 0.0654748, 0.331543, 0.404785, 0.0664693, 0.33252, 0.404785, 0.067465, 0.333496, 0.404785, 0.0684622, 0.334473, 0.404785, 0.0694609, 0.335449, 0.404785, 0.0704615, 
        0.328613, 0.405762, 0.0635975, 0.32959, 0.405762, 0.0645994, 0.330566, 0.405762, 0.065606, 0.331543, 0.405762, 0.0666174, 0.33252, 0.405762, 0.0676336, 0.333496, 0.405762, 0.0686544, 0.334473, 0.405762, 0.0696799, 0.335449, 0.405762, 0.0707101
    ]
}
