{
    "level": 0,
    "idx": {"x": 42, "y": 81},
    "dim": {"x": 8, "y": 8},
    "offset": {"x": 0.328613, "y": 0.633301},
    "cellSize": {"x": 0.000976562, "y": 0.000976562},
    "vertices": [
        0.328613, 0.633301, 0.0479591, 0.32959, 0.633301, 0.0484629, 0.330566, 0.633301, 0.0489443, 0.331543, 0.633301, 0.0494038, 0.33252, 0.633301, 0.0498423, 0.333496, 0.633301, 0.0502606, 0.334473, 0.633301, 0.0506599, 0.335449, 0.633301, 0.0510418, 
        0.328613, 0.634277, 0.0477091, 0.32959, 0.634277, 0.0482067, 0.330566, 0.634277, 0.0486798, 0.331543, 0.634277, 0.0491287, 0.33252, 0.634277, 0.0495544, 0.333496, 0.634277, 0.0499579, 0.334473, 0.634277, 0.0503405, 0.335449, 0.634277, 0.0507038, 
        0.328613, 0.635254, 0.0474312, 0.32959, 0.635254, 0.0479229, 0.330566, 0.635254, 0.0483882, 0.331543, 0.635254, 0.0488274, 0.33252, 0.635254, 0.0492415, 0.333496, 0.635254, 0.0496315, 0.334473, 0.635254, 0.0499989, 0.335449, 0.635254, 0.0503454, 
        0.328613, 0.63623, 0.0471235, 0.32959, 0.63623, 0.0476097, 0.330566, 0.63623, 0.0480677, 0.331543, 0.63623, 0.048498, 0.33252, 0.63623, 0.0489017, 0.333496, 0.63623, 0.0492797, 0.334473, 0.63623, 0.0496337, 0.335449, 0.63623, 0.0499653, 
        0.328613, 0.637207, 0.0467845, 0.32959, 0.637207, 0.0472654, 0.330566, 0.637207, 0.0477168, 0.331543, 0.637207, 0.0481392, 0.33252, 0.637207, 0.0485336, 0.333496, 0.637207, 0.0489012, 0.334473, 0.637207, 0.0492436, 0.335449, 0.637207, 0.0495624, 
        0.328613, 0.638184, 0.0464127, 0.32959, 0.638184, 0.0468888, 0.330566, 0.638184, 0.0473342, 0.331543, 0.638184, 0.0477497, 0.33252, 0.638184, 0.0481362, 0.333496, 0.638184, 0.0484949, 0.334473, 0.638184, 0.0488275, 0.335449, 0.638184, 0.0491357, 
        0.328613, 0.63916, 0.0460075, 0.32959, 0.63916, 0.0464789, 0.330566, 0.63916, 0.0469191, 0.331543, 0.63916, 0.0473286, 0.33252, 0.63916, 0.0477085, 0.333496, 0.63916, 0.04806, 0.334473, 0.63916, 0.0483847, 0.335449, 0.63916, 0.0486845, 
        0.328613, 0.640137, 0.0455681, 0.32959, 0.640137, 0.0460353, 0.330566, 0.640137, 0.0464709, 0.331543, 0.640137, 0.0468755, 0.33252, 0.640137, 0.0472501, 0.333496, 0.640137, 0.0475959, 0.334473, 0.640137, 0.0479147, 0.335449, 0.640137, 0.0482084
    ]
}
