{
    "level": 0,
    "idx": {"x": 42, "y": 17},
    "dim": {"x": 16, "y": 16},
    "offset": {"x": 0.656738, "y": 0.266113},
    "cellSize": {"x": 0.000976562, "y": 0.000976562},
    "vertices": [
        0.656738, 0.266113, 0.0120327, 0.657715, 0.266113, 0.0115827, 0.658691, 0.266113, 0.0111529, 0.659668, 0.266113, 0.0107541, 0.660645, 0.266113, 0.010396, 0.661621, 0.266113, 0.0100866, 0.662598, 0.266113, 0.00983224, 0.663574, 0.266113, 0.0096371, 0.664551, 0.266113, 0.00950308, 0.665527, 0.266113, 0.00942985, 0.666504, 0.266113, 0.00941471, 0.66748, 0.266113, 0.00945281, 0.668457, 0.266113, 0.00953725, 0.669434, 0.266113, 0.00965941, 0.67041, 0.266113, 0.00980925, 0.671387, 0.266113, 0.0099757, 
        0.656738, 0.26709, 0.0115113, 0.657715, 0.26709, 0.00994571, 0.658691, 0.26709, 0.00847217, 0.659668, 0.26709, 0.0071413, 0.660645, 0.26709, 0.00599864, 0.661621, 0.26709, 0.00508246, 0.662598, 0.26709, 0.00442215, 0.663574, 0.26709, 0.00403753, 0.664551, 0.26709, 0.00393766, 0.665527, 0.26709, 0.00412079, 0.666504, 0.26709, 0.00457428, 0.66748, 0.26709, 0.00527505, 0.668457, 0.26709, 0.00619071, 0.669434, 0.26709, 0.00728038, 0.67041, 0.26709, 0.00849685, 0.671387, 0.26709, 0.00978769, 
        0.656738, 0.268066, 0.0110297, 0.657715, 0.268066, 0.00840291, 0.658691, 0.268066, 0.00593642, 0.659668, 0.268066, 0.00371883, 0.660645, 0.268066, 0.0018298, 0.661621, 0.268066, 0.000336287, 0.662598, 0.268066, -0.000710298, 0.663574, 0.268066, -0.00127531, 0.664551, 0.268066, -0.00134286, 0.665527, 0.268066, -0.000916078, 0.666504, 0.268066, -1.70288e-05, 0.66748, 0.268066, 0.00131388, 0.668457, 0.268066, 0.00301997, 0.669434, 0.268066, 0.00502974, 0.67041, 0.268066, 0.00726055, 0.671387, 0.268066, 0.00962069, 
        0.656738, 0.269043, 0.0106154, 0.657715, 0.269043, 0.00702245, 0.658691, 0.269043, 0.00365195, 0.659668, 0.269043, 0.000627041, 0.660645, 0.269043, -0.00194156, 0.661621, 0.269043, -0.00396081, 0.662598, 0.269043, -0.00535924, 0.663574, 0.269043, -0.00608871, 0.664551, 0.269043, -0.00612714, 0.665527, 0.269043, -0.00547887, 0.666504, 0.269043, -0.00417458, 0.66748, 0.269043, -0.00227045, 0.668457, 0.269043, 0.000154767, 0.669434, 0.269043, 0.00300165, 0.67041, 0.269043, 0.00615538, 0.671387, 0.269043, 0.00948844, 
        0.656738, 0.27002, 0.0102933, 0.657715, 0.27002, 0.00586637, 0.658691, 0.27002, 0.0017155, 0.659668, 0.27002, -0.00200636, 0.660645, 0.27002, -0.0051617, 0.661621, 0.27002, -0.00763496, 0.662598, 0.27002, -0.00933737, 0.663574, 0.27002, -0.0102091, 0.664551, 0.27002, -0.0102229, 0.665527, 0.27002, -0.00938392, 0.666504, 0.27002, -0.00773042, 0.66748, 0.27002, -0.00533214, 0.668457, 0.27002, -0.0022869, 0.669434, 0.27002, 0.00128182, 0.67041, 0.27002, 0.0052314, 0.671387, 0.27002, 0.00940347, 
        0.656738, 0.270996, 0.010085, 0.657715, 0.270996, 0.00498827, 0.658691, 0.270996, 0.000210617, 0.659668, 0.270996, -0.00407107, 0.660645, 0.270996, -0.00769781, 0.661621, 0.270996, -0.010536, 0.662598, 0.270996, -0.0124829, 0.663574, 0.270996, -0.0134694, 0.664551, 0.270996, -0.0134639, 0.665527, 0.270996, -0.0124726, 0.666504, 0.270996, -0.0105394, 0.66748, 0.270996, -0.00774524, 0.668457, 0.270996, -0.00420307, 0.669434, 0.270996, -5.57281e-05, 0.67041, 0.270996, 0.00453187, 0.671387, 0.270996, 0.00937658, 
        0.656738, 0.271973, 0.0100077, 0.657715, 0.271973, 0.0044311, 0.658691, 0.271973, -0.000795734, 0.659668, 0.271973, -0.00547872, 0.660645, 0.271973, -0.00944348, 0.661621, 0.271973, -0.0125435, 0.662598, 0.271973, -0.0146661, 0.663574, 0.271973, -0.0157356, 0.664551, 0.271973, -0.0157172, 0.665527, 0.271973, -0.0146177, 0.666504, 0.271973, -0.0124854, 0.66748, 0.271973, -0.00940884, 0.668457, 0.271973, -0.00551206, 0.669434, 0.271973, -0.000951681, 0.67041, 0.271973, 0.00409145, 0.671387, 0.271973, 0.00941646, 
        0.656738, 0.272949, 0.010074, 0.657715, 0.272949, 0.00422559, 0.658691, 0.272949, -0.00125564, 0.659668, 0.272949, -0.00616603, 0.660645, 0.272949, -0.0103226, 0.661621, 0.272949, -0.0135714, 0.662598, 0.272949, -0.0157944, 0.663574, 0.272949, -0.0169119, 0.664551, 0.272949, -0.0168875, 0.665527, 0.272949, -0.0157283, 0.666504, 0.272949, -0.0134851, 0.66748, 0.272949, -0.0102507, 0.668457, 0.272949, -0.00615542, 0.669434, 0.272949, -0.00136359, 0.67041, 0.272949, 0.00393494, 0.671387, 0.272949, 0.00952932, 
        0.656738, 0.273926, 0.0102906, 0.657715, 0.273926, 0.00438907, 0.658691, 0.273926, -0.00114209, 0.659668, 0.273926, -0.00609737, 0.660645, 0.273926, -0.0102921, 0.661621, 0.273926, -0.0135712, 0.662598, 0.273926, -0.0158153, 0.663574, 0.273926, -0.0169442, 0.664551, 0.273926, -0.016921, 0.665527, 0.273926, -0.0157531, 0.666504, 0.273926, -0.0134916, 0.66748, 0.273926, -0.0102302, 0.668457, 0.273926, -0.00610018, 0.669434, 0.273926, -0.00126752, 0.67041, 0.273926, 0.00407632, 0.671387, 0.273926, 0.00971865, 
        0.656738, 0.274902, 0.0106591, 0.657715, 0.274902, 0.0049248, 0.658691, 0.274902, -0.000450032, 0.659668, 0.274902, -0.00526606, 0.660645, 0.274902, -0.00934414, 0.661621, 0.274902, -0.0125337, 0.662598, 0.274902, -0.0147191, 0.663574, 0.274902, -0.0158224, 0.664551, 0.274902, -0.0158079, 0.665527, 0.274902, -0.0146826, 0.666504, 0.274902, -0.0124962, 0.66748, 0.274902, -0.00933958, 0.668457, 0.274902, -0.00534021, 0.669434, 0.274902, -0.000658996, 0.67041, 0.274902, 0.00451824, 0.671387, 0.274902, 0.00998512, 
        0.656738, 0.275879, 0.0111749, 0.657715, 0.275879, 0.00582183, 0.658691, 0.275879, 0.000803467, 0.659668, 0.275879, -0.00369466, 0.660645, 0.275879, -0.00750578, 0.661621, 0.275879, -0.0104898, 0.662598, 0.275879, -0.0125389, 0.663574, 0.275879, -0.0135807, 0.664551, 0.275879, -0.013582, 0.665527, 0.275879, -0.0125492, 0.666504, 0.275879, -0.0105285, 0.66748, 0.275879, -0.00760471, 0.668457, 0.275879, -0.00389632, 0.669434, 0.275879, 0.000446855, 0.67041, 0.275879, 0.00525184, 0.671387, 0.275879, 0.0103266, 
        0.656738, 0.276855, 0.0118281, 0.657715, 0.276855, 0.0070554, 0.658691, 0.276855, 0.00257977, 0.659668, 0.276855, -0.00143416, 0.660645, 0.276855, -0.00483845, 0.661621, 0.276855, -0.00750876, 0.662598, 0.276855, -0.00934955, 0.663574, 0.276855, -0.0102965, 0.664551, 0.276855, -0.0103201, 0.665527, 0.276855, -0.00942619, 0.666504, 0.276855, -0.00765573, 0.66748, 0.276855, -0.0050838, 0.668457, 0.276855, -0.00181566, 0.669434, 0.276855, 0.00201581, 0.67041, 0.276855, 0.00625716, 0.671387, 0.276855, 0.010738, 
        0.656738, 0.277832, 0.0126037, 0.657715, 0.277832, 0.00858796, 0.658691, 0.277832, 0.00482033, 0.659668, 0.277832, 0.00143811, 0.660645, 0.277832, -0.00143525, 0.661621, 0.277832, -0.00369601, 0.662598, 0.277832, -0.00526446, 0.663574, 0.277832, -0.00608693, 0.664551, 0.277832, -0.0061388, 0.665527, 0.277832, -0.00542492, 0.666504, 0.277832, -0.00397949, 0.66748, 0.277832, -0.00186514, 0.668457, 0.277832, 0.000830308, 0.669434, 0.277832, 0.00399599, 0.67041, 0.277832, 0.00750388, 0.671387, 0.277832, 0.0112118, 
        0.656738, 0.278809, 0.0134819, 0.657715, 0.278809, 0.0103706, 0.658691, 0.278809, 0.00744879, 0.659668, 0.278809, 0.00482137, 0.660645, 0.278809, 0.00258247, 0.661621, 0.278809, 0.000811254, 0.662598, 0.278809, -0.000431476, 0.663574, 0.278809, -0.00110476, 0.664551, 0.278809, -0.00118981, 0.665527, 0.278809, -0.000690331, 0.666504, 0.278809, 0.000367593, 0.66748, 0.278809, 0.00193618, 0.668457, 0.278809, 0.00394843, 0.669434, 0.278809, 0.00631977, 0.67041, 0.278809, 0.00895251, 0.671387, 0.278809, 0.0117382, 
        0.656738, 0.279785, 0.0144393, 0.657715, 0.279785, 0.0123448, 0.658691, 0.279785, 0.010374, 0.659668, 0.279785, 0.00859529, 0.660645, 0.279785, 0.00706983, 0.661621, 0.279785, 0.00584917, 0.662598, 0.279785, 0.00497288, 0.663574, 0.279785, 0.00446762, 0.664551, 0.279785, 0.00434562, 0.665527, 0.279785, 0.00460449, 0.666504, 0.279785, 0.00522723, 0.66748, 0.279785, 0.00618277, 0.668457, 0.279785, 0.0074275, 0.669434, 0.279785, 0.0089064, 0.67041, 0.279785, 0.0105559, 0.671387, 0.279785, 0.0123054, 
