{
    "level": 0,
    "idx": {"x": 42, "y": 94},
    "dim": {"x": 8, "y": 8},
    "offset": {"x": 0.328613, "y": 0.734863},
    "cellSize": {"x": 0.000976562, "y": 0.000976562},
    "vertices": [
        0.328613, 0.734863, 0.00549089, 0.32959, 0.734863, 0.00578725, 0.330566, 0.734863, 0.00612062, 0.331543, 0.734863, 0.00649029, 0.33252, 0.734863, 0.00689526, 0.333496, 0.734863, 0.00733416, 0.334473, 0.734863, 0.00780532, 0.335449, 0.734863, 0.00830677, 
        0.328613, 0.73584, 0.00535019, 0.32959, 0.73584, 0.00564441, 0.330566, 0.73584, 0.00597519, 0.331543, 0.73584, 0.00634184, 0.33252, 0.73584, 0.00674336, 0.333496, 0.73584, 0.0071784, 0.334473, 0.73584, 0.00764531, 0.335449, 0.73584, 0.00814215, 
        0.328613, 0.736816, 0.00524796, 0.32959, 0.736816, 0.00553974, 0.330566, 0.736816, 0.0058673, 0.331543, 0.736816, 0.00622996, 0.33252, 0.736816, 0.00662673, 0.333496, 0.736816, 0.0070563, 0.334473, 0.736816, 0.00751706, 0.335449, 0.736816, 0.00800709, 
        0.328613, 0.737793, 0.00518342, 0.32959, 0.737793, 0.00547247, 0.330566, 0.737793, 0.00579619, 0.331543, 0.737793, 0.00615391, 0.33252, 0.737793, 0.00654467, 0.333496, 0.737793, 0.0069672, 0.334473, 0.737793, 0.00741993, 0.335449, 0.737793, 0.00790102, 
        0.328613, 0.73877, 0.00515543, 0.32959, 0.73877, 0.00544148, 0.330566, 0.73877, 0.00576075, 0.331543, 0.73877, 0.0061126, 0.33252, 0.73877, 0.00649612, 0.333496, 0.73877, 0.00691008, 0.334473, 0.73877, 0.00735298, 0.335449, 0.73877, 0.00782305, 
        0.328613, 0.739746, 0.00516254, 0.32959, 0.739746, 0.00544531, 0.330566, 0.739746, 0.00575956, 0.331543, 0.739746, 0.00610466, 0.33252, 0.739746, 0.00647976, 0.333496, 0.739746, 0.00688369, 0.334473, 0.739746, 0.00731503, 0.335449, 0.739746, 0.0077721, 
        0.328613, 0.740723, 0.00520298, 0.32959, 0.740723, 0.00548222, 0.330566, 0.740723, 0.00579089, 0.331543, 0.740723, 0.00612841, 0.33252, 0.740723, 0.00649397, 0.333496, 0.740723, 0.00688649, 0.334473, 0.740723, 0.00730463, 0.335449, 0.740723, 0.00774682, 
        0.328613, 0.741699, 0.00527468, 0.32959, 0.741699, 0.00555015, 0.330566, 0.741699, 0.00585274, 0.331543, 0.741699, 0.0061819, 0.33252, 0.741699, 0.00653688, 0.333496, 0.741699, 0.00691669, 0.334473, 0.741699, 0.0073201, 0.335449, 0.741699, 0.00774565
    ]
}
