{
    "level": 0,
    "idx": {"x": 42, "y": 119},
    "dim": {"x": 8, "y": 8},
    "offset": {"x": 0.328613, "y": 0.930176},
    "cellSize": {"x": 0.000976562, "y": 0.000976562},
    "vertices": [
        0.328613, 0.930176, -0.0016788, 0.32959, 0.930176, -0.00179193, 0.330566, 0.930176, -0.00188229, 0.331543, 0.930176, -0.00195024, 0.33252, 0.930176, -0.00199636, 0.333496, 0.930176, -0.00202143, 0.334473, 0.930176, -0.00202645, 0.335449, 0.930176, -0.0020126, 
        0.328613, 0.931152, -0.00138972, 0.32959, 0.931152, -0.00150454, 0.330566, 0.931152, -0.00159941, 0.331543, 0.931152, -0.00167464, 0.33252, 0.931152, -0.00173072, 0.333496, 0.931152, -0.00176834, 0.334473, 0.931152, -0.00178837, 0.335449, 0.931152, -0.00179185, 
        0.328613, 0.932129, -0.00108053, 0.32959, 0.932129, -0.00119717, 0.330566, 0.932129, -0.00129686, 0.331543, 0.932129, -0.00137986, 0.33252, 0.932129, -0.00144659, 0.333496, 0.932129, -0.00149763, 0.334473, 0.932129, -0.00153371, 0.335449, 0.932129, -0.0015557, 
        0.328613, 0.933105, -0.000754235, 0.32959, 0.933105, -0.000872773, 0.330566, 0.933105, -0.000977543, 0.331543, 0.933105, -0.00106874, 0.33252, 0.933105, -0.0011467, 0.333496, 0.933105, -0.00121189, 0.334473, 0.933105, -0.00126489, 0.335449, 0.933105, -0.00130641, 
        0.328613, 0.934082, -0.000414077, 0.32959, 0.934082, -0.000534585, 0.330566, 0.934082, -0.000644633, 0.331543, 0.934082, -0.000744359, 0.33252, 0.934082, -0.00083401, 0.333496, 0.934082, -0.00091393, 0.334473, 0.934082, -0.000984556, 0.335449, 0.934082, -0.00104642, 
        0.328613, 0.935059, -6.33433e-05, 0.32959, 0.935059, -0.000185861, 0.330566, 0.935059, -0.000301333, 0.331543, 0.935059, -0.000409833, 0.33252, 0.935059, -0.000511518, 0.333496, 0.935059, -0.000606608, 0.334473, 0.935059, -0.000695386, 0.335449, 0.935059, -0.000778195, 
        0.328613, 0.936035, 0.000294472, 0.32959, 0.936035, 0.000169931, 0.330566, 0.936035, 4.89536e-05, 0.331543, 0.936035, -6.84721e-05, 0.33252, 0.936035, -0.000182409, 0.333496, 0.936035, -0.00029295, 0.334473, 0.936035, -0.000400221, 0.335449, 0.936035, -0.000504378, 
        0.328613, 0.937012, 0.000655914, 0.32959, 0.937012, 0.000529362, 0.330566, 0.937012, 0.000402857, 0.331543, 0.937012, 0.000276448, 0.33252, 0.937012, 0.000150167, 0.333496, 0.937012, 2.40484e-05, 0.334473, 0.937012, -0.000101873, 0.335449, 0.937012, -0.000227566
    ]
}
