{
    "level": 0,
    "idx": {"x": 43, "y": 9},
    "dim": {"x": 8, "y": 8},
    "offset": {"x": 0.336426, "y": 0.0708008},
    "cellSize": {"x": 0.000976562, "y": 0.000976562},
    "vertices": [
        0.336426, 0.0708008, 0.00228676, 0.337402, 0.0708008, 0.00222131, 0.338379, 0.0708008, 0.00214001, 0.339355, 0.0708008, 0.00204489, 0.340332, 0.0708008, 0.00193812, 0.341309, 0.0708008, 0.00182198, 0.342285, 0.0708008, 0.00169883, 0.343262, 0.0708008, 0.00157111, 
        0.336426, 0.0717773, 0.00245836, 0.337402, 0.0717773, 0.00237513, 0.338379, 0.0717773, 0.00227461, 0.339355, 0.0717773, 0.00215903, 0.340332, 0.0717773, 0.00203075, 0.341309, 0.0717773, 0.00189226, 0.342285, 0.0717773, 0.00174615, 0.343262, 0.0717773, 0.00159508, 
        0.336426, 0.0727539, 0.00261066, 0.337402, 0.0727539, 0.00251172, 0.338379, 0.0727539, 0.00239422, 0.339355, 0.0727539, 0.00226054, 0.340332, 0.0727539, 0.00211323, 0.341309, 0.0727539, 0.00195498, 0.342285, 0.0727539, 0.00178857, 0.343262, 0.0727539, 0.00161685, 
        0.336426, 0.0737305, 0.00274223, 0.337402, 0.0737305, 0.00262981, 0.338379, 0.0737305, 0.00249771, 0.339355, 0.0737305, 0.00234849, 0.340332, 0.0737305, 0.00218484, 0.341309, 0.0737305, 0.00200961, 0.342285, 0.0737305, 0.00182575, 0.343262, 0.0737305, 0.0016363, 
        0.336426, 0.074707, 0.00285185, 0.337402, 0.074707, 0.00272828, 0.338379, 0.074707, 0.00258414, 0.339355, 0.074707, 0.00242208, 0.340332, 0.074707, 0.00224493, 0.341309, 0.074707, 0.00205568, 0.342285, 0.074707, 0.00185741, 0.343262, 0.074707, 0.00165329, 
        0.336426, 0.0756836, 0.00293848, 0.337402, 0.0756836, 0.00280625, 0.338379, 0.0756836, 0.00265272, 0.339355, 0.0756836, 0.00248066, 0.340332, 0.0756836, 0.00229299, 0.341309, 0.0756836, 0.00209281, 0.342285, 0.0756836, 0.00188329, 0.343262, 0.0756836, 0.00166775, 
        0.336426, 0.0766602, 0.00300133, 0.337402, 0.0766602, 0.00286299, 0.338379, 0.0766602, 0.00270284, 0.339355, 0.0766602, 0.00252371, 0.340332, 0.0766602, 0.0023286, 0.341309, 0.0766602, 0.00212068, 0.342285, 0.0766602, 0.00190322, 0.343262, 0.0766602, 0.00167959, 
        0.336426, 0.0776367, 0.00303983, 0.337402, 0.0776367, 0.00289799, 0.338379, 0.0776367, 0.00273404, 0.339355, 0.0776367, 0.00255085, 0.340332, 0.0776367, 0.00235147, 0.341309, 0.0776367, 0.0021391, 0.342285, 0.0776367, 0.00191705, 0.343262, 0.0776367, 0.00168876
    ]
}
