{
    "level": 0,
    "idx": {"x": 43, "y": 56},
    "dim": {"x": 8, "y": 8},
    "offset": {"x": 0.336426, "y": 0.437988},
    "cellSize": {"x": 0.000976562, "y": 0.000976562},
    "vertices": [
        0.336426, 0.437988, 0.087726, 0.337402, 0.437988, 0.0889697, 0.338379, 0.437988, 0.09022, 0.339355, 0.437988, 0.0914768, 0.340332, 0.437988, 0.0927403, 0.341309, 0.437988, 0.0940105, 0.342285, 0.437988, 0.0952873, 0.343262, 0.437988, 0.0965707, 
        0.336426, 0.438965, 0.0883977, 0.337402, 0.438965, 0.0896184, 0.338379, 0.438965, 0.0908436, 0.339355, 0.438965, 0.0920735, 0.340332, 0.438965, 0.0933085, 0.341309, 0.438965, 0.094549, 0.342285, 0.438965, 0.0957952, 0.343262, 0.438965, 0.0970476, 
        0.336426, 0.439941, 0.0890612, 0.337402, 0.439941, 0.0902591, 0.338379, 0.439941, 0.0914595, 0.339355, 0.439941, 0.0926628, 0.340332, 0.439941, 0.0938697, 0.341309, 0.439941, 0.0950808, 0.342285, 0.439941, 0.0962969, 0.343262, 0.439941, 0.0975185, 
        0.336426, 0.440918, 0.0897138, 0.337402, 0.440918, 0.0908895, 0.338379, 0.440918, 0.0920657, 0.339355, 0.440918, 0.093243, 0.340332, 0.440918, 0.0944224, 0.341309, 0.440918, 0.0956049, 0.342285, 0.440918, 0.0967916, 0.343262, 0.440918, 0.0979832, 
        0.336426, 0.441895, 0.0903532, 0.337402, 0.441895, 0.0915075, 0.338379, 0.441895, 0.0926603, 0.339355, 0.441895, 0.0938126, 0.340332, 0.441895, 0.0949655, 0.341309, 0.441895, 0.0961204, 0.342285, 0.441895, 0.0972787, 0.343262, 0.441895, 0.0984414, 
        0.336426, 0.442871, 0.0909771, 0.337402, 0.442871, 0.092111, 0.338379, 0.442871, 0.0932416, 0.339355, 0.442871, 0.09437, 0.340332, 0.442871, 0.0954977, 0.341309, 0.442871, 0.0966264, 0.342285, 0.442871, 0.0977575, 0.343262, 0.442871, 0.0988928, 
        0.336426, 0.443848, 0.0915831, 0.337402, 0.443848, 0.092698, 0.338379, 0.443848, 0.0938077, 0.339355, 0.443848, 0.0949137, 0.340332, 0.443848, 0.0960178, 0.341309, 0.443848, 0.0971218, 0.342285, 0.443848, 0.0982276, 0.343262, 0.443848, 0.099337, 
        0.336426, 0.444824, 0.0921693, 0.337402, 0.444824, 0.0932666, 0.338379, 0.444824, 0.0943571, 0.339355, 0.444824, 0.0954424, 0.340332, 0.444824, 0.0965247, 0.341309, 0.444824, 0.0976059, 0.342285, 0.444824, 0.0986883, 0.343262, 0.444824, 0.0997738
    ]
}
