{
    "level": 0,
    "idx": {"x": 43, "y": 95},
    "dim": {"x": 8, "y": 8},
    "offset": {"x": 0.336426, "y": 0.742676},
    "cellSize": {"x": 0.000976562, "y": 0.000976562},
    "vertices": [
        0.336426, 0.742676, 0.00819268, 0.337402, 0.742676, 0.00863539, 0.338379, 0.742676, 0.00909315, 0.339355, 0.742676, 0.00956399, 0.340332, 0.742676, 0.0100458, 0.341309, 0.742676, 0.0105365, 0.342285, 0.742676, 0.0110336, 0.343262, 0.742676, 0.011535, 
        0.336426, 0.743652, 0.00821241, 0.337402, 0.743652, 0.00863137, 0.338379, 0.743652, 0.00906366, 0.339355, 0.743652, 0.00950752, 0.340332, 0.743652, 0.00996113, 0.341309, 0.743652, 0.0104225, 0.342285, 0.743652, 0.0108898, 0.343262, 0.743652, 0.0113607, 
        0.336426, 0.744629, 0.00824897, 0.337402, 0.744629, 0.0086426, 0.338379, 0.744629, 0.00904771, 0.339355, 0.744629, 0.00946281, 0.340332, 0.744629, 0.0098863, 0.341309, 0.744629, 0.0103165, 0.342285, 0.744629, 0.0107518, 0.343262, 0.744629, 0.0111902, 
        0.336426, 0.745605, 0.00830027, 0.337402, 0.745605, 0.00866723, 0.338379, 0.745605, 0.00904371, 0.339355, 0.745605, 0.00942849, 0.340332, 0.745605, 0.00982024, 0.341309, 0.745605, 0.0102176, 0.342285, 0.745605, 0.0106191, 0.343262, 0.745605, 0.0110234, 
        0.336426, 0.746582, 0.00836412, 0.337402, 0.746582, 0.00870328, 0.338379, 0.746582, 0.00904995, 0.339355, 0.746582, 0.00940314, 0.340332, 0.746582, 0.00976182, 0.341309, 0.746582, 0.0101249, 0.342285, 0.746582, 0.0104914, 0.343262, 0.746582, 0.0108599, 
        0.336426, 0.747559, 0.00843823, 0.337402, 0.747559, 0.00874874, 0.338379, 0.747559, 0.00906465, 0.339355, 0.747559, 0.00938526, 0.340332, 0.747559, 0.00970984, 0.341309, 0.747559, 0.0100376, 0.342285, 0.747559, 0.0103678, 0.343262, 0.747559, 0.0106996, 
        0.336426, 0.748535, 0.00852023, 0.337402, 0.748535, 0.00880147, 0.338379, 0.748535, 0.00908597, 0.339355, 0.748535, 0.00937332, 0.340332, 0.748535, 0.00966307, 0.341309, 0.748535, 0.00995477, 0.342285, 0.748535, 0.010248, 0.343262, 0.748535, 0.0105422, 
        0.336426, 0.749512, 0.0086077, 0.337402, 0.749512, 0.00885934, 0.338379, 0.749512, 0.00911206, 0.339355, 0.749512, 0.00936574, 0.340332, 0.749512, 0.00962025, 0.341309, 0.749512, 0.00987544, 0.342285, 0.749512, 0.0101312, 0.343262, 0.749512, 0.0103874
    ]
}
