{
    "level": 0,
    "idx": {"x": 43, "y": 58},
    "dim": {"x": 16, "y": 16},
    "offset": {"x": 0.672363, "y": 0.906738},
    "cellSize": {"x": 0.000976562, "y": 0.000976562},
    "vertices": [
        0.672363, 0.906738, -0.000585987, 0.67334, 0.906738, -0.001603, 0.674316, 0.906738, -0.00255388, 0.675293, 0.906738, -0.00340221, 0.67627, 0.906738, -0.00411526, 0.677246, 0.906738, -0.00466575, 0.678223, 0.906738, -0.00503245, 0.679199, 0.906738, -0.00520135, 0.680176, 0.906738, -0.00516598, 0.681152, 0.906738, -0.00492775, 0.682129, 0.906738, -0.00449593, 0.683105, 0.906738, -0.00388713, 0.684082, 0.906738, -0.00312488, 0.685059, 0.906738, -0.00223866, 0.686035, 0.906738, -0.0012625, 0.687012, 0.906738, -0.000234202, 
        0.672363, 0.907715, -0.00133529, 0.67334, 0.907715, -0.00343427, 0.674316, 0.907715, -0.00539667, 0.675293, 0.907715, -0.00714727, 0.67627, 0.907715, -0.00861846, 0.677246, 0.907715, -0.00975387, 0.678223, 0.907715, -0.0105097, 0.679199, 0.907715, -0.0108569, 0.680176, 0.907715, -0.0107823, 0.681152, 0.907715, -0.0102886, 0.682129, 0.907715, -0.00939513, 0.683105, 0.907715, -0.00813608, 0.684082, 0.907715, -0.00656009, 0.685059, 0.907715, -0.00472804, 0.686035, 0.907715, -0.00271024, 0.687012, 0.907715, -0.000584755, 
        0.672363, 0.908691, -0.00202877, 0.67334, 0.908691, -0.00512889, 0.674316, 0.908691, -0.00802722, 0.675293, 0.908691, -0.0106127, 0.67627, 0.908691, -0.0127854, 0.677246, 0.908691, -0.014462, 0.678223, 0.908691, -0.0155778, 0.679199, 0.908691, -0.0160901, 0.680176, 0.908691, -0.0159791, 0.681152, 0.908691, -0.0152491, 0.682129, 0.908691, -0.0139284, 0.683105, 0.908691, -0.0120677, 0.684082, 0.908691, -0.00973878, 0.685059, 0.908691, -0.00703156, 0.686035, 0.908691, -0.00404995, 0.687012, 0.908691, -0.000909248, 
        0.672363, 0.909668, -0.00263998, 0.67334, 0.909668, -0.00662198, 0.674316, 0.909668, -0.0103448, 0.675293, 0.909668, -0.0136657, 0.67627, 0.909668, -0.0164563, 0.677246, 0.909668, -0.0186097, 0.678223, 0.909668, -0.0200427, 0.679199, 0.909668, -0.0207003, 0.680176, 0.909668, -0.0205573, 0.681152, 0.909668, -0.0196191, 0.682129, 0.909668, -0.0179221, 0.683105, 0.909668, -0.0155314, 0.684082, 0.909668, -0.0125392, 0.685059, 0.909668, -0.009061, 0.686035, 0.909668, -0.00523036, 0.687012, 0.909668, -0.00119535, 
        0.672363, 0.910645, -0.00314541, 0.67334, 0.910645, -0.00785598, 0.674316, 0.910645, -0.0122599, 0.675293, 0.910645, -0.0161883, 0.67627, 0.910645, -0.0194894, 0.677246, 0.910645, -0.0220367, 0.678223, 0.910645, -0.0237317, 0.679199, 0.910645, -0.0245095, 0.680176, 0.910645, -0.02434, 0.681152, 0.910645, -0.0232298, 0.682129, 0.910645, -0.0212219, 0.683105, 0.910645, -0.0183933, 0.684082, 0.910645, -0.0148531, 0.685059, 0.910645, -0.010738, 0.686035, 0.910645, -0.00620594, 0.687012, 0.910645, -0.0014321, 
        0.672363, 0.911621, -0.00352581, 0.67334, 0.911621, -0.00878367, 0.674316, 0.911621, -0.0136992, 0.675293, 0.911621, -0.0180841, 0.67627, 0.911621, -0.0217687, 0.677246, 0.911621, -0.0246118, 0.678223, 0.911621, -0.0265036, 0.679199, 0.911621, -0.0273715, 0.680176, 0.911621, -0.0271822, 0.681152, 0.911621, -0.0259428, 0.682129, 0.911621, -0.0237013, 0.683105, 0.911621, -0.0205437, 0.684082, 0.911621, -0.0165919, 0.685059, 0.911621, -0.0119984, 0.686035, 0.911621, -0.0069394, 0.687012, 0.911621, -0.00161054, 
        0.672363, 0.912598, -0.0037666, 0.67334, 0.912598, -0.00936932, 0.674316, 0.912598, -0.0146073, 0.675293, 0.912598, -0.0192797, 0.67627, 0.912598, -0.0232059, 0.677246, 0.912598, -0.0262355, 0.678223, 0.912598, -0.0282513, 0.679199, 0.912598, -0.0291761, 0.680176, 0.912598, -0.0289741, 0.681152, 0.912598, -0.0276533, 0.682129, 0.912598, -0.0252646, 0.683105, 0.912598, -0.0218998, 0.684082, 0.912598, -0.0176885, 0.685059, 0.912598, -0.0127935, 0.686035, 0.912598, -0.00740247, 0.687012, 0.912598, -0.00172385, 
        0.672363, 0.913574, -0.00385868, 0.67334, 0.913574, -0.00959059, 0.674316, 0.913574, -0.0149493, 0.675293, 0.913574, -0.0197295, 0.67627, 0.913574, -0.0237462, 0.677246, 0.913574, -0.0268456, 0.678223, 0.913574, -0.0289078, 0.679199, 0.913574, -0.0298539, 0.680176, 0.913574, -0.0296473, 0.681152, 0.913574, -0.0282959, 0.682129, 0.913574, -0.025852, 0.683105, 0.913574, -0.0224095, 0.684082, 0.913574, -0.018101, 0.685059, 0.913574, -0.013093, 0.686035, 0.913574, -0.00757751, 0.687012, 0.913574, -0.00176781, 
        0.672363, 0.914551, -0.00379859, 0.67334, 0.914551, -0.00943905, 0.674316, 0.914551, -0.0147123, 0.675293, 0.914551, -0.0194161, 0.67627, 0.914551, -0.0233688, 0.677246, 0.914551, -0.0264187, 0.678223, 0.914551, -0.0284481, 0.679199, 0.914551, -0.029379, 0.680176, 0.914551, -0.0291756, 0.681152, 0.914551, -0.0278458, 0.682129, 0.914551, -0.0254409, 0.683105, 0.914551, -0.0220533, 0.684082, 0.914551, -0.0178135, 0.685059, 0.914551, -0.0128854, 0.686035, 0.914551, -0.00745783, 0.687012, 0.914551, -0.00174079, 
        0.672363, 0.915527, -0.00358876, 0.67334, 0.915527, -0.00892061, 0.674316, 0.915527, -0.0139054, 0.675293, 0.915527, -0.0183518, 0.67627, 0.915527, -0.0220882, 0.677246, 0.915527, -0.0249713, 0.678223, 0.915527, -0.0268896, 0.679199, 0.915527, -0.0277697, 0.680176, 0.915527, -0.0275774, 0.681152, 0.915527, -0.0263204, 0.682129, 0.915527, -0.0240471, 0.683105, 0.915527, -0.0208449, 0.684082, 0.915527, -0.0168371, 0.685059, 0.915527, -0.0121787, 0.686035, 0.915527, -0.00704813, 0.687012, 0.915527, -0.00164394, 
        0.672363, 0.916504, -0.00323738, 0.67334, 0.916504, -0.00805536, 0.674316, 0.916504, -0.0125597, 0.675293, 0.916504, -0.0165776, 0.67627, 0.916504, -0.0199539, 0.677246, 0.916504, -0.0225592, 0.678223, 0.916504, -0.0242926, 0.679199, 0.916504, -0.0250879, 0.680176, 0.916504, -0.0249143, 0.681152, 0.916504, -0.0237785, 0.682129, 0.916504, -0.0217244, 0.683105, 0.916504, -0.0188309, 0.684082, 0.916504, -0.0152096, 0.685059, 0.916504, -0.0110002, 0.686035, 0.916504, -0.00636427, 0.687012, 0.916504, -0.00148107, 
        0.672363, 0.91748, -0.00275812, 0.67334, 0.91748, -0.0068768, 0.674316, 0.91748, -0.0107274, 0.675293, 0.91748, -0.0141622, 0.67627, 0.91748, -0.0170485, 0.677246, 0.91748, -0.0192756, 0.678223, 0.91748, -0.0207576, 0.679199, 0.91748, -0.0214375, 0.680176, 0.91748, -0.0212892, 0.681152, 0.91748, -0.0203184, 0.682129, 0.91748, -0.0185626, 0.683105, 0.91748, -0.0160893, 0.684082, 0.91748, -0.0129938, 0.685059, 0.91748, -0.00939556, 0.686035, 0.91748, -0.00543276, 0.687012, 0.91748, -0.00125855, 
        0.672363, 0.918457, -0.00216948, 0.67334, 0.918457, -0.00543026, 0.674316, 0.918457, -0.00847878, 0.675293, 0.918457, -0.0111982, 0.67627, 0.918457, -0.0134833, 0.677246, 0.918457, -0.0152466, 0.678223, 0.918457, -0.01642, 0.679199, 0.918457, -0.0169585, 0.680176, 0.918457, -0.0168413, 0.681152, 0.918457, -0.0160729, 0.682129, 0.918457, -0.0146831, 0.683105, 0.918457, -0.0127252, 0.684082, 0.918457, -0.0102748, 0.685059, 0.918457, -0.00742642, 0.686035, 0.918457, -0.00428939, 0.687012, 0.918457, -0.000985016, 
        0.672363, 0.919434, -0.00149431, 0.67334, 0.919434, -0.00377175, 0.674316, 0.919434, -0.00590095, 0.675293, 0.919434, -0.0078003, 0.67627, 0.919434, -0.0093964, 0.677246, 0.919434, -0.0106281, 0.678223, 0.919434, -0.0114478, 0.679199, 0.919434, -0.0118241, 0.680176, 0.919434, -0.0117425, 0.681152, 0.919434, -0.0112062, 0.682129, 0.919434, -0.0102359, 0.683105, 0.919434, -0.00886885, 0.684082, 0.919434, -0.00715785, 0.685059, 0.919434, -0.00516895, 0.686035, 0.919434, -0.00297847, 0.687012, 0.919434, -0.000671112, 
