{
    "level": 0,
    "idx": {"x": 43, "y": 61},
    "dim": {"x": 8, "y": 8},
    "offset": {"x": 0.336426, "y": 0.477051},
    "cellSize": {"x": 0.000976562, "y": 0.000976562},
    "vertices": [
        0.336426, 0.477051, 0.0980176, 0.337402, 0.477051, 0.0995738, 0.338379, 0.477051, 0.101155, 0.339355, 0.477051, 0.102759, 0.340332, 0.477051, 0.104383, 0.341309, 0.477051, 0.106026, 0.342285, 0.477051, 0.107683, 0.343262, 0.477051, 0.109353, 
        0.336426, 0.478027, 0.0980273, 0.337402, 0.478027, 0.099601, 0.338379, 0.478027, 0.101201, 0.339355, 0.478027, 0.102825, 0.340332, 0.478027, 0.104471, 0.341309, 0.478027, 0.106135, 0.342285, 0.478027, 0.107815, 0.343262, 0.478027, 0.109508, 
        0.336426, 0.479004, 0.0980494, 0.337402, 0.479004, 0.0996383, 0.338379, 0.479004, 0.101255, 0.339355, 0.479004, 0.102897, 0.340332, 0.479004, 0.10456, 0.341309, 0.479004, 0.106244, 0.342285, 0.479004, 0.107943, 0.343262, 0.479004, 0.109656, 
        0.336426, 0.47998, 0.0980851, 0.337402, 0.47998, 0.0996869, 0.338379, 0.47998, 0.101317, 0.339355, 0.47998, 0.102974, 0.340332, 0.47998, 0.104653, 0.341309, 0.47998, 0.106353, 0.342285, 0.47998, 0.108069, 0.343262, 0.47998, 0.109798, 
        0.336426, 0.480957, 0.0981357, 0.337402, 0.480957, 0.0997477, 0.338379, 0.480957, 0.101389, 0.339355, 0.480957, 0.103057, 0.340332, 0.480957, 0.104749, 0.341309, 0.480957, 0.106462, 0.342285, 0.480957, 0.108191, 0.343262, 0.480957, 0.109934, 
        0.336426, 0.481934, 0.098202, 0.337402, 0.481934, 0.0998215, 0.338379, 0.481934, 0.101471, 0.339355, 0.481934, 0.103148, 0.340332, 0.481934, 0.104849, 0.341309, 0.481934, 0.106571, 0.342285, 0.481934, 0.108311, 0.343262, 0.481934, 0.110064, 
        0.336426, 0.48291, 0.0982846, 0.337402, 0.48291, 0.0999091, 0.338379, 0.48291, 0.101564, 0.339355, 0.48291, 0.103247, 0.340332, 0.48291, 0.104954, 0.341309, 0.48291, 0.106682, 0.342285, 0.48291, 0.108428, 0.343262, 0.48291, 0.110188, 
        0.336426, 0.483887, 0.0983841, 0.337402, 0.483887, 0.100011, 0.338379, 0.483887, 0.101668, 0.339355, 0.483887, 0.103353, 0.340332, 0.483887, 0.105063, 0.341309, 0.483887, 0.106794, 0.342285, 0.483887, 0.108543, 0.343262, 0.483887, 0.110306
    ]
}
