{
    "level": 0,
    "idx": {"x": 44, "y": 2},
    "dim": {"x": 8, "y": 8},
    "offset": {"x": 0.344238, "y": 0.0161133},
    "cellSize": {"x": 0.000976562, "y": 0.000976562},
    "vertices": [
        0.344238, 0.0161133, 0.000320872, 0.345215, 0.0161133, -6.8639e-06, 0.346191, 0.0161133, -0.000329997, 0.347168, 0.0161133, -0.000645044, 0.348145, 0.0161133, -0.000948603, 0.349121, 0.0161133, -0.00123738, 0.350098, 0.0161133, -0.00150823, 0.351074, 0.0161133, -0.00175819, 
        0.344238, 0.0170898, 0.000348388, 0.345215, 0.0170898, 2.48582e-05, 0.346191, 0.0170898, -0.000294103, 0.347168, 0.0170898, -0.00060503, 0.348145, 0.0170898, -0.000904537, 0.349121, 0.0170898, -0.00118935, 0.350098, 0.0170898, -0.00145634, 0.351074, 0.0170898, -0.00170255, 
        0.344238, 0.0180664, 0.000376975, 0.345215, 0.0180664, 6.11617e-05, 0.346191, 0.0180664, -0.000250162, 0.347168, 0.0180664, -0.000553582, 0.348145, 0.0180664, -0.000845765, 0.349121, 0.0180664, -0.00112348, 0.350098, 0.0180664, -0.00138366, 0.351074, 0.0180664, -0.00162338, 
        0.344238, 0.019043, 0.000406607, 0.345215, 0.019043, 0.000101968, 0.346191, 0.019043, -0.000198305, 0.347168, 0.019043, -0.000490884, 0.348145, 0.019043, -0.000772517, 0.349121, 0.019043, -0.00104006, 0.350098, 0.019043, -0.0012905, 0.351074, 0.019043, -0.00152101, 
        0.344238, 0.0200195, 0.000437245, 0.345215, 0.0200195, 0.000147153, 0.346191, 0.0200195, -0.000138741, 0.347168, 0.0200195, -0.000417226, 0.348145, 0.0200195, -0.000685165, 0.349121, 0.0200195, -0.000939523, 0.350098, 0.0200195, -0.0011774, 0.351074, 0.0200195, -0.00139606, 
        0.344238, 0.0209961, 0.000468841, 0.345215, 0.0209961, 0.000196549, 0.346191, 0.0209961, -7.17544e-05, 0.347168, 0.0209961, -0.000333008, 0.348145, 0.0209961, -0.000584219, 0.349121, 0.0209961, -0.000822493, 0.350098, 0.0209961, -0.00104506, 0.351074, 0.0209961, -0.00124932, 
        0.344238, 0.0219727, 0.000501334, 0.345215, 0.0219727, 0.000249947, 0.346191, 0.0219727, 2.29665e-06, 0.347168, 0.0219727, -0.000238732, 0.348145, 0.0219727, -0.000470321, 0.349121, 0.0219727, -0.000689745, 0.350098, 0.0219727, -0.000894397, 0.351074, 0.0219727, -0.00108182, 
        0.344238, 0.0229492, 0.000534655, 0.345215, 0.0229492, 0.000307095, 0.346191, 0.0229492, 8.29835e-05, 0.347168, 0.0229492, -0.000135002, 0.348145, 0.0229492, -0.000344244, 0.349121, 0.0229492, -0.00054221, 0.350098, 0.0229492, -0.000726483, 0.351074, 0.0229492, -0.000894778
    ]
}
