{
    "level": 0,
    "idx": {"x": 44, "y": 33},
    "dim": {"x": 16, "y": 16},
    "offset": {"x": 0.687988, "y": 0.516113},
    "cellSize": {"x": 0.000976562, "y": 0.000976562},
    "vertices": [
        0.687988, 0.516113, 0.070891, 0.688965, 0.516113, 0.06926, 0.689941, 0.516113, 0.0676772, 0.690918, 0.516113, 0.0661636, 0.691895, 0.516113, 0.0647376, 0.692871, 0.516113, 0.0634149, 0.693848, 0.516113, 0.0622074, 0.694824, 0.516113, 0.0611232, 0.695801, 0.516113, 0.0601659, 0.696777, 0.516113, 0.0593344, 0.697754, 0.516113, 0.0586237, 0.69873, 0.516113, 0.0580239, 0.699707, 0.516113, 0.0575217, 0.700684, 0.516113, 0.0571002, 0.70166, 0.516113, 0.0567398, 0.702637, 0.516113, 0.0564189, 
        0.687988, 0.51709, 0.0700204, 0.688965, 0.51709, 0.0672894, 0.689941, 0.51709, 0.0646788, 0.690918, 0.51709, 0.0622494, 0.691895, 0.51709, 0.0600547, 0.692871, 0.51709, 0.0581404, 0.693848, 0.51709, 0.056541, 0.694824, 0.51709, 0.0552798, 0.695801, 0.51709, 0.0543672, 0.696777, 0.51709, 0.0538006, 0.697754, 0.51709, 0.0535646, 0.69873, 0.51709, 0.0536313, 0.699707, 0.51709, 0.0539616, 0.700684, 0.51709, 0.0545067, 0.70166, 0.51709, 0.0552097, 0.702637, 0.51709, 0.0560084, 
        0.687988, 0.518066, 0.0691902, 0.688965, 0.518066, 0.0654239, 0.689941, 0.518066, 0.061846, 0.690918, 0.518066, 0.0585548, 0.691895, 0.518066, 0.0556369, 0.692871, 0.518066, 0.0531658, 0.693848, 0.518066, 0.0511977, 0.694824, 0.518066, 0.04977, 0.695801, 0.518066, 0.0488996, 0.696777, 0.518066, 0.0485824, 0.697754, 0.518066, 0.0487934, 0.69873, 0.518066, 0.0494876, 0.699707, 0.518066, 0.0506016, 0.700684, 0.518066, 0.0520567, 0.70166, 0.518066, 0.0537609, 0.702637, 0.518066, 0.0556135, 
        0.687988, 0.519043, 0.0684285, 0.688965, 0.519043, 0.0637317, 0.689941, 0.519043, 0.0592843, 0.690918, 0.519043, 0.0552185, 0.691895, 0.519043, 0.0516505, 0.692871, 0.519043, 0.0486792, 0.693848, 0.519043, 0.0463797, 0.694824, 0.519043, 0.0448026, 0.695801, 0.519043, 0.0439704, 0.696777, 0.519043, 0.0438777, 0.697754, 0.519043, 0.0444907, 0.69873, 0.519043, 0.0457492, 0.699707, 0.519043, 0.047568, 0.700684, 0.519043, 0.0498414, 0.70166, 0.519043, 0.0524459, 0.702637, 0.519043, 0.0552462, 
        0.687988, 0.52002, 0.0677606, 0.688965, 0.52002, 0.0622739, 0.689941, 0.52002, 0.0570885, 0.690918, 0.52002, 0.0523651, 0.691895, 0.52002, 0.0482454, 0.692871, 0.52002, 0.0448495, 0.693848, 0.52002, 0.0422689, 0.694824, 0.52002, 0.0405652, 0.695801, 0.52002, 0.0397657, 0.696777, 0.52002, 0.0398639, 0.697754, 0.52002, 0.0408186, 0.69873, 0.52002, 0.0425566, 0.699707, 0.52002, 0.0449743, 0.700684, 0.52002, 0.047943, 0.70166, 0.52002, 0.0513123, 0.702637, 0.52002, 0.0549177, 
        0.687988, 0.520996, 0.0672082, 0.688965, 0.520996, 0.0611025, 0.689941, 0.520996, 0.055339, 0.690918, 0.520996, 0.0501005, 0.691895, 0.520996, 0.0455487, 0.692871, 0.520996, 0.0418203, 0.693848, 0.520996, 0.0390198, 0.694824, 0.520996, 0.0372172, 0.695801, 0.520996, 0.0364438, 0.696777, 0.520996, 0.036692, 0.697754, 0.520996, 0.0379151, 0.69873, 0.520996, 0.0400294, 0.699707, 0.520996, 0.0429169, 0.700684, 0.520996, 0.046431, 0.70166, 0.520996, 0.0504003, 0.702637, 0.520996, 0.0546373, 
        0.687988, 0.521973, 0.066788, 0.688965, 0.521973, 0.0602585, 0.689941, 0.521973, 0.054099, 0.690918, 0.521973, 0.0485078, 0.691895, 0.521973, 0.0436601, 0.692871, 0.521973, 0.0397043, 0.693848, 0.521973, 0.0367535, 0.694824, 0.521973, 0.0348837, 0.695801, 0.521973, 0.0341287, 0.696777, 0.521973, 0.0344804, 0.697754, 0.521973, 0.035888, 0.69873, 0.521973, 0.038261, 0.699707, 0.521973, 0.0414714, 0.700684, 0.521973, 0.0453601, 0.70166, 0.521973, 0.0497414, 0.702637, 0.521973, 0.0544122, 
        0.687988, 0.522949, 0.0665117, 0.688965, 0.522949, 0.0597697, 0.689941, 0.522949, 0.0534117, 0.690918, 0.522949, 0.0476438, 0.691895, 0.522949, 0.0426481, 0.692871, 0.522949, 0.0385786, 0.693848, 0.522949, 0.0355531, 0.694824, 0.522949, 0.0336503, 0.695801, 0.522949, 0.0329055, 0.696777, 0.522949, 0.0333101, 0.697754, 0.522949, 0.0348116, 0.69873, 0.522949, 0.0373158, 0.699707, 0.522949, 0.0406896, 0.700684, 0.522949, 0.0447678, 0.70166, 0.522949, 0.0493575, 0.702637, 0.522949, 0.0542475, 
        0.687988, 0.523926, 0.0663852, 0.688965, 0.523926, 0.0596502, 0.689941, 0.523926, 0.0532989, 0.690918, 0.523926, 0.0475373, 0.691895, 0.523926, 0.042547, 0.692871, 0.523926, 0.0384822, 0.693848, 0.523926, 0.0354603, 0.694824, 0.523926, 0.0335602, 0.695801, 0.523926, 0.032817, 0.696777, 0.523926, 0.0332222, 0.697754, 0.523926, 0.0347232, 0.69873, 0.523926, 0.0372259, 0.699707, 0.523926, 0.0405975, 0.700684, 0.523926, 0.0446729, 0.70166, 0.523926, 0.0492593, 0.702637, 0.523926, 0.0541457, 
        0.687988, 0.524902, 0.0664082, 0.688965, 0.524902, 0.0598998, 0.689941, 0.524902, 0.0537603, 0.690918, 0.524902, 0.0481875, 0.691895, 0.524902, 0.0433562, 0.692871, 0.524902, 0.0394141, 0.693848, 0.524902, 0.0364743, 0.694824, 0.524902, 0.0346124, 0.695801, 0.524902, 0.0338622, 0.696777, 0.524902, 0.0342155, 0.697754, 0.524902, 0.0356218, 0.69873, 0.524902, 0.0379908, 0.699707, 0.524902, 0.0411947, 0.700684, 0.524902, 0.0450751, 0.70166, 0.524902, 0.0494467, 0.702637, 0.524902, 0.0541068, 
        0.687988, 0.525879, 0.0665749, 0.688965, 0.525879, 0.0605037, 0.689941, 0.525879, 0.0547729, 0.690918, 0.525879, 0.0495646, 0.691895, 0.525879, 0.0450394, 0.692871, 0.525879, 0.0413337, 0.693848, 0.525879, 0.0385513, 0.694824, 0.525879, 0.0367617, 0.695801, 0.525879, 0.0359963, 0.696777, 0.525879, 0.0362474, 0.697754, 0.525879, 0.0374685, 0.69873, 0.525879, 0.0395765, 0.699707, 0.525879, 0.0424538, 0.700684, 0.525879, 0.0459545, 0.70166, 0.525879, 0.0499082, 0.702637, 0.525879, 0.0541282, 
        0.687988, 0.526855, 0.0668732, 0.688965, 0.526855, 0.0614334, 0.689941, 0.526855, 0.0562926, 0.690918, 0.526855, 0.0516103, 0.691895, 0.526855, 0.047527, 0.692871, 0.526855, 0.044162, 0.693848, 0.526855, 0.0416063, 0.694824, 0.526855, 0.0399206, 0.695801, 0.526855, 0.0391323, 0.696777, 0.526855, 0.0392349, 0.697754, 0.526855, 0.0401875, 0.69873, 0.526855, 0.0419174, 0.699707, 0.526855, 0.0443218, 0.700684, 0.526855, 0.047273, 0.70166, 0.526855, 0.0506217, 0.702637, 0.526855, 0.0542048, 
        0.687988, 0.527832, 0.0672863, 0.688965, 0.527832, 0.0626476, 0.689941, 0.527832, 0.0582555, 0.690918, 0.527832, 0.0542406, 0.691895, 0.527832, 0.050718, 0.692871, 0.527832, 0.0477852, 0.693848, 0.527832, 0.0455168, 0.694824, 0.527832, 0.0439625, 0.695801, 0.527832, 0.0431448, 0.696777, 0.527832, 0.0430582, 0.697754, 0.527832, 0.0436695, 0.69873, 0.527832, 0.0449189, 0.699707, 0.527832, 0.0467224, 0.700684, 0.527832, 0.0489753, 0.70166, 0.527832, 0.0515554, 0.702637, 0.527832, 0.0543292, 
        0.687988, 0.528809, 0.0677924, 0.688965, 0.528809, 0.0640938, 0.689941, 0.528809, 0.0605804, 0.690918, 0.528809, 0.0573486, 0.691895, 0.528809, 0.0544837, 0.692871, 0.528809, 0.0520581, 0.693848, 0.528809, 0.0501266, 0.694824, 0.528809, 0.0487264, 0.695801, 0.528809, 0.0478738, 0.696777, 0.528809, 0.047565, 0.697754, 0.528809, 0.0477751, 0.69873, 0.528809, 0.0484602, 0.699707, 0.528809, 0.0495579, 0.700684, 0.528809, 0.0509908, 0.70166, 0.528809, 0.0526685, 0.702637, 0.528809, 0.0544921, 
        0.687988, 0.529785, 0.0683661, 0.688965, 0.529785, 0.0657106, 0.689941, 0.529785, 0.0631718, 0.690918, 0.529785, 0.060809, 0.691895, 0.529785, 0.0586738, 0.692871, 0.529785, 0.0568107, 0.693848, 0.529785, 0.055253, 0.694824, 0.529785, 0.0540235, 0.695801, 0.529785, 0.0531321, 0.696777, 0.529785, 0.0525764, 0.697754, 0.529785, 0.0523414, 0.69873, 0.529785, 0.0524001, 0.699707, 0.529785, 0.0527145, 0.700684, 0.529785, 0.0532374, 0.70166, 0.529785, 0.0539135, 0.702637, 0.529785, 0.0546824, 
