{
    "level": 0,
    "idx": {"x": 44, "y": 86},
    "dim": {"x": 8, "y": 8},
    "offset": {"x": 0.344238, "y": 0.672363},
    "cellSize": {"x": 0.000976562, "y": 0.000976562},
    "vertices": [
        0.344238, 0.672363, 0.0342591, 0.345215, 0.672363, 0.0350586, 0.346191, 0.672363, 0.0358558, 0.347168, 0.672363, 0.0366471, 0.348145, 0.672363, 0.0374291, 0.349121, 0.672363, 0.0381985, 0.350098, 0.672363, 0.0389519, 0.351074, 0.672363, 0.0396865, 
        0.344238, 0.67334, 0.0338256, 0.345215, 0.67334, 0.0346178, 0.346191, 0.67334, 0.0354076, 0.347168, 0.67334, 0.0361917, 0.348145, 0.67334, 0.0369665, 0.349121, 0.67334, 0.0377287, 0.350098, 0.67334, 0.0384753, 0.351074, 0.67334, 0.0392032, 
        0.344238, 0.674316, 0.0333945, 0.345215, 0.674316, 0.0341759, 0.346191, 0.674316, 0.034955, 0.347168, 0.674316, 0.0357285, 0.348145, 0.674316, 0.0364929, 0.349121, 0.674316, 0.037245, 0.350098, 0.674316, 0.0379818, 0.351074, 0.674316, 0.0387002, 
        0.344238, 0.675293, 0.0329658, 0.345215, 0.675293, 0.033733, 0.346191, 0.675293, 0.0344981, 0.347168, 0.675293, 0.0352577, 0.348145, 0.675293, 0.0360085, 0.349121, 0.675293, 0.0367475, 0.350098, 0.675293, 0.0374716, 0.351074, 0.675293, 0.038178, 
        0.344238, 0.67627, 0.0325396, 0.345215, 0.67627, 0.0332894, 0.346191, 0.67627, 0.0340372, 0.347168, 0.67627, 0.0347797, 0.348145, 0.67627, 0.035514, 0.349121, 0.67627, 0.0362369, 0.350098, 0.67627, 0.0369456, 0.351074, 0.67627, 0.0376374, 
        0.344238, 0.677246, 0.032116, 0.345215, 0.677246, 0.0328452, 0.346191, 0.677246, 0.0335726, 0.347168, 0.677246, 0.0342951, 0.348145, 0.677246, 0.0350098, 0.349121, 0.677246, 0.0357138, 0.350098, 0.677246, 0.0364045, 0.351074, 0.677246, 0.0370792, 
        0.344238, 0.678223, 0.031695, 0.345215, 0.678223, 0.0324006, 0.346191, 0.678223, 0.0331047, 0.347168, 0.678223, 0.0338043, 0.348145, 0.678223, 0.0344967, 0.349121, 0.678223, 0.0351792, 0.350098, 0.678223, 0.0358494, 0.351074, 0.678223, 0.0365047, 
        0.344238, 0.679199, 0.0312766, 0.345215, 0.679199, 0.0319559, 0.346191, 0.679199, 0.0326339, 0.347168, 0.679199, 0.0333079, 0.348145, 0.679199, 0.0339754, 0.349121, 0.679199, 0.034634, 0.350098, 0.679199, 0.0352813, 0.351074, 0.679199, 0.0359151
    ]
}
