{
    "level": 0,
    "idx": {"x": 44, "y": 57},
    "dim": {"x": 8, "y": 8},
    "offset": {"x": 0.344238, "y": 0.445801},
    "cellSize": {"x": 0.000976562, "y": 0.000976562},
    "vertices": [
        0.344238, 0.445801, 0.101272, 0.345215, 0.445801, 0.102349, 0.346191, 0.445801, 0.103437, 0.347168, 0.445801, 0.104537, 0.348145, 0.445801, 0.105653, 0.349121, 0.445801, 0.106785, 0.350098, 0.445801, 0.107938, 0.351074, 0.445801, 0.109112, 
        0.344238, 0.446777, 0.101674, 0.345215, 0.446777, 0.102732, 0.346191, 0.446777, 0.103801, 0.347168, 0.446777, 0.104883, 0.348145, 0.446777, 0.105981, 0.349121, 0.446777, 0.107097, 0.350098, 0.446777, 0.108234, 0.351074, 0.446777, 0.109395, 
        0.344238, 0.447754, 0.102071, 0.345215, 0.447754, 0.103113, 0.346191, 0.447754, 0.104165, 0.347168, 0.447754, 0.105232, 0.348145, 0.447754, 0.106315, 0.349121, 0.447754, 0.107417, 0.350098, 0.447754, 0.108541, 0.351074, 0.447754, 0.109689, 
        0.344238, 0.44873, 0.102462, 0.345215, 0.44873, 0.10349, 0.346191, 0.44873, 0.10453, 0.347168, 0.44873, 0.105583, 0.348145, 0.44873, 0.106654, 0.349121, 0.44873, 0.107745, 0.350098, 0.44873, 0.108858, 0.351074, 0.44873, 0.109997, 
        0.344238, 0.449707, 0.102848, 0.345215, 0.449707, 0.103865, 0.346191, 0.449707, 0.104895, 0.347168, 0.449707, 0.105938, 0.348145, 0.449707, 0.107, 0.349121, 0.449707, 0.108082, 0.350098, 0.449707, 0.109187, 0.351074, 0.449707, 0.110319, 
        0.344238, 0.450684, 0.103228, 0.345215, 0.450684, 0.104238, 0.346191, 0.450684, 0.105261, 0.347168, 0.450684, 0.106298, 0.348145, 0.450684, 0.107353, 0.349121, 0.450684, 0.108429, 0.350098, 0.450684, 0.109529, 0.351074, 0.450684, 0.110656, 
        0.344238, 0.45166, 0.103602, 0.345215, 0.45166, 0.104609, 0.346191, 0.45166, 0.105628, 0.347168, 0.45166, 0.106661, 0.348145, 0.45166, 0.107713, 0.349121, 0.45166, 0.108786, 0.350098, 0.45166, 0.109884, 0.351074, 0.45166, 0.111009, 
        0.344238, 0.452637, 0.103971, 0.345215, 0.452637, 0.104978, 0.346191, 0.452637, 0.105996, 0.347168, 0.452637, 0.107029, 0.348145, 0.452637, 0.108081, 0.349121, 0.452637, 0.109154, 0.350098, 0.452637, 0.110252, 0.351074, 0.452637, 0.111377
    ]
}
