{
    "level": 0,
    "idx": {"x": 44, "y": 28},
    "dim": {"x": 8, "y": 8},
    "offset": {"x": 0.344238, "y": 0.219238},
    "cellSize": {"x": 0.000976562, "y": 0.000976562},
    "vertices": [
        0.344238, 0.219238, 0.0034218, 0.345215, 0.219238, 0.00337467, 0.346191, 0.219238, 0.00332824, 0.347168, 0.219238, 0.00328248, 0.348145, 0.219238, 0.00323733, 0.349121, 0.219238, 0.00319277, 0.350098, 0.219238, 0.00314876, 0.351074, 0.219238, 0.00310526, 
        0.344238, 0.220215, 0.00352357, 0.345215, 0.220215, 0.00351234, 0.346191, 0.220215, 0.00350136, 0.347168, 0.220215, 0.00349025, 0.348145, 0.220215, 0.00347863, 0.349121, 0.220215, 0.00346613, 0.350098, 0.220215, 0.00345242, 0.351074, 0.220215, 0.00343718, 
        0.344238, 0.221191, 0.00362758, 0.345215, 0.221191, 0.00365189, 0.346191, 0.221191, 0.00367601, 0.347168, 0.221191, 0.0036992, 0.348145, 0.221191, 0.00372077, 0.349121, 0.221191, 0.00374003, 0.350098, 0.221191, 0.00375634, 0.351074, 0.221191, 0.00376907, 
        0.344238, 0.222168, 0.00373375, 0.345215, 0.222168, 0.00379291, 0.346191, 0.222168, 0.00385142, 0.347168, 0.222168, 0.00390825, 0.348145, 0.222168, 0.00396236, 0.349121, 0.222168, 0.00401275, 0.350098, 0.222168, 0.00405848, 0.351074, 0.222168, 0.00409866, 
        0.344238, 0.223145, 0.003842, 0.345215, 0.223145, 0.00393495, 0.346191, 0.223145, 0.00402685, 0.347168, 0.223145, 0.00411631, 0.348145, 0.223145, 0.00420199, 0.349121, 0.223145, 0.0042826, 0.350098, 0.223145, 0.0043569, 0.351074, 0.223145, 0.00442372, 
        0.344238, 0.224121, 0.00395224, 0.345215, 0.224121, 0.00407764, 0.346191, 0.224121, 0.00420157, 0.347168, 0.224121, 0.00432235, 0.348145, 0.224121, 0.00443834, 0.349121, 0.224121, 0.00454796, 0.350098, 0.224121, 0.00464969, 0.351074, 0.224121, 0.0047421, 
        0.344238, 0.225098, 0.0040644, 0.345215, 0.225098, 0.00422057, 0.346191, 0.225098, 0.00437488, 0.347168, 0.225098, 0.00452537, 0.348145, 0.225098, 0.00467012, 0.349121, 0.225098, 0.00480726, 0.350098, 0.225098, 0.00493502, 0.351074, 0.225098, 0.00505172, 
        0.344238, 0.226074, 0.00417841, 0.345215, 0.226074, 0.00436338, 0.346191, 0.226074, 0.00454614, 0.347168, 0.226074, 0.00472445, 0.348145, 0.226074, 0.00489612, 0.349121, 0.226074, 0.00505904, 0.350098, 0.226074, 0.00521118, 0.351074, 0.226074, 0.00535064
    ]
}
