{
    "level": 0,
    "idx": {"x": 44, "y": 126},
    "dim": {"x": 8, "y": 8},
    "offset": {"x": 0.344238, "y": 0.984863},
    "cellSize": {"x": 0.000976562, "y": 0.000976562},
    "vertices": [
        0.344238, 0.984863, -0.000277386, 0.345215, 0.984863, 5.12367e-05, 0.346191, 0.984863, 0.00037527, 0.347168, 0.984863, 0.000691247, 0.348145, 0.984863, 0.000995779, 0.349121, 0.984863, 0.00128559, 0.350098, 0.984863, 0.00155755, 0.351074, 0.984863, 0.00180869, 
        0.344238, 0.98584, -0.000252685, 0.345215, 0.98584, 7.30934e-05, 0.346191, 0.98584, 0.000394341, 0.347168, 0.98584, 0.000707638, 0.348145, 0.98584, 0.00100965, 0.349121, 0.98584, 0.00129714, 0.350098, 0.98584, 0.00156702, 0.351074, 0.98584, 0.00181637, 
        0.344238, 0.986816, -0.000229039, 0.345215, 0.986816, 9.04315e-05, 0.346191, 0.986816, 0.000405474, 0.347168, 0.986816, 0.000712752, 0.348145, 0.986816, 0.00100901, 0.349121, 0.986816, 0.00129108, 0.350098, 0.986816, 0.00155597, 0.351074, 0.986816, 0.00180082, 
        0.344238, 0.987793, -0.000206432, 0.345215, 0.987793, 0.000103351, 0.346191, 0.987793, 0.000408853, 0.347168, 0.987793, 0.000706852, 0.348145, 0.987793, 0.000994201, 0.349121, 0.987793, 0.00126786, 0.350098, 0.987793, 0.0015249, 0.351074, 0.987793, 0.0017626, 
        0.344238, 0.98877, -0.000184829, 0.345215, 0.98877, 0.000112001, 0.346191, 0.98877, 0.00040474, 0.347168, 0.98877, 0.000690312, 0.348145, 0.98877, 0.00096571, 0.349121, 0.98877, 0.00122803, 0.350098, 0.98877, 0.00147449, 0.351074, 0.98877, 0.00170247, 
        0.344238, 0.989746, -0.000164194, 0.345215, 0.989746, 0.000116569, 0.346191, 0.989746, 0.00039347, 0.347168, 0.989746, 0.00066361, 0.348145, 0.989746, 0.000924154, 0.349121, 0.989746, 0.00117236, 0.350098, 0.989746, 0.00140561, 0.351074, 0.989746, 0.00162143, 
        0.344238, 0.990723, -0.00014447, 0.345215, 0.990723, 0.000117285, 0.346191, 0.990723, 0.000375448, 0.347168, 0.990723, 0.00062732, 0.348145, 0.990723, 0.000870267, 0.349121, 0.990723, 0.00110174, 0.350098, 0.990723, 0.0013193, 0.351074, 0.990723, 0.00152065, 
        0.344238, 0.991699, -0.000125598, 0.345215, 0.991699, 0.000114418, 0.346191, 0.991699, 0.000351146, 0.347168, 0.991699, 0.000582117, 0.348145, 0.991699, 0.00080492, 0.349121, 0.991699, 0.00101722, 0.350098, 0.991699, 0.0012168, 0.351074, 0.991699, 0.00140154
    ]
}
