{
    "level": 0,
    "idx": {"x": 44, "y": 5},
    "dim": {"x": 8, "y": 8},
    "offset": {"x": 0.344238, "y": 0.0395508},
    "cellSize": {"x": 0.000976562, "y": 0.000976562},
    "vertices": [
        0.344238, 0.0395508, 0.00112623, 0.345215, 0.0395508, 0.00147787, 0.346191, 0.0395508, 0.00182576, 0.347168, 0.0395508, 0.00216737, 0.348145, 0.0395508, 0.00250027, 0.349121, 0.0395508, 0.00282206, 0.350098, 0.0395508, 0.00313048, 0.351074, 0.0395508, 0.00342338, 
        0.344238, 0.0405273, 0.00115578, 0.345215, 0.0405273, 0.00153337, 0.346191, 0.0405273, 0.00190688, 0.347168, 0.0405273, 0.00227358, 0.348145, 0.0405273, 0.00263077, 0.349121, 0.0405273, 0.00297588, 0.350098, 0.0405273, 0.00330641, 0.351074, 0.0405273, 0.00362002, 
        0.344238, 0.0415039, 0.00118405, 0.345215, 0.0415039, 0.00158481, 0.346191, 0.0415039, 0.00198121, 0.347168, 0.0415039, 0.00237031, 0.348145, 0.0415039, 0.00274921, 0.349121, 0.0415039, 0.00311515, 0.350098, 0.0415039, 0.00346544, 0.351074, 0.0415039, 0.00379758, 
        0.344238, 0.0424805, 0.00121097, 0.345215, 0.0424805, 0.00163192, 0.346191, 0.0424805, 0.00204827, 0.347168, 0.0424805, 0.00245688, 0.348145, 0.0424805, 0.00285471, 0.349121, 0.0424805, 0.00323881, 0.350098, 0.0424805, 0.00360635, 0.351074, 0.0424805, 0.00395466, 
        0.344238, 0.043457, 0.00123648, 0.345215, 0.043457, 0.00167446, 0.346191, 0.043457, 0.00210762, 0.347168, 0.043457, 0.0025327, 0.348145, 0.043457, 0.0029465, 0.349121, 0.043457, 0.00334594, 0.350098, 0.043457, 0.00372805, 0.351074, 0.043457, 0.00409005, 
        0.344238, 0.0444336, 0.00126052, 0.345215, 0.0444336, 0.0017122, 0.346191, 0.0444336, 0.00215892, 0.347168, 0.0444336, 0.00259727, 0.348145, 0.0444336, 0.00302396, 0.349121, 0.0444336, 0.00343578, 0.350098, 0.0444336, 0.00382967, 0.351074, 0.0444336, 0.00420275, 
        0.344238, 0.0454102, 0.00128304, 0.345215, 0.0454102, 0.00174501, 0.346191, 0.0454102, 0.00220189, 0.347168, 0.0454102, 0.00265021, 0.348145, 0.0454102, 0.00308658, 0.349121, 0.0454102, 0.00350772, 0.350098, 0.0454102, 0.00391051, 0.351074, 0.0454102, 0.00429197, 
        0.344238, 0.0463867, 0.001304, 0.345215, 0.0463867, 0.00177275, 0.346191, 0.0463867, 0.00223633, 0.347168, 0.0463867, 0.00269123, 0.348145, 0.0463867, 0.003134, 0.349121, 0.0463867, 0.00356134, 0.350098, 0.0463867, 0.00397005, 0.351074, 0.0463867, 0.00435714
    ]
}
