{
    "level": 0,
    "idx": {"x": 45, "y": 87},
    "dim": {"x": 8, "y": 8},
    "offset": {"x": 0.352051, "y": 0.680176},
    "cellSize": {"x": 0.000976562, "y": 0.000976562},
    "vertices": [
        0.352051, 0.680176, 0.0359083, 0.353027, 0.680176, 0.036489, 0.354004, 0.680176, 0.0370524, 0.35498, 0.680176, 0.0375972, 0.355957, 0.680176, 0.0381222, 0.356934, 0.680176, 0.0386265, 0.35791, 0.680176, 0.0391093, 0.358887, 0.680176, 0.0395699, 
        0.352051, 0.681152, 0.0352699, 0.353027, 0.681152, 0.0358289, 0.354004, 0.681152, 0.036373, 0.35498, 0.681152, 0.0369008, 0.355957, 0.681152, 0.0374112, 0.356934, 0.681152, 0.0379034, 0.35791, 0.681152, 0.0383768, 0.358887, 0.681152, 0.0388308, 
        0.352051, 0.682129, 0.03462, 0.353027, 0.682129, 0.0351562, 0.354004, 0.682129, 0.0356798, 0.35498, 0.682129, 0.0361895, 0.355957, 0.682129, 0.0366846, 0.356934, 0.682129, 0.0371642, 0.35791, 0.682129, 0.0376278, 0.358887, 0.682129, 0.0380749, 
        0.352051, 0.683105, 0.0339608, 0.353027, 0.683105, 0.0344731, 0.354004, 0.683105, 0.0349752, 0.35498, 0.683105, 0.0354661, 0.355957, 0.683105, 0.0359451, 0.356934, 0.683105, 0.0364116, 0.35791, 0.683105, 0.0368651, 0.358887, 0.683105, 0.0373052, 
        0.352051, 0.684082, 0.0332947, 0.353027, 0.684082, 0.0337822, 0.354004, 0.684082, 0.0342619, 0.35498, 0.684082, 0.0347333, 0.355957, 0.684082, 0.0351958, 0.356934, 0.684082, 0.0356488, 0.35791, 0.684082, 0.0360919, 0.358887, 0.684082, 0.0365249, 
        0.352051, 0.685059, 0.0326241, 0.353027, 0.685059, 0.033086, 0.354004, 0.685059, 0.0335429, 0.35498, 0.685059, 0.0339943, 0.355957, 0.685059, 0.0344398, 0.356934, 0.685059, 0.0348789, 0.35791, 0.685059, 0.0353115, 0.358887, 0.685059, 0.0357372, 
        0.352051, 0.686035, 0.0319515, 0.353027, 0.686035, 0.0323873, 0.354004, 0.686035, 0.0328209, 0.35498, 0.686035, 0.0332519, 0.355957, 0.686035, 0.0336801, 0.356934, 0.686035, 0.0341052, 0.35791, 0.686035, 0.0345271, 0.358887, 0.686035, 0.0349455, 
        0.352051, 0.687012, 0.0312794, 0.353027, 0.687012, 0.0316889, 0.354004, 0.687012, 0.032099, 0.35498, 0.687012, 0.0325094, 0.355957, 0.687012, 0.0329202, 0.356934, 0.687012, 0.0333312, 0.35791, 0.687012, 0.0337423, 0.358887, 0.687012, 0.0341534
    ]
}
