{
    "level": 0,
    "idx": {"x": 45, "y": 22},
    "dim": {"x": 16, "y": 16},
    "offset": {"x": 0.703613, "y": 0.344238},
    "cellSize": {"x": 0.000976562, "y": 0.000976562},
    "vertices": [
        0.703613, 0.344238, 0.0208602, 0.70459, 0.344238, 0.0201364, 0.705566, 0.344238, 0.0194421, 0.706543, 0.344238, 0.018791, 0.70752, 0.344238, 0.0181957, 0.708496, 0.344238, 0.0176663, 0.709473, 0.344238, 0.017211, 0.710449, 0.344238, 0.0168349, 0.711426, 0.344238, 0.0165404, 0.712402, 0.344238, 0.0163268, 0.713379, 0.344238, 0.0161906, 0.714355, 0.344238, 0.0161252, 0.715332, 0.344238, 0.0161217, 0.716309, 0.344238, 0.0161687, 0.717285, 0.344238, 0.0162531, 0.718262, 0.344238, 0.0163606, 
        0.703613, 0.345215, 0.0203208, 0.70459, 0.345215, 0.0184852, 0.705566, 0.345215, 0.0167527, 0.706543, 0.345215, 0.0151767, 0.70752, 0.345215, 0.0138051, 0.708496, 0.345215, 0.0126781, 0.709473, 0.345215, 0.0118264, 0.710449, 0.345215, 0.0112705, 0.711426, 0.345215, 0.0110194, 0.712402, 0.345215, 0.0110706, 0.713379, 0.345215, 0.0114103, 0.714355, 0.345215, 0.0120134, 0.715332, 0.345215, 0.0128451, 0.716309, 0.345215, 0.0138618, 0.717285, 0.345215, 0.0150129, 0.718262, 0.345215, 0.0162427, 
        0.703613, 0.346191, 0.0198245, 0.70459, 0.346191, 0.0169346, 0.705566, 0.346191, 0.0142176, 0.706543, 0.346191, 0.0117644, 0.70752, 0.346191, 0.00965669, 0.708496, 0.346191, 0.00796289, 0.709473, 0.346191, 0.00673522, 0.710449, 0.346191, 0.00600856, 0.711426, 0.346191, 0.00579835, 0.712402, 0.346191, 0.00610043, 0.713379, 0.346191, 0.00689108, 0.714355, 0.346191, 0.00812774, 0.715332, 0.346191, 0.00975113, 0.716309, 0.346191, 0.0116868, 0.717285, 0.346191, 0.013849, 0.718262, 0.346191, 0.0161426, 
        0.703613, 0.347168, 0.0194004, 0.70459, 0.347168, 0.0155542, 0.705566, 0.347168, 0.0119441, 0.706543, 0.347168, 0.00869513, 0.70752, 0.347168, 0.00591959, 0.708496, 0.347168, 0.00371143, 0.709473, 0.347168, 0.00214247, 0.710449, 0.347168, 0.00126062, 0.711426, 0.347168, 0.00108713, 0.712402, 0.347168, 0.00161627, 0.713379, 0.347168, 0.00281545, 0.714355, 0.347168, 0.00462618, 0.715332, 0.347168, 0.00696703, 0.716309, 0.347168, 0.00973567, 0.717285, 0.347168, 0.0128142, 0.718262, 0.347168, 0.0160721, 
        0.703613, 0.348145, 0.019075, 0.70459, 0.348145, 0.0144071, 0.705566, 0.348145, 0.0100295, 0.706543, 0.348145, 0.00609673, 0.70752, 0.348145, 0.00274716, 0.708496, 0.348145, 9.67835e-05, 0.709473, 0.348145, -0.0017658, 0.710449, 0.348145, -0.00278146, 0.711426, 0.348145, -0.002924, 0.712402, 0.348145, -0.00220048, 0.713379, 0.348145, -0.000651079, 0.714355, 0.348145, 0.00165202, 0.715332, 0.348145, 0.00460834, 0.716309, 0.348145, 0.00809163, 0.717285, 0.348145, 0.0119565, 0.718262, 0.348145, 0.0160417, 
        0.703613, 0.349121, 0.018871, 0.70459, 0.349121, 0.0135474, 0.705566, 0.349121, 0.00855748, 0.706543, 0.349121, 0.00407892, 0.70752, 0.349121, 0.00027111, 0.708496, 0.349121, -0.00273249, 0.709473, 0.349121, -0.00482986, 0.710449, 0.349121, -0.00595299, 0.711426, 0.349121, -0.00607167, 0.712402, 0.349121, -0.00519406, 0.713379, 0.349121, -0.00336639, 0.714355, 0.349121, -0.000671755, 0.715332, 0.349121, 0.00277422, 0.716309, 0.349121, 0.00682621, 0.717285, 0.349121, 0.0113168, 0.718262, 0.349121, 0.0160606, 
        0.703613, 0.350098, 0.0188065, 0.70459, 0.350098, 0.0130184, 0.705566, 0.350098, 0.00759455, 0.706543, 0.350098, 0.00272916, 0.70752, 0.350098, -0.00140364, 0.708496, 0.350098, -0.004658, 0.709473, 0.350098, -0.00692247, 0.710449, 0.350098, -0.0081227, 0.711426, 0.350098, -0.0082257, 0.712402, 0.350098, -0.00724038, 0.713379, 0.350098, -0.00521725, 0.714355, 0.350098, -0.00224712, 0.715332, 0.350098, 0.00154369, 0.716309, 0.350098, 0.00599637, 0.717285, 0.350098, 0.010928, 0.718262, 0.350098, 0.016136, 
        0.703613, 0.351074, 0.0188943, 0.70459, 0.351074, 0.0128505, 0.705566, 0.351074, 0.00718777, 0.706543, 0.351074, 0.00210921, 0.70752, 0.351074, -0.00220296, 0.708496, 0.351074, -0.00559615, 0.709473, 0.351074, -0.00795372, 0.710449, 0.351074, -0.00919788, 0.711426, 0.351074, -0.00929413, 0.712402, 0.351074, -0.00825177, 0.713379, 0.351074, -0.00612367, 0.714355, 0.351074, -0.00300483, 0.715332, 0.351074, 0.000972575, 0.716309, 0.351074, 0.00564236, 0.717285, 0.351074, 0.0108132, 0.718262, 0.351074, 0.016273, 
        0.703613, 0.352051, 0.0191413, 0.70459, 0.352051, 0.0130604, 0.705566, 0.352051, 0.00736282, 0.706543, 0.352051, 0.0022528, 0.70752, 0.352051, -0.00208639, 0.708496, 0.352051, -0.00550126, 0.709473, 0.352051, -0.00787451, 0.710449, 0.352051, -0.00912791, 0.711426, 0.352051, -0.00922674, 0.712402, 0.352051, -0.00818037, 0.713379, 0.352051, -0.00604198, 0.714355, 0.352051, -0.00290709, 0.715332, 0.352051, 0.00109134, 0.716309, 0.352051, 0.00578617, 0.717285, 0.352051, 0.0109849, 0.718262, 0.352051, 0.0164744, 
        0.703613, 0.353027, 0.0195484, 0.70459, 0.353027, 0.0136503, 0.705566, 0.353027, 0.00812302, 0.706543, 0.353027, 0.0031643, 0.70752, 0.353027, -0.00104866, 0.708496, 0.353027, -0.00436741, 0.709473, 0.353027, -0.00667848, 0.710449, 0.353027, -0.00790621, 0.711426, 0.353027, -0.00801702, 0.712402, 0.353027, -0.00701997, 0.713379, 0.353027, -0.00496649, 0.714355, 0.353027, -0.00194899, 0.715332, 0.353027, 0.00190393, 0.716309, 0.353027, 0.00643062, 0.717285, 0.353027, 0.0114449, 0.718262, 0.353027, 0.0167406, 
        0.703613, 0.354004, 0.0201104, 0.70459, 0.354004, 0.0146076, 0.705566, 0.354004, 0.00944928, 0.706543, 0.354004, 0.00481865, 0.70752, 0.354004, 0.000880142, 0.708496, 0.354004, -0.00222851, 0.709473, 0.354004, -0.00440209, 0.710449, 0.354004, -0.00557038, 0.711426, 0.354004, -0.00570225, 0.712402, 0.354004, -0.00480611, 0.713379, 0.354004, -0.00292965, 0.714355, 0.354004, -0.000158614, 0.715332, 0.354004, 0.00338772, 0.716309, 0.354004, 0.00755939, 0.717285, 0.354004, 0.0121837, 0.718262, 0.354004, 0.0170694, 
        0.703613, 0.35498, 0.0208161, 0.70459, 0.35498, 0.015906, 0.705566, 0.35498, 0.0113006, 0.706543, 0.35498, 0.00716201, 0.70752, 0.35498, 0.00363545, 0.708496, 0.35498, 0.000842578, 0.709473, 0.35498, -0.00112364, 0.710449, 0.35498, -0.00220118, 0.711426, 0.35498, -0.00236255, 0.712402, 0.35498, -0.00161515, 0.713379, 0.35498, -1.15703e-06, 0.714355, 0.35498, 0.00240371, 0.715332, 0.35498, 0.00549405, 0.716309, 0.35498, 0.00913739, 0.717285, 0.35498, 0.0131812, 0.718262, 0.35498, 0.0174563, 
        0.703613, 0.355957, 0.0216489, 0.70459, 0.355957, 0.0175056, 0.705566, 0.355957, 0.0136159, 0.706543, 0.355957, 0.0101143, 0.70752, 0.355957, 0.00712112, 0.708496, 0.355957, 0.00473741, 0.709473, 0.355957, 0.00304026, 0.710449, 0.355957, 0.00208114, 0.711426, 0.355957, 0.00188283, 0.712402, 0.355957, 0.0024392, 0.713379, 0.355957, 0.00371526, 0.714355, 0.355957, 0.00564819, 0.715332, 0.355957, 0.00815054, 0.716309, 0.355957, 0.0111124, 0.717285, 0.355957, 0.0144072, 0.718262, 0.355957, 0.0178948, 
        0.703613, 0.356934, 0.0225874, 0.70459, 0.356934, 0.0193555, 0.705566, 0.356934, 0.0163164, 0.706543, 0.356934, 0.0135718, 0.70752, 0.356934, 0.0112129, 0.708496, 0.356934, 0.00931579, 0.709473, 0.356934, 0.00793891, 0.710449, 0.356934, 0.00712114, 0.711426, 0.356934, 0.00687972, 0.712402, 0.356934, 0.00720999, 0.713379, 0.356934, 0.00808549, 0.714355, 0.356934, 0.00945873, 0.715332, 0.356934, 0.0112636, 0.716309, 0.356934, 0.0134169, 0.717285, 0.356934, 0.0158231, 0.718262, 0.356934, 0.0183761, 
        0.703613, 0.35791, 0.0236061, 0.70459, 0.35791, 0.0213948, 0.705566, 0.35791, 0.0193084, 0.706543, 0.35791, 0.0174117, 0.70752, 0.35791, 0.0157631, 0.708496, 0.35791, 0.0144112, 0.709473, 0.35791, 0.0133933, 0.710449, 0.35791, 0.0127343, 0.711426, 0.35791, 0.0124451, 0.712402, 0.35791, 0.0125227, 0.713379, 0.35791, 0.0129503, 0.714355, 0.35791, 0.0136975, 0.715332, 0.35791, 0.014722, 0.716309, 0.35791, 0.0159708, 0.717285, 0.35791, 0.0173827, 0.718262, 0.35791, 0.01889, 
