{
    "level": 0,
    "idx": {"x": 46, "y": 45},
    "dim": {"x": 8, "y": 8},
    "offset": {"x": 0.359863, "y": 0.352051},
    "cellSize": {"x": 0.000976562, "y": 0.000976562},
    "vertices": [
        0.359863, 0.352051, 0.0600948, 0.36084, 0.352051, 0.0607348, 0.361816, 0.352051, 0.0613507, 0.362793, 0.352051, 0.0619427, 0.36377, 0.352051, 0.0625116, 0.364746, 0.352051, 0.0630582, 0.365723, 0.352051, 0.0635836, 0.366699, 0.352051, 0.0640892, 
        0.359863, 0.353027, 0.0610504, 0.36084, 0.353027, 0.0616979, 0.361816, 0.353027, 0.0623188, 0.362793, 0.353027, 0.0629138, 0.36377, 0.353027, 0.0634834, 0.364746, 0.353027, 0.0640286, 0.365723, 0.353027, 0.0645507, 0.366699, 0.353027, 0.065051, 
        0.359863, 0.354004, 0.0619802, 0.36084, 0.354004, 0.0626353, 0.361816, 0.354004, 0.0632619, 0.362793, 0.354004, 0.0638605, 0.36377, 0.354004, 0.0644319, 0.364746, 0.354004, 0.0649771, 0.365723, 0.354004, 0.0654974, 0.366699, 0.354004, 0.0659943, 
        0.359863, 0.35498, 0.0628819, 0.36084, 0.35498, 0.0635449, 0.361816, 0.35498, 0.0641777, 0.362793, 0.35498, 0.0647809, 0.36377, 0.35498, 0.0653552, 0.364746, 0.35498, 0.0659018, 0.365723, 0.35498, 0.0664219, 0.366699, 0.35498, 0.0669174, 
        0.359863, 0.355957, 0.0637538, 0.36084, 0.355957, 0.064425, 0.361816, 0.355957, 0.0650646, 0.362793, 0.355957, 0.0656733, 0.36377, 0.355957, 0.0662517, 0.364746, 0.355957, 0.0668011, 0.365723, 0.355957, 0.0673229, 0.366699, 0.355957, 0.0678188, 
        0.359863, 0.356934, 0.0645944, 0.36084, 0.356934, 0.0652741, 0.361816, 0.356934, 0.0659211, 0.362793, 0.356934, 0.0665362, 0.36377, 0.356934, 0.06712, 0.364746, 0.356934, 0.0676738, 0.365723, 0.356934, 0.0681991, 0.366699, 0.356934, 0.0686976, 
        0.359863, 0.35791, 0.0654025, 0.36084, 0.35791, 0.066091, 0.361816, 0.35791, 0.0667461, 0.362793, 0.35791, 0.0673685, 0.36377, 0.35791, 0.067959, 0.364746, 0.35791, 0.0685188, 0.365723, 0.35791, 0.0690494, 0.366699, 0.35791, 0.0695527, 
        0.359863, 0.358887, 0.0661773, 0.36084, 0.358887, 0.0668748, 0.361816, 0.358887, 0.0675387, 0.362793, 0.358887, 0.0681695, 0.36377, 0.358887, 0.0687679, 0.364746, 0.358887, 0.0693353, 0.365723, 0.358887, 0.0698732, 0.366699, 0.358887, 0.0703835
    ]
}
