{
    "level": 0,
    "idx": {"x": 46, "y": 76},
    "dim": {"x": 8, "y": 8},
    "offset": {"x": 0.359863, "y": 0.594238},
    "cellSize": {"x": 0.000976562, "y": 0.000976562},
    "vertices": [
        0.359863, 0.594238, 0.0916011, 0.36084, 0.594238, 0.0925314, 0.361816, 0.594238, 0.093465, 0.362793, 0.594238, 0.0944019, 0.36377, 0.594238, 0.095342, 0.364746, 0.594238, 0.0962853, 0.365723, 0.594238, 0.0972319, 0.366699, 0.594238, 0.0981817, 
        0.359863, 0.595215, 0.0912753, 0.36084, 0.595215, 0.0921953, 0.361816, 0.595215, 0.093115, 0.362793, 0.595215, 0.0940344, 0.36377, 0.595215, 0.0949538, 0.364746, 0.595215, 0.0958731, 0.365723, 0.595215, 0.0967926, 0.366699, 0.595215, 0.0977124, 
        0.359863, 0.596191, 0.0909432, 0.36084, 0.596191, 0.0918528, 0.361816, 0.596191, 0.0927587, 0.362793, 0.596191, 0.093661, 0.36377, 0.596191, 0.0945598, 0.364746, 0.596191, 0.0954554, 0.365723, 0.596191, 0.0963481, 0.366699, 0.596191, 0.0972383, 
        0.359863, 0.597168, 0.0906013, 0.36084, 0.597168, 0.0915007, 0.361816, 0.597168, 0.092393, 0.362793, 0.597168, 0.0932783, 0.36377, 0.597168, 0.0941569, 0.364746, 0.597168, 0.0950292, 0.365723, 0.597168, 0.0958956, 0.366699, 0.597168, 0.0967568, 
        0.359863, 0.598145, 0.0902463, 0.36084, 0.598145, 0.0911357, 0.361816, 0.598145, 0.0920146, 0.362793, 0.598145, 0.0928833, 0.36377, 0.598145, 0.0937422, 0.364746, 0.598145, 0.0945918, 0.365723, 0.598145, 0.0954326, 0.366699, 0.598145, 0.0962655, 
        0.359863, 0.599121, 0.0898752, 0.36084, 0.599121, 0.0907546, 0.361816, 0.599121, 0.0916205, 0.362793, 0.599121, 0.0924731, 0.36377, 0.599121, 0.0933128, 0.364746, 0.599121, 0.0941404, 0.365723, 0.599121, 0.0949565, 0.366699, 0.599121, 0.0957621, 
        0.359863, 0.600098, 0.0894849, 0.36084, 0.600098, 0.0903545, 0.361816, 0.600098, 0.0912077, 0.362793, 0.600098, 0.0920447, 0.36377, 0.600098, 0.0928661, 0.364746, 0.600098, 0.0936725, 0.365723, 0.600098, 0.0944649, 0.366699, 0.600098, 0.0952444, 
        0.359863, 0.601074, 0.0890726, 0.36084, 0.601074, 0.0899327, 0.361816, 0.601074, 0.0907735, 0.362793, 0.601074, 0.0915956, 0.36377, 0.601074, 0.0923993, 0.364746, 0.601074, 0.0931857, 0.365723, 0.601074, 0.0939556, 0.366699, 0.601074, 0.0947103
    ]
}
