{
    "level": 0,
    "idx": {"x": 47, "y": 65},
    "dim": {"x": 8, "y": 8},
    "offset": {"x": 0.367676, "y": 0.508301},
    "cellSize": {"x": 0.000976562, "y": 0.000976562},
    "vertices": [
        0.367676, 0.508301, 0.144966, 0.368652, 0.508301, 0.1467, 0.369629, 0.508301, 0.148454, 0.370605, 0.508301, 0.150227, 0.371582, 0.508301, 0.152017, 0.372559, 0.508301, 0.153819, 0.373535, 0.508301, 0.155633, 0.374512, 0.508301, 0.157455, 
        0.367676, 0.509277, 0.144623, 0.368652, 0.509277, 0.146371, 0.369629, 0.509277, 0.148141, 0.370605, 0.509277, 0.149932, 0.371582, 0.509277, 0.151739, 0.372559, 0.509277, 0.153561, 0.373535, 0.509277, 0.155394, 0.374512, 0.509277, 0.157235, 
        0.367676, 0.510254, 0.144289, 0.368652, 0.510254, 0.146049, 0.369629, 0.510254, 0.147833, 0.370605, 0.510254, 0.149637, 0.371582, 0.510254, 0.15146, 0.372559, 0.510254, 0.153298, 0.373535, 0.510254, 0.155147, 0.374512, 0.510254, 0.157006, 
        0.367676, 0.51123, 0.143965, 0.368652, 0.51123, 0.145735, 0.369629, 0.51123, 0.147529, 0.370605, 0.51123, 0.149345, 0.371582, 0.51123, 0.15118, 0.372559, 0.51123, 0.153031, 0.373535, 0.51123, 0.154894, 0.374512, 0.51123, 0.156767, 
        0.367676, 0.512207, 0.143652, 0.368652, 0.512207, 0.145429, 0.369629, 0.512207, 0.147231, 0.370605, 0.512207, 0.149057, 0.371582, 0.512207, 0.150901, 0.372559, 0.512207, 0.152762, 0.373535, 0.512207, 0.154635, 0.374512, 0.512207, 0.156518, 
        0.367676, 0.513184, 0.143352, 0.368652, 0.513184, 0.145133, 0.369629, 0.513184, 0.146941, 0.370605, 0.513184, 0.148771, 0.371582, 0.513184, 0.150622, 0.372559, 0.513184, 0.152489, 0.373535, 0.513184, 0.15437, 0.374512, 0.513184, 0.15626, 
        0.367676, 0.51416, 0.143064, 0.368652, 0.51416, 0.144848, 0.369629, 0.51416, 0.146657, 0.370605, 0.51416, 0.148491, 0.371582, 0.51416, 0.150344, 0.372559, 0.51416, 0.152215, 0.373535, 0.51416, 0.154098, 0.374512, 0.51416, 0.155992, 
        0.367676, 0.515137, 0.142791, 0.368652, 0.515137, 0.144573, 0.369629, 0.515137, 0.146382, 0.370605, 0.515137, 0.148215, 0.371582, 0.515137, 0.150068, 0.372559, 0.515137, 0.151938, 0.373535, 0.515137, 0.153822, 0.374512, 0.515137, 0.155715
    ]
}
