{
    "level": 0,
    "idx": {"x": 47, "y": 116},
    "dim": {"x": 8, "y": 8},
    "offset": {"x": 0.367676, "y": 0.906738},
    "cellSize": {"x": 0.000976562, "y": 0.000976562},
    "vertices": [
        0.367676, 0.906738, -0.00402238, 0.368652, 0.906738, -0.00415339, 0.369629, 0.906738, -0.0042848, 0.370605, 0.906738, -0.00441631, 0.371582, 0.906738, -0.00454762, 0.372559, 0.906738, -0.0046784, 0.373535, 0.906738, -0.00480831, 0.374512, 0.906738, -0.00493701, 
        0.367676, 0.907715, -0.00379383, 0.368652, 0.907715, -0.00395265, 0.369629, 0.907715, -0.004114, 0.370605, 0.907715, -0.00427731, 0.371582, 0.907715, -0.00444194, 0.372559, 0.907715, -0.00460727, 0.373535, 0.907715, -0.00477262, 0.374512, 0.907715, -0.00493732, 
        0.367676, 0.908691, -0.0035682, 0.368652, 0.908691, -0.00375429, 0.369629, 0.908691, -0.003945, 0.370605, 0.908691, -0.00413947, 0.371582, 0.908691, -0.00433679, 0.372559, 0.908691, -0.00453599, 0.373535, 0.908691, -0.0047361, 0.374512, 0.908691, -0.0049361, 
        0.367676, 0.909668, -0.00334782, 0.368652, 0.909668, -0.00356037, 0.369629, 0.909668, -0.00377958, 0.370605, 0.909668, -0.0040043, 0.371582, 0.909668, -0.00423334, 0.372559, 0.909668, -0.00446544, 0.373535, 0.909668, -0.00469929, 0.374512, 0.909668, -0.00493356, 
        0.367676, 0.910645, -0.00313501, 0.368652, 0.910645, -0.00337296, 0.369629, 0.910645, -0.00361953, 0.370605, 0.910645, -0.0038733, 0.371582, 0.910645, -0.0041328, 0.372559, 0.910645, -0.00439648, 0.373535, 0.910645, -0.00466273, 0.374512, 0.910645, -0.00492991, 
        0.367676, 0.911621, -0.00293192, 0.368652, 0.911621, -0.00319399, 0.369629, 0.911621, -0.00346651, 0.370605, 0.911621, -0.00374785, 0.371582, 0.911621, -0.00403626, 0.372559, 0.911621, -0.00432992, 0.373535, 0.911621, -0.00462693, 0.374512, 0.911621, -0.00492536, 
        0.367676, 0.912598, -0.00274069, 0.368652, 0.912598, -0.00302533, 0.369629, 0.912598, -0.00332217, 0.370605, 0.912598, -0.00362933, 0.371582, 0.912598, -0.00394483, 0.372559, 0.912598, -0.00426656, 0.373535, 0.912598, -0.00459239, 0.374512, 0.912598, -0.00492008, 
        0.367676, 0.913574, -0.00256324, 0.368652, 0.913574, -0.00286871, 0.369629, 0.913574, -0.00318799, 0.370605, 0.913574, -0.00351899, 0.371582, 0.913574, -0.00385948, 0.372559, 0.913574, -0.00420713, 0.373535, 0.913574, -0.00455955, 0.374512, 0.913574, -0.00491425
    ]
}
