{
    "level": 0,
    "idx": {"x": 47, "y": 77},
    "dim": {"x": 8, "y": 8},
    "offset": {"x": 0.367676, "y": 0.602051},
    "cellSize": {"x": 0.000976562, "y": 0.000976562},
    "vertices": [
        0.367676, 0.602051, 0.0948737, 0.368652, 0.602051, 0.0955757, 0.369629, 0.602051, 0.0962657, 0.370605, 0.602051, 0.0969458, 0.371582, 0.602051, 0.0976183, 0.372559, 0.602051, 0.0982855, 0.373535, 0.602051, 0.0989499, 0.374512, 0.602051, 0.0996139, 
        0.367676, 0.603027, 0.094278, 0.368652, 0.603027, 0.0949552, 0.369629, 0.603027, 0.095619, 0.370605, 0.603027, 0.0962717, 0.371582, 0.603027, 0.0969158, 0.372559, 0.603027, 0.0975539, 0.373535, 0.603027, 0.0981884, 0.374512, 0.603027, 0.0988223, 
        0.367676, 0.604004, 0.0936628, 0.368652, 0.604004, 0.0943173, 0.369629, 0.604004, 0.0949574, 0.370605, 0.604004, 0.0955853, 0.371582, 0.604004, 0.0962036, 0.372559, 0.604004, 0.0968152, 0.373535, 0.604004, 0.0974228, 0.374512, 0.604004, 0.0980294, 
        0.367676, 0.60498, 0.0930267, 0.368652, 0.60498, 0.0936611, 0.369629, 0.60498, 0.0942798, 0.370605, 0.60498, 0.0948856, 0.371582, 0.60498, 0.0954811, 0.372559, 0.60498, 0.0960692, 0.373535, 0.60498, 0.0966529, 0.374512, 0.60498, 0.0972352, 
        0.367676, 0.605957, 0.0923688, 0.368652, 0.605957, 0.0929855, 0.369629, 0.605957, 0.0935857, 0.370605, 0.605957, 0.0941722, 0.371582, 0.605957, 0.0947478, 0.372559, 0.605957, 0.0953155, 0.373535, 0.605957, 0.0958785, 0.374512, 0.605957, 0.0964398, 
        0.367676, 0.606934, 0.0916884, 0.368652, 0.606934, 0.0922899, 0.369629, 0.606934, 0.0928744, 0.370605, 0.606934, 0.0934446, 0.371582, 0.606934, 0.0940034, 0.372559, 0.606934, 0.094554, 0.373535, 0.606934, 0.0950995, 0.374512, 0.606934, 0.0956431, 
        0.367676, 0.60791, 0.0909848, 0.368652, 0.60791, 0.0915739, 0.369629, 0.60791, 0.0921455, 0.370605, 0.60791, 0.0927025, 0.371582, 0.60791, 0.0932477, 0.372559, 0.60791, 0.0937844, 0.373535, 0.60791, 0.0943158, 0.374512, 0.60791, 0.0948453, 
        0.367676, 0.608887, 0.0902577, 0.368652, 0.608887, 0.0908371, 0.369629, 0.608887, 0.0913988, 0.370605, 0.608887, 0.0919456, 0.371582, 0.608887, 0.0924805, 0.372559, 0.608887, 0.0930068, 0.373535, 0.608887, 0.0935276, 0.374512, 0.608887, 0.0940464
    ]
}
