{
    "level": 0,
    "idx": {"x": 47, "y": 35},
    "dim": {"x": 16, "y": 16},
    "offset": {"x": 0.734863, "y": 0.547363},
    "cellSize": {"x": 0.000976562, "y": 0.000976562},
    "vertices": [
        0.734863, 0.547363, 0.0300338, 0.73584, 0.547363, 0.0301032, 0.736816, 0.547363, 0.030139, 0.737793, 0.547363, 0.0301191, 0.73877, 0.547363, 0.0300238, 0.739746, 0.547363, 0.0298368, 0.740723, 0.547363, 0.0295455, 0.741699, 0.547363, 0.0291414, 0.742676, 0.547363, 0.0286211, 0.743652, 0.547363, 0.0279854, 0.744629, 0.547363, 0.0272404, 0.745605, 0.547363, 0.0263962, 0.746582, 0.547363, 0.0254673, 0.747559, 0.547363, 0.0244715, 0.748535, 0.547363, 0.0234299, 0.749512, 0.547363, 0.0223649, 
        0.734863, 0.54834, 0.0307513, 0.73584, 0.54834, 0.0319204, 0.736816, 0.54834, 0.0329817, 0.737793, 0.54834, 0.0338736, 0.73877, 0.54834, 0.0345416, 0.739746, 0.54834, 0.0349399, 0.740723, 0.54834, 0.0350334, 0.741699, 0.54834, 0.034799, 0.742676, 0.54834, 0.0342267, 0.743652, 0.54834, 0.0333195, 0.744629, 0.54834, 0.0320939, 0.745605, 0.54834, 0.0305787, 0.746582, 0.54834, 0.0288143, 0.747559, 0.54834, 0.0268506, 0.748535, 0.54834, 0.0247461, 0.749512, 0.54834, 0.0225643, 
        0.734863, 0.549316, 0.0314173, 0.73584, 0.549316, 0.0336202, 0.736816, 0.549316, 0.0356456, 0.737793, 0.549316, 0.0373948, 0.73877, 0.549316, 0.0387804, 0.739746, 0.549316, 0.0397289, 0.740723, 0.549316, 0.0401843, 0.741699, 0.549316, 0.0401096, 0.742676, 0.549316, 0.0394886, 0.743652, 0.549316, 0.0383263, 0.744629, 0.549316, 0.0366492, 0.745605, 0.549316, 0.0345033, 0.746582, 0.549316, 0.0319537, 0.747559, 0.549316, 0.0290803, 0.748535, 0.549316, 0.0259769, 0.749512, 0.549316, 0.0227454, 
        0.734863, 0.550293, 0.0320017, 0.73584, 0.550293, 0.0351328, 0.736816, 0.550293, 0.038024, 0.737793, 0.550293, 0.040543, 0.73877, 0.550293, 0.042573, 0.739746, 0.550293, 0.0440157, 0.740723, 0.550293, 0.0447961, 0.741699, 0.550293, 0.0448649, 0.742676, 0.550293, 0.0442004, 0.743652, 0.550293, 0.0428094, 0.744629, 0.550293, 0.0407271, 0.745605, 0.550293, 0.0380154, 0.746582, 0.550293, 0.0347611, 0.747559, 0.550293, 0.0310713, 0.748535, 0.550293, 0.0270715, 0.749512, 0.550293, 0.0228978, 
        0.734863, 0.55127, 0.0324776, 0.73584, 0.55127, 0.0363959, 0.736816, 0.55127, 0.0400211, 0.737793, 0.55127, 0.0431928, 0.73877, 0.55127, 0.0457693, 0.739746, 0.55127, 0.0476311, 0.740723, 0.55127, 0.0486875, 0.741699, 0.55127, 0.0488782, 0.742676, 0.55127, 0.0481771, 0.743652, 0.55127, 0.0465925, 0.744629, 0.55127, 0.0441673, 0.745605, 0.55127, 0.0409762, 0.746582, 0.55127, 0.037125, 0.747559, 0.55127, 0.0327437, 0.748535, 0.55127, 0.0279843, 0.749512, 0.55127, 0.0230125, 
        0.734863, 0.552246, 0.0328223, 0.73584, 0.552246, 0.0373561, 0.736816, 0.552246, 0.0415555, 0.737793, 0.552246, 0.0452378, 0.73877, 0.552246, 0.0482418, 0.739746, 0.552246, 0.0504317, 0.740723, 0.552246, 0.0517041, 0.741699, 0.552246, 0.0519906, 0.742676, 0.552246, 0.0512615, 0.743652, 0.552246, 0.0495261, 0.744629, 0.552246, 0.0468331, 0.745605, 0.552246, 0.043268, 0.746582, 0.552246, 0.0389507, 0.747559, 0.552246, 0.0340293, 0.748535, 0.552246, 0.0286768, 0.749512, 0.552246, 0.0230816, 
        0.734863, 0.553223, 0.0330179, 0.73584, 0.553223, 0.0379723, 0.736816, 0.553223, 0.0425639, 0.737793, 0.553223, 0.0465951, 0.73877, 0.553223, 0.0498914, 0.739746, 0.553223, 0.0523057, 0.740723, 0.553223, 0.0537261, 0.741699, 0.553223, 0.0540786, 0.742676, 0.553223, 0.0533309, 0.743652, 0.553223, 0.0514933, 0.744629, 0.553223, 0.0486185, 0.745605, 0.553223, 0.0447988, 0.746582, 0.553223, 0.0401643, 0.747559, 0.553223, 0.0348752, 0.748535, 0.553223, 0.0291188, 0.749512, 0.553223, 0.0230992, 
        0.734863, 0.554199, 0.0330523, 0.73584, 0.554199, 0.0382161, 0.736816, 0.554199, 0.043003, 0.737793, 0.554199, 0.0472081, 0.73877, 0.554199, 0.0506502, 0.739746, 0.554199, 0.0531767, 0.740723, 0.554199, 0.0546715, 0.741699, 0.554199, 0.0550577, 0.742676, 0.554199, 0.0543019, 0.743652, 0.554199, 0.0524146, 0.744629, 0.554199, 0.0494508, 0.745605, 0.554199, 0.0455061, 0.746582, 0.554199, 0.0407154, 0.747559, 0.554199, 0.0352453, 0.748535, 0.554199, 0.0292899, 0.749512, 0.554199, 0.0230609, 
        0.734863, 0.555176, 0.0329195, 0.73584, 0.555176, 0.0380735, 0.736816, 0.555176, 0.0428515, 0.737793, 0.555176, 0.0470488, 0.73877, 0.555176, 0.0504847, 0.739746, 0.555176, 0.0530069, 0.740723, 0.555176, 0.0544996, 0.741699, 0.555176, 0.054886, 0.742676, 0.555176, 0.0541329, 0.743652, 0.555176, 0.0522506, 0.744629, 0.555176, 0.0492941, 0.745605, 0.555176, 0.0453587, 0.746582, 0.555176, 0.0405792, 0.747559, 0.555176, 0.0351216, 0.748535, 0.555176, 0.0291798, 0.749512, 0.555176, 0.0229649, 
        0.734863, 0.556152, 0.0326199, 0.73584, 0.556152, 0.0375454, 0.736816, 0.556152, 0.0421105, 0.737793, 0.556152, 0.0461187, 0.73877, 0.556152, 0.0493968, 0.739746, 0.556152, 0.0517985, 0.740723, 0.556152, 0.0532128, 0.741699, 0.556152, 0.0535661, 0.742676, 0.556152, 0.0528263, 0.743652, 0.556152, 0.0510036, 0.744629, 0.556152, 0.0481505, 0.745605, 0.556152, 0.0443586, 0.746582, 0.556152, 0.0397571, 0.747559, 0.556152, 0.0345052, 0.748535, 0.556152, 0.0287891, 0.749512, 0.556152, 0.0228113, 
        0.734863, 0.557129, 0.0321602, 0.73584, 0.557129, 0.0366474, 0.736816, 0.557129, 0.0408039, 0.737793, 0.557129, 0.0444492, 0.73877, 0.557129, 0.047424, 0.739746, 0.557129, 0.0495938, 0.740723, 0.557129, 0.0508565, 0.741699, 0.557129, 0.0511446, 0.742676, 0.557129, 0.0504285, 0.743652, 0.557129, 0.0487176, 0.744629, 0.557129, 0.0460601, 0.745605, 0.557129, 0.0425403, 0.746582, 0.557129, 0.0382768, 0.747559, 0.557129, 0.0334161, 0.748535, 0.557129, 0.0281292, 0.749512, 0.557129, 0.0226023, 
        0.734863, 0.558105, 0.0315532, 0.73584, 0.558105, 0.0354094, 0.736816, 0.558105, 0.0389775, 0.737793, 0.558105, 0.0421, 0.73877, 0.558105, 0.0446377, 0.739746, 0.558105, 0.0464731, 0.740723, 0.558105, 0.047517, 0.741699, 0.558105, 0.0477104, 0.742676, 0.558105, 0.0470275, 0.743652, 0.558105, 0.0454764, 0.744629, 0.558105, 0.0430994, 0.745605, 0.558105, 0.0399699, 0.746582, 0.558105, 0.0361916, 0.747559, 0.558105, 0.0318925, 0.748535, 0.558105, 0.0272219, 0.749512, 0.558105, 0.0223424, 
        0.734863, 0.559082, 0.0308175, 0.73584, 0.559082, 0.0338741, 0.736816, 0.559082, 0.0366968, 0.737793, 0.559082, 0.0391569, 0.73877, 0.559082, 0.0411406, 0.739746, 0.559082, 0.0425521, 0.740723, 0.559082, 0.0433184, 0.741699, 0.559082, 0.0433914, 0.742676, 0.559082, 0.04275, 0.743652, 0.559082, 0.0414008, 0.744629, 0.559082, 0.0393782, 0.745605, 0.559082, 0.0367423, 0.746582, 0.559082, 0.0335778, 0.747559, 0.559082, 0.0299891, 0.748535, 0.559082, 0.0260982, 0.749512, 0.559082, 0.0220379, 
        0.734863, 0.560059, 0.0299762, 0.73584, 0.560059, 0.0320957, 0.736816, 0.560059, 0.0340448, 0.737793, 0.560059, 0.0357284, 0.73877, 0.560059, 0.0370628, 0.739746, 0.560059, 0.0379773, 0.740723, 0.560059, 0.0384181, 0.741699, 0.560059, 0.0383496, 0.742676, 0.560059, 0.0377565, 0.743652, 0.560059, 0.0366434, 0.744629, 0.560059, 0.0350358, 0.745605, 0.560059, 0.0329779, 0.746582, 0.560059, 0.0305321, 0.747559, 0.560059, 0.0277753, 0.748535, 0.560059, 0.0247976, 0.749512, 0.560059, 0.0216967, 
        0.734863, 0.561035, 0.0290569, 0.73584, 0.561035, 0.0301379, 0.736816, 0.561035, 0.0311187, 0.737793, 0.561035, 0.0319418, 0.73877, 0.561035, 0.0325566, 0.739746, 0.561035, 0.0329202, 0.740723, 0.561035, 0.0330001, 0.741699, 0.561035, 0.0327748, 0.742676, 0.561035, 0.0322348, 0.743652, 0.561035, 0.0313832, 0.744629, 0.561035, 0.0302351, 0.745605, 0.561035, 0.0288173, 0.746582, 0.561035, 0.0271677, 0.747559, 0.561035, 0.0253325, 0.748535, 0.561035, 0.0233663, 0.749512, 0.561035, 0.0213282, 
