{
    "level": 0,
    "idx": {"x": 48, "y": 38},
    "dim": {"x": 16, "y": 16},
    "offset": {"x": 0.750488, "y": 0.594238},
    "cellSize": {"x": 0.000976562, "y": 0.000976562},
    "vertices": [
        0.750488, 0.594238, 0.0171692, 0.751465, 0.594238, 0.0175077, 0.752441, 0.594238, 0.017806, 0.753418, 0.594238, 0.0180402, 0.754395, 0.594238, 0.0181891, 0.755371, 0.594238, 0.0182349, 0.756348, 0.594238, 0.018164, 0.757324, 0.594238, 0.0179675, 0.758301, 0.594238, 0.0176414, 0.759277, 0.594238, 0.0171872, 0.760254, 0.594238, 0.0166112, 0.76123, 0.594238, 0.0159247, 0.762207, 0.594238, 0.0151433, 0.763184, 0.594238, 0.0142866, 0.76416, 0.594238, 0.0133773, 0.765137, 0.594238, 0.0124401, 
        0.750488, 0.595215, 0.0178899, 0.751465, 0.595215, 0.0193256, 0.752441, 0.595215, 0.0206462, 0.753418, 0.595215, 0.0217888, 0.754395, 0.595215, 0.0226973, 0.755371, 0.595215, 0.0233245, 0.756348, 0.595215, 0.0236348, 0.757324, 0.595215, 0.0236045, 0.758301, 0.595215, 0.0232235, 0.759277, 0.595215, 0.0224952, 0.760254, 0.595215, 0.0214368, 0.76123, 0.595215, 0.0200781, 0.762207, 0.595215, 0.0184607, 0.763184, 0.595215, 0.0166367, 0.76416, 0.595215, 0.0146657, 0.765137, 0.595215, 0.0126136, 
        0.750488, 0.596191, 0.0185581, 0.751465, 0.596191, 0.0210231, 0.752441, 0.596191, 0.0233029, 0.753418, 0.596191, 0.0252979, 0.754395, 0.596191, 0.026919, 0.755371, 0.596191, 0.0280919, 0.756348, 0.596191, 0.0287599, 0.757324, 0.596191, 0.0288857, 0.758301, 0.596191, 0.0284532, 0.759277, 0.596191, 0.0274681, 0.760254, 0.596191, 0.0259571, 0.76123, 0.596191, 0.0239681, 0.762207, 0.596191, 0.0215666, 0.763184, 0.596191, 0.0188351, 0.76416, 0.596191, 0.0158682, 0.765137, 0.596191, 0.0127704, 
        0.750488, 0.597168, 0.0191431, 0.751465, 0.597168, 0.0225303, 0.752441, 0.597168, 0.0256694, 0.753418, 0.597168, 0.028428, 0.754395, 0.597168, 0.0306875, 0.755371, 0.597168, 0.0323493, 0.756348, 0.597168, 0.0333379, 0.757324, 0.597168, 0.0336037, 0.758301, 0.597168, 0.0331254, 0.759277, 0.597168, 0.0319104, 0.760254, 0.597168, 0.0299945, 0.76123, 0.597168, 0.0274411, 0.762207, 0.597168, 0.0243376, 0.763184, 0.597168, 0.0207937, 0.76416, 0.597168, 0.0169352, 0.765137, 0.597168, 0.012901, 
        0.750488, 0.598145, 0.0196177, 0.751465, 0.598145, 0.0237843, 0.752441, 0.598145, 0.0276497, 0.753418, 0.598145, 0.0310537, 0.754395, 0.598145, 0.0338531, 0.755371, 0.598145, 0.0359282, 0.756348, 0.598145, 0.0371879, 0.757324, 0.598145, 0.0375724, 0.758301, 0.598145, 0.0370557, 0.759277, 0.598145, 0.0356469, 0.760254, 0.598145, 0.0333892, 0.76123, 0.598145, 0.0303594, 0.762207, 0.598145, 0.0266632, 0.763184, 0.598145, 0.0224333, 0.76416, 0.598145, 0.0178218, 0.765137, 0.598145, 0.0129968, 
        0.750488, 0.599121, 0.0199589, 0.751465, 0.599121, 0.0247322, 0.752441, 0.599121, 0.0291631, 0.753418, 0.599121, 0.0330697, 0.754395, 0.599121, 0.0362894, 0.755371, 0.599121, 0.0386865, 0.756348, 0.599121, 0.0401578, 0.757324, 0.599121, 0.040635, 0.758301, 0.599121, 0.0400889, 0.759277, 0.599121, 0.0385298, 0.760254, 0.599121, 0.0360068, 0.76123, 0.599121, 0.0326068, 0.762207, 0.599121, 0.02845, 0.763184, 0.599121, 0.023687, 0.76416, 0.599121, 0.0184903, 0.765137, 0.599121, 0.0130507, 
        0.750488, 0.600098, 0.0201486, 0.751465, 0.600098, 0.0253328, 0.752441, 0.600098, 0.0301467, 0.753418, 0.600098, 0.0343937, 0.754395, 0.600098, 0.0378983, 0.755371, 0.600098, 0.0405139, 0.756348, 0.600098, 0.0421287, 0.757324, 0.600098, 0.0426694, 0.758301, 0.600098, 0.0421042, 0.759277, 0.600098, 0.0404442, 0.760254, 0.600098, 0.0377425, 0.76123, 0.600098, 0.0340931, 0.762207, 0.600098, 0.0296257, 0.763184, 0.600098, 0.024503, 0.76416, 0.600098, 0.0189114, 0.765137, 0.600098, 0.0130571, 
        0.750488, 0.601074, 0.0201748, 0.751465, 0.601074, 0.0255583, 0.752441, 0.601074, 0.030558, 0.753418, 0.601074, 0.0349703, 0.754395, 0.601074, 0.0386134, 0.755371, 0.601074, 0.0413354, 0.756348, 0.601074, 0.0430207, 0.757324, 0.601074, 0.0435931, 0.758301, 0.601074, 0.0430198, 0.759277, 0.601074, 0.0413123, 0.760254, 0.601074, 0.0385256, 0.76123, 0.601074, 0.0347571, 0.762207, 0.601074, 0.0301411, 0.763184, 0.601074, 0.0248461, 0.76416, 0.601074, 0.0190653, 0.765137, 0.601074, 0.0130121, 
        0.750488, 0.602051, 0.0200317, 0.751465, 0.602051, 0.0253953, 0.752441, 0.602051, 0.0303766, 0.753418, 0.602051, 0.0347728, 0.754395, 0.602051, 0.0384028, 0.755371, 0.602051, 0.0411152, 0.756348, 0.602051, 0.042795, 0.757324, 0.602051, 0.0433663, 0.758301, 0.602051, 0.0427964, 0.759277, 0.602051, 0.0410967, 0.760254, 0.602051, 0.0383221, 0.76123, 0.602051, 0.0345694, 0.762207, 0.602051, 0.0299726, 0.763184, 0.602051, 0.0246994, 0.76416, 0.602051, 0.0189423, 0.765137, 0.602051, 0.0129139, 
        0.750488, 0.603027, 0.01972, 0.751465, 0.603027, 0.0248453, 0.752441, 0.603027, 0.0296048, 0.753418, 0.603027, 0.0338041, 0.754395, 0.603027, 0.03727, 0.755371, 0.603027, 0.0398574, 0.756348, 0.603027, 0.0414562, 0.757324, 0.603027, 0.0419936, 0.758301, 0.603027, 0.0414385, 0.759277, 0.603027, 0.0398017, 0.760254, 0.603027, 0.0371357, 0.76123, 0.603027, 0.0335333, 0.762207, 0.603027, 0.0291228, 0.763184, 0.603027, 0.0240648, 0.76416, 0.603027, 0.0185436, 0.765137, 0.603027, 0.0127627, 
        0.750488, 0.604004, 0.0192467, 0.751465, 0.604004, 0.0239248, 0.752441, 0.604004, 0.0282676, 0.753418, 0.604004, 0.0320971, 0.754395, 0.604004, 0.0352542, 0.755371, 0.604004, 0.037606, 0.756348, 0.604004, 0.0390513, 0.757324, 0.604004, 0.0395237, 0.758301, 0.604004, 0.0389942, 0.759277, 0.604004, 0.037473, 0.760254, 0.604004, 0.0350082, 0.76123, 0.604004, 0.031685, 0.762207, 0.604004, 0.0276209, 0.763184, 0.604004, 0.0229632, 0.76416, 0.604004, 0.017881, 0.765137, 0.604004, 0.0125609, 
        0.750488, 0.60498, 0.0186253, 0.751465, 0.60498, 0.0226644, 0.752441, 0.60498, 0.026412, 0.753418, 0.60498, 0.0297129, 0.754395, 0.60498, 0.0324286, 0.755371, 0.60498, 0.0344433, 0.756348, 0.60498, 0.0356689, 0.757324, 0.60498, 0.0360473, 0.758301, 0.60498, 0.0355536, 0.759277, 0.60498, 0.0341964, 0.760254, 0.60498, 0.0320177, 0.76123, 0.60498, 0.0290916, 0.762207, 0.60498, 0.0255206, 0.763184, 0.60498, 0.0214331, 0.76416, 0.60498, 0.0169762, 0.765137, 0.60498, 0.0123126, 
        0.750488, 0.605957, 0.017875, 0.751465, 0.605957, 0.0211079, 0.752441, 0.605957, 0.0241046, 0.753418, 0.605957, 0.0267387, 0.754395, 0.605957, 0.0288975, 0.755371, 0.605957, 0.0304867, 0.756348, 0.605957, 0.0314347, 0.757324, 0.605957, 0.0316942, 0.758301, 0.605957, 0.0312449, 0.759277, 0.605957, 0.0300939, 0.760254, 0.605957, 0.0282752, 0.76123, 0.605957, 0.0258492, 0.762207, 0.605957, 0.0228992, 0.763184, 0.605957, 0.0195297, 0.76416, 0.605957, 0.0158605, 0.765137, 0.605957, 0.0120237, 
        0.750488, 0.606934, 0.0170196, 0.751465, 0.606934, 0.0193106, 0.752441, 0.606934, 0.0214297, 0.753418, 0.606934, 0.0232845, 0.754395, 0.606934, 0.0247923, 0.755371, 0.606934, 0.0258842, 0.756348, 0.606934, 0.0265075, 0.757324, 0.606934, 0.0266278, 0.758301, 0.606934, 0.02623, 0.759277, 0.606934, 0.0253194, 0.760254, 0.606934, 0.0239209, 0.76123, 0.606934, 0.0220787, 0.762207, 0.606934, 0.0198538, 0.763184, 0.606934, 0.0173227, 0.76416, 0.606934, 0.0145731, 0.765137, 0.606934, 0.0117019, 
        0.750488, 0.60791, 0.0160873, 0.751465, 0.60791, 0.0173368, 0.752441, 0.60791, 0.0184857, 0.753418, 0.60791, 0.0194787, 0.754395, 0.60791, 0.0202667, 0.755371, 0.60791, 0.0208086, 0.756348, 0.60791, 0.0210728, 0.757324, 0.60791, 0.0210389, 0.758301, 0.60791, 0.0206979, 0.759277, 0.60791, 0.0200528, 0.760254, 0.60791, 0.0191185, 0.76123, 0.60791, 0.0179214, 0.762207, 0.60791, 0.0164978, 0.763184, 0.60791, 0.0148933, 0.76416, 0.60791, 0.0131601, 0.765137, 0.60791, 0.011356, 
