{
    "level": 0,
    "idx": {"x": 49, "y": 40},
    "dim": {"x": 8, "y": 8},
    "offset": {"x": 0.383301, "y": 0.312988},
    "cellSize": {"x": 0.000976562, "y": 0.000976562},
    "vertices": [
        0.383301, 0.312988, 0.0400012, 0.384277, 0.312988, 0.0403665, 0.385254, 0.312988, 0.040732, 0.38623, 0.312988, 0.0410975, 0.387207, 0.312988, 0.041463, 0.388184, 0.312988, 0.0418283, 0.38916, 0.312988, 0.0421935, 0.390137, 0.312988, 0.0425583, 
        0.383301, 0.313965, 0.0409993, 0.384277, 0.313965, 0.0413949, 0.385254, 0.313965, 0.0417879, 0.38623, 0.313965, 0.0421778, 0.387207, 0.313965, 0.0425645, 0.388184, 0.313965, 0.0429477, 0.38916, 0.313965, 0.0433272, 0.390137, 0.313965, 0.0437029, 
        0.383301, 0.314941, 0.0420006, 0.384277, 0.314941, 0.0424263, 0.385254, 0.314941, 0.0428466, 0.38623, 0.314941, 0.0432608, 0.387207, 0.314941, 0.0436686, 0.388184, 0.314941, 0.0440695, 0.38916, 0.314941, 0.0444634, 0.390137, 0.314941, 0.0448499, 
        0.383301, 0.315918, 0.0430026, 0.384277, 0.315918, 0.0434579, 0.385254, 0.315918, 0.0439051, 0.38623, 0.315918, 0.0443432, 0.387207, 0.315918, 0.0447718, 0.388184, 0.315918, 0.0451904, 0.38916, 0.315918, 0.0455985, 0.390137, 0.315918, 0.0459959, 
        0.383301, 0.316895, 0.0440026, 0.384277, 0.316895, 0.044487, 0.385254, 0.316895, 0.0449604, 0.38623, 0.316895, 0.045422, 0.387207, 0.316895, 0.0458711, 0.388184, 0.316895, 0.046307, 0.38916, 0.316895, 0.0467292, 0.390137, 0.316895, 0.0471373, 
        0.383301, 0.317871, 0.0449982, 0.384277, 0.317871, 0.0455107, 0.385254, 0.317871, 0.0460097, 0.38623, 0.317871, 0.0464941, 0.387207, 0.317871, 0.0469631, 0.388184, 0.317871, 0.0474159, 0.38916, 0.317871, 0.047852, 0.390137, 0.317871, 0.0482708, 
        0.383301, 0.318848, 0.045987, 0.384277, 0.318848, 0.0465265, 0.385254, 0.318848, 0.0470501, 0.38623, 0.318848, 0.0475566, 0.387207, 0.318848, 0.0480449, 0.388184, 0.318848, 0.0485142, 0.38916, 0.318848, 0.0489638, 0.390137, 0.318848, 0.0493932, 
        0.383301, 0.319824, 0.0469669, 0.384277, 0.319824, 0.0475322, 0.385254, 0.319824, 0.0480793, 0.38623, 0.319824, 0.0486069, 0.387207, 0.319824, 0.0491137, 0.388184, 0.319824, 0.0495989, 0.38916, 0.319824, 0.0500617, 0.390137, 0.319824, 0.0505014
    ]
}
