{
    "level": 0,
    "idx": {"x": 4, "y": 48},
    "dim": {"x": 16, "y": 16},
    "offset": {"x": 0.0629883, "y": 0.750488},
    "cellSize": {"x": 0.000976562, "y": 0.000976562},
    "vertices": [
        0.0629883, 0.750488, 6.48236e-05, 0.0639648, 0.750488, 0.000924493, 0.0649414, 0.750488, 0.001749, 0.065918, 0.750488, 0.00250662, 0.0668945, 0.750488, 0.0031682, 0.0678711, 0.750488, 0.00370827, 0.0688477, 0.750488, 0.00410605, 0.0698242, 0.750488, 0.00434626, 0.0708008, 0.750488, 0.00441966, 0.0717773, 0.750488, 0.00432343, 0.0727539, 0.750488, 0.00406131, 0.0737305, 0.750488, 0.00364341, 0.074707, 0.750488, 0.00308584, 0.0756836, 0.750488, 0.00241008, 0.0766602, 0.750488, 0.00164219, 0.0776367, 0.750488, 0.000811741, 
        0.0629883, 0.751465, 0.000134754, 0.0639648, 0.751465, 0.00210806, 0.0649414, 0.751465, 0.00400063, 0.065918, 0.751465, 0.0057396, 0.0668945, 0.751465, 0.00725803, 0.0678711, 0.751465, 0.00849747, 0.0688477, 0.751465, 0.00941022, 0.0698242, 0.751465, 0.00996114, 0.0708008, 0.751465, 0.010129, 0.0717773, 0.751465, 0.00990747, 0.0727539, 0.751465, 0.00930499, 0.0737305, 0.751465, 0.00834481, 0.074707, 0.751465, 0.00706392, 0.0756836, 0.751465, 0.00551166, 0.0766602, 0.751465, 0.00374782, 0.0776367, 0.751465, 0.00184036, 
        0.0629883, 0.752441, 0.000199899, 0.0639648, 0.752441, 0.0032108, 0.0649414, 0.752441, 0.00609849, 0.065918, 0.752441, 0.00875179, 0.0668945, 0.752441, 0.0110686, 0.0678711, 0.752441, 0.0129596, 0.0688477, 0.752441, 0.0143522, 0.0698242, 0.752441, 0.0151926, 0.0708008, 0.752441, 0.0154485, 0.0717773, 0.752441, 0.0151102, 0.0727539, 0.752441, 0.0141906, 0.0737305, 0.752441, 0.0127251, 0.074707, 0.752441, 0.0107703, 0.0756836, 0.752441, 0.00840142, 0.0766602, 0.752441, 0.00570966, 0.0776367, 0.752441, 0.00279871, 
        0.0629883, 0.753418, 0.00025775, 0.0639648, 0.753418, 0.0041904, 0.0649414, 0.753418, 0.00796211, 0.065918, 0.753418, 0.0114277, 0.0668945, 0.753418, 0.0144537, 0.0678711, 0.753418, 0.0169236, 0.0688477, 0.753418, 0.0187423, 0.0698242, 0.753418, 0.0198399, 0.0708008, 0.753418, 0.0201741, 0.0717773, 0.753418, 0.019732, 0.0727539, 0.753418, 0.0185307, 0.0737305, 0.753418, 0.0166164, 0.074707, 0.753418, 0.0140629, 0.0756836, 0.753418, 0.0109685, 0.0766602, 0.753418, 0.00745243, 0.0776367, 0.753418, 0.00365003, 
        0.0629883, 0.754395, 0.000306068, 0.0639648, 0.754395, 0.00500904, 0.0649414, 0.754395, 0.00951955, 0.065918, 0.754395, 0.0136639, 0.0668945, 0.754395, 0.0172826, 0.0678711, 0.754395, 0.0202363, 0.0688477, 0.754395, 0.0224113, 0.0698242, 0.754395, 0.0237238, 0.0708008, 0.754395, 0.0241233, 0.0717773, 0.754395, 0.0235945, 0.0727539, 0.754395, 0.0221578, 0.0737305, 0.754395, 0.0198684, 0.074707, 0.754395, 0.0168146, 0.0756836, 0.754395, 0.0131139, 0.0766602, 0.754395, 0.00890885, 0.0776367, 0.754395, 0.00436146, 
        0.0629883, 0.755371, 0.000342982, 0.0639648, 0.755371, 0.00563516, 0.0649414, 0.755371, 0.0107108, 0.065918, 0.755371, 0.0153743, 0.0668945, 0.755371, 0.0194464, 0.0678711, 0.755371, 0.0227701, 0.0688477, 0.755371, 0.0252175, 0.0698242, 0.755371, 0.0266944, 0.0708008, 0.755371, 0.0271439, 0.0717773, 0.755371, 0.0265488, 0.0727539, 0.755371, 0.024932, 0.0737305, 0.755371, 0.0223557, 0.074707, 0.755371, 0.0189192, 0.0756836, 0.755371, 0.0147547, 0.0766602, 0.755371, 0.0100228, 0.0776367, 0.755371, 0.00490554, 
        0.0629883, 0.756348, 0.000367068, 0.0639648, 0.756348, 0.00604473, 0.0649414, 0.756348, 0.01149, 0.065918, 0.756348, 0.0164933, 0.0668945, 0.756348, 0.0208619, 0.0678711, 0.756348, 0.0244277, 0.0688477, 0.756348, 0.0270534, 0.0698242, 0.756348, 0.0286379, 0.0708008, 0.756348, 0.0291201, 0.0717773, 0.756348, 0.0284816, 0.0727539, 0.756348, 0.0267469, 0.0737305, 0.756348, 0.0239829, 0.074707, 0.756348, 0.020296, 0.0756836, 0.756348, 0.0158282, 0.0766602, 0.756348, 0.0107515, 0.0776367, 0.756348, 0.00526139, 
        0.0629883, 0.757324, 0.000377387, 0.0639648, 0.757324, 0.00622192, 0.0649414, 0.757324, 0.0118273, 0.065918, 0.757324, 0.0169776, 0.0668945, 0.757324, 0.0214746, 0.0678711, 0.757324, 0.0251452, 0.0688477, 0.757324, 0.027848, 0.0698242, 0.757324, 0.029479, 0.0708008, 0.757324, 0.0299754, 0.0717773, 0.757324, 0.0293181, 0.0727539, 0.757324, 0.0275324, 0.0737305, 0.757324, 0.0246871, 0.074707, 0.757324, 0.0208918, 0.0756836, 0.757324, 0.0162927, 0.0766602, 0.757324, 0.0110667, 0.0776367, 0.757324, 0.00541526, 
        0.0629883, 0.758301, 0.000373537, 0.0639648, 0.758301, 0.00615991, 0.0649414, 0.758301, 0.0117095, 0.065918, 0.758301, 0.0168085, 0.0668945, 0.758301, 0.0212608, 0.0678711, 0.758301, 0.0248949, 0.0688477, 0.758301, 0.0275708, 0.0698242, 0.758301, 0.0291855, 0.0708008, 0.758301, 0.029677, 0.0717773, 0.758301, 0.0290262, 0.0727539, 0.758301, 0.0272583, 0.0737305, 0.758301, 0.0244413, 0.074707, 0.758301, 0.0206838, 0.0756836, 0.758301, 0.0161304, 0.0766602, 0.758301, 0.0109564, 0.0776367, 0.758301, 0.00536122, 
        0.0629883, 0.759277, 0.00035566, 0.0639648, 0.759277, 0.0058611, 0.0649414, 0.759277, 0.0111412, 0.065918, 0.759277, 0.0159927, 0.0668945, 0.759277, 0.0202288, 0.0678711, 0.759277, 0.0236865, 0.0688477, 0.759277, 0.0262325, 0.0698242, 0.759277, 0.0277688, 0.0708008, 0.759277, 0.0282364, 0.0717773, 0.759277, 0.0276173, 0.0727539, 0.759277, 0.0259352, 0.0737305, 0.759277, 0.023255, 0.074707, 0.759277, 0.01968, 0.0756836, 0.759277, 0.0153476, 0.0766602, 0.759277, 0.0104249, 0.0776367, 0.759277, 0.00510135, 
        0.0629883, 0.760254, 0.000324433, 0.0639648, 0.760254, 0.00533694, 0.0649414, 0.760254, 0.0101443, 0.065918, 0.760254, 0.0145614, 0.0668945, 0.760254, 0.0184183, 0.0678711, 0.760254, 0.0215663, 0.0688477, 0.760254, 0.0238844, 0.0698242, 0.760254, 0.0252832, 0.0708008, 0.760254, 0.025709, 0.0717773, 0.760254, 0.0251453, 0.0727539, 0.760254, 0.0236139, 0.0737305, 0.760254, 0.0211737, 0.074707, 0.760254, 0.0179188, 0.0756836, 0.760254, 0.0139744, 0.0766602, 0.760254, 0.00949245, 0.0776367, 0.760254, 0.0046456, 
        0.0629883, 0.76123, 0.000281057, 0.0639648, 0.76123, 0.00460768, 0.0649414, 0.76123, 0.00875725, 0.065918, 0.76123, 0.01257, 0.0668945, 0.76123, 0.0158991, 0.0678711, 0.76123, 0.0186164, 0.0688477, 0.76123, 0.0206173, 0.0698242, 0.76123, 0.0218248, 0.0708008, 0.76123, 0.0221923, 0.0717773, 0.76123, 0.0217058, 0.0727539, 0.76123, 0.020384, 0.0737305, 0.76123, 0.0182778, 0.074707, 0.76123, 0.0154683, 0.0756836, 0.76123, 0.0120637, 0.0766602, 0.76123, 0.00819514, 0.0776367, 0.76123, 0.00401159, 
        0.0629883, 0.762207, 0.000227188, 0.0639648, 0.762207, 0.0037013, 0.0649414, 0.762207, 0.00703324, 0.065918, 0.762207, 0.0100947, 0.0668945, 0.762207, 0.0127679, 0.0678711, 0.762207, 0.0149498, 0.0688477, 0.762207, 0.0165565, 0.0698242, 0.762207, 0.0175261, 0.0708008, 0.762207, 0.0178213, 0.0717773, 0.762207, 0.0174307, 0.0727539, 0.762207, 0.0163694, 0.0737305, 0.762207, 0.0146783, 0.074707, 0.762207, 0.0124225, 0.0756836, 0.762207, 0.00968888, 0.0766602, 0.762207, 0.0065827, 0.0776367, 0.762207, 0.00322362, 
        0.0629883, 0.763184, 0.000164903, 0.0639648, 0.763184, 0.00265281, 0.0649414, 0.763184, 0.00503891, 0.065918, 0.763184, 0.00723133, 0.0668945, 0.763184, 0.00914568, 0.0678711, 0.763184, 0.0107083, 0.0688477, 0.763184, 0.0118589, 0.0698242, 0.763184, 0.0125533, 0.0708008, 0.763184, 0.0127648, 0.0717773, 0.763184, 0.0124852, 0.0727539, 0.763184, 0.0117253, 0.0737305, 0.763184, 0.0105144, 0.074707, 0.763184, 0.00889915, 0.0756836, 0.763184, 0.0069417, 0.0766602, 0.763184, 0.00471747, 0.0776367, 0.763184, 0.00231213, 
