{
    "level": 0,
    "idx": {"x": 4, "y": 4},
    "dim": {"x": 8, "y": 8},
    "offset": {"x": 0.126953, "y": 0.126953},
    "cellSize": {"x": 0.00390625, "y": 0.00390625},
    "vertices": [
        0.126953, 0.126953, 0.000294185, 0.130859, 0.126953, 0.00229257, 0.134766, 0.126953, 0.00294051, 0.138672, 0.126953, 0.00185594, 0.142578, 0.126953, -0.000320748, 0.146484, 0.126953, -0.00230459, 0.150391, 0.126953, -0.00292441, 0.154297, 0.126953, -0.00181396, 
        0.126953, 0.130859, 0.00229257, 0.130859, 0.130859, 0.0180329, 0.134766, 0.130859, 0.023134, 0.138672, 0.130859, 0.0145857, 0.142578, 0.130859, -0.00256672, 0.146484, 0.130859, -0.0182004, 0.150391, 0.130859, -0.0230887, 0.154297, 0.130859, -0.0143462, 
        0.126953, 0.134766, 0.00294051, 0.130859, 0.134766, 0.023134, 0.134766, 0.134766, 0.0296781, 0.138672, 0.134766, 0.0187113, 0.142578, 0.134766, -0.00329395, 0.146484, 0.134766, -0.0233508, 0.150391, 0.134766, -0.0296222, 0.154297, 0.134766, -0.0184065, 
        0.126953, 0.138672, 0.00185594, 0.130859, 0.138672, 0.0145857, 0.134766, 0.138672, 0.0187113, 0.138672, 0.138672, 0.0117985, 0.142578, 0.138672, -0.00207276, 0.146484, 0.138672, -0.0147157, 0.150391, 0.138672, -0.0186686, 0.154297, 0.138672, -0.0115979, 
        0.126953, 0.142578, -0.000320748, 0.130859, 0.142578, -0.00256672, 0.134766, 0.142578, -0.00329395, 0.138672, 0.142578, -0.00207276, 0.142578, 0.142578, 0.000376697, 0.146484, 0.142578, 0.00260949, 0.150391, 0.142578, 0.00330861, 0.154297, 0.142578, 0.00206221, 
        0.126953, 0.146484, -0.00230459, 0.130859, 0.146484, -0.0182004, 0.134766, 0.146484, -0.0233508, 0.138672, 0.146484, -0.0147157, 0.142578, 0.146484, 0.00260949, 0.146484, 0.146484, 0.018401, 0.150391, 0.146484, 0.0233403, 0.154297, 0.146484, 0.0145132, 
        0.126953, 0.150391, -0.00292441, 0.130859, 0.150391, -0.0230887, 0.134766, 0.150391, -0.0296222, 0.138672, 0.150391, -0.0186686, 0.142578, 0.150391, 0.00330861, 0.146484, 0.150391, 0.0233403, 0.150391, 0.150391, 0.0296056, 0.154297, 0.150391, 0.018408, 
        0.126953, 0.154297, -0.00181396, 0.130859, 0.154297, -0.0143462, 0.134766, 0.154297, -0.0184065, 0.138672, 0.154297, -0.0115979, 0.142578, 0.154297, 0.00206221, 0.146484, 0.154297, 0.0145132, 0.150391, 0.154297, 0.018408, 0.154297, 0.154297, 0.0114493
    ]
}
