{
    "level": 0,
    "idx": {"x": 50, "y": 119},
    "dim": {"x": 8, "y": 8},
    "offset": {"x": 0.391113, "y": 0.930176},
    "cellSize": {"x": 0.000976562, "y": 0.000976562},
    "vertices": [
        0.391113, 0.930176, -0.00870299, 0.39209, 0.930176, -0.00874246, 0.393066, 0.930176, -0.00875679, 0.394043, 0.930176, -0.00874641, 0.39502, 0.930176, -0.00871191, 0.395996, 0.930176, -0.00865413, 0.396973, 0.930176, -0.00857411, 0.397949, 0.930176, -0.00847307, 
        0.391113, 0.931152, -0.00837951, 0.39209, 0.931152, -0.00842122, 0.393066, 0.931152, -0.00844063, 0.394043, 0.931152, -0.00843809, 0.39502, 0.931152, -0.00841413, 0.395996, 0.931152, -0.00836949, 0.396973, 0.931152, -0.00830506, 0.397949, 0.931152, -0.00822193, 
        0.391113, 0.932129, -0.00803349, 0.39209, 0.932129, -0.0080776, 0.393066, 0.932129, -0.00810243, 0.394043, 0.932129, -0.00810827, 0.39502, 0.932129, -0.00809558, 0.395996, 0.932129, -0.00806497, 0.396973, 0.932129, -0.00801721, 0.397949, 0.932129, -0.00795322, 
        0.391113, 0.933105, -0.00766793, 0.39209, 0.933105, -0.00771456, 0.393066, 0.933105, -0.0077451, 0.394043, 0.933105, -0.00775978, 0.39502, 0.933105, -0.00775897, 0.395996, 0.933105, -0.00774316, 0.396973, 0.933105, -0.00771299, 0.397949, 0.933105, -0.00766918, 
        0.391113, 0.934082, -0.00728609, 0.39209, 0.934082, -0.00733535, 0.393066, 0.934082, -0.00737183, 0.394043, 0.934082, -0.00739572, 0.39502, 0.934082, -0.00740728, 0.395996, 0.934082, -0.0074069, 0.396973, 0.934082, -0.00739504, 0.397949, 0.934082, -0.00737226, 
        0.391113, 0.935059, -0.00689128, 0.39209, 0.935059, -0.00694323, 0.393066, 0.935059, -0.00698584, 0.394043, 0.935059, -0.00701921, 0.39502, 0.935059, -0.00704352, 0.395996, 0.935059, -0.00705903, 0.396973, 0.935059, -0.00706605, 0.397949, 0.935059, -0.00706495, 
        0.391113, 0.936035, -0.006487, 0.39209, 0.936035, -0.00654169, 0.393066, 0.936035, -0.00659053, 0.394043, 0.936035, -0.00663356, 0.39502, 0.936035, -0.00667088, 0.395996, 0.936035, -0.00670259, 0.396973, 0.936035, -0.00672886, 0.397949, 0.936035, -0.00674986, 
        0.391113, 0.937012, -0.00607673, 0.39209, 0.937012, -0.00613418, 0.393066, 0.937012, -0.00618929, 0.394043, 0.937012, -0.00624207, 0.39502, 0.937012, -0.0062925, 0.395996, 0.937012, -0.00634058, 0.396973, 0.937012, -0.00638628, 0.397949, 0.937012, -0.00642961
    ]
}
