{
    "level": 0,
    "idx": {"x": 50, "y": 90},
    "dim": {"x": 8, "y": 8},
    "offset": {"x": 0.391113, "y": 0.703613},
    "cellSize": {"x": 0.000976562, "y": 0.000976562},
    "vertices": [
        0.391113, 0.703613, 0.0428943, 0.39209, 0.703613, 0.0432022, 0.393066, 0.703613, 0.0434727, 0.394043, 0.703613, 0.0437064, 0.39502, 0.703613, 0.0439042, 0.395996, 0.703613, 0.0440674, 0.396973, 0.703613, 0.0441976, 0.397949, 0.703613, 0.0442967, 
        0.391113, 0.70459, 0.042387, 0.39209, 0.70459, 0.0426914, 0.393066, 0.70459, 0.0429587, 0.394043, 0.70459, 0.0431897, 0.39502, 0.70459, 0.0433851, 0.395996, 0.70459, 0.0435463, 0.396973, 0.70459, 0.0436748, 0.397949, 0.70459, 0.0437725, 
        0.391113, 0.705566, 0.0418489, 0.39209, 0.705566, 0.0421501, 0.393066, 0.705566, 0.042415, 0.394043, 0.705566, 0.0426442, 0.39502, 0.705566, 0.0428386, 0.395996, 0.705566, 0.0429994, 0.396973, 0.705566, 0.0431282, 0.397949, 0.705566, 0.0432267, 
        0.391113, 0.706543, 0.0412806, 0.39209, 0.706543, 0.0415789, 0.393066, 0.706543, 0.0418421, 0.394043, 0.706543, 0.0420705, 0.39502, 0.706543, 0.0422652, 0.395996, 0.706543, 0.0424273, 0.396973, 0.706543, 0.0425582, 0.397949, 0.706543, 0.0426598, 
        0.391113, 0.70752, 0.0406832, 0.39209, 0.70752, 0.0409791, 0.393066, 0.70752, 0.0412411, 0.394043, 0.70752, 0.0414698, 0.39502, 0.70752, 0.041666, 0.395996, 0.70752, 0.0418309, 0.396973, 0.70752, 0.0419659, 0.397949, 0.70752, 0.0420726, 
        0.391113, 0.708496, 0.0400582, 0.39209, 0.708496, 0.0403518, 0.393066, 0.708496, 0.0406133, 0.394043, 0.708496, 0.0408432, 0.39502, 0.708496, 0.0410422, 0.395996, 0.708496, 0.0412115, 0.396973, 0.708496, 0.0413523, 0.397949, 0.708496, 0.0414662, 
        0.391113, 0.709473, 0.0394071, 0.39209, 0.709473, 0.0396988, 0.393066, 0.709473, 0.0399604, 0.394043, 0.709473, 0.0401924, 0.39502, 0.709473, 0.0403953, 0.395996, 0.709473, 0.0405704, 0.396973, 0.709473, 0.0407187, 0.397949, 0.709473, 0.0408417, 
        0.391113, 0.710449, 0.038732, 0.39209, 0.710449, 0.0390221, 0.393066, 0.710449, 0.0392844, 0.394043, 0.710449, 0.0395192, 0.39502, 0.710449, 0.0397272, 0.395996, 0.710449, 0.0399093, 0.396973, 0.710449, 0.0400667, 0.397949, 0.710449, 0.0402007
    ]
}
