{
    "level": 0,
    "idx": {"x": 50, "y": 43},
    "dim": {"x": 16, "y": 16},
    "offset": {"x": 0.781738, "y": 0.672363},
    "cellSize": {"x": 0.000976562, "y": 0.000976562},
    "vertices": [
        0.781738, 0.672363, 0.00306798, 0.782715, 0.672363, 0.00223657, 0.783691, 0.672363, 0.00145876, 0.784668, 0.672363, 0.00076156, 0.785645, 0.672363, 0.000168683, 0.786621, 0.672363, -0.000299911, 0.787598, 0.672363, -0.000629155, 0.788574, 0.672363, -0.00080918, 0.789551, 0.672363, -0.000835852, 0.790527, 0.672363, -0.000710892, 0.791504, 0.672363, -0.000441819, 0.79248, 0.672363, -4.15902e-05, 0.793457, 0.672363, 0.000471736, 0.794434, 0.672363, 0.00107594, 0.79541, 0.672363, 0.00174517, 0.796387, 0.672363, 0.00245132, 
        0.781738, 0.67334, 0.00214165, 0.782715, 0.67334, 0.000222178, 0.783691, 0.67334, -0.00156809, 0.784668, 0.67334, -0.00316299, 0.785645, 0.67334, -0.00450433, 0.786621, 0.67334, -0.00554317, 0.787598, 0.67334, -0.00624254, 0.788574, 0.67334, -0.00657823, 0.789551, 0.67334, -0.00654008, 0.790527, 0.67334, -0.00613227, 0.791504, 0.67334, -0.00537321, 0.79248, 0.67334, -0.00429461, 0.793457, 0.67334, -0.00294073, 0.794434, 0.67334, -0.00136599, 0.79541, 0.67334, 0.000366296, 0.796387, 0.67334, 0.00218727, 
        0.781738, 0.674316, 0.0012728, 0.782715, 0.674316, -0.00166382, 0.783691, 0.674316, -0.00440057, 0.784668, 0.674316, -0.00683465, 0.785645, 0.674316, -0.00887565, 0.786621, 0.674316, -0.0104475, 0.787598, 0.674316, -0.0114929, 0.788574, 0.674316, -0.011974, 0.789551, 0.674316, -0.0118752, 0.790527, 0.674316, -0.0112029, 0.791504, 0.674316, -0.00998576, 0.79248, 0.674316, -0.00827291, 0.793457, 0.674316, -0.00613316, 0.794434, 0.674316, -0.00365101, 0.79541, 0.674316, -0.000924853, 0.796387, 0.674316, 0.00193839, 
        0.781738, 0.675293, 0.000492861, 0.782715, 0.675293, -0.00335094, 0.783691, 0.675293, -0.00693184, 0.784668, 0.675293, -0.0101144, 0.785645, 0.675293, -0.0127794, 0.786621, 0.675293, -0.0148267, 0.787598, 0.675293, -0.0161805, 0.788574, 0.675293, -0.0167913, 0.789551, 0.675293, -0.0166383, 0.790527, 0.675293, -0.01573, 0.791504, 0.675293, -0.0141041, 0.79248, 0.675293, -0.0118254, 0.793457, 0.675293, -0.00898455, 0.794434, 0.675293, -0.00569292, 0.79541, 0.675293, -0.00208014, 0.796387, 0.675293, 0.0017129, 
        0.781738, 0.67627, -0.000169902, 0.782715, 0.67627, -0.00477581, 0.783691, 0.67627, -0.00906586, 0.784668, 0.67627, -0.0128771, 0.785645, 0.67627, -0.0160663, 0.786621, 0.67627, -0.0185129, 0.787598, 0.67627, -0.0201258, 0.788574, 0.67627, -0.0208454, 0.789551, 0.67627, -0.0206468, 0.790527, 0.67627, -0.01954, 0.791504, 0.67627, -0.0175705, 0.79248, 0.67627, -0.0148162, 0.793457, 0.67627, -0.0113861, 0.794434, 0.67627, -0.00741418, 0.79541, 0.67627, -0.00305627, 0.796387, 0.67627, 0.00151816, 
        0.781738, 0.677246, -0.000691934, 0.782715, 0.677246, -0.00588562, 0.783691, 0.677246, -0.0107226, 0.784668, 0.677246, -0.0150187, 0.785645, 0.677246, -0.0186121, 0.786621, 0.677246, -0.0213665, 0.787598, 0.677246, -0.0231791, 0.788574, 0.677246, -0.0239825, 0.789551, 0.677246, -0.0237484, 0.790527, 0.677246, -0.0224883, 0.791504, 0.677246, -0.0202535, 0.79248, 0.677246, -0.0171321, 0.793457, 0.677246, -0.0132472, 0.794434, 0.677246, -0.00875016, 0.79541, 0.677246, -0.00381717, 0.796387, 0.677246, 0.00136032, 
        0.781738, 0.678223, -0.00105491, 0.782715, 0.678223, -0.00663926, 0.783691, 0.678223, -0.0118397, 0.784668, 0.678223, -0.0164581, 0.785645, 0.678223, -0.02032, 0.786621, 0.678223, -0.0232789, 0.787598, 0.678223, -0.0252241, 0.788574, 0.678223, -0.0260828, 0.789551, 0.678223, -0.0258248, 0.790527, 0.678223, -0.0244624, 0.791504, 0.678223, -0.0220508, 0.79248, 0.678223, -0.0186849, 0.793457, 0.678223, -0.0144972, 0.794434, 0.678223, -0.0096506, 0.79541, 0.678223, -0.00433477, 0.796387, 0.678223, 0.00124417, 
        0.781738, 0.679199, -0.00124673, 0.782715, 0.679199, -0.00700962, 0.783691, 0.679199, -0.0123762, 0.784668, 0.679199, -0.0171417, 0.785645, 0.679199, -0.0211263, 0.786621, 0.679199, -0.0241784, 0.787598, 0.679199, -0.0261838, 0.788574, 0.679199, -0.0270674, 0.789551, 0.679199, -0.026798, 0.790527, 0.679199, -0.0253882, 0.791504, 0.679199, -0.0228951, 0.79248, 0.679199, -0.0194166, 0.793457, 0.679199, -0.0150896, 0.794434, 0.679199, -0.0100823, 0.79541, 0.679199, -0.00459055, 0.796387, 0.679199, 0.00117286, 
        0.781738, 0.680176, -0.00126182, 0.782715, 0.680176, -0.00698418, 0.783691, 0.680176, -0.012313, 0.784668, 0.680176, -0.0170449, 0.785645, 0.680176, -0.0210013, 0.786621, 0.680176, -0.0240318, 0.787598, 0.680176, -0.0260228, 0.788574, 0.680176, -0.0268998, 0.789551, 0.680176, -0.0266318, 0.790527, 0.680176, -0.0252314, 0.791504, 0.680176, -0.0227551, 0.79248, 0.680176, -0.0193004, 0.793457, 0.680176, -0.015003, 0.794434, 0.680176, -0.01003, 0.79541, 0.680176, -0.00457595, 0.796387, 0.680176, 0.00114785, 
        0.781738, 0.681152, -0.00110139, 0.782715, 0.681152, -0.00656567, 0.783691, 0.681152, -0.0116542, 0.784668, 0.681152, -0.0161731, 0.785645, 0.681152, -0.0199516, 0.786621, 0.681152, -0.0228463, 0.787598, 0.681152, -0.0247488, 0.788574, 0.681152, -0.025588, 0.789551, 0.681152, -0.0253341, 0.790527, 0.681152, -0.0239993, 0.791504, 0.681152, -0.0216377, 0.79248, 0.681152, -0.018342, 0.793457, 0.681152, -0.0142419, 0.794434, 0.681152, -0.00949699, 0.79541, 0.681152, -0.00429284, 0.796387, 0.681152, 0.00116882, 
        0.781738, 0.682129, -0.000773428, 0.782715, 0.682129, -0.00577202, 0.783691, 0.682129, -0.0104272, 0.784668, 0.682129, -0.0145616, 0.785645, 0.682129, -0.0180194, 0.786621, 0.682129, -0.0206694, 0.787598, 0.682129, -0.0224126, 0.788574, 0.682129, -0.0231841, 0.789551, 0.682129, -0.0229566, 0.790527, 0.682129, -0.0217412, 0.791504, 0.682129, -0.0195874, 0.79248, 0.682129, -0.0165798, 0.793457, 0.682129, -0.0128372, 0.794434, 0.682129, -0.00850522, 0.79541, 0.682129, -0.00375346, 0.796387, 0.682129, 0.0012337, 
        0.781738, 0.683105, -0.000292291, 0.782715, 0.683105, -0.00463539, 0.783691, 0.683105, -0.0086805, 0.784668, 0.683105, -0.0122739, 0.785645, 0.683105, -0.0152804, 0.786621, 0.683105, -0.0175862, 0.787598, 0.683105, -0.0191055, 0.788574, 0.683105, -0.0197819, 0.789551, 0.683105, -0.0195919, 0.790527, 0.683105, -0.0185451, 0.791504, 0.683105, -0.0166842, 0.79248, 0.683105, -0.014083, 0.793457, 0.683105, -0.0108441, 0.794434, 0.683105, -0.00709403, 0.79541, 0.683105, -0.00297979, 0.796387, 0.683105, 0.00133872, 
        0.781738, 0.684082, 0.00032172, 0.782715, 0.684082, -0.00320132, 0.783691, 0.684082, -0.00648326, 0.784668, 0.684082, -0.00939983, 0.785645, 0.684082, -0.0118417, 0.786621, 0.684082, -0.013717, 0.787598, 0.684082, -0.0149563, 0.788574, 0.684082, -0.015514, 0.789551, 0.684082, -0.0153712, 0.790527, 0.684082, -0.0145355, 0.791504, 0.684082, -0.0130416, 0.79248, 0.684082, -0.0109491, 0.793457, 0.684082, -0.00834083, 0.794434, 0.684082, -0.00531915, 0.79541, 0.684082, -0.00200293, 0.796387, 0.684082, 0.00147861, 
        0.781738, 0.685059, 0.00104316, 0.782715, 0.685059, -0.00152688, 0.783691, 0.685059, -0.00392192, 0.784668, 0.685059, -0.00605195, 0.785645, 0.685059, -0.00783778, 0.786621, 0.685059, -0.00921285, 0.787598, 0.685059, -0.0101268, 0.788574, 0.685059, -0.0105468, 0.789551, 0.685059, -0.0104589, 0.790527, 0.685059, -0.0098688, 0.791504, 0.685059, -0.00880157, 0.79248, 0.685059, -0.00730033, 0.793457, 0.685059, -0.00542526, 0.794434, 0.685059, -0.00325039, 0.79541, 0.685059, -0.000861851, 0.796387, 0.685059, 0.00164671, 
