{
    "level": 0,
    "idx": {"x": 51, "y": 82},
    "dim": {"x": 8, "y": 8},
    "offset": {"x": 0.398926, "y": 0.641113},
    "cellSize": {"x": 0.000976562, "y": 0.000976562},
    "vertices": [
        0.398926, 0.641113, 0.0881931, 0.399902, 0.641113, 0.0885986, 0.400879, 0.641113, 0.0889822, 0.401855, 0.641113, 0.0893465, 0.402832, 0.641113, 0.0896947, 0.403809, 0.641113, 0.0900298, 0.404785, 0.641113, 0.0903552, 0.405762, 0.641113, 0.0906741, 
        0.398926, 0.64209, 0.0872944, 0.399902, 0.64209, 0.0876959, 0.400879, 0.64209, 0.0880757, 0.401855, 0.64209, 0.0884364, 0.402832, 0.64209, 0.0887811, 0.403809, 0.64209, 0.0891128, 0.404785, 0.64209, 0.0894349, 0.405762, 0.64209, 0.0897506, 
        0.398926, 0.643066, 0.0863768, 0.399902, 0.643066, 0.086777, 0.400879, 0.643066, 0.0871558, 0.401855, 0.643066, 0.0875161, 0.402832, 0.643066, 0.0878605, 0.403809, 0.643066, 0.0881923, 0.404785, 0.643066, 0.0885146, 0.405762, 0.643066, 0.0888306, 
        0.398926, 0.644043, 0.0854408, 0.399902, 0.644043, 0.0858424, 0.400879, 0.644043, 0.0862233, 0.401855, 0.644043, 0.0865861, 0.402832, 0.644043, 0.0869335, 0.403809, 0.644043, 0.0872687, 0.404785, 0.644043, 0.0875945, 0.405762, 0.644043, 0.0879143, 
        0.398926, 0.64502, 0.0844873, 0.399902, 0.64502, 0.0848928, 0.400879, 0.64502, 0.0852785, 0.401855, 0.64502, 0.0856468, 0.402832, 0.64502, 0.0860004, 0.403809, 0.64502, 0.086342, 0.404785, 0.64502, 0.0866748, 0.405762, 0.64502, 0.0870016, 
        0.398926, 0.645996, 0.0835173, 0.399902, 0.645996, 0.0839293, 0.400879, 0.645996, 0.0843224, 0.401855, 0.645996, 0.084699, 0.402832, 0.645996, 0.0850617, 0.403809, 0.645996, 0.085413, 0.404785, 0.645996, 0.0857558, 0.405762, 0.645996, 0.086093, 
        0.398926, 0.646973, 0.0825318, 0.399902, 0.646973, 0.0829527, 0.400879, 0.646973, 0.0833559, 0.401855, 0.646973, 0.0837435, 0.402832, 0.646973, 0.084118, 0.403809, 0.646973, 0.084482, 0.404785, 0.646973, 0.0848378, 0.405762, 0.646973, 0.0851883, 
        0.398926, 0.647949, 0.0815326, 0.399902, 0.647949, 0.0819645, 0.400879, 0.647949, 0.08238, 0.401855, 0.647949, 0.0827813, 0.402832, 0.647949, 0.0831703, 0.403809, 0.647949, 0.0835496, 0.404785, 0.647949, 0.0839213, 0.405762, 0.647949, 0.084288
    ]
}
