{
    "level": 0,
    "idx": {"x": 51, "y": 116},
    "dim": {"x": 8, "y": 8},
    "offset": {"x": 0.398926, "y": 0.906738},
    "cellSize": {"x": 0.000976562, "y": 0.000976562},
    "vertices": [
        0.398926, 0.906738, -0.00694236, 0.399902, 0.906738, -0.00695893, 0.400879, 0.906738, -0.00697118, 0.401855, 0.906738, -0.00697936, 0.402832, 0.906738, -0.00698373, 0.403809, 0.906738, -0.00698458, 0.404785, 0.906738, -0.00698219, 0.405762, 0.906738, -0.00697686, 
        0.398926, 0.907715, -0.00722009, 0.399902, 0.907715, -0.00720938, 0.400879, 0.907715, -0.00719222, 0.401855, 0.907715, -0.00716914, 0.402832, 0.907715, -0.00714072, 0.403809, 0.907715, -0.00710754, 0.404785, 0.907715, -0.00707022, 0.405762, 0.907715, -0.00702942, 
        0.398926, 0.908691, -0.00749062, 0.399902, 0.908691, -0.00745313, 0.400879, 0.908691, -0.00740709, 0.401855, 0.908691, -0.00735332, 0.402832, 0.908691, -0.00729269, 0.403809, 0.908691, -0.00722611, 0.404785, 0.908691, -0.00715451, 0.405762, 0.908691, -0.00707887, 
        0.398926, 0.909668, -0.00775165, 0.399902, 0.909668, -0.00768812, 0.400879, 0.909668, -0.00761401, 0.401855, 0.909668, -0.00753042, 0.402832, 0.909668, -0.00743849, 0.403809, 0.909668, -0.00733943, 0.404785, 0.909668, -0.00723452, 0.405762, 0.909668, -0.00712503, 
        0.398926, 0.910645, -0.00800085, 0.399902, 0.910645, -0.00791229, 0.400879, 0.910645, -0.0078112, 0.401855, 0.910645, -0.00769893, 0.402832, 0.910645, -0.00757691, 0.403809, 0.910645, -0.00744665, 0.404785, 0.910645, -0.00730971, 0.405762, 0.910645, -0.00716769, 
        0.398926, 0.911621, -0.00823608, 0.399902, 0.911621, -0.00812373, 0.400879, 0.911621, -0.007997, 0.401855, 0.911621, -0.00785749, 0.402832, 0.911621, -0.00770689, 0.403809, 0.911621, -0.00754697, 0.404785, 0.911621, -0.0073796, 0.405762, 0.911621, -0.00720667, 
        0.398926, 0.912598, -0.00845521, 0.399902, 0.912598, -0.00832056, 0.400879, 0.912598, -0.00816979, 0.401855, 0.912598, -0.00800473, 0.402832, 0.912598, -0.00782732, 0.403809, 0.912598, -0.00763961, 0.404785, 0.912598, -0.00744371, 0.405762, 0.912598, -0.00724179, 
        0.398926, 0.913574, -0.00865634, 0.399902, 0.913574, -0.00850108, 0.400879, 0.913574, -0.00832809, 0.401855, 0.913574, -0.00813942, 0.402832, 0.913574, -0.00793725, 0.403809, 0.913574, -0.00772384, 0.404785, 0.913574, -0.00750158, 0.405762, 0.913574, -0.00727289
    ]
}
