{
    "level": 0,
    "idx": {"x": 51, "y": 20},
    "dim": {"x": 16, "y": 16},
    "offset": {"x": 0.797363, "y": 0.312988},
    "cellSize": {"x": 0.000976562, "y": 0.000976562},
    "vertices": [
        0.797363, 0.312988, 0.00177354, 0.79834, 0.312988, 0.00137604, 0.799316, 0.312988, 0.00100405, 0.800293, 0.312988, 0.000670024, 0.80127, 0.312988, 0.00038506, 0.802246, 0.312988, 0.000158405, 0.803223, 0.312988, -2.96358e-06, 0.804199, 0.312988, -9.44829e-05, 0.805176, 0.312988, -0.000114287, 0.806152, 0.312988, -6.32198e-05, 0.807129, 0.312988, 5.51834e-05, 0.808105, 0.312988, 0.000234802, 0.809082, 0.312988, 0.000467236, 0.810059, 0.312988, 0.000742019, 0.811035, 0.312988, 0.00104716, 0.812012, 0.312988, 0.00136948, 
        0.797363, 0.313965, 0.000897571, 0.79834, 0.313965, -0.000604259, 0.799316, 0.313965, -0.00200308, 0.800293, 0.313965, -0.0032471, 0.80127, 0.313965, -0.00429011, 0.802246, 0.313965, -0.00509366, 0.803223, 0.313965, -0.00562868, 0.804199, 0.313965, -0.00587618, 0.805176, 0.313965, -0.00582835, 0.806152, 0.313965, -0.00548865, 0.807129, 0.313965, -0.00487173, 0.808105, 0.313965, -0.00400299, 0.809082, 0.313965, -0.00291729, 0.810059, 0.313965, -0.0016581, 0.811035, 0.313965, -0.000275178, 0.812012, 0.313965, 0.00117668, 
        0.797363, 0.314941, 6.78562e-05, 0.79834, 0.314941, -0.00248236, 0.799316, 0.314941, -0.004856, 0.800293, 0.314941, -0.00696391, 0.80127, 0.314941, -0.00872657, 0.802246, 0.314941, -0.0100778, 0.803223, 0.314941, -0.0109676, 0.804199, 0.314941, -0.0113632, 0.805176, 0.314941, -0.0112512, 0.806152, 0.314941, -0.0106375, 0.807129, 0.314941, -0.00954738, 0.808105, 0.314941, -0.0080245, 0.809082, 0.314941, -0.00612883, 0.810059, 0.314941, -0.00393517, 0.811035, 0.314941, -0.00152916, 0.812012, 0.314941, 0.000994946, 
        0.797363, 0.315918, -0.000682474, 0.79834, 0.315918, -0.00418478, 0.799316, 0.315918, -0.0074437, 0.800293, 0.315918, -0.0103362, 0.80127, 0.315918, -0.0127524, 0.802246, 0.315918, -0.014601, 0.803223, 0.315918, -0.015813, 0.804199, 0.315918, -0.0163432, 0.805176, 0.315918, -0.016173, 0.806152, 0.315918, -0.0153106, 0.807129, 0.315918, -0.0137908, 0.808105, 0.315918, -0.011674, 0.809082, 0.315918, -0.00904283, 0.810059, 0.315918, -0.00600066, 0.811035, 0.315918, -0.00266565, 0.812012, 0.315918, 0.000832089, 
        0.797363, 0.316895, -0.00132334, 0.79834, 0.316895, -0.00564483, 0.799316, 0.316895, -0.00966546, 0.800293, 0.316895, -0.013233, 0.80127, 0.316895, -0.0162116, 0.802246, 0.316895, -0.0184882, 0.803223, 0.316895, -0.0199775, 0.804199, 0.316895, -0.0206235, 0.805176, 0.316895, -0.0204033, 0.806152, 0.316895, -0.0193271, 0.807129, 0.316895, -0.0174377, 0.808105, 0.316895, -0.01481, 0.809082, 0.316895, -0.0115462, 0.810059, 0.316895, -0.00777419, 0.811035, 0.316895, -0.00364005, 0.812012, 0.316895, 0.000695216, 
        0.797363, 0.317871, -0.00182884, 0.79834, 0.317871, -0.00680506, 0.799316, 0.317871, -0.0114345, 0.800293, 0.317871, -0.0155416, 0.80127, 0.317871, -0.0189697, 0.802246, 0.317871, -0.0215885, 0.803223, 0.317871, -0.0232994, 0.804199, 0.317871, -0.0240382, 0.805176, 0.317871, -0.0237781, 0.806152, 0.317871, -0.0225311, 0.807129, 0.317871, -0.0203467, 0.808105, 0.317871, -0.0173108, 0.809082, 0.317871, -0.0135417, 0.810059, 0.317871, -0.00918652, 0.811035, 0.317871, -0.00441394, 0.812012, 0.317871, 0.000590445, 
        0.797363, 0.318848, -0.0021783, 0.79834, 0.318848, -0.00761962, 0.799316, 0.318848, -0.0126815, 0.800293, 0.318848, -0.0171719, 0.80127, 0.318848, -0.0209194, 0.802246, 0.318848, -0.0237814, 0.803223, 0.318848, -0.0256499, 0.804199, 0.318848, -0.0264547, 0.805176, 0.318848, -0.0261666, 0.806152, 0.318848, -0.0247985, 0.807129, 0.318848, -0.0224046, 0.808105, 0.318848, -0.0190792, 0.809082, 0.318848, -0.0149514, 0.810059, 0.318848, -0.0101824, 0.811035, 0.318848, -0.00495666, 0.812012, 0.318848, 0.00052266, 
        0.797363, 0.319824, -0.00235704, 0.79834, 0.319824, -0.00805598, 0.799316, 0.319824, -0.0133575, 0.800293, 0.319824, -0.0180602, 0.80127, 0.319824, -0.0219847, 0.802246, 0.319824, -0.0249815, 0.803223, 0.319824, -0.0269375, 0.804199, 0.319824, -0.0277791, 0.805176, 0.319824, -0.0274758, 0.806152, 0.319824, -0.026041, 0.807129, 0.319824, -0.0235316, 0.808105, 0.319824, -0.0200462, 0.809082, 0.319824, -0.0157203, 0.810059, 0.319824, -0.0107226, 0.811035, 0.319824, -0.00524647, 0.812012, 0.319824, 0.000495324, 
        0.797363, 0.320801, -0.00235692, 0.79834, 0.320801, -0.00809608, 0.799316, 0.320801, -0.013435, 0.800293, 0.320801, -0.018171, 0.80127, 0.320801, -0.0221233, 0.802246, 0.320801, -0.0251413, 0.803223, 0.320801, -0.0271114, 0.804199, 0.320801, -0.0279592, 0.805176, 0.320801, -0.0276541, 0.806152, 0.320801, -0.0262097, 0.807129, 0.320801, -0.023683, 0.808105, 0.320801, -0.0201736, 0.809082, 0.320801, -0.0158177, 0.810059, 0.320801, -0.0107854, 0.811035, 0.320801, -0.00527128, 0.812012, 0.320801, 0.000510359, 
        0.797363, 0.321777, -0.00217671, 0.79834, 0.321777, -0.00773719, 0.799316, 0.321777, -0.01291, 0.800293, 0.321777, -0.0174989, 0.80127, 0.321777, -0.0213287, 0.802246, 0.321777, -0.0242538, 0.803223, 0.321777, -0.0261639, 0.804199, 0.321777, -0.0269871, 0.805176, 0.321777, -0.0266938, 0.806152, 0.321777, -0.025297, 0.807129, 0.321777, -0.0228521, 0.808105, 0.321777, -0.0194555, 0.809082, 0.321777, -0.0152391, 0.810059, 0.321777, -0.0103675, 0.811035, 0.321777, -0.00502927, 0.812012, 0.321777, 0.000568058, 
        0.797363, 0.322754, -0.00182208, 0.79834, 0.322754, -0.00699187, 0.799316, 0.322754, -0.0118015, 0.800293, 0.322754, -0.0160686, 0.80127, 0.322754, -0.0196305, 0.802246, 0.322754, -0.0223519, 0.803223, 0.322754, -0.0241304, 0.804199, 0.322754, -0.0248992, 0.805176, 0.322754, -0.0246307, 0.806152, 0.322754, -0.0233371, 0.807129, 0.322754, -0.02107, 0.808105, 0.322754, -0.0179186, 0.809082, 0.322754, -0.0140056, 0.810059, 0.322754, -0.00948398, 0.811035, 0.322754, -0.00452883, 0.812012, 0.322754, 0.00066708, 
        0.797363, 0.32373, -0.00130541, 0.79834, 0.32373, -0.00588759, 0.799316, 0.32373, -0.0101509, 0.800293, 0.32373, -0.0139339, 0.80127, 0.32373, -0.0170928, 0.802246, 0.32373, -0.0195077, 0.803223, 0.32373, -0.021088, 0.804199, 0.32373, -0.0217747, 0.805176, 0.32373, -0.0215432, 0.806152, 0.32373, -0.0204045, 0.807129, 0.32373, -0.0184041, 0.808105, 0.32373, -0.015621, 0.809082, 0.32373, -0.0121639, 0.810059, 0.32373, -0.00816801, 0.811035, 0.32373, -0.00378835, 0.812012, 0.32373, 0.0008045, 
        0.797363, 0.324707, -0.000645315, 0.79834, 0.324707, -0.00446562, 0.799316, 0.324707, -0.00802056, 0.800293, 0.324707, -0.011176, 0.80127, 0.324707, -0.0138121, 0.802246, 0.324707, -0.0158295, 0.803223, 0.324707, -0.0171528, 0.804199, 0.324707, -0.0177328, 0.805176, 0.324707, -0.0175492, 0.806152, 0.324707, -0.0166111, 0.807129, 0.324707, -0.0149562, 0.808105, 0.324707, -0.0126504, 0.809082, 0.324707, -0.00978391, 0.810059, 0.324707, -0.0064693, 0.811035, 0.324707, -0.0028354, 0.812012, 0.324707, 0.000975922, 
        0.797363, 0.325684, 0.000134087, 0.79834, 0.325684, -0.00277943, 0.799316, 0.325684, -0.00549128, 0.800293, 0.325684, -0.00789966, 0.80127, 0.325684, -0.00991375, 0.802246, 0.325684, -0.011458, 0.803223, 0.325684, -0.0124752, 0.804199, 0.325684, -0.0129282, 0.805176, 0.325684, -0.0128014, 0.806152, 0.325684, -0.0121018, 0.807129, 0.325684, -0.010858, 0.808105, 0.325684, -0.00912, 0.809082, 0.325684, -0.0069563, 0.810059, 0.325684, -0.00445229, 0.811035, 0.325684, -0.00170576, 0.812012, 0.325684, 0.00117565, 
