{
    "level": 0,
    "idx": {"x": 52, "y": 117},
    "dim": {"x": 8, "y": 8},
    "offset": {"x": 0.406738, "y": 0.914551},
    "cellSize": {"x": 0.000976562, "y": 0.000976562},
    "vertices": [
        0.406738, 0.914551, -0.0070427, 0.407715, 0.914551, -0.00678421, 0.408691, 0.914551, -0.00652704, 0.409668, 0.914551, -0.00627386, 0.410645, 0.914551, -0.0060273, 0.411621, 0.914551, -0.00578986, 0.412598, 0.914551, -0.00556398, 0.413574, 0.914551, -0.00535192, 
        0.406738, 0.915527, -0.00704358, 0.407715, 0.915527, -0.00676343, 0.408691, 0.915527, -0.0064849, 0.409668, 0.915527, -0.00621087, 0.410645, 0.915527, -0.00594415, 0.411621, 0.915527, -0.00568745, 0.412598, 0.915527, -0.0054434, 0.413574, 0.915527, -0.00521442, 
        0.406738, 0.916504, -0.00704295, 0.407715, 0.916504, -0.00674407, 0.408691, 0.916504, -0.00644706, 0.409668, 0.916504, -0.00615499, 0.410645, 0.916504, -0.00587083, 0.411621, 0.916504, -0.00559747, 0.412598, 0.916504, -0.00533769, 0.413574, 0.916504, -0.00509408, 
        0.406738, 0.91748, -0.0070409, 0.407715, 0.91748, -0.00672638, 0.408691, 0.91748, -0.00641396, 0.409668, 0.91748, -0.00610682, 0.410645, 0.91748, -0.00580812, 0.411621, 0.91748, -0.00552086, 0.412598, 0.91748, -0.00524796, 0.413574, 0.91748, -0.00499215, 
        0.406738, 0.918457, -0.00703748, 0.407715, 0.918457, -0.00671059, 0.408691, 0.918457, -0.00638594, 0.409668, 0.918457, -0.00606688, 0.410645, 0.918457, -0.00575666, 0.411621, 0.918457, -0.00545839, 0.412598, 0.918457, -0.0051751, 0.413574, 0.918457, -0.00490963, 
        0.406738, 0.919434, -0.00703277, 0.407715, 0.919434, -0.00669686, 0.408691, 0.919434, -0.00636333, 0.409668, 0.919434, -0.00603559, 0.410645, 0.919434, -0.00571698, 0.411621, 0.919434, -0.0054107, 0.412598, 0.919434, -0.00511987, 0.413574, 0.919434, -0.00484736, 
        0.406738, 0.92041, -0.0070268, 0.407715, 0.92041, -0.00668533, 0.408691, 0.92041, -0.00634632, 0.409668, 0.92041, -0.00601324, 0.410645, 0.92041, -0.00568946, 0.411621, 0.92041, -0.00537826, 0.412598, 0.92041, -0.00508277, 0.413574, 0.92041, -0.00480595, 
        0.406738, 0.921387, -0.0070196, 0.407715, 0.921387, -0.00667608, 0.408691, 0.921387, -0.00633506, 0.409668, 0.921387, -0.00600001, 0.410645, 0.921387, -0.00567434, 0.411621, 0.921387, -0.00536133, 0.412598, 0.921387, -0.00506415, 0.413574, 0.921387, -0.00478575
    ]
}
