{
    "level": 0,
    "idx": {"x": 52, "y": 69},
    "dim": {"x": 8, "y": 8},
    "offset": {"x": 0.406738, "y": 0.539551},
    "cellSize": {"x": 0.000976562, "y": 0.000976562},
    "vertices": [
        0.406738, 0.539551, 0.19337, 0.407715, 0.539551, 0.195081, 0.408691, 0.539551, 0.196786, 0.409668, 0.539551, 0.198481, 0.410645, 0.539551, 0.200163, 0.411621, 0.539551, 0.201831, 0.412598, 0.539551, 0.20348, 0.413574, 0.539551, 0.205109, 
        0.406738, 0.540527, 0.192656, 0.407715, 0.540527, 0.194385, 0.408691, 0.540527, 0.196107, 0.409668, 0.540527, 0.197819, 0.410645, 0.540527, 0.199518, 0.411621, 0.540527, 0.201201, 0.412598, 0.540527, 0.202865, 0.413574, 0.540527, 0.204507, 
        0.406738, 0.541504, 0.191929, 0.407715, 0.541504, 0.193673, 0.408691, 0.541504, 0.19541, 0.409668, 0.541504, 0.197136, 0.410645, 0.541504, 0.198848, 0.411621, 0.541504, 0.200544, 0.412598, 0.541504, 0.20222, 0.413574, 0.541504, 0.203873, 
        0.406738, 0.54248, 0.191189, 0.407715, 0.54248, 0.192945, 0.408691, 0.54248, 0.194693, 0.409668, 0.54248, 0.196431, 0.410645, 0.54248, 0.198154, 0.411621, 0.54248, 0.19986, 0.412598, 0.54248, 0.201545, 0.413574, 0.54248, 0.203207, 
        0.406738, 0.543457, 0.190437, 0.407715, 0.543457, 0.192202, 0.408691, 0.543457, 0.193958, 0.409668, 0.543457, 0.195704, 0.410645, 0.543457, 0.197435, 0.411621, 0.543457, 0.199148, 0.412598, 0.543457, 0.20084, 0.413574, 0.543457, 0.202507, 
        0.406738, 0.544434, 0.189673, 0.407715, 0.544434, 0.191442, 0.408691, 0.544434, 0.193204, 0.409668, 0.544434, 0.194954, 0.410645, 0.544434, 0.19669, 0.411621, 0.544434, 0.198407, 0.412598, 0.544434, 0.200102, 0.413574, 0.544434, 0.201773, 
        0.406738, 0.54541, 0.188897, 0.407715, 0.54541, 0.190667, 0.408691, 0.54541, 0.192431, 0.409668, 0.54541, 0.194182, 0.410645, 0.54541, 0.195919, 0.411621, 0.54541, 0.197637, 0.412598, 0.54541, 0.199333, 0.413574, 0.54541, 0.201004, 
        0.406738, 0.546387, 0.188108, 0.407715, 0.546387, 0.189877, 0.408691, 0.546387, 0.191638, 0.409668, 0.546387, 0.193388, 0.410645, 0.546387, 0.195122, 0.411621, 0.546387, 0.196838, 0.412598, 0.546387, 0.198532, 0.413574, 0.546387, 0.2002
    ]
}
