{
    "level": 0,
    "idx": {"x": 52, "y": 40},
    "dim": {"x": 16, "y": 16},
    "offset": {"x": 0.812988, "y": 0.625488},
    "cellSize": {"x": 0.000976562, "y": 0.000976562},
    "vertices": [
        0.812988, 0.625488, 0.00363151, 0.813965, 0.625488, 0.0042546, 0.814941, 0.625488, 0.00482987, 0.815918, 0.625488, 0.00533243, 0.816895, 0.625488, 0.00574008, 0.817871, 0.625488, 0.00603449, 0.818848, 0.625488, 0.00620161, 0.819824, 0.625488, 0.00623245, 0.820801, 0.625488, 0.00612327, 0.821777, 0.625488, 0.00587578, 0.822754, 0.625488, 0.00549708, 0.82373, 0.625488, 0.00499943, 0.824707, 0.625488, 0.00439958, 0.825684, 0.625488, 0.00371845, 0.82666, 0.625488, 0.00297995, 0.827637, 0.625488, 0.00221045, 
        0.812988, 0.626465, 0.00451467, 0.813965, 0.626465, 0.00622824, 0.814941, 0.626465, 0.00781678, 0.815918, 0.626465, 0.00921655, 0.816895, 0.626465, 0.0103707, 0.817871, 0.626465, 0.0112323, 0.818848, 0.626465, 0.0117654, 0.819824, 0.626465, 0.011947, 0.820801, 0.626465, 0.0117676, 0.821777, 0.626465, 0.0112315, 0.822754, 0.626465, 0.0103571, 0.82373, 0.626465, 0.00917565, 0.824707, 0.626465, 0.00773031, 0.825684, 0.626465, 0.00607464, 0.82666, 0.626465, 0.00426994, 0.827637, 0.626465, 0.00238384, 
        0.812988, 0.627441, 0.00534023, 0.813965, 0.627441, 0.00807547, 0.814941, 0.627441, 0.0106133, 0.815918, 0.627441, 0.0128537, 0.816895, 0.627441, 0.0147073, 0.817871, 0.627441, 0.0161003, 0.818848, 0.627441, 0.0169763, 0.819824, 0.627441, 0.0172992, 0.820801, 0.627441, 0.0170539, 0.821777, 0.627441, 0.0162476, 0.822754, 0.627441, 0.0149087, 0.82373, 0.627441, 0.0130868, 0.824707, 0.627441, 0.0108494, 0.825684, 0.627441, 0.00828071, 0.82666, 0.627441, 0.00547718, 0.827637, 0.627441, 0.00254501, 
        0.812988, 0.628418, 0.00607524, 0.813965, 0.628418, 0.00972402, 0.814941, 0.628418, 0.0131107, 0.815918, 0.628418, 0.0161028, 0.816895, 0.628418, 0.0185817, 0.817871, 0.628418, 0.02045, 0.818848, 0.628418, 0.0216326, 0.819824, 0.628418, 0.0220819, 0.820801, 0.628418, 0.0217779, 0.821777, 0.628418, 0.0207299, 0.822754, 0.628418, 0.0189759, 0.82373, 0.628418, 0.0165813, 0.824707, 0.628418, 0.0136358, 0.825684, 0.628418, 0.0102509, 0.82666, 0.628418, 0.00655438, 0.827637, 0.628418, 0.00268699, 
        0.812988, 0.629395, 0.00669025, 0.813965, 0.629395, 0.0111093, 0.814941, 0.629395, 0.0152118, 0.815918, 0.629395, 0.0188376, 0.816895, 0.629395, 0.0218439, 0.817871, 0.629395, 0.0241128, 0.818848, 0.629395, 0.0255541, 0.819824, 0.629395, 0.02611, 0.820801, 0.629395, 0.0257566, 0.821777, 0.629395, 0.024505, 0.822754, 0.629395, 0.0224011, 0.82373, 0.629395, 0.0195238, 0.824707, 0.629395, 0.0159814, 0.825684, 0.629395, 0.0119085, 0.82666, 0.629395, 0.00745926, 0.827637, 0.629395, 0.00280351, 
        0.812988, 0.630371, 0.00716045, 0.813965, 0.630371, 0.0121769, 0.814941, 0.630371, 0.0168344, 0.815918, 0.630371, 0.0209517, 0.816895, 0.630371, 0.0243671, 0.817871, 0.630371, 0.0269468, 0.818848, 0.630371, 0.0285888, 0.819824, 0.630371, 0.0292275, 0.820801, 0.630371, 0.0288359, 0.821777, 0.630371, 0.0274266, 0.822754, 0.630371, 0.0250515, 0.82373, 0.630371, 0.0218002, 0.824707, 0.630371, 0.0177951, 0.825684, 0.630371, 0.0131889, 0.82666, 0.630371, 0.00815616, 0.827637, 0.630371, 0.00288931, 
        0.812988, 0.631348, 0.00746657, 0.813965, 0.631348, 0.0128845, 0.814941, 0.631348, 0.0179151, 0.815918, 0.631348, 0.0223628, 0.816895, 0.631348, 0.0260531, 0.817871, 0.631348, 0.0288419, 0.818848, 0.631348, 0.0306188, 0.819824, 0.631348, 0.0313134, 0.820801, 0.631348, 0.0308963, 0.821777, 0.631348, 0.0293813, 0.822754, 0.631348, 0.0268243, 0.82373, 0.631348, 0.0233219, 0.824707, 0.631348, 0.0190062, 0.825684, 0.631348, 0.014042, 0.82666, 0.631348, 0.00861744, 0.827637, 0.631348, 0.0029403, 
        0.812988, 0.632324, 0.0075957, 0.813965, 0.632324, 0.0132038, 0.814941, 0.632324, 0.0184111, 0.815918, 0.632324, 0.0230154, 0.816895, 0.632324, 0.0268361, 0.817871, 0.632324, 0.029724, 0.818848, 0.632324, 0.0315651, 0.819824, 0.632324, 0.0322864, 0.820801, 0.632324, 0.0318576, 0.821777, 0.632324, 0.0302929, 0.822754, 0.632324, 0.0276502, 0.82373, 0.632324, 0.0240294, 0.824707, 0.632324, 0.0195672, 0.825684, 0.632324, 0.014434, 0.82666, 0.632324, 0.00882456, 0.827637, 0.632324, 0.00295372, 
        0.812988, 0.633301, 0.00754171, 0.813965, 0.633301, 0.0131214, 0.814941, 0.633301, 0.0183023, 0.815918, 0.633301, 0.0228833, 0.816895, 0.633301, 0.0266847, 0.817871, 0.633301, 0.0295581, 0.818848, 0.633301, 0.0313901, 0.819824, 0.633301, 0.032108, 0.820801, 0.633301, 0.0316817, 0.821777, 0.633301, 0.0301254, 0.822754, 0.633301, 0.0274965, 0.82373, 0.633301, 0.0238946, 0.824707, 0.633301, 0.0194556, 0.825684, 0.633301, 0.0143491, 0.82666, 0.633301, 0.00876871, 0.827637, 0.633301, 0.00292829, 
        0.812988, 0.634277, 0.00730555, 0.813965, 0.634277, 0.0126393, 0.814941, 0.634277, 0.0175918, 0.815918, 0.634277, 0.0219706, 0.816895, 0.634277, 0.0256038, 0.817871, 0.634277, 0.0283497, 0.818848, 0.634277, 0.0300997, 0.819824, 0.634277, 0.0307842, 0.820801, 0.634277, 0.0303746, 0.821777, 0.634277, 0.0288843, 0.822754, 0.634277, 0.0263684, 0.82373, 0.634277, 0.0229219, 0.824707, 0.634277, 0.018675, 0.825684, 0.634277, 0.0137897, 0.82666, 0.634277, 0.00845127, 0.827637, 0.634277, 0.00286422, 
        0.812988, 0.635254, 0.00689519, 0.813965, 0.635254, 0.011775, 0.814941, 0.635254, 0.0163058, 0.815918, 0.635254, 0.0203113, 0.816895, 0.635254, 0.0236341, 0.817871, 0.635254, 0.0261443, 0.818848, 0.635254, 0.0277425, 0.819824, 0.635254, 0.028365, 0.820801, 0.635254, 0.0279856, 0.821777, 0.635254, 0.0266165, 0.822754, 0.635254, 0.0243083, 0.82373, 0.635254, 0.0211479, 0.824707, 0.635254, 0.0172545, 0.825684, 0.635254, 0.0127765, 0.82666, 0.635254, 0.00788367, 0.827637, 0.635254, 0.00276318, 
        0.812988, 0.63623, 0.00632531, 0.813965, 0.63623, 0.0105608, 0.814941, 0.63623, 0.0144929, 0.815918, 0.63623, 0.0179683, 0.816895, 0.63623, 0.0208503, 0.817871, 0.63623, 0.0230257, 0.818848, 0.63623, 0.0244083, 0.819824, 0.63623, 0.0249427, 0.820801, 0.63623, 0.0246058, 0.821777, 0.63623, 0.0234085, 0.822754, 0.63623, 0.0213947, 0.82373, 0.63623, 0.01864, 0.824707, 0.63623, 0.015248, 0.825684, 0.63623, 0.0113478, 0.82666, 0.63623, 0.00708695, 0.827637, 0.63623, 0.0026283, 
        0.812988, 0.637207, 0.00561674, 0.813965, 0.637207, 0.00904221, 0.814941, 0.637207, 0.0122218, 0.815918, 0.637207, 0.0150309, 0.816895, 0.637207, 0.0173587, 0.817871, 0.637207, 0.0191134, 0.818848, 0.637207, 0.0202249, 0.819824, 0.637207, 0.0206481, 0.820801, 0.637207, 0.0203647, 0.821777, 0.637207, 0.0193831, 0.822754, 0.637207, 0.0177391, 0.82373, 0.637207, 0.015494, 0.824707, 0.637207, 0.012732, 0.825684, 0.637207, 0.00955776, 0.82666, 0.637207, 0.00609106, 0.827637, 0.637207, 0.00246401, 
        0.812988, 0.638184, 0.00479557, 0.813965, 0.638184, 0.00727655, 0.814941, 0.638184, 0.00957856, 0.815918, 0.638184, 0.0116108, 0.816895, 0.638184, 0.0132924, 0.817871, 0.638184, 0.0145564, 0.818848, 0.638184, 0.0153516, 0.819824, 0.638184, 0.0156453, 0.820801, 0.638184, 0.0154239, 0.821777, 0.638184, 0.0146938, 0.822754, 0.638184, 0.0134809, 0.82373, 0.638184, 0.01183, 0.824707, 0.638184, 0.00980232, 0.825684, 0.638184, 0.00747437, 0.82666, 0.638184, 0.00493344, 0.827637, 0.638184, 0.00227586, 
        0.812988, 0.63916, 0.00389235, 0.813965, 0.63916, 0.00533081, 0.814941, 0.63916, 0.00666419, 0.815918, 0.63916, 0.0078389, 0.816895, 0.63916, 0.00880715, 0.817871, 0.63916, 0.00952945, 0.818848, 0.63916, 0.00997559, 0.819824, 0.63916, 0.0101262, 0.820801, 0.63916, 0.00997331, 0.821777, 0.63916, 0.00952061, 0.822754, 0.63916, 0.00878342, 0.82373, 0.63916, 0.00778819, 0.824707, 0.63916, 0.00657106, 0.825684, 0.63916, 0.00517713, 0.82666, 0.63916, 0.00365793, 0.827637, 0.63916, 0.00207032, 
