{
    "level": 0,
    "idx": {"x": 52, "y": 39},
    "dim": {"x": 8, "y": 8},
    "offset": {"x": 0.406738, "y": 0.305176},
    "cellSize": {"x": 0.000976562, "y": 0.000976562},
    "vertices": [
        0.406738, 0.305176, 0.0419863, 0.407715, 0.305176, 0.0425603, 0.408691, 0.305176, 0.043131, 0.409668, 0.305176, 0.043696, 0.410645, 0.305176, 0.0442529, 0.411621, 0.305176, 0.0447995, 0.412598, 0.305176, 0.0453334, 0.413574, 0.305176, 0.0458526, 
        0.406738, 0.306152, 0.0427971, 0.407715, 0.306152, 0.0433492, 0.408691, 0.306152, 0.0438984, 0.409668, 0.306152, 0.0444424, 0.410645, 0.306152, 0.0449792, 0.411621, 0.306152, 0.0455067, 0.412598, 0.306152, 0.0460229, 0.413574, 0.306152, 0.0465259, 
        0.406738, 0.307129, 0.0436155, 0.407715, 0.307129, 0.0441436, 0.408691, 0.307129, 0.0446692, 0.409668, 0.307129, 0.0451903, 0.410645, 0.307129, 0.045705, 0.411621, 0.307129, 0.0462115, 0.412598, 0.307129, 0.0467082, 0.413574, 0.307129, 0.0471933, 
        0.406738, 0.308105, 0.0444415, 0.407715, 0.308105, 0.0449439, 0.408691, 0.308105, 0.0454441, 0.409668, 0.308105, 0.0459404, 0.410645, 0.308105, 0.0464313, 0.411621, 0.308105, 0.0469154, 0.412598, 0.308105, 0.047391, 0.413574, 0.308105, 0.0478568, 
        0.406738, 0.309082, 0.0452754, 0.407715, 0.309082, 0.0457505, 0.408691, 0.309082, 0.0462237, 0.409668, 0.309082, 0.0466938, 0.410645, 0.309082, 0.0471596, 0.411621, 0.309082, 0.0476197, 0.412598, 0.309082, 0.048073, 0.413574, 0.309082, 0.0485184, 
        0.406738, 0.310059, 0.0461171, 0.407715, 0.310059, 0.0465637, 0.408691, 0.310059, 0.0470088, 0.409668, 0.310059, 0.0474516, 0.410645, 0.310059, 0.047891, 0.411621, 0.310059, 0.0483262, 0.412598, 0.310059, 0.0487562, 0.413574, 0.310059, 0.0491802, 
        0.406738, 0.311035, 0.0469667, 0.407715, 0.311035, 0.0473839, 0.408691, 0.311035, 0.0478002, 0.409668, 0.311035, 0.0482147, 0.410645, 0.311035, 0.0486271, 0.411621, 0.311035, 0.0490365, 0.412598, 0.311035, 0.0494425, 0.413574, 0.311035, 0.0498445, 
        0.406738, 0.312012, 0.0478244, 0.407715, 0.312012, 0.0482117, 0.408691, 0.312012, 0.0485985, 0.409668, 0.312012, 0.0489844, 0.410645, 0.312012, 0.0493691, 0.411621, 0.312012, 0.0497523, 0.412598, 0.312012, 0.0501339, 0.413574, 0.312012, 0.0505134
    ]
}
