{
    "level": 0,
    "idx": {"x": 53, "y": 50},
    "dim": {"x": 16, "y": 16},
    "offset": {"x": 0.828613, "y": 0.781738},
    "cellSize": {"x": 0.000976562, "y": 0.000976562},
    "vertices": [
        0.828613, 0.781738, -0.00058768, 0.82959, 0.781738, -0.00146151, 0.830566, 0.781738, -0.00227319, 0.831543, 0.781738, -0.0029915, 0.83252, 0.781738, -0.00358904, 0.833496, 0.781738, -0.00404285, 0.834473, 0.781738, -0.00433567, 0.835449, 0.781738, -0.00445633, 0.836426, 0.781738, -0.00440031, 0.837402, 0.781738, -0.00416991, 0.838379, 0.781738, -0.00377416, 0.839355, 0.781738, -0.00322836, 0.840332, 0.781738, -0.00255374, 0.841309, 0.781738, -0.00177629, 0.842285, 0.781738, -0.000926169, 0.843262, 0.781738, -3.61102e-05, 
        0.828613, 0.782715, -0.00151492, 0.82959, 0.782715, -0.00346937, 0.830566, 0.782715, -0.00528458, 0.831543, 0.782715, -0.00689051, 0.83252, 0.782715, -0.00822574, 0.833496, 0.782715, -0.00923877, 0.834473, 0.782715, -0.00989091, 0.835449, 0.782715, -0.0101571, 0.836426, 0.782715, -0.0100272, 0.837402, 0.782715, -0.00950634, 0.838379, 0.782715, -0.00861481, 0.839355, 0.782715, -0.0073869, 0.840332, 0.782715, -0.00587021, 0.841309, 0.782715, -0.00412301, 0.842285, 0.782715, -0.00221297, 0.843262, 0.782715, -0.000213449, 
        0.828613, 0.783691, -0.00237796, 0.82959, 0.783691, -0.00533801, 0.830566, 0.783691, -0.00808707, 0.831543, 0.783691, -0.010519, 0.83252, 0.783691, -0.0125407, 0.833496, 0.783691, -0.0140741, 0.834473, 0.783691, -0.0150606, 0.835449, 0.783691, -0.0154622, 0.836426, 0.783691, -0.0152636, 0.837402, 0.783691, -0.0144724, 0.838379, 0.783691, -0.0131195, 0.839355, 0.783691, -0.0112569, 0.840332, 0.783691, -0.00895657, 0.841309, 0.783691, -0.00630695, 0.842285, 0.783691, -0.00341056, 0.843262, 0.783691, -0.000378594, 
        0.828613, 0.784668, -0.00314357, 0.82959, 0.784668, -0.00699533, 0.830566, 0.784668, -0.0105725, 0.831543, 0.784668, -0.0137369, 0.83252, 0.784668, -0.0163673, 0.833496, 0.784668, -0.0183622, 0.834473, 0.784668, -0.0196451, 0.835449, 0.784668, -0.0201668, 0.836426, 0.784668, -0.0199072, 0.837402, 0.784668, -0.0188764, 0.838379, 0.784668, -0.0171143, 0.839355, 0.784668, -0.0146888, 0.840332, 0.784668, -0.0116936, 0.841309, 0.784668, -0.00824377, 0.842285, 0.784668, -0.00447274, 0.843262, 0.784668, -0.000525249, 
        0.828613, 0.785645, -0.00378252, 0.82959, 0.785645, -0.00837788, 0.830566, 0.785645, -0.0126456, 0.831543, 0.785645, -0.0164208, 0.83252, 0.785645, -0.0195588, 0.833496, 0.785645, -0.0219385, 0.834473, 0.785645, -0.0234687, 0.835449, 0.785645, -0.0240905, 0.836426, 0.785645, -0.02378, 0.837402, 0.785645, -0.0225493, 0.838379, 0.785645, -0.0204461, 0.839355, 0.785645, -0.0175511, 0.840332, 0.785645, -0.0139765, 0.841309, 0.785645, -0.00985928, 0.842285, 0.785645, -0.00535885, 0.843262, 0.785645, -0.000647876, 
        0.828613, 0.786621, -0.00427024, 0.82959, 0.786621, -0.00943235, 0.830566, 0.786621, -0.0142264, 0.831543, 0.786621, -0.0184671, 0.83252, 0.786621, -0.021992, 0.833496, 0.786621, -0.024665, 0.834473, 0.786621, -0.0263836, 0.835449, 0.786621, -0.0270817, 0.836426, 0.786621, -0.0267324, 0.837402, 0.786621, -0.0253493, 0.838379, 0.786621, -0.0229861, 0.839355, 0.786621, -0.0197333, 0.840332, 0.786621, -0.015717, 0.841309, 0.786621, -0.0110911, 0.842285, 0.786621, -0.00603473, 0.843262, 0.786621, -0.000741818, 
        0.828613, 0.787598, -0.00458814, 0.82959, 0.787598, -0.0101184, 0.830566, 0.787598, -0.0152543, 0.831543, 0.787598, -0.0197974, 0.83252, 0.787598, -0.0235737, 0.833496, 0.787598, -0.0264371, 0.834473, 0.787598, -0.0282782, 0.835449, 0.787598, -0.0290258, 0.836426, 0.787598, -0.0286513, 0.837402, 0.787598, -0.0271692, 0.838379, 0.787598, -0.024637, 0.839355, 0.787598, -0.0211518, 0.840332, 0.787598, -0.0168484, 0.841309, 0.787598, -0.0118921, 0.842285, 0.787598, -0.00647455, 0.843262, 0.787598, -0.000803556, 
        0.828613, 0.788574, -0.00472406, 0.82959, 0.788574, -0.0104097, 0.830566, 0.788574, -0.0156898, 0.831543, 0.788574, -0.0203606, 0.83252, 0.788574, -0.0242428, 0.833496, 0.788574, -0.0271867, 0.834473, 0.788574, -0.0290793, 0.835449, 0.788574, -0.0298478, 0.836426, 0.788574, -0.0294626, 0.837402, 0.788574, -0.0279387, 0.838379, 0.788574, -0.0253351, 0.839355, 0.788574, -0.0217518, 0.840332, 0.788574, -0.0173273, 0.841309, 0.788574, -0.0122315, 0.842285, 0.788574, -0.00666139, 0.843262, 0.788574, -0.000830785, 
        0.828613, 0.789551, -0.00467289, 0.82959, 0.789551, -0.0102951, 0.830566, 0.789551, -0.0155163, 0.831543, 0.789551, -0.0201349, 0.83252, 0.789551, -0.0239738, 0.833496, 0.789551, -0.0268848, 0.834473, 0.789551, -0.0287563, 0.835449, 0.789551, -0.0295162, 0.836426, 0.789551, -0.0291353, 0.837402, 0.789551, -0.0276284, 0.838379, 0.789551, -0.0250537, 0.839355, 0.789551, -0.0215103, 0.840332, 0.789551, -0.0171351, 0.841309, 0.789551, -0.0120961, 0.842285, 0.789551, -0.00658814, 0.843262, 0.789551, -0.000822539, 
        0.828613, 0.790527, -0.00443672, 0.82959, 0.790527, -0.0097791, 0.830566, 0.790527, -0.0147405, 0.831543, 0.790527, -0.0191292, 0.83252, 0.790527, -0.0227771, 0.833496, 0.790527, -0.0255433, 0.834473, 0.790527, -0.0273217, 0.835449, 0.790527, -0.0280438, 0.836426, 0.790527, -0.0276819, 0.837402, 0.790527, -0.0262501, 0.838379, 0.790527, -0.0238038, 0.839355, 0.790527, -0.0204368, 0.840332, 0.790527, -0.0162795, 0.841309, 0.790527, -0.0114914, 0.842285, 0.790527, -0.00625772, 0.843262, 0.790527, -0.000779212, 
        0.828613, 0.791504, -0.00402478, 0.82959, 0.791504, -0.00888181, 0.830566, 0.791504, -0.0133925, 0.831543, 0.791504, -0.0173825, 0.83252, 0.791504, -0.0206991, 0.833496, 0.791504, -0.023214, 0.834473, 0.791504, -0.024831, 0.835449, 0.791504, -0.0254877, 0.836426, 0.791504, -0.0251589, 0.837402, 0.791504, -0.0238574, 0.838379, 0.791504, -0.0216335, 0.839355, 0.791504, -0.0185728, 0.840332, 0.791504, -0.0147935, 0.841309, 0.791504, -0.0104408, 0.842285, 0.791504, -0.00568295, 0.843262, 0.791504, -0.000702555, 
        0.828613, 0.79248, -0.00345299, 0.82959, 0.79248, -0.00763773, 0.830566, 0.79248, -0.0115241, 0.831543, 0.79248, -0.0149619, 0.83252, 0.79248, -0.0178195, 0.833496, 0.79248, -0.0199864, 0.834473, 0.79248, -0.0213798, 0.835449, 0.79248, -0.0219458, 0.836426, 0.79248, -0.0216629, 0.837402, 0.79248, -0.020542, 0.838379, 0.79248, -0.0186264, 0.839355, 0.79248, -0.0159898, 0.840332, 0.79248, -0.0127343, 0.841309, 0.79248, -0.00898463, 0.842285, 0.79248, -0.00488598, 0.843262, 0.79248, -0.000595584, 
        0.828613, 0.793457, -0.00274357, 0.82959, 0.793457, -0.00609507, 0.830566, 0.793457, -0.00920761, 0.831543, 0.793457, -0.011961, 0.83252, 0.793457, -0.0142497, 0.833496, 0.793457, -0.0159854, 0.834473, 0.793457, -0.0171017, 0.835449, 0.793457, -0.0175554, 0.836426, 0.793457, -0.0173293, 0.837402, 0.793457, -0.0164322, 0.838379, 0.793457, -0.0148987, 0.839355, 0.793457, -0.0127879, 0.840332, 0.793457, -0.0101814, 0.841309, 0.793457, -0.00717928, 0.842285, 0.793457, -0.00389767, 0.843262, 0.793457, -0.000462508, 
        0.828613, 0.794434, -0.00192381, 0.82959, 0.794434, -0.00431308, 0.830566, 0.794434, -0.00653203, 0.831543, 0.794434, -0.008495, 0.83252, 0.794434, -0.0101268, 0.833496, 0.794434, -0.0113645, 0.834473, 0.794434, -0.0121607, 0.835449, 0.794434, -0.0124848, 0.836426, 0.794434, -0.0123243, 0.837402, 0.794434, -0.0116857, 0.838379, 0.794434, -0.0105935, 0.839355, 0.794434, -0.00908985, 0.840332, 0.794434, -0.00723294, 0.841309, 0.794434, -0.00509407, 0.842285, 0.794434, -0.00275601, 0.843262, 0.794434, -0.000308502, 
