{
    "level": 0,
    "idx": {"x": 53, "y": 71},
    "dim": {"x": 8, "y": 8},
    "offset": {"x": 0.414551, "y": 0.555176},
    "cellSize": {"x": 0.000976562, "y": 0.000976562},
    "vertices": [
        0.414551, 0.555176, 0.192963, 0.415527, 0.555176, 0.194445, 0.416504, 0.555176, 0.195903, 0.41748, 0.555176, 0.197336, 0.418457, 0.555176, 0.198742, 0.419434, 0.555176, 0.200121, 0.42041, 0.555176, 0.201471, 0.421387, 0.555176, 0.202791, 
        0.414551, 0.556152, 0.191819, 0.415527, 0.556152, 0.193277, 0.416504, 0.556152, 0.194713, 0.41748, 0.556152, 0.196127, 0.418457, 0.556152, 0.197517, 0.419434, 0.556152, 0.198881, 0.42041, 0.556152, 0.20022, 0.421387, 0.556152, 0.201532, 
        0.414551, 0.557129, 0.19065, 0.415527, 0.557129, 0.192083, 0.416504, 0.557129, 0.193496, 0.41748, 0.557129, 0.19489, 0.418457, 0.557129, 0.196262, 0.419434, 0.557129, 0.197612, 0.42041, 0.557129, 0.198938, 0.421387, 0.557129, 0.200242, 
        0.414551, 0.558105, 0.189459, 0.415527, 0.558105, 0.190865, 0.416504, 0.558105, 0.192254, 0.41748, 0.558105, 0.193627, 0.418457, 0.558105, 0.19498, 0.419434, 0.558105, 0.196315, 0.42041, 0.558105, 0.19763, 0.421387, 0.558105, 0.198924, 
        0.414551, 0.559082, 0.188248, 0.415527, 0.559082, 0.189626, 0.416504, 0.559082, 0.190991, 0.41748, 0.559082, 0.192341, 0.418457, 0.559082, 0.193676, 0.419434, 0.559082, 0.194994, 0.42041, 0.559082, 0.196296, 0.421387, 0.559082, 0.197581, 
        0.414551, 0.560059, 0.187019, 0.415527, 0.560059, 0.188369, 0.416504, 0.560059, 0.189708, 0.41748, 0.560059, 0.191036, 0.418457, 0.560059, 0.192351, 0.419434, 0.560059, 0.193653, 0.42041, 0.560059, 0.194943, 0.421387, 0.560059, 0.196218, 
        0.414551, 0.561035, 0.185776, 0.415527, 0.561035, 0.187097, 0.416504, 0.561035, 0.18841, 0.41748, 0.561035, 0.189715, 0.418457, 0.561035, 0.19101, 0.419434, 0.561035, 0.192296, 0.42041, 0.561035, 0.193572, 0.421387, 0.561035, 0.194837, 
        0.414551, 0.562012, 0.184521, 0.415527, 0.562012, 0.185813, 0.416504, 0.562012, 0.187099, 0.41748, 0.562012, 0.18838, 0.418457, 0.562012, 0.189656, 0.419434, 0.562012, 0.190925, 0.42041, 0.562012, 0.192187, 0.421387, 0.562012, 0.193443
    ]
}
