{
    "level": 0,
    "idx": {"x": 53, "y": 48},
    "dim": {"x": 16, "y": 16},
    "offset": {"x": 0.828613, "y": 0.750488},
    "cellSize": {"x": 0.000976562, "y": 0.000976562},
    "vertices": [
        0.828613, 0.750488, -0.000408973, 0.82959, 0.750488, -0.00125203, 0.830566, 0.750488, -0.00203532, 0.831543, 0.750488, -0.00272887, 0.83252, 0.750488, -0.00330635, 0.833496, 0.750488, -0.00374574, 0.834473, 0.750488, -0.00403046, 0.835449, 0.750488, -0.00414978, 0.836426, 0.750488, -0.00409938, 0.837402, 0.750488, -0.00388144, 0.838379, 0.750488, -0.00350465, 0.839355, 0.750488, -0.00298371, 0.840332, 0.750488, -0.00233898, 0.841309, 0.750488, -0.00159545, 0.842285, 0.750488, -0.000782066, 0.843262, 0.750488, 6.97383e-05, 
        0.828613, 0.751465, -0.00134027, 0.82959, 0.751465, -0.00326566, 0.830566, 0.751465, -0.00505406, 0.831543, 0.751465, -0.00663662, 0.83252, 0.751465, -0.00795294, 0.833496, 0.751465, -0.00895242, 0.834473, 0.751465, -0.00959698, 0.835449, 0.751465, -0.00986199, 0.836426, 0.751465, -0.00973753, 0.837402, 0.751465, -0.00922862, 0.838379, 0.751465, -0.00835518, 0.839355, 0.751465, -0.00715096, 0.840332, 0.751465, -0.00566274, 0.841309, 0.751465, -0.00394782, 0.842285, 0.751465, -0.00207273, 0.843262, 0.751465, -0.000109599, 
        0.828613, 0.752441, -0.00220828, 0.82959, 0.752441, -0.00514208, 0.830566, 0.752441, -0.00786694, 0.831543, 0.752441, -0.0102778, 0.83252, 0.752441, -0.0122825, 0.833496, 0.752441, -0.0138038, 0.834473, 0.752441, -0.0147836, 0.835449, 0.752441, -0.0151844, 0.836426, 0.752441, -0.0149909, 0.837402, 0.752441, -0.0142109, 0.838379, 0.752441, -0.0128747, 0.839355, 0.752441, -0.0110339, 0.840332, 0.752441, -0.00875975, 0.841309, 0.752441, -0.00613978, 0.842285, 0.752441, -0.00327548, 0.843262, 0.752441, -0.0002769, 
        0.828613, 0.753418, -0.00297995, 0.82959, 0.753418, -0.00680956, 0.830566, 0.753418, -0.0103663, 0.831543, 0.753418, -0.013513, 0.83252, 0.753418, -0.0161292, 0.833496, 0.753418, -0.0181141, 0.834473, 0.753418, -0.0193917, 0.835449, 0.753418, -0.019913, 0.836426, 0.753418, -0.0196582, 0.837402, 0.753418, -0.0186374, 0.838379, 0.753418, -0.0168901, 0.839355, 0.753418, -0.0144837, 0.840332, 0.753418, -0.0115114, 0.841309, 0.753418, -0.00808742, 0.842285, 0.753418, -0.00434433, 0.843262, 0.753418, -0.000425902, 
        0.828613, 0.754395, -0.00362571, 0.82959, 0.754395, -0.00820396, 0.830566, 0.754395, -0.0124559, 0.831543, 0.754395, -0.0162175, 0.83252, 0.754395, -0.0193448, 0.833496, 0.754395, -0.021717, 0.834473, 0.754395, -0.0232435, 0.835449, 0.754395, -0.0238656, 0.836426, 0.754395, -0.0235595, 0.837402, 0.754395, -0.0223374, 0.838379, 0.754395, -0.0202465, 0.839355, 0.754395, -0.0173675, 0.840332, 0.754395, -0.0138117, 0.841309, 0.754395, -0.00971571, 0.842285, 0.754395, -0.00523819, 0.843262, 0.754395, -0.000551003, 
        0.828613, 0.755371, -0.00412088, 0.82959, 0.755371, -0.00927171, 0.830566, 0.755371, -0.0140554, 0.831543, 0.755371, -0.0182873, 0.83252, 0.755371, -0.0218054, 0.833496, 0.755371, -0.0244739, 0.834473, 0.755371, -0.0261908, 0.835449, 0.755371, -0.0268899, 0.836426, 0.755371, -0.0265446, 0.837402, 0.755371, -0.0251684, 0.838379, 0.755371, -0.0228147, 0.839355, 0.755371, -0.0195741, 0.840332, 0.755371, -0.015572, 0.841309, 0.755371, -0.010962, 0.842285, 0.755371, -0.00592274, 0.843262, 0.755371, -0.000647528, 
        0.828613, 0.756348, -0.0044467, 0.82959, 0.756348, -0.00997209, 0.830566, 0.756348, -0.0151036, 0.831543, 0.756348, -0.0196432, 0.83252, 0.756348, -0.0234169, 0.833496, 0.756348, -0.0262792, 0.834473, 0.756348, -0.0281206, 0.835449, 0.756348, -0.02887, 0.836426, 0.756348, -0.028499, 0.837402, 0.756348, -0.0270221, 0.838379, 0.756348, -0.0244964, 0.839355, 0.756348, -0.0210192, 0.840332, 0.756348, -0.016725, 0.841309, 0.756348, -0.0117788, 0.842285, 0.756348, -0.00637189, 0.843262, 0.756348, -0.000711921, 
        0.828613, 0.757324, -0.00459077, 0.82959, 0.757324, -0.0102782, 0.830566, 0.757324, -0.0155602, 0.831543, 0.757324, -0.0202329, 0.83252, 0.757324, -0.0241172, 0.833496, 0.757324, -0.0270634, 0.834473, 0.757324, -0.0289585, 0.835449, 0.757324, -0.0297297, 0.836426, 0.757324, -0.0293475, 0.837402, 0.757324, -0.0278268, 0.838379, 0.757324, -0.0252267, 0.839355, 0.757324, -0.021647, 0.840332, 0.757324, -0.0172263, 0.841309, 0.757324, -0.0121345, 0.842285, 0.757324, -0.00656841, 0.843262, 0.757324, -0.000741836, 
        0.828613, 0.758301, -0.00454779, 0.82959, 0.758301, -0.0101786, 0.830566, 0.758301, -0.015408, 0.831543, 0.758301, -0.0200341, 0.83252, 0.758301, -0.0238797, 0.833496, 0.758301, -0.0267964, 0.834473, 0.758301, -0.0286727, 0.835449, 0.758301, -0.0294361, 0.836426, 0.758301, -0.0290577, 0.837402, 0.758301, -0.0275521, 0.838379, 0.758301, -0.0249778, 0.839355, 0.758301, -0.0214336, 0.840332, 0.758301, -0.0170569, 0.841309, 0.758301, -0.0120156, 0.842285, 0.758301, -0.00650491, 0.843262, 0.758301, -0.000736267, 
        0.828613, 0.759277, -0.00431961, 0.82959, 0.759277, -0.0096772, 0.830566, 0.759277, -0.0146529, 0.831543, 0.759277, -0.0190545, 0.83252, 0.759277, -0.0227136, 0.833496, 0.759277, -0.0254889, 0.834473, 0.759277, -0.0272743, 0.835449, 0.759277, -0.0280008, 0.836426, 0.759277, -0.0276409, 0.837402, 0.759277, -0.0262086, 0.838379, 0.759277, -0.0237594, 0.839355, 0.759277, -0.0203875, 0.840332, 0.759277, -0.0162234, 0.841309, 0.759277, -0.011427, 0.842285, 0.759277, -0.00618399, 0.843262, 0.759277, -0.000695567, 
        0.828613, 0.760254, -0.00391521, 0.82959, 0.760254, -0.00879353, 0.830566, 0.760254, -0.0133241, 0.831543, 0.760254, -0.0173321, 0.83252, 0.760254, -0.020664, 0.833496, 0.760254, -0.0231912, 0.834473, 0.760254, -0.0248171, 0.835449, 0.760254, -0.0254789, 0.836426, 0.760254, -0.0251516, 0.837402, 0.760254, -0.0238479, 0.838379, 0.760254, -0.0216184, 0.839355, 0.760254, -0.0185488, 0.840332, 0.760254, -0.0147579, 0.841309, 0.760254, -0.0103913, 0.842285, 0.760254, -0.00561811, 0.843262, 0.760254, -0.000621435, 
        0.828613, 0.76123, -0.0033504, 0.82959, 0.76123, -0.00756191, 0.830566, 0.76123, -0.0114733, 0.831543, 0.76123, -0.0149335, 0.83252, 0.76123, -0.0178101, 0.833496, 0.76123, -0.0199922, 0.834473, 0.76123, -0.0213963, 0.835449, 0.76123, -0.0219682, 0.836426, 0.76123, -0.0216863, 0.837402, 0.76123, -0.0205616, 0.838379, 0.76123, -0.0186378, 0.839355, 0.76123, -0.0159888, 0.840332, 0.76123, -0.0127172, 0.841309, 0.76123, -0.00894878, 0.842285, 0.76123, -0.00482926, 0.843262, 0.76123, -0.000516869, 
        0.828613, 0.762207, -0.00264704, 0.82959, 0.762207, -0.00602978, 0.830566, 0.762207, -0.00917147, 0.831543, 0.762207, -0.0119509, 0.83252, 0.762207, -0.0142617, 0.833496, 0.762207, -0.0160148, 0.834473, 0.762207, -0.0171432, 0.835449, 0.762207, -0.0176034, 0.836426, 0.762207, -0.017378, 0.837402, 0.762207, -0.0164759, 0.838379, 0.762207, -0.014932, 0.839355, 0.762207, -0.0128059, 0.840332, 0.762207, -0.0101798, 0.841309, 0.762207, -0.00715479, 0.842285, 0.762207, -0.00384784, 0.843262, 0.762207, -0.000386013, 
        0.828613, 0.763184, -0.00183252, 0.82959, 0.763184, -0.00425653, 0.830566, 0.763184, -0.0065079, 0.831543, 0.763184, -0.00849981, 0.83252, 0.763184, -0.0101561, 0.833496, 0.763184, -0.011413, 0.834473, 0.763184, -0.0122224, 0.835449, 0.763184, -0.0125534, 0.836426, 0.763184, -0.0123934, 0.837402, 0.763184, -0.0117487, 0.838379, 0.763184, -0.0106444, 0.839355, 0.763184, -0.00912317, 0.840332, 0.763184, -0.0072439, 0.841309, 0.763184, -0.00507886, 0.842285, 0.763184, -0.00271193, 0.843262, 0.763184, -0.000234053, 
