{
    "level": 0,
    "idx": {"x": 53, "y": 68},
    "dim": {"x": 8, "y": 8},
    "offset": {"x": 0.414551, "y": 0.531738},
    "cellSize": {"x": 0.000976562, "y": 0.000976562},
    "vertices": [
        0.414551, 0.531738, 0.210442, 0.415527, 0.531738, 0.211893, 0.416504, 0.531738, 0.213338, 0.41748, 0.531738, 0.214774, 0.418457, 0.531738, 0.216203, 0.419434, 0.531738, 0.217624, 0.42041, 0.531738, 0.219036, 0.421387, 0.531738, 0.22044, 
        0.414551, 0.532715, 0.210054, 0.415527, 0.532715, 0.211524, 0.416504, 0.532715, 0.212985, 0.41748, 0.532715, 0.214436, 0.418457, 0.532715, 0.215875, 0.419434, 0.532715, 0.217303, 0.42041, 0.532715, 0.218719, 0.421387, 0.532715, 0.220123, 
        0.414551, 0.533691, 0.209648, 0.415527, 0.533691, 0.211138, 0.416504, 0.533691, 0.212615, 0.41748, 0.533691, 0.214078, 0.418457, 0.533691, 0.215528, 0.419434, 0.533691, 0.216963, 0.42041, 0.533691, 0.218383, 0.421387, 0.533691, 0.219787, 
        0.414551, 0.534668, 0.209222, 0.415527, 0.534668, 0.21073, 0.416504, 0.534668, 0.212223, 0.41748, 0.534668, 0.213699, 0.418457, 0.534668, 0.215159, 0.419434, 0.534668, 0.2166, 0.42041, 0.534668, 0.218023, 0.421387, 0.534668, 0.219428, 
        0.414551, 0.535645, 0.208774, 0.415527, 0.535645, 0.210299, 0.416504, 0.535645, 0.211807, 0.41748, 0.535645, 0.213295, 0.418457, 0.535645, 0.214764, 0.419434, 0.535645, 0.216212, 0.42041, 0.535645, 0.217638, 0.421387, 0.535645, 0.219042, 
        0.414551, 0.536621, 0.208302, 0.415527, 0.536621, 0.209843, 0.416504, 0.536621, 0.211365, 0.41748, 0.536621, 0.212864, 0.418457, 0.536621, 0.214341, 0.419434, 0.536621, 0.215795, 0.42041, 0.536621, 0.217224, 0.421387, 0.536621, 0.218627, 
        0.414551, 0.537598, 0.207802, 0.415527, 0.537598, 0.209359, 0.416504, 0.537598, 0.210893, 0.41748, 0.537598, 0.212403, 0.418457, 0.537598, 0.213888, 0.419434, 0.537598, 0.215346, 0.42041, 0.537598, 0.216777, 0.421387, 0.537598, 0.21818, 
        0.414551, 0.538574, 0.207275, 0.415527, 0.538574, 0.208845, 0.416504, 0.538574, 0.21039, 0.41748, 0.538574, 0.211909, 0.418457, 0.538574, 0.213401, 0.419434, 0.538574, 0.214863, 0.42041, 0.538574, 0.216296, 0.421387, 0.538574, 0.217698
    ]
}
