{
    "level": 0,
    "idx": {"x": 54, "y": 35},
    "dim": {"x": 16, "y": 16},
    "offset": {"x": 0.844238, "y": 0.547363},
    "cellSize": {"x": 0.000976562, "y": 0.000976562},
    "vertices": [
        0.844238, 0.547363, 0.00176263, 0.845215, 0.547363, 0.0010915, 0.846191, 0.547363, 0.000465787, 0.847168, 0.547363, -9.27247e-05, 0.848145, 0.547363, -0.000564896, 0.849121, 0.547363, -0.000934704, 0.850098, 0.547363, -0.00119014, 0.851074, 0.547363, -0.00132346, 0.852051, 0.547363, -0.00133162, 0.853027, 0.547363, -0.00121632, 0.854004, 0.547363, -0.000983951, 0.85498, 0.547363, -0.000645426, 0.855957, 0.547363, -0.0002156, 0.856934, 0.547363, 0.000287084, 0.85791, 0.547363, 0.000841563, 0.858887, 0.547363, 0.00142471, 
        0.844238, 0.54834, 0.000802789, 0.845215, 0.54834, -0.000959704, 0.846191, 0.54834, -0.00259813, 0.847168, 0.54834, -0.00405162, 0.848145, 0.54834, -0.00526671, 0.849121, 0.54834, -0.00619866, 0.850098, 0.54834, -0.00681388, 0.851074, 0.54834, -0.00709071, 0.852051, 0.54834, -0.0070206, 0.853027, 0.54834, -0.00660827, 0.854004, 0.54834, -0.00587149, 0.85498, 0.54834, -0.00484067, 0.855957, 0.54834, -0.00355721, 0.856934, 0.54834, -0.00207253, 0.85791, 0.54834, -0.000445362, 0.858887, 0.54834, 0.0012598, 
        0.844238, 0.549316, -0.000100118, 0.845215, 0.549316, -0.00288847, 0.846191, 0.549316, -0.00547881, 0.847168, 0.549316, -0.00777356, 0.848145, 0.549316, -0.00968698, 0.849121, 0.549316, -0.0111473, 0.850098, 0.549316, -0.0121007, 0.851074, 0.549316, -0.0125124, 0.852051, 0.549316, -0.0123687, 0.853027, 0.549316, -0.0116772, 0.854004, 0.549316, -0.0104662, 0.85498, 0.549316, -0.00878466, 0.855957, 0.549316, -0.00669877, 0.856934, 0.549316, -0.00429101, 0.85791, 0.549316, -0.00165551, 0.858887, 0.549316, 0.00110435, 
        0.844238, 0.550293, -0.000911659, 0.845215, 0.550293, -0.00462085, 0.846191, 0.550293, -0.00806566, 0.847168, 0.550293, -0.0111155, 0.848145, 0.550293, -0.0136558, 0.849121, 0.550293, -0.0155904, 0.850098, 0.550293, -0.0168474, 0.851074, 0.550293, -0.0173801, 0.852051, 0.550293, -0.0171704, 0.853027, 0.550293, -0.0162281, 0.854004, 0.550293, -0.0145916, 0.85498, 0.550293, -0.0123258, 0.855957, 0.550293, -0.00951956, 0.856934, 0.550293, -0.00628317, 0.85791, 0.550293, -0.00274251, 0.858887, 0.550293, 0.000964124, 
        0.844238, 0.55127, -0.00160095, 0.845215, 0.55127, -0.00609052, 0.846191, 0.55127, -0.0102595, 0.847168, 0.55127, -0.0139493, 0.848145, 0.55127, -0.0170208, 0.849121, 0.55127, -0.0193573, 0.850098, 0.55127, -0.0208715, 0.851074, 0.55127, -0.0215068, 0.852051, 0.55127, -0.021241, 0.853027, 0.55127, -0.0200863, 0.854004, 0.55127, -0.0180889, 0.85498, 0.55127, -0.015328, 0.855957, 0.55127, -0.0119113, 0.856934, 0.55127, -0.00797261, 0.85791, 0.55127, -0.00366478, 0.858887, 0.55127, 0.00084429, 
        0.844238, 0.552246, -0.00214175, 0.845215, 0.552246, -0.00724113, 0.846191, 0.552246, -0.0119759, 0.847168, 0.552246, -0.0161658, 0.848145, 0.552246, -0.0196524, 0.849121, 0.552246, -0.022303, 0.850098, 0.552246, -0.0240181, 0.851074, 0.552246, -0.0247336, 0.852051, 0.552246, -0.0244239, 0.853027, 0.552246, -0.0231031, 0.854004, 0.552246, -0.0208238, 0.85498, 0.552246, -0.0176759, 0.855957, 0.552246, -0.0137819, 0.856934, 0.552246, -0.00929437, 0.85791, 0.552246, -0.00438697, 0.858887, 0.552246, 0.000749244, 
        0.844238, 0.553223, -0.00251361, 0.845215, 0.553223, -0.00802877, 0.846191, 0.553223, -0.0131494, 0.847168, 0.553223, -0.0176802, 0.848145, 0.553223, -0.0214498, 0.849121, 0.553223, -0.0243145, 0.850098, 0.553223, -0.0261666, 0.851074, 0.553223, -0.0269366, 0.852051, 0.553223, -0.026597, 0.853027, 0.553223, -0.0251628, 0.854004, 0.553223, -0.0226911, 0.85498, 0.553223, -0.0192792, 0.855957, 0.553223, -0.0150599, 0.856934, 0.553223, -0.0101979, 0.85791, 0.553223, -0.00488155, 0.858887, 0.553223, 0.000682408, 
        0.844238, 0.554199, -0.00270257, 0.845215, 0.554199, -0.00842347, 0.846191, 0.554199, -0.013735, 0.847168, 0.554199, -0.0184345, 0.848145, 0.554199, -0.0223441, 0.849121, 0.554199, -0.0253146, 0.850098, 0.554199, -0.0272345, 0.851074, 0.554199, -0.0280314, 0.852051, 0.554199, -0.0276768, 0.853027, 0.554199, -0.0261864, 0.854004, 0.554199, -0.0236194, 0.85498, 0.554199, -0.0200767, 0.855957, 0.554199, -0.0156961, 0.856934, 0.554199, -0.0106486, 0.85791, 0.554199, -0.00512972, 0.858887, 0.554199, 0.000646119, 
        0.844238, 0.555176, -0.00270172, 0.845215, 0.555176, -0.00841038, 0.846191, 0.555176, -0.0137105, 0.847168, 0.555176, -0.0184, 0.848145, 0.555176, -0.0223011, 0.849121, 0.555176, -0.0252653, 0.850098, 0.555176, -0.0271809, 0.851074, 0.555176, -0.027976, 0.852051, 0.555176, -0.0276221, 0.853027, 0.555176, -0.0261348, 0.854004, 0.555176, -0.0235731, 0.85498, 0.555176, -0.0200378, 0.855957, 0.555176, -0.0156663, 0.856934, 0.555176, -0.0106295, 0.85791, 0.555176, -0.00512216, 0.858887, 0.555176, 0.000641535, 
        0.844238, 0.556152, -0.00251146, 0.845215, 0.556152, -0.00799036, 0.846191, 0.556152, -0.0130773, 0.847168, 0.556152, -0.0175783, 0.848145, 0.556152, -0.0213229, 0.849121, 0.556152, -0.0241686, 0.850098, 0.556152, -0.0260084, 0.851074, 0.556152, -0.026773, 0.852051, 0.556152, -0.0264353, 0.853027, 0.556152, -0.0250102, 0.854004, 0.556152, -0.0225542, 0.85498, 0.556152, -0.0191643, 0.855957, 0.556152, -0.0149721, 0.856934, 0.556152, -0.0101415, 0.85791, 0.556152, -0.00485943, 0.858887, 0.556152, 0.000668592, 
        0.844238, 0.557129, -0.00213948, 0.845215, 0.557129, -0.00717994, 0.846191, 0.557129, -0.01186, 0.847168, 0.557129, -0.0160014, 0.848145, 0.557129, -0.0194475, 0.849121, 0.557129, -0.0220673, 0.850098, 0.557129, -0.0237622, 0.851074, 0.557129, -0.024469, 0.852051, 0.557129, -0.0241624, 0.853027, 0.557129, -0.0228562, 0.854004, 0.557129, -0.0206024, 0.85498, 0.557129, -0.0174901, 0.855957, 0.557129, -0.0136403, 0.856934, 0.557129, -0.00920358, 0.85791, 0.557129, -0.00435188, 0.858887, 0.557129, 0.000726, 
        0.844238, 0.558105, -0.0016005, 0.845215, 0.558105, -0.0060107, 0.846191, 0.558105, -0.0101059, 0.847168, 0.558105, -0.0137304, 0.848145, 0.558105, -0.0167474, 0.849121, 0.558105, -0.0190424, 0.850098, 0.558105, -0.0205293, 0.851074, 0.558105, -0.0211529, 0.852051, 0.558105, -0.0208911, 0.853027, 0.558105, -0.0197561, 0.854004, 0.558105, -0.0177931, 0.85498, 0.558105, -0.01508, 0.855957, 0.558105, -0.0117225, 0.856934, 0.558105, -0.00785223, 0.85791, 0.558105, -0.00361932, 0.858887, 0.558105, 0.000811302, 
        0.844238, 0.559082, -0.000915631, 0.845215, 0.559082, -0.00452803, 0.846191, 0.559082, -0.00788292, 0.847168, 0.559082, -0.0108531, 0.848145, 0.559082, -0.0133269, 0.849121, 0.559082, -0.0152108, 0.850098, 0.559082, -0.0164345, 0.851074, 0.559082, -0.0169528, 0.852051, 0.559082, -0.0167479, 0.853027, 0.559082, -0.0158294, 0.854004, 0.559082, -0.0142347, 0.85498, 0.559082, -0.012027, 0.855957, 0.559082, -0.00929285, 0.856934, 0.559082, -0.00613973, 0.85791, 0.559082, -0.00269022, 0.858887, 0.559082, 0.000920959, 
        0.844238, 0.560059, -0.000111645, 0.845215, 0.560059, -0.0027894, 0.846191, 0.560059, -0.00527698, 0.847168, 0.560059, -0.00748066, 0.848145, 0.560059, -0.00931808, 0.849121, 0.560059, -0.0107203, 0.850098, 0.560059, -0.0116357, 0.851074, 0.560059, -0.0120308, 0.852051, 0.560059, -0.0118924, 0.853027, 0.560059, -0.0112278, 0.854004, 0.560059, -0.0100644, 0.85498, 0.560059, -0.00844897, 0.855957, 0.560059, -0.00644518, 0.856934, 0.560059, -0.00413226, 0.85791, 0.560059, -0.0016006, 0.858887, 0.560059, 0.0010505, 
