{
    "level": 0,
    "idx": {"x": 54, "y": 57},
    "dim": {"x": 16, "y": 16},
    "offset": {"x": 0.844238, "y": 0.891113},
    "cellSize": {"x": 0.000976562, "y": 0.000976562},
    "vertices": [
        0.844238, 0.891113, -0.000857137, 0.845215, 0.891113, -0.00184692, 0.846191, 0.891113, -0.00276538, 0.847168, 0.891113, -0.00357711, 0.848145, 0.891113, -0.00425097, 0.849121, 0.891113, -0.00476092, 0.850098, 0.891113, -0.00508741, 0.851074, 0.891113, -0.00521782, 0.852051, 0.891113, -0.00514716, 0.853027, 0.891113, -0.00487816, 0.854004, 0.891113, -0.00442114, 0.85498, 0.891113, -0.00379378, 0.855957, 0.891113, -0.00302013, 0.856934, 0.891113, -0.00213011, 0.85791, 0.891113, -0.00115786, 0.858887, 0.891113, -0.000140891, 
        0.844238, 0.89209, -0.00179297, 0.845215, 0.89209, -0.00385651, 0.846191, 0.89209, -0.00577136, 0.847168, 0.89209, -0.00746367, 0.848145, 0.89209, -0.00886852, 0.849121, 0.89209, -0.00993163, 0.850098, 0.89209, -0.0106122, 0.851074, 0.89209, -0.010884, 0.852051, 0.89209, -0.0107365, 0.853027, 0.89209, -0.0101755, 0.854004, 0.89209, -0.00922253, 0.85498, 0.89209, -0.00791435, 0.855957, 0.89209, -0.00630117, 0.856934, 0.89209, -0.00444537, 0.85791, 0.89209, -0.00241811, 0.858887, 0.89209, -0.000297606, 
        0.844238, 0.893066, -0.00265956, 0.845215, 0.893066, -0.00571741, 0.846191, 0.893066, -0.00855491, 0.847168, 0.893066, -0.0110626, 0.848145, 0.893066, -0.0131444, 0.849121, 0.893066, -0.0147197, 0.850098, 0.893066, -0.0157282, 0.851074, 0.893066, -0.0161309, 0.852051, 0.893066, -0.0159123, 0.853027, 0.893066, -0.0150809, 0.854004, 0.893066, -0.0136686, 0.85498, 0.893066, -0.01173, 0.855957, 0.893066, -0.00933943, 0.856934, 0.893066, -0.00658931, 0.85791, 0.893066, -0.00358511, 0.858887, 0.893066, -0.00044273, 
        0.844238, 0.894043, -0.00342349, 0.845215, 0.894043, -0.00735784, 0.846191, 0.894043, -0.0110087, 0.847168, 0.894043, -0.0142352, 0.848145, 0.894043, -0.0169137, 0.849121, 0.894043, -0.0189405, 0.850098, 0.894043, -0.0202381, 0.851074, 0.894043, -0.0207561, 0.852051, 0.894043, -0.0204749, 0.853027, 0.894043, -0.0194051, 0.854004, 0.894043, -0.017588, 0.85498, 0.894043, -0.0150936, 0.855957, 0.894043, -0.0120177, 0.856934, 0.894043, -0.00847924, 0.85791, 0.894043, -0.00461385, 0.858887, 0.894043, -0.000570668, 
        0.844238, 0.89502, -0.00405546, 0.845215, 0.89502, -0.00871489, 0.846191, 0.89502, -0.0130386, 0.847168, 0.89502, -0.0168597, 0.848145, 0.89502, -0.0200318, 0.849121, 0.89502, -0.0224322, 0.850098, 0.89502, -0.0239689, 0.851074, 0.89502, -0.0245824, 0.852051, 0.89502, -0.0242492, 0.853027, 0.89502, -0.0229823, 0.854004, 0.89502, -0.0208302, 0.85498, 0.89502, -0.0178761, 0.855957, 0.89502, -0.0142333, 0.856934, 0.89502, -0.0100427, 0.85791, 0.89502, -0.00546488, 0.858887, 0.89502, -0.000676519, 
        0.844238, 0.895996, -0.00453106, 0.845215, 0.895996, -0.00973612, 0.846191, 0.895996, -0.0145661, 0.847168, 0.895996, -0.0188347, 0.848145, 0.895996, -0.0223782, 0.849121, 0.895996, -0.0250597, 0.850098, 0.895996, -0.0267763, 0.851074, 0.895996, -0.0274617, 0.852051, 0.895996, -0.0270895, 0.853027, 0.895996, -0.0256742, 0.854004, 0.895996, -0.0232701, 0.85498, 0.895996, -0.01997, 0.855957, 0.895996, -0.0159006, 0.856934, 0.895996, -0.0112192, 0.85791, 0.895996, -0.00610531, 0.858887, 0.895996, -0.000756194, 
        0.844238, 0.896973, -0.00483205, 0.845215, 0.896973, -0.0103824, 0.846191, 0.896973, -0.0155327, 0.847168, 0.896973, -0.0200845, 0.848145, 0.896973, -0.023863, 0.849121, 0.896973, -0.0267224, 0.850098, 0.896973, -0.0285528, 0.851074, 0.896973, -0.0292836, 0.852051, 0.896973, -0.0288868, 0.853027, 0.896973, -0.0273776, 0.854004, 0.896973, -0.024814, 0.85498, 0.896973, -0.021295, 0.855957, 0.896973, -0.0169557, 0.856934, 0.896973, -0.0119637, 0.85791, 0.896973, -0.00651059, 0.858887, 0.896973, -0.00080664, 
        0.844238, 0.897949, -0.0049468, 0.845215, 0.897949, -0.0106286, 0.846191, 0.897949, -0.015901, 0.847168, 0.897949, -0.0205606, 0.848145, 0.897949, -0.0244287, 0.849121, 0.897949, -0.0273558, 0.850098, 0.897949, -0.0292297, 0.851074, 0.897949, -0.0299778, 0.852051, 0.897949, -0.0295715, 0.853027, 0.897949, -0.0280266, 0.854004, 0.897949, -0.0254022, 0.85498, 0.897949, -0.0217998, 0.855957, 0.897949, -0.0173577, 0.856934, 0.897949, -0.0122474, 0.85791, 0.897949, -0.00666504, 0.858887, 0.897949, -0.000825913, 
        0.844238, 0.898926, -0.00487091, 0.845215, 0.898926, -0.0104655, 0.846191, 0.898926, -0.0156569, 0.847168, 0.898926, -0.020245, 0.848145, 0.898926, -0.0240537, 0.849121, 0.898926, -0.0269359, 0.850098, 0.898926, -0.0287809, 0.851074, 0.898926, -0.0295176, 0.852051, 0.898926, -0.0291175, 0.853027, 0.898926, -0.0275963, 0.854004, 0.898926, -0.0250122, 0.85498, 0.898926, -0.0214652, 0.855957, 0.898926, -0.0170912, 0.856934, 0.898926, -0.0120594, 0.85791, 0.898926, -0.00656275, 0.858887, 0.898926, -0.000813275, 
        0.844238, 0.899902, -0.00460732, 0.845215, 0.899902, -0.00989928, 0.846191, 0.899902, -0.0148099, 0.847168, 0.899902, -0.0191498, 0.848145, 0.899902, -0.0227525, 0.849121, 0.899902, -0.0254787, 0.850098, 0.899902, -0.0272239, 0.851074, 0.899902, -0.0279207, 0.852051, 0.899902, -0.0275423, 0.853027, 0.899902, -0.0261034, 0.854004, 0.899902, -0.0236591, 0.85498, 0.899902, -0.0203039, 0.855957, 0.899902, -0.0161666, 0.856934, 0.899902, -0.011407, 0.85791, 0.899902, -0.00620767, 0.858887, 0.899902, -0.000769218, 
        0.844238, 0.900879, -0.00416615, 0.845215, 0.900879, -0.00895168, 0.846191, 0.900879, -0.0133924, 0.847168, 0.900879, -0.0173169, 0.848145, 0.900879, -0.0205748, 0.849121, 0.900879, -0.0230402, 0.850098, 0.900879, -0.0246184, 0.851074, 0.900879, -0.0252485, 0.852051, 0.900879, -0.0249064, 0.853027, 0.900879, -0.0236051, 0.854004, 0.900879, -0.0213948, 0.85498, 0.900879, -0.0183607, 0.855957, 0.900879, -0.0146193, 0.856934, 0.900879, -0.0103152, 0.85791, 0.900879, -0.00561343, 0.858887, 0.900879, -0.000695437, 
        0.844238, 0.901855, -0.00356446, 0.845215, 0.901855, -0.00765935, 0.846191, 0.901855, -0.0114592, 0.847168, 0.901855, -0.0148173, 0.848145, 0.901855, -0.0176051, 0.849121, 0.901855, -0.0197146, 0.850098, 0.901855, -0.0210651, 0.851074, 0.901855, -0.0216043, 0.852051, 0.901855, -0.0213115, 0.853027, 0.901855, -0.0201981, 0.854004, 0.901855, -0.0183067, 0.85498, 0.901855, -0.0157105, 0.855957, 0.901855, -0.0125091, 0.856934, 0.901855, -0.00882617, 0.85791, 0.901855, -0.004803, 0.858887, 0.901855, -0.000594785, 
        0.844238, 0.902832, -0.00282532, 0.845215, 0.902832, -0.00607185, 0.846191, 0.902832, -0.00908443, 0.847168, 0.902832, -0.0117469, 0.848145, 0.902832, -0.0139571, 0.849121, 0.902832, -0.0156296, 0.850098, 0.902832, -0.0167003, 0.851074, 0.902832, -0.0171278, 0.852051, 0.902832, -0.0168957, 0.853027, 0.902832, -0.0160129, 0.854004, 0.902832, -0.0145134, 0.85498, 0.902832, -0.0124551, 0.855957, 0.902832, -0.00991699, 0.856934, 0.902832, -0.00699711, 0.85791, 0.902832, -0.00380747, 0.858887, 0.902832, -0.000471127, 
        0.844238, 0.903809, -0.00197725, 0.845215, 0.903809, -0.0042504, 0.846191, 0.903809, -0.00635975, 0.847168, 0.903809, -0.00822394, 0.848145, 0.903809, -0.00977148, 0.849121, 0.903809, -0.0109426, 0.850098, 0.903809, -0.0116922, 0.851074, 0.903809, -0.0119916, 0.852051, 0.903809, -0.0118291, 0.853027, 0.903809, -0.0112111, 0.854004, 0.903809, -0.0101612, 0.85498, 0.903809, -0.00872003, 0.855957, 0.903809, -0.00694291, 0.856934, 0.903809, -0.0048985, 0.85791, 0.903809, -0.00266523, 0.858887, 0.903809, -0.000329233, 
