{
    "level": 0,
    "idx": {"x": 54, "y": 16},
    "dim": {"x": 16, "y": 16},
    "offset": {"x": 0.844238, "y": 0.250488},
    "cellSize": {"x": 0.000976562, "y": 0.000976562},
    "vertices": [
        0.844238, 0.250488, 0.000446723, 0.845215, 0.250488, 0.00072038, 0.846191, 0.250488, 0.000974055, 0.847168, 0.250488, 0.00119776, 0.848145, 0.250488, 0.0013827, 0.849121, 0.250488, 0.00152154, 0.850098, 0.250488, 0.00160876, 0.851074, 0.250488, 0.0016408, 0.852051, 0.250488, 0.00161625, 0.853027, 0.250488, 0.00153587, 0.854004, 0.250488, 0.00140258, 0.85498, 0.250488, 0.00122135, 0.855957, 0.250488, 0.00099897, 0.856934, 0.250488, 0.000743876, 0.85791, 0.250488, 0.000465693, 0.858887, 0.250488, 0.000174995, 
        0.844238, 0.251465, 0.00141192, 0.845215, 0.251465, 0.0027885, 0.846191, 0.251465, 0.0040656, 0.847168, 0.251465, 0.00519377, 0.848145, 0.251465, 0.00612953, 0.849121, 0.251465, 0.00683651, 0.850098, 0.251465, 0.00728739, 0.851074, 0.251465, 0.00746455, 0.852051, 0.251465, 0.00736102, 0.853027, 0.251465, 0.0069806, 0.854004, 0.251465, 0.00633772, 0.85498, 0.251465, 0.00545705, 0.855957, 0.251465, 0.00437219, 0.856934, 0.251465, 0.00312492, 0.85791, 0.251465, 0.00176291, 0.858887, 0.251465, 0.000338535, 
        0.844238, 0.252441, 0.00233083, 0.845215, 0.252441, 0.00475712, 0.846191, 0.252441, 0.00700829, 0.847168, 0.252441, 0.0089973, 0.848145, 0.252441, 0.0106477, 0.849121, 0.252441, 0.0118954, 0.850098, 0.252441, 0.0126924, 0.851074, 0.252441, 0.0130076, 0.852051, 0.252441, 0.0128289, 0.853027, 0.252441, 0.0121629, 0.854004, 0.252441, 0.011035, 0.85498, 0.252441, 0.00948865, 0.855957, 0.252441, 0.00758291, 0.856934, 0.252441, 0.0053913, 0.85791, 0.252441, 0.00299773, 0.858887, 0.252441, 0.000494358, 
        0.844238, 0.253418, 0.00316819, 0.845215, 0.253418, 0.00655052, 0.846191, 0.253418, 0.00968885, 0.847168, 0.253418, 0.0124619, 0.848145, 0.253418, 0.0147631, 0.849121, 0.253418, 0.0165033, 0.850098, 0.253418, 0.0176155, 0.851074, 0.253418, 0.0180566, 0.852051, 0.253418, 0.0178094, 0.853027, 0.253418, 0.0168833, 0.854004, 0.253418, 0.0153136, 0.85498, 0.253418, 0.0131609, 0.855957, 0.253418, 0.0105075, 0.856934, 0.253418, 0.00745579, 0.85791, 0.253418, 0.00412268, 0.858887, 0.253418, 0.000636563, 
        0.844238, 0.254395, 0.00389193, 0.845215, 0.254395, 0.00809986, 0.846191, 0.254395, 0.0120043, 0.847168, 0.254395, 0.0154544, 0.848145, 0.254395, 0.0183176, 0.849121, 0.254395, 0.020483, 0.850098, 0.254395, 0.0218674, 0.851074, 0.254395, 0.0224171, 0.852051, 0.254395, 0.0221108, 0.853027, 0.254395, 0.0209601, 0.854004, 0.254395, 0.0190089, 0.85498, 0.254395, 0.0163326, 0.855957, 0.254395, 0.0130335, 0.856934, 0.254395, 0.00923904, 0.85791, 0.254395, 0.00509457, 0.858887, 0.254395, 0.000759783, 
        0.844238, 0.255371, 0.00447435, 0.845215, 0.255371, 0.00934562, 0.846191, 0.255371, 0.0138656, 0.847168, 0.255371, 0.0178596, 0.848145, 0.255371, 0.0211744, 0.849121, 0.255371, 0.0236815, 0.850098, 0.255371, 0.0252847, 0.851074, 0.255371, 0.0259216, 0.852051, 0.255371, 0.0255677, 0.853027, 0.255371, 0.0242365, 0.854004, 0.255371, 0.0219788, 0.85498, 0.255371, 0.0188817, 0.855957, 0.255371, 0.0150638, 0.856934, 0.255371, 0.0106725, 0.85791, 0.255371, 0.0058761, 0.858887, 0.255371, 0.000859382, 
        0.844238, 0.256348, 0.0048932, 0.845215, 0.256348, 0.01024, 0.846191, 0.256348, 0.0152012, 0.847168, 0.256348, 0.0195853, 0.848145, 0.256348, 0.0232238, 0.849121, 0.256348, 0.0259758, 0.850098, 0.256348, 0.0277357, 0.851074, 0.256348, 0.0284352, 0.852051, 0.256348, 0.0280471, 0.853027, 0.256348, 0.0265865, 0.854004, 0.256348, 0.024109, 0.85498, 0.256348, 0.0207102, 0.855957, 0.256348, 0.0165203, 0.856934, 0.256348, 0.0117011, 0.85791, 0.256348, 0.00643728, 0.858887, 0.256348, 0.000931634, 
        0.844238, 0.257324, 0.00513251, 0.845215, 0.257324, 0.0107488, 0.846191, 0.257324, 0.01596, 0.847168, 0.257324, 0.020565, 0.848145, 0.257324, 0.0243868, 0.849121, 0.257324, 0.0272777, 0.850098, 0.257324, 0.0291263, 0.851074, 0.257324, 0.0298612, 0.852051, 0.257324, 0.0294538, 0.853027, 0.257324, 0.0279197, 0.854004, 0.257324, 0.0253176, 0.85498, 0.257324, 0.0217478, 0.855957, 0.257324, 0.0173471, 0.856934, 0.257324, 0.0122854, 0.85791, 0.257324, 0.00675662, 0.858887, 0.257324, 0.000973869, 
        0.844238, 0.258301, 0.00518324, 0.845215, 0.258301, 0.0108524, 0.846191, 0.258301, 0.0161128, 0.847168, 0.258301, 0.0207612, 0.848145, 0.258301, 0.024619, 0.849121, 0.258301, 0.0275371, 0.850098, 0.258301, 0.0294031, 0.851074, 0.258301, 0.0301449, 0.852051, 0.258301, 0.0297336, 0.853027, 0.258301, 0.028185, 0.854004, 0.258301, 0.0255583, 0.85498, 0.258301, 0.0219548, 0.855957, 0.258301, 0.0175125, 0.856934, 0.258301, 0.0124029, 0.85791, 0.258301, 0.00682194, 0.858887, 0.258301, 0.000984573, 
        0.844238, 0.259277, 0.0050436, 0.845215, 0.259277, 0.0105472, 0.846191, 0.259277, 0.0156539, 0.847168, 0.259277, 0.0201664, 0.848145, 0.259277, 0.0239116, 0.849121, 0.259277, 0.0267442, 0.850098, 0.259277, 0.0285556, 0.851074, 0.259277, 0.0292755, 0.852051, 0.259277, 0.0288759, 0.853027, 0.259277, 0.0273722, 0.854004, 0.259277, 0.0248218, 0.85498, 0.259277, 0.0213231, 0.855957, 0.259277, 0.0170101, 0.856934, 0.259277, 0.0120493, 0.85791, 0.259277, 0.00663084, 0.858887, 0.259277, 0.000963448, 
        0.844238, 0.260254, 0.00471917, 0.845215, 0.260254, 0.009845, 0.846191, 0.260254, 0.0146011, 0.847168, 0.260254, 0.0188039, 0.848145, 0.260254, 0.0222918, 0.849121, 0.260254, 0.0249298, 0.850098, 0.260254, 0.0266166, 0.851074, 0.260254, 0.0272866, 0.852051, 0.260254, 0.0269139, 0.853027, 0.260254, 0.0255128, 0.854004, 0.260254, 0.0231368, 0.85498, 0.260254, 0.0198774, 0.855957, 0.260254, 0.0158596, 0.856934, 0.260254, 0.0112384, 0.85791, 0.260254, 0.0061908, 0.858887, 0.260254, 0.000911425, 
        0.844238, 0.26123, 0.00422259, 0.845215, 0.26123, 0.00877304, 0.846191, 0.26123, 0.0129953, 0.847168, 0.26123, 0.0167261, 0.848145, 0.26123, 0.0198223, 0.849121, 0.26123, 0.0221639, 0.850098, 0.26123, 0.0236608, 0.851074, 0.26123, 0.0242549, 0.852051, 0.26123, 0.0239233, 0.853027, 0.26123, 0.0226785, 0.854004, 0.26123, 0.0205681, 0.85498, 0.26123, 0.0176734, 0.855957, 0.26123, 0.0141052, 0.856934, 0.26123, 0.0100013, 0.85791, 0.26123, 0.00551888, 0.858887, 0.26123, 0.000830623, 
        0.844238, 0.262207, 0.00357318, 0.845215, 0.262207, 0.00737278, 0.846191, 0.262207, 0.0108982, 0.847168, 0.262207, 0.0140133, 0.848145, 0.262207, 0.0165983, 0.849121, 0.262207, 0.018553, 0.850098, 0.262207, 0.0198022, 0.851074, 0.262207, 0.0202974, 0.852051, 0.262207, 0.0200194, 0.853027, 0.262207, 0.0189787, 0.854004, 0.262207, 0.0172149, 0.85498, 0.262207, 0.0147961, 0.855957, 0.262207, 0.0118148, 0.856934, 0.262207, 0.00838601, 0.85791, 0.262207, 0.00464109, 0.858887, 0.262207, 0.000724275, 
        0.844238, 0.263184, 0.00279613, 0.845215, 0.263184, 0.0056983, 0.846191, 0.263184, 0.008391, 0.847168, 0.263184, 0.0107701, 0.848145, 0.263184, 0.0127441, 0.849121, 0.263184, 0.0142364, 0.850098, 0.263184, 0.0151896, 0.851074, 0.263184, 0.0155666, 0.852051, 0.263184, 0.0153527, 0.853027, 0.263184, 0.0145558, 0.854004, 0.263184, 0.0132064, 0.85498, 0.263184, 0.0113564, 0.855957, 0.263184, 0.00907655, 0.856934, 0.263184, 0.00645475, 0.85791, 0.263184, 0.00359134, 0.858887, 0.263184, 0.000596597, 
        0.844238, 0.26416, 0.00192152, 0.845215, 0.26416, 0.00381423, 0.846191, 0.26416, 0.00557021, 0.847168, 0.26416, 0.00712145, 0.848145, 0.26416, 0.0084082, 0.849121, 0.26416, 0.00938046, 0.850098, 0.26416, 0.0100007, 0.851074, 0.26416, 0.0102447, 0.852051, 0.26416, 0.0101028, 0.853027, 0.26416, 0.00958029, 0.854004, 0.26416, 0.00869702, 0.85498, 0.26416, 0.00748687, 0.855957, 0.26416, 0.00599605, 0.856934, 0.26416, 0.00428197, 0.85791, 0.26416, 0.00241016, 0.858887, 0.26416, 0.000452625, 
