{
    "level": 0,
    "idx": {"x": 54, "y": 5},
    "dim": {"x": 8, "y": 8},
    "offset": {"x": 0.422363, "y": 0.0395508},
    "cellSize": {"x": 0.000976562, "y": 0.000976562},
    "vertices": [
        0.422363, 0.0395508, 0.00771713, 0.42334, 0.0395508, 0.00768308, 0.424316, 0.0395508, 0.0076219, 0.425293, 0.0395508, 0.00753405, 0.42627, 0.0395508, 0.00742027, 0.427246, 0.0395508, 0.00728151, 0.428223, 0.0395508, 0.00711894, 0.429199, 0.0395508, 0.00693396, 
        0.422363, 0.0405273, 0.00806581, 0.42334, 0.0405273, 0.00802936, 0.424316, 0.0405273, 0.00796339, 0.425293, 0.0405273, 0.00786842, 0.42627, 0.0405273, 0.00774524, 0.427246, 0.0405273, 0.00759488, 0.428223, 0.0405273, 0.00741864, 0.429199, 0.0405273, 0.00721804, 
        0.422363, 0.0415039, 0.00838476, 0.42334, 0.0415039, 0.00834617, 0.424316, 0.0415039, 0.00827595, 0.425293, 0.0415039, 0.00817464, 0.42627, 0.0415039, 0.00804309, 0.427246, 0.0415039, 0.00788243, 0.428223, 0.0415039, 0.00769404, 0.429199, 0.0415039, 0.00747955, 
        0.422363, 0.0424805, 0.00867187, 0.42334, 0.0424805, 0.00863141, 0.424316, 0.0424805, 0.00855749, 0.425293, 0.0424805, 0.00845068, 0.42627, 0.0424805, 0.0083119, 0.427246, 0.0424805, 0.00814231, 0.428223, 0.0424805, 0.0079434, 0.429199, 0.0424805, 0.0077169, 
        0.422363, 0.043457, 0.00892528, 0.42334, 0.043457, 0.00888324, 0.424316, 0.043457, 0.00880621, 0.425293, 0.043457, 0.00869481, 0.42627, 0.043457, 0.00854997, 0.427246, 0.043457, 0.00837293, 0.428223, 0.043457, 0.00816524, 0.429199, 0.043457, 0.00792871, 
        0.422363, 0.0444336, 0.00914345, 0.42334, 0.0444336, 0.00910014, 0.424316, 0.0444336, 0.00902063, 0.425293, 0.0444336, 0.00890556, 0.42627, 0.0444336, 0.00875591, 0.427246, 0.0444336, 0.00857296, 0.428223, 0.0444336, 0.0083583, 0.429199, 0.0444336, 0.00811381, 
        0.422363, 0.0454102, 0.00932518, 0.42334, 0.0454102, 0.00928091, 0.424316, 0.0454102, 0.00919956, 0.425293, 0.0454102, 0.0090818, 0.42627, 0.0454102, 0.00892863, 0.427246, 0.0454102, 0.00874135, 0.428223, 0.0454102, 0.0085216, 0.429199, 0.0454102, 0.00827131, 
        0.422363, 0.0463867, 0.0094696, 0.42334, 0.0463867, 0.00942467, 0.424316, 0.0463867, 0.00934215, 0.425293, 0.0463867, 0.00922269, 0.42627, 0.0463867, 0.00906731, 0.427246, 0.0463867, 0.00887734, 0.428223, 0.0463867, 0.00865443, 0.429199, 0.0463867, 0.00840054
    ]
}
