{
    "level": 0,
    "idx": {"x": 54, "y": 29},
    "dim": {"x": 8, "y": 8},
    "offset": {"x": 0.422363, "y": 0.227051},
    "cellSize": {"x": 0.000976562, "y": 0.000976562},
    "vertices": [
        0.422363, 0.227051, 0.00758046, 0.42334, 0.227051, 0.0076417, 0.424316, 0.227051, 0.00767885, 0.425293, 0.227051, 0.00769239, 0.42627, 0.227051, 0.00768301, 0.427246, 0.227051, 0.00765168, 0.428223, 0.227051, 0.00759955, 0.429199, 0.227051, 0.00752801, 
        0.422363, 0.228027, 0.00801685, 0.42334, 0.228027, 0.00807761, 0.424316, 0.228027, 0.00811198, 0.425293, 0.228027, 0.00812049, 0.42627, 0.228027, 0.00810389, 0.427246, 0.228027, 0.00806323, 0.428223, 0.228027, 0.00799978, 0.429199, 0.228027, 0.00791506, 
        0.422363, 0.229004, 0.00843166, 0.42334, 0.229004, 0.0084922, 0.424316, 0.229004, 0.00852435, 0.425293, 0.229004, 0.00852863, 0.42627, 0.229004, 0.00850589, 0.427246, 0.229004, 0.00845723, 0.428223, 0.229004, 0.00838401, 0.429199, 0.229004, 0.00828787, 
        0.422363, 0.22998, 0.0088229, 0.42334, 0.22998, 0.00888353, 0.424316, 0.22998, 0.00891403, 0.425293, 0.22998, 0.00891497, 0.42627, 0.22998, 0.00888723, 0.427246, 0.22998, 0.00883197, 0.428223, 0.22998, 0.00875066, 0.429199, 0.22998, 0.008645, 
        0.422363, 0.230957, 0.00918888, 0.42334, 0.230957, 0.00924992, 0.424316, 0.230957, 0.00927939, 0.425293, 0.230957, 0.0092779, 0.42627, 0.230957, 0.00924636, 0.427246, 0.230957, 0.00918601, 0.428223, 0.230957, 0.00909836, 0.429199, 0.230957, 0.0089852, 
        0.422363, 0.231934, 0.00952825, 0.42334, 0.231934, 0.00959, 0.424316, 0.231934, 0.00961909, 0.425293, 0.231934, 0.00961613, 0.42627, 0.231934, 0.00958208, 0.427246, 0.231934, 0.00951819, 0.428223, 0.231934, 0.00942604, 0.429199, 0.231934, 0.00930749, 
        0.422363, 0.23291, 0.00983995, 0.42334, 0.23291, 0.00990276, 0.424316, 0.23291, 0.00993214, 0.425293, 0.23291, 0.0099287, 0.42627, 0.23291, 0.00989344, 0.427246, 0.23291, 0.00982763, 0.428223, 0.23291, 0.00973288, 0.429199, 0.23291, 0.0096111, 
        0.422363, 0.233887, 0.0101233, 0.42334, 0.233887, 0.0101875, 0.424316, 0.233887, 0.0102178, 0.425293, 0.233887, 0.0102149, 0.42627, 0.233887, 0.0101798, 0.427246, 0.233887, 0.0101137, 0.428223, 0.233887, 0.0100183, 0.429199, 0.233887, 0.00989552
    ]
}
