{
    "level": 0,
    "idx": {"x": 54, "y": 12},
    "dim": {"x": 8, "y": 8},
    "offset": {"x": 0.422363, "y": 0.0942383},
    "cellSize": {"x": 0.000976562, "y": 0.000976562},
    "vertices": [
        0.422363, 0.0942383, 0.0076524, 0.42334, 0.0942383, 0.00763839, 0.424316, 0.0942383, 0.00762156, 0.425293, 0.0942383, 0.00760192, 0.42627, 0.0942383, 0.00757949, 0.427246, 0.0942383, 0.00755429, 0.428223, 0.0942383, 0.00752634, 0.429199, 0.0942383, 0.00749566, 
        0.422363, 0.0952148, 0.00800147, 0.42334, 0.0952148, 0.00798431, 0.424316, 0.0952148, 0.00796083, 0.425293, 0.0952148, 0.0079311, 0.42627, 0.0952148, 0.00789524, 0.427246, 0.0952148, 0.00785339, 0.428223, 0.0952148, 0.00780575, 0.429199, 0.0952148, 0.00775254, 
        0.422363, 0.0961914, 0.00834448, 0.42334, 0.0961914, 0.00832422, 0.424316, 0.0961914, 0.00829416, 0.425293, 0.0961914, 0.00825446, 0.42627, 0.0961914, 0.00820532, 0.427246, 0.0961914, 0.00814702, 0.428223, 0.0961914, 0.00807991, 0.429199, 0.0961914, 0.0080044, 
        0.422363, 0.097168, 0.00867795, 0.42334, 0.097168, 0.00865465, 0.424316, 0.097168, 0.00861817, 0.425293, 0.097168, 0.00856871, 0.42627, 0.097168, 0.00850657, 0.427246, 0.097168, 0.00843217, 0.428223, 0.097168, 0.008346, 0.429199, 0.097168, 0.00824867, 
        0.422363, 0.0981445, 0.00899846, 0.42334, 0.0981445, 0.00897224, 0.424316, 0.0981445, 0.00892953, 0.425293, 0.0981445, 0.00887062, 0.42627, 0.0981445, 0.0087959, 0.427246, 0.0981445, 0.00870589, 0.428223, 0.0981445, 0.00860127, 0.429199, 0.0981445, 0.00848279, 
        0.422363, 0.0991211, 0.0093027, 0.42334, 0.0991211, 0.00927368, 0.424316, 0.0991211, 0.00922502, 0.425293, 0.0991211, 0.00915706, 0.42627, 0.0991211, 0.00907028, 0.427246, 0.0991211, 0.00896534, 0.428223, 0.0991211, 0.00884302, 0.429199, 0.0991211, 0.00870429, 
        0.422363, 0.100098, 0.00958749, 0.42334, 0.100098, 0.00955583, 0.424316, 0.100098, 0.00950156, 0.425293, 0.100098, 0.00942504, 0.42627, 0.100098, 0.00932686, 0.427246, 0.100098, 0.00920777, 0.428223, 0.100098, 0.00906872, 0.429199, 0.100098, 0.00891082, 
        0.422363, 0.101074, 0.00984983, 0.42334, 0.101074, 0.00981573, 0.424316, 0.101074, 0.00975621, 0.425293, 0.101074, 0.00967172, 0.42627, 0.101074, 0.00956289, 0.427246, 0.101074, 0.00943061, 0.428223, 0.101074, 0.00927594, 0.429199, 0.101074, 0.00910013
    ]
}
