{
    "level": 0,
    "idx": {"x": 55, "y": 14},
    "dim": {"x": 16, "y": 16},
    "offset": {"x": 0.859863, "y": 0.219238},
    "cellSize": {"x": 0.000976562, "y": 0.000976562},
    "vertices": [
        0.859863, 0.219238, -0.00014988, 0.86084, 0.219238, -0.000395804, 0.861816, 0.219238, -0.000623919, 0.862793, 0.219238, -0.000825548, 0.86377, 0.219238, -0.000992967, 0.864746, 0.219238, -0.00111982, 0.865723, 0.219238, -0.00120128, 0.866699, 0.219238, -0.00123427, 0.867676, 0.219238, -0.00121759, 0.868652, 0.219238, -0.00115193, 0.869629, 0.219238, -0.00103989, 0.870605, 0.219238, -0.000885853, 0.871582, 0.219238, -0.000695777, 0.872559, 0.219238, -0.000477068, 0.873535, 0.219238, -0.000238167, 0.874512, 0.219238, 1.1639e-05, 
        0.859863, 0.220215, -0.00112809, 0.86084, 0.220215, -0.00247714, 0.861816, 0.220215, -0.0037281, 0.862793, 0.220215, -0.00483307, 0.86377, 0.220215, -0.00574941, 0.864746, 0.220215, -0.00644204, 0.865723, 0.220215, -0.00688425, 0.866699, 0.220215, -0.00705916, 0.867676, 0.220215, -0.00696006, 0.868652, 0.220215, -0.00659082, 0.869629, 0.220215, -0.00596571, 0.870605, 0.220215, -0.00510893, 0.871582, 0.220215, -0.00405342, 0.872559, 0.220215, -0.00284001, 0.873535, 0.220215, -0.00151532, 0.874512, 0.220215, -0.000130583, 
        0.859863, 0.221191, -0.0020602, 0.86084, 0.221191, -0.0044605, 0.861816, 0.221191, -0.00668622, 0.862793, 0.221191, -0.00865206, 0.86377, 0.221191, -0.0102821, 0.864746, 0.221191, -0.0115139, 0.865723, 0.221191, -0.0122999, 0.866699, 0.221191, -0.0126101, 0.867676, 0.221191, -0.0124324, 0.868652, 0.221191, -0.0117739, 0.869629, 0.221191, -0.0106598, 0.870605, 0.221191, -0.00913336, 0.871582, 0.221191, -0.0072531, 0.872559, 0.221191, -0.00509178, 0.873535, 0.221191, -0.00273234, 0.874512, 0.221191, -0.000266053, 
        0.859863, 0.222168, -0.00291026, 0.86084, 0.222168, -0.00626948, 0.861816, 0.222168, -0.00938432, 0.862793, 0.222168, -0.0121354, 0.86377, 0.222168, -0.0144165, 0.864746, 0.222168, -0.0161401, 0.865723, 0.222168, -0.0172397, 0.866699, 0.222168, -0.0176732, 0.867676, 0.222168, -0.0174239, 0.868652, 0.222168, -0.0165015, 0.869629, 0.222168, -0.0149414, 0.870605, 0.222168, -0.0128041, 0.871582, 0.222168, -0.0101716, 0.872559, 0.222168, -0.00714562, 0.873535, 0.222168, -0.00384235, 0.874512, 0.222168, -0.000389518, 
        0.859863, 0.223145, -0.00364549, 0.86084, 0.223145, -0.00783435, 0.861816, 0.223145, -0.0117185, 0.862793, 0.223145, -0.0151489, 0.86377, 0.223145, -0.0179933, 0.864746, 0.223145, -0.0201424, 0.865723, 0.223145, -0.0215133, 0.866699, 0.223145, -0.0220536, 0.867676, 0.223145, -0.0217423, 0.868652, 0.223145, -0.0205916, 0.869629, 0.223145, -0.0186457, 0.870605, 0.223145, -0.0159799, 0.871582, 0.223145, -0.0126965, 0.872559, 0.223145, -0.00892242, 0.873535, 0.223145, -0.00480256, 0.874512, 0.223145, -0.000496184, 
        0.859863, 0.224121, -0.00423752, 0.86084, 0.224121, -0.00909483, 0.861816, 0.224121, -0.0135987, 0.862793, 0.224121, -0.0175766, 0.86377, 0.224121, -0.0208747, 0.864746, 0.224121, -0.0233667, 0.865723, 0.224121, -0.0249563, 0.866699, 0.224121, -0.0255825, 0.867676, 0.224121, -0.0252214, 0.868652, 0.224121, -0.0238867, 0.869629, 0.224121, -0.0216299, 0.870605, 0.224121, -0.0185383, 0.871582, 0.224121, -0.0147305, 0.872559, 0.224121, -0.0103537, 0.873535, 0.224121, -0.00557596, 0.874512, 0.224121, -0.000581907, 
        0.859863, 0.225098, -0.00466347, 0.86084, 0.225098, -0.0100023, 0.861816, 0.225098, -0.0149526, 0.862793, 0.225098, -0.0193248, 0.86377, 0.225098, -0.0229498, 0.864746, 0.225098, -0.0256888, 0.865723, 0.225098, -0.0274358, 0.866699, 0.225098, -0.028124, 0.867676, 0.225098, -0.0277269, 0.868652, 0.225098, -0.0262597, 0.869629, 0.225098, -0.023779, 0.870605, 0.225098, -0.0203807, 0.871582, 0.225098, -0.0161952, 0.872559, 0.225098, -0.0113844, 0.873535, 0.225098, -0.00613272, 0.874512, 0.225098, -0.000643341, 
        0.859863, 0.226074, -0.00490689, 0.86084, 0.226074, -0.0105217, 0.861816, 0.226074, -0.015728, 0.862793, 0.226074, -0.0203262, 0.86377, 0.226074, -0.0241386, 0.864746, 0.226074, -0.0270191, 0.865723, 0.226074, -0.0288564, 0.866699, 0.226074, -0.0295802, 0.867676, 0.226074, -0.0291625, 0.868652, 0.226074, -0.0276194, 0.869629, 0.226074, -0.0250104, 0.870605, 0.226074, -0.0214363, 0.871582, 0.226074, -0.0170343, 0.872559, 0.226074, -0.0119746, 0.873535, 0.226074, -0.00645136, 0.874512, 0.226074, -0.000678082, 
        0.859863, 0.227051, -0.00495835, 0.86084, 0.227051, -0.0106331, 0.861816, 0.227051, -0.0158949, 0.862793, 0.227051, -0.0205421, 0.86377, 0.227051, -0.0243952, 0.864746, 0.227051, -0.0273065, 0.865723, 0.227051, -0.0291634, 0.866699, 0.227051, -0.0298949, 0.867676, 0.227051, -0.0294727, 0.868652, 0.227051, -0.0279132, 0.869629, 0.227051, -0.0252764, 0.870605, 0.227051, -0.0216642, 0.871582, 0.227051, -0.0172153, 0.872559, 0.227051, -0.0121017, 0.873535, 0.227051, -0.00651957, 0.874512, 0.227051, -0.000684751, 
        0.859863, 0.228027, -0.00481579, 0.86084, 0.228027, -0.010332, 0.861816, 0.228027, -0.0154468, 0.862793, 0.228027, -0.0199643, 0.86377, 0.228027, -0.0237098, 0.864746, 0.228027, -0.0265397, 0.865723, 0.228027, -0.0283449, 0.866699, 0.228027, -0.029056, 0.867676, 0.228027, -0.0286457, 0.868652, 0.228027, -0.0271299, 0.869629, 0.228027, -0.0245669, 0.870605, 0.228027, -0.0210558, 0.871582, 0.228027, -0.0167313, 0.872559, 0.228027, -0.0117607, 0.873535, 0.228027, -0.00633469, 0.874512, 0.228027, -0.000663048, 
        0.859863, 0.229004, -0.00448465, 0.86084, 0.229004, -0.00963001, 0.861816, 0.229004, -0.014401, 0.862793, 0.229004, -0.0186148, 0.86377, 0.229004, -0.0221086, 0.864746, 0.229004, -0.0247484, 0.865723, 0.229004, -0.0264323, 0.866699, 0.229004, -0.0270957, 0.867676, 0.229004, -0.0267132, 0.868652, 0.229004, -0.0252995, 0.869629, 0.229004, -0.0229091, 0.870605, 0.229004, -0.0196343, 0.871582, 0.229004, -0.0156008, 0.872559, 0.229004, -0.0109647, 0.873535, 0.229004, -0.00590379, 0.874512, 0.229004, -0.000613766, 
        0.859863, 0.22998, -0.00397758, 0.86084, 0.22998, -0.00855408, 0.861816, 0.22998, -0.0127976, 0.862793, 0.22998, -0.0165456, 0.86377, 0.22998, -0.0196532, 0.864746, 0.22998, -0.0220012, 0.865723, 0.22998, -0.0234991, 0.866699, 0.22998, -0.0240895, 0.867676, 0.22998, -0.0237495, 0.868652, 0.22998, -0.0224924, 0.869629, 0.22998, -0.0203667, 0.870605, 0.22998, -0.0174544, 0.871582, 0.22998, -0.0138673, 0.872559, 0.22998, -0.00974426, 0.873535, 0.22998, -0.00524339, 0.874512, 0.22998, -0.000538756, 
        0.859863, 0.230957, -0.00331406, 0.86084, 0.230957, -0.00714559, 0.861816, 0.230957, -0.0106984, 0.862793, 0.230957, -0.0138363, 0.86377, 0.230957, -0.0164381, 0.864746, 0.230957, -0.0184041, 0.865723, 0.230957, -0.0196584, 0.866699, 0.230957, -0.020153, 0.867676, 0.230957, -0.0198688, 0.868652, 0.230957, -0.0188168, 0.869629, 0.230957, -0.0170376, 0.870605, 0.230957, -0.0146, 0.871582, 0.230957, -0.0115976, 0.872559, 0.230957, -0.00814638, 0.873535, 0.230957, -0.00437891, 0.874512, 0.230957, -0.000440864, 
        0.859863, 0.231934, -0.00251957, 0.86084, 0.231934, -0.00545869, 0.861816, 0.231934, -0.00818402, 0.862793, 0.231934, -0.0105912, 0.86377, 0.231934, -0.0125871, 0.864746, 0.231934, -0.0140955, 0.865723, 0.231934, -0.015058, 0.866699, 0.231934, -0.0154378, 0.867676, 0.231934, -0.0152204, 0.868652, 0.231934, -0.0144141, 0.869629, 0.231934, -0.01305, 0.870605, 0.231934, -0.0111811, 0.871582, 0.231934, -0.00887885, 0.872559, 0.231934, -0.0062325, 0.873535, 0.231934, -0.00334358, 0.874512, 0.231934, -0.000323813, 
