{
    "level": 0,
    "idx": {"x": 55, "y": 37},
    "dim": {"x": 16, "y": 16},
    "offset": {"x": 0.859863, "y": 0.578613},
    "cellSize": {"x": 0.000976562, "y": 0.000976562},
    "vertices": [
        0.859863, 0.578613, 0.00182696, 0.86084, 0.578613, 0.0024356, 0.861816, 0.578613, 0.00299828, 0.862793, 0.578613, 0.00349209, 0.86377, 0.578613, 0.00389662, 0.864746, 0.578613, 0.0041951, 0.865723, 0.578613, 0.00437475, 0.866699, 0.578613, 0.00442747, 0.867676, 0.578613, 0.00435004, 0.868652, 0.578613, 0.00414429, 0.869629, 0.578613, 0.00381702, 0.870605, 0.578613, 0.00337979, 0.871582, 0.578613, 0.00284831, 0.872559, 0.578613, 0.00224209, 0.873535, 0.578613, 0.00158338, 0.874512, 0.578613, 0.000896653, 
        0.859863, 0.57959, 0.00278658, 0.86084, 0.57959, 0.0044847, 0.861816, 0.57959, 0.00605759, 0.862793, 0.57959, 0.00744359, 0.86377, 0.57959, 0.00858782, 0.864746, 0.57959, 0.00944515, 0.865723, 0.57959, 0.00998119, 0.866699, 0.57959, 0.0101742, 0.867676, 0.57959, 0.0100155, 0.868652, 0.57959, 0.00951014, 0.869629, 0.57959, 0.00867637, 0.870605, 0.57959, 0.00754535, 0.871582, 0.57959, 0.00615941, 0.872559, 0.57959, 0.00457108, 0.873535, 0.57959, 0.0028403, 0.874512, 0.57959, 0.00103299, 
        0.859863, 0.580566, 0.00368689, 0.86084, 0.580566, 0.00640777, 0.861816, 0.580566, 0.00892898, 0.862793, 0.580566, 0.0111525, 0.86377, 0.580566, 0.0129912, 0.864746, 0.580566, 0.0143731, 0.865723, 0.580566, 0.0152437, 0.866699, 0.580566, 0.0155684, 0.867676, 0.580566, 0.0153335, 0.868652, 0.580566, 0.0145469, 0.869629, 0.580566, 0.0132376, 0.870605, 0.580566, 0.0114553, 0.871582, 0.580566, 0.00926728, 0.872559, 0.580566, 0.00675704, 0.873535, 0.580566, 0.00401988, 0.874512, 0.580566, 0.00116064, 
        0.859863, 0.581543, 0.00449292, 0.86084, 0.581543, 0.00813045, 0.861816, 0.581543, 0.0115016, 0.862793, 0.581543, 0.0144758, 0.86377, 0.581543, 0.0169368, 0.864746, 0.581543, 0.018789, 0.865723, 0.581543, 0.0199595, 0.866699, 0.581543, 0.0204023, 0.867676, 0.581543, 0.020099, 0.868652, 0.581543, 0.0190603, 0.869629, 0.581543, 0.017325, 0.870605, 0.581543, 0.014959, 0.871582, 0.581543, 0.0120521, 0.872559, 0.581543, 0.00871558, 0.873535, 0.581543, 0.00507648, 0.874512, 0.581543, 0.00127449, 
        0.859863, 0.58252, 0.00517334, 0.86084, 0.58252, 0.00958613, 0.861816, 0.58252, 0.0136762, 0.862793, 0.58252, 0.0172853, 0.86377, 0.58252, 0.0202726, 0.864746, 0.58252, 0.0225225, 0.865723, 0.58252, 0.0239466, 0.866699, 0.58252, 0.0244893, 0.867676, 0.58252, 0.0241283, 0.868652, 0.58252, 0.0228764, 0.869629, 0.58252, 0.0207807, 0.870605, 0.58252, 0.0179212, 0.871582, 0.58252, 0.0144063, 0.872559, 0.58252, 0.0103711, 0.873535, 0.58252, 0.00596923, 0.874512, 0.58252, 0.00136995, 
        0.859863, 0.583496, 0.00570163, 0.86084, 0.583496, 0.0107185, 0.861816, 0.583496, 0.0153686, 0.862793, 0.583496, 0.0194723, 0.86377, 0.583496, 0.0228699, 0.864746, 0.583496, 0.0254296, 0.865723, 0.583496, 0.0270514, 0.866699, 0.583496, 0.0276719, 0.867676, 0.583496, 0.027266, 0.868652, 0.583496, 0.0258481, 0.869629, 0.583496, 0.0234717, 0.870605, 0.583496, 0.0202276, 0.871582, 0.583496, 0.0162392, 0.872559, 0.583496, 0.0116596, 0.873535, 0.583496, 0.00666354, 0.874512, 0.583496, 0.00144316, 
        0.859863, 0.584473, 0.00605715, 0.86084, 0.584473, 0.0114835, 0.861816, 0.584473, 0.0165134, 0.862793, 0.584473, 0.0209526, 0.86377, 0.584473, 0.0246282, 0.864746, 0.584473, 0.0273981, 0.865723, 0.584473, 0.0291539, 0.866699, 0.584473, 0.0298273, 0.867676, 0.584473, 0.0293909, 0.868652, 0.584473, 0.0278606, 0.869629, 0.584473, 0.025294, 0.870605, 0.584473, 0.0217893, 0.871582, 0.584473, 0.0174799, 0.872559, 0.584473, 0.0125313, 0.873535, 0.584473, 0.00713248, 0.874512, 0.584473, 0.0014911, 
        0.859863, 0.585449, 0.00622592, 0.86084, 0.585449, 0.0118516, 0.861816, 0.585449, 0.0170663, 0.862793, 0.585449, 0.0216688, 0.86377, 0.585449, 0.0254798, 0.864746, 0.585449, 0.0283519, 0.865723, 0.585449, 0.0301731, 0.866699, 0.585449, 0.0308722, 0.867676, 0.585449, 0.0304212, 0.868652, 0.585449, 0.0288362, 0.869629, 0.585449, 0.0261772, 0.870605, 0.585449, 0.0225458, 0.871582, 0.585449, 0.0180804, 0.872559, 0.585449, 0.0129525, 0.873535, 0.585449, 0.0073578, 0.874512, 0.585449, 0.00151172, 
        0.859863, 0.586426, 0.0062011, 0.86084, 0.586426, 0.0118082, 0.861816, 0.586426, 0.0170057, 0.862793, 0.586426, 0.0215929, 0.86377, 0.586426, 0.0253914, 0.864746, 0.586426, 0.0282541, 0.865723, 0.586426, 0.0300693, 0.866699, 0.586426, 0.0307662, 0.867676, 0.586426, 0.0303168, 0.868652, 0.586426, 0.0287371, 0.869629, 0.586426, 0.026087, 0.870605, 0.586426, 0.0224678, 0.871582, 0.586426, 0.0180173, 0.872559, 0.586426, 0.0129066, 0.873535, 0.586426, 0.00733059, 0.874512, 0.586426, 0.00150403, 
        0.859863, 0.587402, 0.00598336, 0.86084, 0.587402, 0.0113547, 0.861816, 0.587402, 0.0163336, 0.862793, 0.587402, 0.0207278, 0.86377, 0.587402, 0.0243662, 0.864746, 0.587402, 0.0271081, 0.865723, 0.587402, 0.0288463, 0.866699, 0.587402, 0.0295131, 0.867676, 0.587402, 0.0290815, 0.868652, 0.587402, 0.027567, 0.869629, 0.587402, 0.0250268, 0.870605, 0.587402, 0.0215582, 0.871582, 0.587402, 0.017293, 0.872559, 0.587402, 0.0123952, 0.873535, 0.587402, 0.0070517, 0.874512, 0.587402, 0.00146813, 
        0.859863, 0.588379, 0.00558077, 0.86084, 0.588379, 0.0105082, 0.861816, 0.588379, 0.0150756, 0.862793, 0.588379, 0.0191063, 0.86377, 0.588379, 0.0224434, 0.864746, 0.588379, 0.0249578, 0.865723, 0.588379, 0.026551, 0.866699, 0.588379, 0.0271608, 0.867676, 0.588379, 0.0267626, 0.868652, 0.588379, 0.0253705, 0.869629, 0.588379, 0.0230371, 0.870605, 0.588379, 0.0198516, 0.871582, 0.588379, 0.015935, 0.872559, 0.588379, 0.0114379, 0.873535, 0.588379, 0.00653167, 0.874512, 0.588379, 0.00140519, 
        0.859863, 0.589355, 0.00500851, 0.86084, 0.589355, 0.00930111, 0.861816, 0.589355, 0.0132798, 0.862793, 0.589355, 0.0167907, 0.86377, 0.589355, 0.0196968, 0.864746, 0.589355, 0.0218857, 0.865723, 0.589355, 0.0232714, 0.866699, 0.589355, 0.0237997, 0.867676, 0.589355, 0.0234492, 0.868652, 0.589355, 0.0222321, 0.869629, 0.589355, 0.0201943, 0.870605, 0.589355, 0.0174136, 0.871582, 0.589355, 0.0139954, 0.872559, 0.589355, 0.0100712, 0.873535, 0.589355, 0.00579031, 0.874512, 0.589355, 0.00131743, 
        0.859863, 0.590332, 0.0042883, 0.86084, 0.590332, 0.0077795, 0.861816, 0.590332, 0.0110151, 0.862793, 0.590332, 0.0138697, 0.86377, 0.590332, 0.0162319, 0.864746, 0.590332, 0.0180098, 0.865723, 0.590332, 0.0191336, 0.866699, 0.590332, 0.019559, 0.867676, 0.590332, 0.0192686, 0.868652, 0.590332, 0.0182723, 0.869629, 0.590332, 0.0166076, 0.870605, 0.590332, 0.0143378, 0.871582, 0.590332, 0.0115488, 0.872559, 0.590332, 0.00834757, 0.873535, 0.590332, 0.00485596, 0.874512, 0.590332, 0.00120804, 
        0.859863, 0.591309, 0.00344757, 0.86084, 0.591309, 0.00600169, 0.861816, 0.591309, 0.00836841, 0.862793, 0.591309, 0.0104557, 0.86377, 0.591309, 0.0121818, 0.864746, 0.591309, 0.0134792, 0.865723, 0.591309, 0.0142966, 0.866699, 0.591309, 0.0146017, 0.867676, 0.591309, 0.0143815, 0.868652, 0.591309, 0.0136435, 0.869629, 0.591309, 0.0124149, 0.870605, 0.591309, 0.0107424, 0.871582, 0.591309, 0.00868899, 0.872559, 0.591309, 0.00633318, 0.873535, 0.591309, 0.00376438, 0.874512, 0.591309, 0.00108101, 
        0.859863, 0.592285, 0.00251835, 0.86084, 0.592285, 0.00403581, 0.861816, 0.592285, 0.00544132, 0.862793, 0.592285, 0.00667977, 0.86377, 0.592285, 0.00770208, 0.864746, 0.592285, 0.00846789, 0.865723, 0.592285, 0.00894648, 0.866699, 0.592285, 0.00911839, 0.867676, 0.592285, 0.0089759, 0.868652, 0.592285, 0.00852344, 0.869629, 0.592285, 0.00777741, 0.870605, 0.592285, 0.00676563, 0.871582, 0.592285, 0.00552595, 0.872559, 0.592285, 0.00410535, 0.873535, 0.592285, 0.0025574, 0.874512, 0.592285, 0.000941039, 
