{
    "level": 0,
    "idx": {"x": 56, "y": 28},
    "dim": {"x": 8, "y": 8},
    "offset": {"x": 0.437988, "y": 0.219238},
    "cellSize": {"x": 0.000976562, "y": 0.000976562},
    "vertices": [
        0.437988, 0.219238, 0.00490324, 0.438965, 0.219238, 0.00499313, 0.439941, 0.219238, 0.00508448, 0.440918, 0.219238, 0.00517736, 0.441895, 0.219238, 0.0052718, 0.442871, 0.219238, 0.00536785, 0.443848, 0.219238, 0.00546554, 0.444824, 0.219238, 0.00556492, 
        0.437988, 0.220215, 0.00505641, 0.438965, 0.220215, 0.00511206, 0.439941, 0.220215, 0.0051697, 0.440918, 0.220215, 0.0052297, 0.441895, 0.220215, 0.00529246, 0.442871, 0.220215, 0.00535833, 0.443848, 0.220215, 0.00542766, 0.444824, 0.220215, 0.00550078, 
        0.437988, 0.221191, 0.0052162, 0.438965, 0.221191, 0.00523806, 0.439941, 0.221191, 0.00526239, 0.440918, 0.221191, 0.00528994, 0.441895, 0.221191, 0.0053214, 0.442871, 0.221191, 0.00535747, 0.443848, 0.221191, 0.0053988, 0.444824, 0.221191, 0.00544599, 
        0.437988, 0.222168, 0.00538286, 0.438965, 0.222168, 0.00537168, 0.439941, 0.222168, 0.00536348, 0.440918, 0.222168, 0.00535931, 0.441895, 0.222168, 0.0053602, 0.442871, 0.222168, 0.00536716, 0.443848, 0.222168, 0.00538111, 0.444824, 0.222168, 0.00540297, 
        0.437988, 0.223145, 0.00555662, 0.438965, 0.223145, 0.00551351, 0.439941, 0.223145, 0.00547386, 0.440918, 0.223145, 0.00543904, 0.441895, 0.223145, 0.00541039, 0.442871, 0.223145, 0.0053892, 0.443848, 0.223145, 0.00537672, 0.444824, 0.223145, 0.0053741, 
        0.437988, 0.224121, 0.00573769, 0.438965, 0.224121, 0.0056641, 0.439941, 0.224121, 0.00559441, 0.440918, 0.224121, 0.00553031, 0.441895, 0.224121, 0.00547344, 0.442871, 0.224121, 0.00542539, 0.443848, 0.224121, 0.00538766, 0.444824, 0.224121, 0.00536168, 
        0.437988, 0.225098, 0.00592631, 0.438965, 0.225098, 0.00582397, 0.439941, 0.225098, 0.00572596, 0.440918, 0.225098, 0.00563426, 0.441895, 0.225098, 0.00555079, 0.442871, 0.225098, 0.00547741, 0.443848, 0.225098, 0.0054159, 0.444824, 0.225098, 0.00536792, 
        0.437988, 0.226074, 0.00612268, 0.438965, 0.226074, 0.00599363, 0.439941, 0.226074, 0.00586931, 0.440918, 0.226074, 0.00575197, 0.441895, 0.226074, 0.0056438, 0.442871, 0.226074, 0.0055469, 0.443848, 0.226074, 0.00546331, 0.444824, 0.226074, 0.0053949
    ]
}
