{
    "level": 0,
    "idx": {"x": 56, "y": 54},
    "dim": {"x": 16, "y": 16},
    "offset": {"x": 0.875488, "y": 0.844238},
    "cellSize": {"x": 0.000976562, "y": 0.000976562},
    "vertices": [
        0.875488, 0.844238, 0.000855918, 0.876465, 0.844238, 0.00179207, 0.877441, 0.844238, 0.00265961, 0.878418, 0.844238, 0.003425, 0.879395, 0.844238, 0.00405887, 0.880371, 0.844238, 0.00453671, 0.881348, 0.844238, 0.00484019, 0.882324, 0.844238, 0.00495756, 0.883301, 0.844238, 0.00488431, 0.884277, 0.844238, 0.00462325, 0.885254, 0.844238, 0.00418446, 0.88623, 0.844238, 0.00358475, 0.887207, 0.844238, 0.00284731, 0.888184, 0.844238, 0.00200041, 0.88916, 0.844238, 0.00107678, 0.890137, 0.844238, 0.000111829, 
        0.875488, 0.845215, 0.0018282, 0.876465, 0.845215, 0.00383896, 0.877441, 0.845215, 0.00570237, 0.878418, 0.845215, 0.00734639, 0.879395, 0.845215, 0.00870795, 0.880371, 0.845215, 0.00973441, 0.881348, 0.845215, 0.0103864, 0.882324, 0.845215, 0.0106387, 0.883301, 0.845215, 0.0104817, 0.884277, 0.845215, 0.00992125, 0.885254, 0.845215, 0.00897912, 0.88623, 0.845215, 0.00769142, 0.887207, 0.845215, 0.00610792, 0.888184, 0.845215, 0.00428933, 0.88916, 0.845215, 0.00230594, 0.890137, 0.845215, 0.00023383, 
        0.875488, 0.846191, 0.00273041, 0.876465, 0.846191, 0.00573834, 0.877441, 0.846191, 0.00852585, 0.878418, 0.846191, 0.0109852, 0.879395, 0.846191, 0.013022, 0.880371, 0.846191, 0.0145575, 0.881348, 0.846191, 0.0155329, 0.882324, 0.846191, 0.0159105, 0.883301, 0.846191, 0.0156756, 0.884277, 0.846191, 0.0148374, 0.885254, 0.846191, 0.0134283, 0.88623, 0.846191, 0.0115022, 0.887207, 0.846191, 0.00913355, 0.888184, 0.846191, 0.00641329, 0.88916, 0.846191, 0.00344653, 0.890137, 0.846191, 0.000347033, 
        0.875488, 0.847168, 0.00352773, 0.876465, 0.847168, 0.00741694, 0.877441, 0.847168, 0.0110211, 0.878418, 0.847168, 0.014201, 0.879395, 0.847168, 0.0168346, 0.880371, 0.847168, 0.0188201, 0.881348, 0.847168, 0.0200813, 0.882324, 0.847168, 0.0205695, 0.883301, 0.847168, 0.0202659, 0.884277, 0.847168, 0.0191822, 0.885254, 0.847168, 0.0173603, 0.88623, 0.847168, 0.01487, 0.887207, 0.847168, 0.0118075, 0.888184, 0.847168, 0.00829038, 0.88916, 0.847168, 0.00445453, 0.890137, 0.847168, 0.000447065, 
        0.875488, 0.848145, 0.00418959, 0.876465, 0.848145, 0.00881037, 0.877441, 0.848145, 0.0130925, 0.878418, 0.848145, 0.0168706, 0.879395, 0.848145, 0.0199996, 0.880371, 0.848145, 0.0223585, 0.881348, 0.848145, 0.023857, 0.882324, 0.848145, 0.0244371, 0.883301, 0.848145, 0.0240765, 0.884277, 0.848145, 0.022789, 0.885254, 0.848145, 0.0206244, 0.88623, 0.848145, 0.0176657, 0.887207, 0.848145, 0.0140272, 0.888184, 0.848145, 0.00984859, 0.88916, 0.848145, 0.00529129, 0.890137, 0.848145, 0.000530085, 
        0.875488, 0.849121, 0.00469038, 0.876465, 0.849121, 0.00986476, 0.877441, 0.849121, 0.01466, 0.878418, 0.849121, 0.0188906, 0.879395, 0.849121, 0.0223945, 0.880371, 0.849121, 0.0250361, 0.881348, 0.849121, 0.0267141, 0.882324, 0.849121, 0.0273637, 0.883301, 0.849121, 0.0269599, 0.884277, 0.849121, 0.0255182, 0.885254, 0.849121, 0.0230943, 0.88623, 0.849121, 0.0197812, 0.887207, 0.849121, 0.0157069, 0.888184, 0.849121, 0.0110277, 0.88916, 0.849121, 0.00592444, 0.890137, 0.849121, 0.000592878, 
        0.875488, 0.850098, 0.0050109, 0.876465, 0.850098, 0.0105397, 0.877441, 0.850098, 0.0156633, 0.878418, 0.850098, 0.0201837, 0.879395, 0.850098, 0.0239276, 0.880371, 0.850098, 0.0267501, 0.881348, 0.850098, 0.0285431, 0.882324, 0.850098, 0.0292371, 0.883301, 0.850098, 0.0288057, 0.884277, 0.850098, 0.0272653, 0.885254, 0.850098, 0.0246754, 0.88623, 0.850098, 0.0211354, 0.887207, 0.850098, 0.0167821, 0.888184, 0.850098, 0.0117824, 0.88916, 0.850098, 0.00632972, 0.890137, 0.850098, 0.000633032, 
        0.875488, 0.851074, 0.00513874, 0.876465, 0.851074, 0.010809, 0.877441, 0.851074, 0.0160637, 0.878418, 0.851074, 0.0206998, 0.879395, 0.851074, 0.0245395, 0.880371, 0.851074, 0.0274342, 0.881348, 0.851074, 0.0292731, 0.882324, 0.851074, 0.029985, 0.883301, 0.851074, 0.0295425, 0.884277, 0.851074, 0.0279627, 0.885254, 0.851074, 0.0253065, 0.88623, 0.851074, 0.0216759, 0.887207, 0.851074, 0.0172112, 0.888184, 0.851074, 0.0120837, 0.88916, 0.851074, 0.00649143, 0.890137, 0.851074, 0.000648988, 
        0.875488, 0.852051, 0.00506899, 0.876465, 0.852051, 0.0106624, 0.877441, 0.852051, 0.0158459, 0.878418, 0.852051, 0.0204192, 0.879395, 0.852051, 0.0242068, 0.880371, 0.852051, 0.0270623, 0.881348, 0.852051, 0.0288763, 0.882324, 0.852051, 0.0295785, 0.883301, 0.852051, 0.029142, 0.884277, 0.852051, 0.0275836, 0.885254, 0.852051, 0.0249634, 0.88623, 0.852051, 0.0213821, 0.887207, 0.852051, 0.0169779, 0.888184, 0.852051, 0.0119198, 0.88916, 0.852051, 0.00640339, 0.890137, 0.852051, 0.00064013, 
        0.875488, 0.853027, 0.00480434, 0.876465, 0.853027, 0.0101055, 0.877441, 0.853027, 0.0150182, 0.878418, 0.853027, 0.0193526, 0.879395, 0.853027, 0.0229423, 0.880371, 0.853027, 0.0256487, 0.881348, 0.853027, 0.0273678, 0.882324, 0.853027, 0.0280334, 0.883301, 0.853027, 0.0276197, 0.884277, 0.853027, 0.0261427, 0.885254, 0.853027, 0.0236594, 0.88623, 0.853027, 0.0202651, 0.887207, 0.853027, 0.0160911, 0.888184, 0.853027, 0.0112972, 0.88916, 0.853027, 0.00606897, 0.890137, 0.853027, 0.000606796, 
        0.875488, 0.854004, 0.00435495, 0.876465, 0.854004, 0.00915976, 0.877441, 0.854004, 0.0136125, 0.878418, 0.854004, 0.017541, 0.879395, 0.854004, 0.0207946, 0.880371, 0.854004, 0.0232475, 0.881348, 0.854004, 0.0248057, 0.882324, 0.854004, 0.0254089, 0.883301, 0.854004, 0.025034, 0.884277, 0.854004, 0.0236953, 0.885254, 0.854004, 0.0214445, 0.88623, 0.854004, 0.018368, 0.887207, 0.854004, 0.0145847, 0.888184, 0.854004, 0.0102398, 0.88916, 0.854004, 0.00550101, 0.890137, 0.854004, 0.00055026, 
        0.875488, 0.85498, 0.00373816, 0.876465, 0.85498, 0.00786163, 0.877441, 0.85498, 0.0116829, 0.878418, 0.85498, 0.0150544, 0.879395, 0.85498, 0.0178466, 0.880371, 0.85498, 0.0199517, 0.881348, 0.85498, 0.0212889, 0.882324, 0.85498, 0.0218066, 0.883301, 0.85498, 0.0214848, 0.884277, 0.85498, 0.0203359, 0.885254, 0.85498, 0.0184042, 0.88623, 0.85498, 0.015764, 0.887207, 0.85498, 0.0125172, 0.888184, 0.85498, 0.00878827, 0.88916, 0.85498, 0.00472146, 0.890137, 0.85498, 0.000472702, 
        0.875488, 0.855957, 0.00297763, 0.876465, 0.855957, 0.00626093, 0.877441, 0.855957, 0.00930364, 0.878418, 0.855957, 0.0119881, 0.879395, 0.855957, 0.0142114, 0.880371, 0.855957, 0.0158876, 0.881348, 0.855957, 0.0169523, 0.882324, 0.855957, 0.0173645, 0.883301, 0.855957, 0.0171082, 0.884277, 0.855957, 0.0161934, 0.885254, 0.855957, 0.0146553, 0.88623, 0.855957, 0.0125529, 0.887207, 0.855957, 0.00996761, 0.888184, 0.855957, 0.00699844, 0.88916, 0.855957, 0.00376021, 0.890137, 0.855957, 0.000377092, 
        0.875488, 0.856934, 0.00210275, 0.876465, 0.856934, 0.00441952, 0.877441, 0.856934, 0.00656652, 0.878418, 0.856934, 0.00846075, 0.879395, 0.856934, 0.0100295, 0.880371, 0.856934, 0.0112123, 0.881348, 0.856934, 0.0119635, 0.882324, 0.856934, 0.0122543, 0.883301, 0.856934, 0.0120735, 0.884277, 0.856934, 0.0114279, 0.885254, 0.856934, 0.0103425, 0.88623, 0.856934, 0.00885898, 0.887207, 0.856934, 0.00703464, 0.888184, 0.856934, 0.00493946, 0.88916, 0.856934, 0.00265441, 0.890137, 0.856934, 0.000267123, 
        0.875488, 0.85791, 0.00114706, 0.876465, 0.85791, 0.00240802, 0.877441, 0.85791, 0.00357656, 0.878418, 0.85791, 0.00460752, 0.879395, 0.85791, 0.00546136, 0.880371, 0.85791, 0.00610505, 0.881348, 0.85791, 0.00651391, 0.882324, 0.85791, 0.00667212, 0.883301, 0.85791, 0.00657362, 0.884277, 0.85791, 0.00622216, 0.885254, 0.85791, 0.00563133, 0.88623, 0.85791, 0.00482379, 0.887207, 0.85791, 0.00383074, 0.888184, 0.85791, 0.00269027, 0.88916, 0.85791, 0.00144646, 0.890137, 0.85791, 0.000147007, 
