{
    "level": 0,
    "idx": {"x": 56, "y": 126},
    "dim": {"x": 8, "y": 8},
    "offset": {"x": 0.437988, "y": 0.984863},
    "cellSize": {"x": 0.000976562, "y": 0.000976562},
    "vertices": [
        0.437988, 0.984863, -0.00202542, 0.438965, 0.984863, -0.00237539, 0.439941, 0.984863, -0.00271965, 0.440918, 0.984863, -0.00305473, 0.441895, 0.984863, -0.00337726, 0.442871, 0.984863, -0.00368396, 0.443848, 0.984863, -0.0039717, 0.444824, 0.984863, -0.00423755, 
        0.437988, 0.98584, -0.00190113, 0.438965, 0.98584, -0.00224684, 0.439941, 0.98584, -0.00258696, 0.440918, 0.98584, -0.00291807, 0.441895, 0.98584, -0.00323683, 0.442871, 0.98584, -0.00354002, 0.443848, 0.98584, -0.00382456, 0.444824, 0.98584, -0.00408755, 
        0.437988, 0.986816, -0.00177468, 0.438965, 0.986816, -0.00211266, 0.439941, 0.986816, -0.00244522, 0.440918, 0.986816, -0.00276902, 0.441895, 0.986816, -0.00308079, 0.442871, 0.986816, -0.00337739, 0.443848, 0.986816, -0.00365582, 0.444824, 0.986816, -0.00391325, 
        0.437988, 0.987793, -0.00164616, 0.438965, 0.987793, -0.00197304, 0.439941, 0.987793, -0.00229471, 0.440918, 0.987793, -0.00260793, 0.441895, 0.987793, -0.00290956, 0.442871, 0.987793, -0.00319658, 0.443848, 0.987793, -0.00346607, 0.444824, 0.987793, -0.00371529, 
        0.437988, 0.98877, -0.00151566, 0.438965, 0.98877, -0.00182817, 0.439941, 0.98877, -0.00213571, 0.440918, 0.98877, -0.00243522, 0.441895, 0.98877, -0.00272368, 0.442871, 0.98877, -0.0029982, 0.443848, 0.98877, -0.00325601, 0.444824, 0.98877, -0.00349449, 
        0.437988, 0.989746, -0.00138331, 0.438965, 0.989746, -0.00167832, 0.439941, 0.989746, -0.00196867, 0.440918, 0.989746, -0.00225145, 0.441895, 0.989746, -0.00252384, 0.442871, 0.989746, -0.0027831, 0.443848, 0.989746, -0.00302661, 0.444824, 0.989746, -0.00325192, 
        0.437988, 0.990723, -0.00124919, 0.438965, 0.990723, -0.00152377, 0.439941, 0.990723, -0.00179402, 0.440918, 0.990723, -0.00205725, 0.441895, 0.990723, -0.00231083, 0.442871, 0.990723, -0.00255221, 0.443848, 0.990723, -0.00277897, 0.444824, 0.990723, -0.00298881, 
        0.437988, 0.991699, -0.00111348, 0.438965, 0.991699, -0.00136489, 0.439941, 0.991699, -0.00161235, 0.440918, 0.991699, -0.00185339, 0.441895, 0.991699, -0.00208562, 0.442871, 0.991699, -0.0023067, 0.443848, 0.991699, -0.00251441, 0.444824, 0.991699, -0.00270665
    ]
}
