{
    "level": 0,
    "idx": {"x": 56, "y": 61},
    "dim": {"x": 16, "y": 16},
    "offset": {"x": 0.875488, "y": 0.953613},
    "cellSize": {"x": 0.000976562, "y": 0.000976562},
    "vertices": [
        0.875488, 0.953613, -0.000955853, 0.876465, 0.953613, -0.00201233, 0.877441, 0.953613, -0.0029914, 0.878418, 0.953613, -0.0038552, 0.879395, 0.953613, -0.00457062, 0.880371, 0.953613, -0.00510999, 0.881348, 0.953613, -0.00545263, 0.882324, 0.953613, -0.00558529, 0.883301, 0.953613, -0.00550289, 0.884277, 0.953613, -0.00520859, 0.885254, 0.953613, -0.00471375, 0.88623, 0.953613, -0.00403737, 0.887207, 0.953613, -0.00320558, 0.888184, 0.953613, -0.00225028, 0.88916, 0.953613, -0.00120841, 0.890137, 0.953613, -0.000119926, 
        0.875488, 0.95459, -0.00192249, 0.876465, 0.95459, -0.00404708, 0.877441, 0.95459, -0.00601598, 0.878418, 0.95459, -0.0077531, 0.879395, 0.95459, -0.0091918, 0.880371, 0.95459, -0.0102765, 0.881348, 0.95459, -0.0109655, 0.882324, 0.95459, -0.0112323, 0.883301, 0.95459, -0.0110666, 0.884277, 0.95459, -0.0104747, 0.885254, 0.95459, -0.00947961, 0.88623, 0.95459, -0.00811938, 0.887207, 0.95459, -0.00644663, 0.888184, 0.95459, -0.00452552, 0.88916, 0.95459, -0.0024303, 0.890137, 0.95459, -0.000241339, 
        0.875488, 0.955566, -0.00281503, 0.876465, 0.955566, -0.00592584, 0.877441, 0.955566, -0.0088087, 0.878418, 0.955566, -0.0113522, 0.879395, 0.955566, -0.0134587, 0.880371, 0.955566, -0.0150469, 0.881348, 0.955566, -0.0160558, 0.882324, 0.955566, -0.0164464, 0.883301, 0.955566, -0.0162038, 0.884277, 0.955566, -0.0153372, 0.885254, 0.955566, -0.0138801, 0.88623, 0.955566, -0.0118885, 0.887207, 0.955566, -0.00943922, 0.888184, 0.955566, -0.00662633, 0.88916, 0.955566, -0.00355852, 0.890137, 0.955566, -0.000353444, 
        0.875488, 0.956543, -0.00359923, 0.876465, 0.956543, -0.00757655, 0.877441, 0.956543, -0.0112624, 0.878418, 0.956543, -0.0145144, 0.879395, 0.956543, -0.0172077, 0.880371, 0.956543, -0.0192383, 0.881348, 0.956543, -0.0205282, 0.882324, 0.956543, -0.0210276, 0.883301, 0.956543, -0.0207174, 0.884277, 0.956543, -0.0196094, 0.885254, 0.956543, -0.0177465, 0.88623, 0.956543, -0.0152, 0.887207, 0.956543, -0.0120686, 0.888184, 0.956543, -0.00847215, 0.88916, 0.956543, -0.0045498, 0.890137, 0.956543, -0.000451942, 
        0.875488, 0.95752, -0.00424478, 0.876465, 0.95752, -0.00893542, 0.877441, 0.95752, -0.0132823, 0.878418, 0.95752, -0.0171175, 0.879395, 0.95752, -0.0202939, 0.880371, 0.95752, -0.0226886, 0.881348, 0.95752, -0.0242098, 0.882324, 0.95752, -0.0247988, 0.883301, 0.95752, -0.024433, 0.884277, 0.95752, -0.0231263, 0.885254, 0.95752, -0.0209292, 0.88623, 0.95752, -0.0179261, 0.887207, 0.95752, -0.014233, 0.888184, 0.95752, -0.00999162, 0.88916, 0.95752, -0.00536581, 0.890137, 0.95752, -0.000533026, 
        0.875488, 0.958496, -0.00472693, 0.876465, 0.958496, -0.00995031, 0.877441, 0.958496, -0.0147909, 0.878418, 0.958496, -0.0190617, 0.879395, 0.958496, -0.0225988, 0.880371, 0.958496, -0.0252655, 0.881348, 0.958496, -0.0269596, 0.882324, 0.958496, -0.0276155, 0.883301, 0.958496, -0.027208, 0.884277, 0.958496, -0.0257529, 0.885254, 0.958496, -0.0233064, 0.88623, 0.958496, -0.0199622, 0.887207, 0.958496, -0.0158496, 0.888184, 0.958496, -0.0111265, 0.88916, 0.958496, -0.00597527, 0.890137, 0.958496, -0.000593587, 
        0.875488, 0.959473, -0.00502703, 0.876465, 0.959473, -0.010582, 0.877441, 0.959473, -0.0157299, 0.878418, 0.959473, -0.0202718, 0.879395, 0.959473, -0.0240335, 0.880371, 0.959473, -0.0268695, 0.881348, 0.959473, -0.0286711, 0.882324, 0.959473, -0.0293686, 0.883301, 0.959473, -0.0289353, 0.884277, 0.959473, -0.0273878, 0.885254, 0.959473, -0.0247859, 0.88623, 0.959473, -0.0212294, 0.887207, 0.959473, -0.0168558, 0.888184, 0.959473, -0.0118328, 0.88916, 0.959473, -0.00635461, 0.890137, 0.959473, -0.000631283, 
        0.875488, 0.960449, -0.00513357, 0.876465, 0.960449, -0.0108063, 0.877441, 0.960449, -0.0160633, 0.878418, 0.960449, -0.0207014, 0.879395, 0.960449, -0.0245428, 0.880371, 0.960449, -0.0274389, 0.881348, 0.960449, -0.0292787, 0.882324, 0.960449, -0.029991, 0.883301, 0.960449, -0.0295485, 0.884277, 0.960449, -0.0279682, 0.885254, 0.960449, -0.0253112, 0.88623, 0.960449, -0.0216793, 0.887207, 0.960449, -0.017213, 0.888184, 0.960449, -0.0120836, 0.88916, 0.960449, -0.00648929, 0.890137, 0.960449, -0.000644669, 
        0.875488, 0.961426, -0.00504245, 0.876465, 0.961426, -0.0106145, 0.877441, 0.961426, -0.0157782, 0.878418, 0.961426, -0.020334, 0.879395, 0.961426, -0.0241071, 0.880371, 0.961426, -0.0269518, 0.881348, 0.961426, -0.0287589, 0.882324, 0.961426, -0.0294586, 0.883301, 0.961426, -0.029024, 0.884277, 0.961426, -0.0274718, 0.885254, 0.961426, -0.0248619, 0.88623, 0.961426, -0.0212945, 0.887207, 0.961426, -0.0169075, 0.888184, 0.961426, -0.0118691, 0.88916, 0.961426, -0.00637409, 0.890137, 0.961426, -0.000633227, 
        0.875488, 0.962402, -0.00475715, 0.876465, 0.962402, -0.0100139, 0.877441, 0.962402, -0.0148854, 0.878418, 0.962402, -0.0191835, 0.879395, 0.962402, -0.0227432, 0.880371, 0.962402, -0.0254269, 0.881348, 0.962402, -0.0271318, 0.882324, 0.962402, -0.0277919, 0.883301, 0.962402, -0.0273818, 0.884277, 0.962402, -0.0259174, 0.885254, 0.962402, -0.0234552, 0.88623, 0.962402, -0.0200897, 0.887207, 0.962402, -0.0159509, 0.888184, 0.962402, -0.0111975, 0.88916, 0.962402, -0.00601345, 0.890137, 0.962402, -0.000597397, 
        0.875488, 0.963379, -0.00428865, 0.876465, 0.963379, -0.00902772, 0.877441, 0.963379, -0.0134195, 0.878418, 0.963379, -0.0172943, 0.879395, 0.963379, -0.0205034, 0.880371, 0.963379, -0.0229229, 0.881348, 0.963379, -0.0244598, 0.882324, 0.963379, -0.0250549, 0.883301, 0.963379, -0.0246853, 0.884277, 0.963379, -0.0233651, 0.885254, 0.963379, -0.0211454, 0.88623, 0.963379, -0.0181112, 0.887207, 0.963379, -0.01438, 0.888184, 0.963379, -0.0100948, 0.88916, 0.963379, -0.00542124, 0.890137, 0.963379, -0.000538558, 
        0.875488, 0.964355, -0.00365507, 0.876465, 0.964355, -0.00769402, 0.877441, 0.964355, -0.011437, 0.878418, 0.964355, -0.0147394, 0.879395, 0.964355, -0.0174744, 0.880371, 0.964355, -0.0195364, 0.881348, 0.964355, -0.0208463, 0.882324, 0.964355, -0.0213535, 0.883301, 0.964355, -0.0210385, 0.884277, 0.964355, -0.0199133, 0.885254, 0.964355, -0.0180215, 0.88623, 0.964355, -0.0154356, 0.887207, 0.964355, -0.0122556, 0.888184, 0.964355, -0.00860348, 0.88916, 0.964355, -0.00462034, 0.890137, 0.964355, -0.000458984, 
        0.875488, 0.965332, -0.00288068, 0.876465, 0.965332, -0.00606395, 0.877441, 0.965332, -0.00901396, 0.878418, 0.965332, -0.0116167, 0.879395, 0.965332, -0.0137723, 0.880371, 0.965332, -0.0153975, 0.881348, 0.965332, -0.0164298, 0.882324, 0.965332, -0.0168296, 0.883301, 0.965332, -0.0165813, 0.884277, 0.965332, -0.0156945, 0.885254, 0.965332, -0.0142035, 0.88623, 0.965332, -0.0121654, 0.887207, 0.965332, -0.00965916, 0.888184, 0.965332, -0.00678074, 0.88916, 0.965332, -0.00364146, 0.890137, 0.965332, -0.000361726, 
        0.875488, 0.966309, -0.00199544, 0.876465, 0.966309, -0.00420052, 0.877441, 0.966309, -0.00624403, 0.878418, 0.966309, -0.00804696, 0.879395, 0.966309, -0.00954018, 0.880371, 0.966309, -0.0106659, 0.881348, 0.966309, -0.0113811, 0.882324, 0.966309, -0.011658, 0.883301, 0.966309, -0.011486, 0.884277, 0.966309, -0.0108717, 0.885254, 0.966309, -0.00983888, 0.88623, 0.966309, -0.00842711, 0.887207, 0.966309, -0.00669097, 0.888184, 0.966309, -0.00469706, 0.88916, 0.966309, -0.00252245, 0.890137, 0.966309, -0.000250543, 
