{
    "level": 0,
    "idx": {"x": 56, "y": 71},
    "dim": {"x": 8, "y": 8},
    "offset": {"x": 0.437988, "y": 0.555176},
    "cellSize": {"x": 0.000976562, "y": 0.000976562},
    "vertices": [
        0.437988, 0.555176, 0.221101, 0.438965, 0.555176, 0.222008, 0.439941, 0.555176, 0.222908, 0.440918, 0.555176, 0.223804, 0.441895, 0.555176, 0.224697, 0.442871, 0.555176, 0.225589, 0.443848, 0.555176, 0.226482, 0.444824, 0.555176, 0.227377, 
        0.437988, 0.556152, 0.220055, 0.438965, 0.556152, 0.220986, 0.439941, 0.556152, 0.22191, 0.440918, 0.556152, 0.222828, 0.441895, 0.556152, 0.223743, 0.442871, 0.556152, 0.224655, 0.443848, 0.556152, 0.225568, 0.444824, 0.556152, 0.226482, 
        0.437988, 0.557129, 0.219, 0.438965, 0.557129, 0.219956, 0.439941, 0.557129, 0.220905, 0.440918, 0.557129, 0.221848, 0.441895, 0.557129, 0.222786, 0.442871, 0.557129, 0.223722, 0.443848, 0.557129, 0.224655, 0.444824, 0.557129, 0.225589, 
        0.437988, 0.558105, 0.217934, 0.438965, 0.558105, 0.218918, 0.439941, 0.558105, 0.219894, 0.440918, 0.558105, 0.220863, 0.441895, 0.558105, 0.221827, 0.442871, 0.558105, 0.222786, 0.443848, 0.558105, 0.223743, 0.444824, 0.558105, 0.224697, 
        0.437988, 0.559082, 0.216859, 0.438965, 0.559082, 0.217871, 0.439941, 0.559082, 0.218876, 0.440918, 0.559082, 0.219873, 0.441895, 0.559082, 0.220863, 0.442871, 0.559082, 0.221848, 0.443848, 0.559082, 0.222828, 0.444824, 0.559082, 0.223804, 
        0.437988, 0.560059, 0.215774, 0.438965, 0.560059, 0.216816, 0.439941, 0.560059, 0.21785, 0.440918, 0.560059, 0.218876, 0.441895, 0.560059, 0.219894, 0.442871, 0.560059, 0.220905, 0.443848, 0.560059, 0.22191, 0.444824, 0.560059, 0.222909, 
        0.437988, 0.561035, 0.214679, 0.438965, 0.561035, 0.215752, 0.439941, 0.561035, 0.216816, 0.440918, 0.561035, 0.217871, 0.441895, 0.561035, 0.218918, 0.442871, 0.561035, 0.219956, 0.443848, 0.561035, 0.220986, 0.444824, 0.561035, 0.222008, 
        0.437988, 0.562012, 0.213575, 0.438965, 0.562012, 0.214679, 0.439941, 0.562012, 0.215774, 0.440918, 0.562012, 0.216859, 0.441895, 0.562012, 0.217934, 0.442871, 0.562012, 0.219, 0.443848, 0.562012, 0.220055, 0.444824, 0.562012, 0.221101
    ]
}
