{
    "level": 0,
    "idx": {"x": 57, "y": 41},
    "dim": {"x": 16, "y": 16},
    "offset": {"x": 0.891113, "y": 0.641113},
    "cellSize": {"x": 0.000976562, "y": 0.000976562},
    "vertices": [
        0.891113, 0.641113, 0.000935725, 0.89209, 0.641113, 0.00163908, 0.893066, 0.641113, 0.00229, 0.894043, 0.641113, 0.00286305, 0.89502, 0.641113, 0.00333594, 0.895996, 0.641113, 0.00369008, 0.896973, 0.641113, 0.0039116, 0.897949, 0.641113, 0.00399164, 0.898926, 0.641113, 0.00392685, 0.899902, 0.641113, 0.00371946, 0.900879, 0.641113, 0.00337717, 0.901855, 0.641113, 0.00291293, 0.902832, 0.641113, 0.00234432, 0.903809, 0.641113, 0.00169301, 0.904785, 0.641113, 0.000983901, 0.905762, 0.641113, 0.000243963, 
        0.891113, 0.64209, 0.00193208, 0.89209, 0.64209, 0.00371994, 0.893066, 0.64209, 0.00537512, 0.894043, 0.64209, 0.00683346, 0.89502, 0.64209, 0.00803871, 0.895996, 0.64209, 0.00894398, 0.896973, 0.64209, 0.00951426, 0.897949, 0.64209, 0.00972721, 0.898926, 0.64209, 0.0095744, 0.899902, 0.64209, 0.00906145, 0.900879, 0.64209, 0.00820778, 0.901855, 0.64209, 0.00704613, 0.902832, 0.64209, 0.00562081, 0.903809, 0.64209, 0.00398654, 0.904785, 0.64209, 0.00220617, 0.905762, 0.64209, 0.000347733, 
        0.891113, 0.643066, 0.00286477, 0.89209, 0.643066, 0.00566806, 0.893066, 0.643066, 0.00826354, 0.894043, 0.643066, 0.0105508, 0.89502, 0.643066, 0.0124417, 0.895996, 0.643066, 0.013863, 0.896973, 0.643066, 0.0147598, 0.897949, 0.643066, 0.0150972, 0.898926, 0.643066, 0.014862, 0.899902, 0.643066, 0.014063, 0.900879, 0.643066, 0.0127305, 0.901855, 0.643066, 0.0109159, 0.902832, 0.643066, 0.00868845, 0.903809, 0.643066, 0.00613385, 0.904785, 0.643066, 0.00335045, 0.905762, 0.643066, 0.000444776, 
        0.891113, 0.644043, 0.00369764, 0.89209, 0.644043, 0.00740802, 0.893066, 0.644043, 0.0108435, 0.894043, 0.644043, 0.0138712, 0.89502, 0.644043, 0.0163747, 0.895996, 0.644043, 0.0182569, 0.896973, 0.644043, 0.0194455, 0.897949, 0.644043, 0.0198941, 0.898926, 0.644043, 0.0195852, 0.899902, 0.644043, 0.0185306, 0.900879, 0.644043, 0.0167705, 0.901855, 0.644043, 0.0143725, 0.902832, 0.644043, 0.0114286, 0.903809, 0.644043, 0.00805183, 0.904785, 0.644043, 0.00437243, 0.905762, 0.644043, 0.000531268, 
        0.891113, 0.64502, 0.00439861, 0.89209, 0.64502, 0.00887297, 0.893066, 0.64502, 0.0130159, 0.894043, 0.64502, 0.0166672, 0.89502, 0.64502, 0.0196866, 0.895996, 0.64502, 0.0219571, 0.896973, 0.64502, 0.0233914, 0.897949, 0.64502, 0.0239336, 0.898926, 0.64502, 0.0235628, 0.899902, 0.64502, 0.022293, 0.900879, 0.64502, 0.0201726, 0.901855, 0.64502, 0.0172834, 0.902832, 0.64502, 0.013736, 0.903809, 0.64502, 0.00966686, 0.904785, 0.64502, 0.00523286, 0.905762, 0.64502, 0.000603818, 
        0.891113, 0.645996, 0.00494048, 0.89209, 0.645996, 0.0100062, 0.893066, 0.645996, 0.0146966, 0.894043, 0.645996, 0.0188307, 0.89502, 0.645996, 0.0222494, 0.895996, 0.645996, 0.0248205, 0.896973, 0.645996, 0.0264449, 0.897949, 0.645996, 0.0270596, 0.898926, 0.645996, 0.0266408, 0.899902, 0.645996, 0.0252044, 0.900879, 0.645996, 0.0228053, 0.901855, 0.645996, 0.0195359, 0.902832, 0.645996, 0.0155214, 0.903809, 0.645996, 0.0109164, 0.904785, 0.645996, 0.00589838, 0.905762, 0.645996, 0.000659547, 
        0.891113, 0.646973, 0.00530234, 0.89209, 0.646973, 0.010764, 0.893066, 0.646973, 0.0158212, 0.894043, 0.646973, 0.0202785, 0.89502, 0.646973, 0.0239647, 0.895996, 0.646973, 0.026737, 0.896973, 0.646973, 0.0284888, 0.897949, 0.646973, 0.0291521, 0.898926, 0.646973, 0.0287012, 0.899902, 0.646973, 0.0271533, 0.900879, 0.646973, 0.0245676, 0.901855, 0.646973, 0.0210436, 0.902832, 0.646973, 0.0167164, 0.903809, 0.646973, 0.0117525, 0.904785, 0.646973, 0.00634339, 0.905762, 0.646973, 0.000696246, 
        0.891113, 0.647949, 0.00547009, 0.89209, 0.647949, 0.0111172, 0.893066, 0.647949, 0.016346, 0.894043, 0.647949, 0.0209547, 0.89502, 0.647949, 0.0247661, 0.895996, 0.647949, 0.0276326, 0.896973, 0.647949, 0.029444, 0.897949, 0.647949, 0.0301301, 0.898926, 0.647949, 0.0296643, 0.899902, 0.647949, 0.0280642, 0.900879, 0.647949, 0.0253911, 0.901855, 0.647949, 0.021748, 0.902832, 0.647949, 0.0172745, 0.903809, 0.647949, 0.0121427, 0.904785, 0.647949, 0.00655063, 0.905762, 0.647949, 0.000712423, 
        0.891113, 0.648926, 0.00543719, 0.89209, 0.648926, 0.0110519, 0.893066, 0.648926, 0.0162508, 0.894043, 0.648926, 0.0208331, 0.89502, 0.648926, 0.0246226, 0.895996, 0.648926, 0.0274727, 0.896973, 0.648926, 0.0292738, 0.897949, 0.648926, 0.029956, 0.898926, 0.648926, 0.0294929, 0.899902, 0.648926, 0.0279021, 0.900879, 0.648926, 0.0252443, 0.901855, 0.648926, 0.0216222, 0.902832, 0.648926, 0.0171743, 0.903809, 0.648926, 0.0120721, 0.904785, 0.648926, 0.00651207, 0.905762, 0.648926, 0.000707386, 
        0.891113, 0.649902, 0.00520476, 0.89209, 0.649902, 0.0105706, 0.893066, 0.649902, 0.0155391, 0.894043, 0.649902, 0.0199182, 0.89502, 0.649902, 0.0235397, 0.895996, 0.649902, 0.0262634, 0.896973, 0.649902, 0.0279846, 0.897949, 0.649902, 0.0286363, 0.898926, 0.649902, 0.0281935, 0.899902, 0.649902, 0.0266729, 0.900879, 0.649902, 0.0241327, 0.901855, 0.649902, 0.0206707, 0.902832, 0.649902, 0.0164196, 0.903809, 0.649902, 0.0115431, 0.904785, 0.649902, 0.00622909, 0.905762, 0.649902, 0.000681253, 
        0.891113, 0.650879, 0.00478167, 0.89209, 0.650879, 0.00969181, 0.893066, 0.650879, 0.0142383, 0.894043, 0.650879, 0.0182454, 0.89502, 0.650879, 0.0215592, 0.895996, 0.650879, 0.0240514, 0.896973, 0.650879, 0.025626, 0.897949, 0.650879, 0.026222, 0.898926, 0.650879, 0.0258163, 0.899902, 0.650879, 0.0244242, 0.900879, 0.650879, 0.022099, 0.901855, 0.650879, 0.0189303, 0.902832, 0.650879, 0.0150394, 0.903809, 0.650879, 0.0105762, 0.904785, 0.650879, 0.00571256, 0.905762, 0.650879, 0.000634964, 
        0.891113, 0.651855, 0.00418405, 0.89209, 0.651855, 0.00844905, 0.893066, 0.651855, 0.0123981, 0.894043, 0.651855, 0.0158786, 0.89502, 0.651855, 0.0187568, 0.895996, 0.651855, 0.0209212, 0.896973, 0.651855, 0.0222885, 0.897949, 0.651855, 0.0228055, 0.898926, 0.651855, 0.0224523, 0.899902, 0.651855, 0.0212422, 0.900879, 0.651855, 0.0192213, 0.901855, 0.651855, 0.0164677, 0.902832, 0.651855, 0.0130866, 0.903809, 0.651855, 0.00920833, 0.904785, 0.651855, 0.00498223, 0.905762, 0.651855, 0.000570224, 
        0.891113, 0.652832, 0.00343487, 0.89209, 0.652832, 0.00689029, 0.893066, 0.652832, 0.0100897, 0.894043, 0.652832, 0.0129094, 0.89502, 0.652832, 0.0152409, 0.895996, 0.652832, 0.0169939, 0.896973, 0.652832, 0.0181009, 0.897949, 0.652832, 0.0185189, 0.898926, 0.652832, 0.0182315, 0.899902, 0.652832, 0.0172496, 0.900879, 0.652832, 0.0156107, 0.901855, 0.652832, 0.0133779, 0.902832, 0.652832, 0.0106367, 0.903809, 0.652832, 0.00749238, 0.904785, 0.652832, 0.00406624, 0.905762, 0.652832, 0.000489463, 
        0.891113, 0.653809, 0.00256276, 0.89209, 0.653809, 0.0050752, 0.893066, 0.653809, 0.00740139, 0.894043, 0.653809, 0.00945133, 0.89502, 0.653809, 0.0111461, 0.895996, 0.653809, 0.01242, 0.896973, 0.653809, 0.0132239, 0.897949, 0.653809, 0.0135264, 0.898926, 0.653809, 0.0133157, 0.899902, 0.653809, 0.0125997, 0.900879, 0.653809, 0.0114056, 0.901855, 0.653809, 0.00977949, 0.902832, 0.653809, 0.00778336, 0.903809, 0.653809, 0.00549404, 0.904785, 0.653809, 0.00299967, 0.905762, 0.653809, 0.000395708, 
        0.891113, 0.654785, 0.00160131, 0.89209, 0.654785, 0.00307383, 0.893066, 0.654785, 0.00443704, 0.894043, 0.654785, 0.00563811, 0.89502, 0.654785, 0.0066307, 0.895996, 0.654785, 0.00737618, 0.896973, 0.654785, 0.00784571, 0.897949, 0.654785, 0.00802089, 0.898926, 0.654785, 0.00789476, 0.899902, 0.654785, 0.00747197, 0.900879, 0.654785, 0.0067685, 0.901855, 0.654785, 0.00581134, 0.902832, 0.654785, 0.00463698, 0.903809, 0.654785, 0.00329049, 0.904785, 0.654785, 0.00182365, 0.905762, 0.654785, 0.000292515, 
