{
    "level": 0,
    "idx": {"x": 57, "y": 75},
    "dim": {"x": 8, "y": 8},
    "offset": {"x": 0.445801, "y": 0.586426},
    "cellSize": {"x": 0.000976562, "y": 0.000976562},
    "vertices": [
        0.445801, 0.586426, 0.192553, 0.446777, 0.586426, 0.193619, 0.447754, 0.586426, 0.194656, 0.44873, 0.586426, 0.195662, 0.449707, 0.586426, 0.196637, 0.450684, 0.586426, 0.197579, 0.45166, 0.586426, 0.198487, 0.452637, 0.586426, 0.199361, 
        0.445801, 0.587402, 0.191004, 0.446777, 0.587402, 0.192046, 0.447754, 0.587402, 0.193061, 0.44873, 0.587402, 0.194049, 0.449707, 0.587402, 0.195007, 0.450684, 0.587402, 0.195935, 0.45166, 0.587402, 0.196832, 0.452637, 0.587402, 0.197698, 
        0.445801, 0.588379, 0.189435, 0.446777, 0.588379, 0.190452, 0.447754, 0.588379, 0.191445, 0.44873, 0.588379, 0.192412, 0.449707, 0.588379, 0.193353, 0.450684, 0.588379, 0.194267, 0.45166, 0.588379, 0.195153, 0.452637, 0.588379, 0.19601, 
        0.445801, 0.589355, 0.18785, 0.446777, 0.589355, 0.18884, 0.447754, 0.589355, 0.189809, 0.44873, 0.589355, 0.190756, 0.449707, 0.589355, 0.191679, 0.450684, 0.589355, 0.192577, 0.45166, 0.589355, 0.193451, 0.452637, 0.589355, 0.194299, 
        0.445801, 0.590332, 0.18625, 0.446777, 0.590332, 0.187213, 0.447754, 0.590332, 0.188158, 0.44873, 0.590332, 0.189082, 0.449707, 0.590332, 0.189986, 0.450684, 0.590332, 0.190869, 0.45166, 0.590332, 0.191731, 0.452637, 0.590332, 0.19257, 
        0.445801, 0.591309, 0.184639, 0.446777, 0.591309, 0.185574, 0.447754, 0.591309, 0.186493, 0.44873, 0.591309, 0.187395, 0.449707, 0.591309, 0.18828, 0.450684, 0.591309, 0.189147, 0.45166, 0.591309, 0.189996, 0.452637, 0.591309, 0.190827, 
        0.445801, 0.592285, 0.183019, 0.446777, 0.592285, 0.183925, 0.447754, 0.592285, 0.184818, 0.44873, 0.592285, 0.185697, 0.449707, 0.592285, 0.186563, 0.450684, 0.592285, 0.187414, 0.45166, 0.592285, 0.18825, 0.452637, 0.592285, 0.189071, 
        0.445801, 0.593262, 0.181392, 0.446777, 0.593262, 0.182269, 0.447754, 0.593262, 0.183136, 0.44873, 0.593262, 0.183993, 0.449707, 0.593262, 0.184838, 0.450684, 0.593262, 0.185673, 0.45166, 0.593262, 0.186496, 0.452637, 0.593262, 0.187308
    ]
}
