{
    "level": 0,
    "idx": {"x": 57, "y": 82},
    "dim": {"x": 8, "y": 8},
    "offset": {"x": 0.445801, "y": 0.641113},
    "cellSize": {"x": 0.000976562, "y": 0.000976562},
    "vertices": [
        0.445801, 0.641113, 0.119088, 0.446777, 0.641113, 0.119863, 0.447754, 0.641113, 0.120603, 0.44873, 0.641113, 0.121305, 0.449707, 0.641113, 0.121968, 0.450684, 0.641113, 0.122592, 0.45166, 0.641113, 0.123173, 0.452637, 0.641113, 0.123712, 
        0.445801, 0.64209, 0.117839, 0.446777, 0.64209, 0.118604, 0.447754, 0.64209, 0.119335, 0.44873, 0.64209, 0.120029, 0.449707, 0.64209, 0.120684, 0.450684, 0.64209, 0.121299, 0.45166, 0.64209, 0.121873, 0.452637, 0.64209, 0.122405, 
        0.445801, 0.643066, 0.11657, 0.446777, 0.643066, 0.117324, 0.447754, 0.643066, 0.118043, 0.44873, 0.643066, 0.118727, 0.449707, 0.643066, 0.119372, 0.450684, 0.643066, 0.119979, 0.45166, 0.643066, 0.120545, 0.452637, 0.643066, 0.12107, 
        0.445801, 0.644043, 0.115282, 0.446777, 0.644043, 0.116022, 0.447754, 0.644043, 0.116729, 0.44873, 0.644043, 0.1174, 0.449707, 0.644043, 0.118035, 0.450684, 0.644043, 0.118631, 0.45166, 0.644043, 0.119189, 0.452637, 0.644043, 0.119706, 
        0.445801, 0.64502, 0.113976, 0.446777, 0.64502, 0.1147, 0.447754, 0.64502, 0.115392, 0.44873, 0.64502, 0.11605, 0.449707, 0.64502, 0.116672, 0.450684, 0.64502, 0.117258, 0.45166, 0.64502, 0.117806, 0.452637, 0.64502, 0.118315, 
        0.445801, 0.645996, 0.112653, 0.446777, 0.645996, 0.113359, 0.447754, 0.645996, 0.114034, 0.44873, 0.645996, 0.114677, 0.449707, 0.645996, 0.115286, 0.450684, 0.645996, 0.11586, 0.45166, 0.645996, 0.116398, 0.452637, 0.645996, 0.116899, 
        0.445801, 0.646973, 0.111314, 0.446777, 0.646973, 0.112, 0.447754, 0.646973, 0.112658, 0.44873, 0.646973, 0.113284, 0.449707, 0.646973, 0.113879, 0.450684, 0.646973, 0.11444, 0.45166, 0.646973, 0.114967, 0.452637, 0.646973, 0.115459, 
        0.445801, 0.647949, 0.109962, 0.446777, 0.647949, 0.110626, 0.447754, 0.647949, 0.111263, 0.44873, 0.647949, 0.111872, 0.449707, 0.647949, 0.112451, 0.450684, 0.647949, 0.112999, 0.45166, 0.647949, 0.113515, 0.452637, 0.647949, 0.113998
    ]
}
