{
    "level": 0,
    "idx": {"x": 57, "y": 9},
    "dim": {"x": 8, "y": 8},
    "offset": {"x": 0.445801, "y": 0.0708008},
    "cellSize": {"x": 0.000976562, "y": 0.000976562},
    "vertices": [
        0.445801, 0.0708008, 0.0083372, 0.446777, 0.0708008, 0.00843439, 0.447754, 0.0708008, 0.00850887, 0.44873, 0.0708008, 0.00855925, 0.449707, 0.0708008, 0.00858435, 0.450684, 0.0708008, 0.00858322, 0.45166, 0.0708008, 0.00855514, 0.452637, 0.0708008, 0.00849963, 
        0.445801, 0.0717773, 0.00855106, 0.446777, 0.0717773, 0.00866336, 0.447754, 0.0717773, 0.00875103, 0.44873, 0.0717773, 0.00881258, 0.449707, 0.0717773, 0.0088467, 0.450684, 0.0717773, 0.00885236, 0.45166, 0.0717773, 0.00882876, 0.452637, 0.0717773, 0.00877538, 
        0.445801, 0.0727539, 0.00874224, 0.446777, 0.0727539, 0.0088679, 0.447754, 0.0727539, 0.00896725, 0.44873, 0.0727539, 0.00903868, 0.449707, 0.0727539, 0.00908078, 0.450684, 0.0727539, 0.00909243, 0.45166, 0.0727539, 0.00907278, 0.452637, 0.0727539, 0.00902128, 
        0.445801, 0.0737305, 0.00890917, 0.446777, 0.0737305, 0.00904633, 0.447754, 0.0737305, 0.00915573, 0.44873, 0.0737305, 0.00923564, 0.449707, 0.0737305, 0.00928459, 0.450684, 0.0737305, 0.00930139, 0.45166, 0.0737305, 0.00928514, 0.452637, 0.0737305, 0.00923524, 
        0.445801, 0.074707, 0.00905054, 0.446777, 0.074707, 0.0091972, 0.447754, 0.074707, 0.00931491, 0.44873, 0.074707, 0.00940184, 0.449707, 0.074707, 0.00945645, 0.450684, 0.074707, 0.0094775, 0.45166, 0.074707, 0.00946404, 0.452637, 0.074707, 0.00941544, 
        0.445801, 0.0756836, 0.00916522, 0.446777, 0.0756836, 0.00931932, 0.447754, 0.0756836, 0.00944351, 0.44873, 0.0756836, 0.00953592, 0.449707, 0.0756836, 0.00959495, 0.450684, 0.0756836, 0.00961931, 0.45166, 0.0756836, 0.00960801, 0.452637, 0.0756836, 0.00956041, 
        0.445801, 0.0766602, 0.00925236, 0.446777, 0.0766602, 0.00941175, 0.447754, 0.0766602, 0.00954054, 0.44873, 0.0766602, 0.00963684, 0.449707, 0.0766602, 0.00969899, 0.450684, 0.0766602, 0.00972567, 0.45166, 0.0766602, 0.00971588, 0.452637, 0.0766602, 0.00966896, 
        0.445801, 0.0776367, 0.00931134, 0.446777, 0.0776367, 0.00947381, 0.447754, 0.0776367, 0.00960528, 0.44873, 0.0776367, 0.00970382, 0.449707, 0.0776367, 0.00976777, 0.450684, 0.0776367, 0.00979578, 0.45166, 0.0776367, 0.00978683, 0.452637, 0.0776367, 0.00974025
    ]
}
