{
    "level": 0,
    "idx": {"x": 57, "y": 1},
    "dim": {"x": 8, "y": 8},
    "offset": {"x": 0.445801, "y": 0.00830078},
    "cellSize": {"x": 0.000976562, "y": 0.000976562},
    "vertices": [
        0.445801, 0.00830078, 0.00291228, 0.446777, 0.00830078, 0.00306805, 0.447754, 0.00830078, 0.003203, 0.44873, 0.00830078, 0.00331575, 0.449707, 0.00830078, 0.0034051, 0.450684, 0.00830078, 0.00347007, 0.45166, 0.00830078, 0.00350994, 0.452637, 0.00830078, 0.0035242, 
        0.445801, 0.00927734, 0.00321163, 0.446777, 0.00927734, 0.00338157, 0.447754, 0.00927734, 0.00352876, 0.44873, 0.00927734, 0.00365165, 0.449707, 0.00927734, 0.00374896, 0.450684, 0.00927734, 0.00381961, 0.45166, 0.00927734, 0.00386281, 0.452637, 0.00927734, 0.00387801, 
        0.445801, 0.0102539, 0.00349001, 0.446777, 0.0102539, 0.00367237, 0.447754, 0.0102539, 0.00383025, 0.44873, 0.0102539, 0.00396199, 0.449707, 0.0102539, 0.00406619, 0.450684, 0.0102539, 0.00414172, 0.45166, 0.0102539, 0.00418771, 0.452637, 0.0102539, 0.00420356, 
        0.445801, 0.0112305, 0.00374581, 0.446777, 0.0112305, 0.00393871, 0.447754, 0.0112305, 0.00410563, 0.44873, 0.0112305, 0.00424481, 0.449707, 0.0112305, 0.00435477, 0.450684, 0.0112305, 0.00443431, 0.45166, 0.0112305, 0.0044825, 0.452637, 0.0112305, 0.00449871, 
        0.445801, 0.012207, 0.00397766, 0.446777, 0.012207, 0.0041791, 0.447754, 0.012207, 0.0043533, 0.44873, 0.012207, 0.00449844, 0.449707, 0.012207, 0.00461295, 0.450684, 0.012207, 0.00469557, 0.45166, 0.012207, 0.00474534, 0.452637, 0.012207, 0.00476161, 
        0.445801, 0.0131836, 0.00418439, 0.446777, 0.0131836, 0.00439228, 0.447754, 0.0131836, 0.00457194, 0.44873, 0.0131836, 0.00472147, 0.449707, 0.0131836, 0.00483927, 0.450684, 0.0131836, 0.00492401, 0.45166, 0.0131836, 0.00497471, 0.452637, 0.0131836, 0.00499069, 
        0.445801, 0.0141602, 0.00436509, 0.446777, 0.0141602, 0.00457727, 0.447754, 0.0141602, 0.00476048, 0.44873, 0.0141602, 0.0049128, 0.449707, 0.0141602, 0.00503256, 0.450684, 0.0141602, 0.00511843, 0.45166, 0.0141602, 0.00516939, 0.452637, 0.0141602, 0.00518474, 
        0.445801, 0.0151367, 0.00451909, 0.446777, 0.0151367, 0.00473333, 0.447754, 0.0151367, 0.00491815, 0.44873, 0.0151367, 0.0050716, 0.449707, 0.0151367, 0.00519199, 0.450684, 0.0151367, 0.00527797, 0.45166, 0.0151367, 0.00532849, 0.452637, 0.0151367, 0.00534287
    ]
}
