{
    "level": 0,
    "idx": {"x": 58, "y": 28},
    "dim": {"x": 16, "y": 16},
    "offset": {"x": 0.906738, "y": 0.437988},
    "cellSize": {"x": 0.000976562, "y": 0.000976562},
    "vertices": [
        0.906738, 0.437988, 0.00077987, 0.907715, 0.437988, 0.00125605, 0.908691, 0.437988, 0.0016962, 0.909668, 0.437988, 0.00208303, 0.910645, 0.437988, 0.00240122, 0.911621, 0.437988, 0.00263819, 0.912598, 0.437988, 0.00278444, 0.913574, 0.437988, 0.002834, 0.914551, 0.437988, 0.00278462, 0.915527, 0.437988, 0.00263787, 0.916504, 0.437988, 0.00239909, 0.91748, 0.437988, 0.0020772, 0.918457, 0.437988, 0.00168423, 0.919434, 0.437988, 0.00123509, 0.92041, 0.437988, 0.000746733, 0.921387, 0.437988, 0.000237758, 
        0.906738, 0.438965, 0.00180676, 0.907715, 0.438965, 0.00337541, 0.908691, 0.438965, 0.00482639, 0.909668, 0.438965, 0.00610367, 0.910645, 0.438965, 0.00715749, 0.911621, 0.438965, 0.00794706, 0.912598, 0.438965, 0.0084415, 0.913574, 0.438965, 0.00862151, 0.914551, 0.438965, 0.00847979, 0.915527, 0.438965, 0.00802145, 0.916504, 0.438965, 0.00726381, 0.91748, 0.438965, 0.00623583, 0.918457, 0.438965, 0.00497665, 0.919434, 0.438965, 0.00353463, 0.92041, 0.438965, 0.00196481, 0.921387, 0.438965, 0.000327601, 
        0.906738, 0.439941, 0.00277658, 0.907715, 0.439941, 0.0053769, 0.908691, 0.439941, 0.00778247, 0.909668, 0.439941, 0.00990064, 0.910645, 0.439941, 0.0116491, 0.911621, 0.439941, 0.0129606, 0.912598, 0.439941, 0.0137838, 0.913574, 0.439941, 0.014087, 0.914551, 0.439941, 0.0138581, 0.915527, 0.439941, 0.0131055, 0.916504, 0.439941, 0.0118579, 0.91748, 0.439941, 0.0101631, 0.918457, 0.439941, 0.0080859, 0.919434, 0.439941, 0.00570625, 0.92041, 0.439941, 0.00311515, 0.921387, 0.439941, 0.000412487, 
        0.906738, 0.440918, 0.00365204, 0.907715, 0.440918, 0.00718351, 0.908691, 0.440918, 0.0104507, 0.909668, 0.440918, 0.0133278, 0.910645, 0.440918, 0.0157033, 0.911621, 0.440918, 0.0174857, 0.912598, 0.440918, 0.0186058, 0.913574, 0.440918, 0.0190202, 0.914551, 0.440918, 0.0187125, 0.915527, 0.440918, 0.0176943, 0.916504, 0.440918, 0.0160044, 0.91748, 0.440918, 0.0137078, 0.918457, 0.440918, 0.0108923, 0.919434, 0.440918, 0.00766638, 0.92041, 0.440918, 0.0041535, 0.921387, 0.440918, 0.000489185, 
        0.906738, 0.441895, 0.0043995, 0.907715, 0.441895, 0.00872574, 0.908691, 0.441895, 0.0127283, 0.909668, 0.441895, 0.0162532, 0.910645, 0.441895, 0.0191639, 0.911621, 0.441895, 0.0213483, 0.912598, 0.441895, 0.0227217, 0.913574, 0.441895, 0.023231, 0.914551, 0.441895, 0.0228561, 0.915527, 0.441895, 0.0216112, 0.916504, 0.441895, 0.0195439, 0.91748, 0.441895, 0.0167336, 0.918457, 0.441895, 0.0132879, 0.919434, 0.441895, 0.00933958, 0.92041, 0.441895, 0.00503991, 0.921387, 0.441895, 0.000554777, 
        0.906738, 0.442871, 0.00499023, 0.907715, 0.442871, 0.00994427, 0.908691, 0.442871, 0.0145277, 0.909668, 0.442871, 0.0185643, 0.910645, 0.442871, 0.0218978, 0.911621, 0.442871, 0.0243997, 0.912598, 0.442871, 0.0259732, 0.913574, 0.442871, 0.0265574, 0.914551, 0.442871, 0.0261295, 0.915527, 0.442871, 0.0247055, 0.916504, 0.442871, 0.02234, 0.91748, 0.442871, 0.0191239, 0.918457, 0.442871, 0.0151803, 0.919434, 0.442871, 0.0106615, 0.92041, 0.442871, 0.0057403, 0.921387, 0.442871, 0.000606773, 
        0.906738, 0.443848, 0.00540154, 0.907715, 0.443848, 0.0107922, 0.908691, 0.443848, 0.0157797, 0.909668, 0.443848, 0.0201722, 0.910645, 0.443848, 0.0237997, 0.911621, 0.443848, 0.0265225, 0.912598, 0.443848, 0.0282351, 0.913574, 0.443848, 0.0288714, 0.914551, 0.443848, 0.0284066, 0.915527, 0.443848, 0.026858, 0.916504, 0.443848, 0.0242851, 0.91748, 0.443848, 0.0207867, 0.918457, 0.443848, 0.0164969, 0.919434, 0.443848, 0.0115812, 0.92041, 0.443848, 0.00622772, 0.921387, 0.443848, 0.000643207, 
        0.906738, 0.444824, 0.00561766, 0.907715, 0.444824, 0.011237, 0.908691, 0.444824, 0.0164361, 0.909668, 0.444824, 0.021015, 0.910645, 0.444824, 0.0247964, 0.911621, 0.444824, 0.0276349, 0.912598, 0.444824, 0.0294204, 0.913574, 0.444824, 0.030084, 0.914551, 0.444824, 0.0295998, 0.915527, 0.444824, 0.027986, 0.916504, 0.444824, 0.0253043, 0.91748, 0.444824, 0.0216582, 0.918457, 0.444824, 0.017187, 0.919434, 0.444824, 0.0120633, 0.92041, 0.444824, 0.00648345, 0.921387, 0.444824, 0.000662711, 
        0.906738, 0.445801, 0.00563032, 0.907715, 0.445801, 0.0112616, 0.908691, 0.445801, 0.0164716, 0.909668, 0.445801, 0.0210603, 0.910645, 0.445801, 0.0248497, 0.911621, 0.445801, 0.0276942, 0.912598, 0.445801, 0.0294834, 0.913574, 0.445801, 0.0301484, 0.914551, 0.445801, 0.0296632, 0.915527, 0.445801, 0.0280459, 0.916504, 0.445801, 0.0253586, 0.91748, 0.445801, 0.0217046, 0.918457, 0.445801, 0.017224, 0.919434, 0.445801, 0.0120894, 0.92041, 0.445801, 0.00649767, 0.921387, 0.445801, 0.000664567, 
        0.906738, 0.446777, 0.00543907, 0.907715, 0.446777, 0.010865, 0.908691, 0.446777, 0.015885, 0.909668, 0.446777, 0.0203063, 0.910645, 0.446777, 0.0239574, 0.911621, 0.446777, 0.026698, 0.912598, 0.446777, 0.0284218, 0.913574, 0.446777, 0.0290622, 0.914551, 0.446777, 0.0285943, 0.915527, 0.446777, 0.0270355, 0.916504, 0.446777, 0.0244457, 0.91748, 0.446777, 0.0209244, 0.918457, 0.446777, 0.0166064, 0.919434, 0.446777, 0.0116584, 0.92041, 0.446777, 0.00626987, 0.921387, 0.446777, 0.000648738, 
        0.906738, 0.447754, 0.00505135, 0.907715, 0.447754, 0.0100626, 0.908691, 0.447754, 0.014699, 0.909668, 0.447754, 0.0187822, 0.910645, 0.447754, 0.0221541, 0.911621, 0.447754, 0.0246849, 0.912598, 0.447754, 0.0262765, 0.913574, 0.447754, 0.0268674, 0.914551, 0.447754, 0.0264344, 0.915527, 0.447754, 0.0249939, 0.916504, 0.447754, 0.0226009, 0.91748, 0.447754, 0.0193475, 0.918457, 0.447754, 0.0153583, 0.919434, 0.447754, 0.010787, 0.92041, 0.447754, 0.00580885, 0.921387, 0.447754, 0.000615867, 
        0.906738, 0.44873, 0.00448214, 0.907715, 0.44873, 0.00888536, 0.908691, 0.44873, 0.0129591, 0.909668, 0.44873, 0.0165467, 0.910645, 0.44873, 0.0195092, 0.911621, 0.44873, 0.0217324, 0.912598, 0.44873, 0.0231302, 0.913574, 0.44873, 0.0236484, 0.914551, 0.44873, 0.0232668, 0.915527, 0.44873, 0.0219996, 0.916504, 0.44873, 0.0198953, 0.91748, 0.44873, 0.0170348, 0.918457, 0.44873, 0.0135275, 0.919434, 0.44873, 0.00950881, 0.92041, 0.44873, 0.00513242, 0.921387, 0.44873, 0.000567253, 
        0.906738, 0.449707, 0.0037534, 0.907715, 0.449707, 0.00737863, 0.908691, 0.449707, 0.0107325, 0.909668, 0.449707, 0.013686, 0.910645, 0.449707, 0.0161246, 0.911621, 0.449707, 0.0179543, 0.912598, 0.449707, 0.019104, 0.913574, 0.449707, 0.0195293, 0.914551, 0.449707, 0.0192133, 0.915527, 0.449707, 0.018168, 0.916504, 0.449707, 0.016433, 0.91748, 0.449707, 0.0140753, 0.918457, 0.449707, 0.0111848, 0.919434, 0.449707, 0.00787301, 0.92041, 0.449707, 0.00426663, 0.921387, 0.449707, 0.0005048, 
        0.906738, 0.450684, 0.00289325, 0.907715, 0.450684, 0.00560049, 0.908691, 0.450684, 0.00810498, 0.909668, 0.450684, 0.0103102, 0.910645, 0.450684, 0.0121306, 0.911621, 0.450684, 0.0134959, 0.912598, 0.450684, 0.014353, 0.913574, 0.450684, 0.0146686, 0.914551, 0.450684, 0.0144302, 0.915527, 0.450684, 0.0136466, 0.916504, 0.450684, 0.0123476, 0.91748, 0.450684, 0.010583, 0.918457, 0.450684, 0.00842026, 0.919434, 0.450684, 0.00594264, 0.92041, 0.450684, 0.00324487, 0.921387, 0.450684, 0.000430944, 
        0.906738, 0.45166, 0.00193487, 0.907715, 0.45166, 0.00361946, 0.908691, 0.45166, 0.0051777, 0.909668, 0.45166, 0.00654941, 0.910645, 0.45166, 0.00768116, 0.911621, 0.45166, 0.00852916, 0.912598, 0.45166, 0.00906024, 0.913574, 0.45166, 0.00925368, 0.914551, 0.45166, 0.00910163, 0.915527, 0.45166, 0.00860959, 0.916504, 0.45166, 0.00779615, 0.91748, 0.45166, 0.00669243, 0.918457, 0.45166, 0.00534042, 0.919434, 0.45166, 0.00379208, 0.92041, 0.45166, 0.00210651, 0.921387, 0.45166, 0.000348562, 
