{
    "level": 0,
    "idx": {"x": 58, "y": 17},
    "dim": {"x": 16, "y": 16},
    "offset": {"x": 0.906738, "y": 0.266113},
    "cellSize": {"x": 0.000976562, "y": 0.000976562},
    "vertices": [
        0.906738, 0.266113, -0.000235847, 0.907715, 0.266113, -0.0005327, 0.908691, 0.266113, -0.000807434, 0.909668, 0.266113, -0.00104956, 0.910645, 0.266113, -0.00124977, 0.911621, 0.266113, -0.00140043, 0.912598, 0.266113, -0.00149577, 0.913574, 0.266113, -0.00153216, 0.914551, 0.266113, -0.00150826, 0.915527, 0.266113, -0.00142501, 0.916504, 0.266113, -0.00128566, 0.91748, 0.266113, -0.00109563, 0.918457, 0.266113, -0.000862259, 0.919434, 0.266113, -0.000594593, 0.92041, 0.266113, -0.000302937, 0.921387, 0.266113, 1.40034e-06, 
        0.906738, 0.26709, -0.00126626, 0.907715, 0.26709, -0.00266191, 0.908691, 0.26709, -0.00395334, 0.909668, 0.26709, -0.00509108, 0.910645, 0.26709, -0.0060312, 0.911621, 0.26709, -0.00673769, 0.912598, 0.26709, -0.00718328, 0.913574, 0.26709, -0.00735094, 0.914551, 0.26709, -0.00723422, 0.915527, 0.26709, -0.00683764, 0.916504, 0.26709, -0.00617652, 0.91748, 0.26709, -0.00527643, 0.918457, 0.26709, -0.00417193, 0.919434, 0.26709, -0.00290575, 0.92041, 0.26709, -0.0015265, 0.921387, 0.26709, -8.75151e-05, 
        0.906738, 0.268066, -0.00224629, 0.907715, 0.268066, -0.00468704, 0.908691, 0.268066, -0.00694549, 0.909668, 0.268066, -0.00893509, 0.910645, 0.268066, -0.010579, 0.911621, 0.268066, -0.0118141, 0.912598, 0.268066, -0.0125929, 0.913574, 0.268066, -0.0128854, 0.914551, 0.268066, -0.0126804, 0.915527, 0.268066, -0.0119858, 0.916504, 0.268066, -0.0108284, 0.91748, 0.268066, -0.00925292, 0.918457, 0.268066, -0.00731986, 0.919434, 0.268066, -0.00510396, 0.92041, 0.268066, -0.00269024, 0.921387, 0.268066, -0.000172056, 
        0.906738, 0.269043, -0.00313815, 0.907715, 0.269043, -0.00653008, 0.908691, 0.269043, -0.00966865, 0.909668, 0.269043, -0.0124335, 0.910645, 0.269043, -0.0147179, 0.911621, 0.269043, -0.0164342, 0.912598, 0.269043, -0.0175162, 0.913574, 0.269043, -0.0179223, 0.914551, 0.269043, -0.017637, 0.915527, 0.269043, -0.0166712, 0.916504, 0.269043, -0.0150621, 0.91748, 0.269043, -0.012872, 0.918457, 0.269043, -0.0101848, 0.919434, 0.269043, -0.00710454, 0.92041, 0.269043, -0.00374935, 0.921387, 0.269043, -0.000248949, 
        0.906738, 0.27002, -0.00390749, 0.907715, 0.27002, -0.00812007, 0.908691, 0.27002, -0.012018, 0.909668, 0.27002, -0.0154518, 0.910645, 0.27002, -0.0182888, 0.911621, 0.27002, -0.0204202, 0.912598, 0.27002, -0.0217637, 0.913574, 0.27002, -0.0222679, 0.914551, 0.27002, -0.0219133, 0.915527, 0.27002, -0.0207134, 0.916504, 0.27002, -0.0187147, 0.91748, 0.27002, -0.0159942, 0.918457, 0.27002, -0.0126565, 0.919434, 0.27002, -0.00883049, 0.92041, 0.27002, -0.00466302, 0.921387, 0.27002, -0.000315216, 
        0.906738, 0.270996, -0.00452463, 0.907715, 0.270996, -0.00939569, 0.908691, 0.270996, -0.0139029, 0.909668, 0.270996, -0.0178734, 0.910645, 0.270996, -0.0211538, 0.911621, 0.270996, -0.0236183, 0.912598, 0.270996, -0.0251718, 0.913574, 0.270996, -0.0257546, 0.914551, 0.270996, -0.0253444, 0.915527, 0.270996, -0.0239568, 0.916504, 0.270996, -0.0216454, 0.91748, 0.270996, -0.0184994, 0.918457, 0.270996, -0.0146396, 0.919434, 0.270996, -0.0102153, 0.92041, 0.270996, -0.00539604, 0.921387, 0.270996, -0.000368284, 
        0.906738, 0.271973, -0.00496579, 0.907715, 0.271973, -0.0103078, 0.908691, 0.271973, -0.0152508, 0.909668, 0.271973, -0.0196052, 0.910645, 0.271973, -0.0232028, 0.911621, 0.271973, -0.0259056, 0.912598, 0.271973, -0.0276092, 0.913574, 0.271973, -0.0282483, 0.914551, 0.271973, -0.0277982, 0.915527, 0.271973, -0.0262764, 0.916504, 0.271973, -0.0237413, 0.91748, 0.271973, -0.020291, 0.918457, 0.271973, -0.0160579, 0.919434, 0.271973, -0.0112056, 0.92041, 0.271973, -0.00592017, 0.921387, 0.271973, -0.00040609, 
        0.906738, 0.272949, -0.00521396, 0.907715, 0.272949, -0.0108213, 0.908691, 0.272949, -0.0160098, 0.909668, 0.272949, -0.0205805, 0.910645, 0.272949, -0.0243568, 0.911621, 0.272949, -0.0271938, 0.912598, 0.272949, -0.028982, 0.913574, 0.272949, -0.0296528, 0.914551, 0.272949, -0.0291804, 0.915527, 0.272949, -0.0275829, 0.916504, 0.272949, -0.0249219, 0.91748, 0.272949, -0.0213001, 0.918457, 0.272949, -0.0168566, 0.919434, 0.272949, -0.0117632, 0.92041, 0.272949, -0.00621521, 0.921387, 0.272949, -0.000427161, 
        0.906738, 0.273926, -0.00525953, 0.907715, 0.273926, -0.0109164, 0.908691, 0.273926, -0.0161507, 0.909668, 0.273926, -0.0207618, 0.910645, 0.273926, -0.0245713, 0.911621, 0.273926, -0.0274334, 0.912598, 0.273926, -0.0292374, 0.913574, 0.273926, -0.0299141, 0.914551, 0.273926, -0.0294376, 0.915527, 0.273926, -0.027826, 0.916504, 0.273926, -0.0251415, 0.91748, 0.273926, -0.0214878, 0.918457, 0.273926, -0.0170051, 0.919434, 0.273926, -0.0118667, 0.92041, 0.273926, -0.00626978, 0.921387, 0.273926, -0.000430665, 
        0.906738, 0.274902, -0.00510074, 0.907715, 0.274902, -0.0105894, 0.908691, 0.274902, -0.015668, 0.909668, 0.274902, -0.0201419, 0.910645, 0.274902, -0.0238382, 0.911621, 0.274902, -0.0266151, 0.912598, 0.274902, -0.0283655, 0.913574, 0.274902, -0.0290222, 0.914551, 0.274902, -0.0285598, 0.915527, 0.274902, -0.0269963, 0.916504, 0.274902, -0.0243917, 0.91748, 0.274902, -0.0208468, 0.918457, 0.274902, -0.0164975, 0.919434, 0.274902, -0.0115121, 0.92041, 0.274902, -0.00608176, 0.921387, 0.274902, -0.000416447, 
        0.906738, 0.275879, -0.00474364, 0.907715, 0.275879, -0.00985273, 0.908691, 0.275879, -0.0145802, 0.909668, 0.275879, -0.0187447, 0.910645, 0.275879, -0.0221854, 0.911621, 0.275879, -0.0247704, 0.912598, 0.275879, -0.0263998, 0.913574, 0.275879, -0.0270112, 0.914551, 0.275879, -0.0265809, 0.915527, 0.275879, -0.0251256, 0.916504, 0.275879, -0.0227013, 0.91748, 0.275879, -0.0194017, 0.918457, 0.275879, -0.0153534, 0.919434, 0.275879, -0.010713, 0.92041, 0.275879, -0.00565836, 0.921387, 0.275879, -0.000385033, 
        0.906738, 0.276855, -0.00420198, 0.907715, 0.276855, -0.00873486, 0.908691, 0.276855, -0.0129292, 0.909668, 0.276855, -0.016624, 0.910645, 0.276855, -0.0196768, 0.911621, 0.276855, -0.0219703, 0.912598, 0.276855, -0.0234161, 0.913574, 0.276855, -0.0239586, 0.914551, 0.276855, -0.0235771, 0.915527, 0.276855, -0.0222861, 0.916504, 0.276855, -0.0201355, 0.91748, 0.276855, -0.0172083, 0.918457, 0.276855, -0.0136169, 0.919434, 0.276855, -0.0095001, 0.92041, 0.276855, -0.00501588, 0.921387, 0.276855, -0.000337613, 
        0.906738, 0.277832, -0.00349655, 0.907715, 0.277832, -0.00727877, 0.908691, 0.277832, -0.0107785, 0.909668, 0.277832, -0.0138615, 0.910645, 0.277832, -0.0164088, 0.911621, 0.277832, -0.0183226, 0.912598, 0.277832, -0.0195291, 0.913574, 0.277832, -0.019982, 0.914551, 0.277832, -0.0196639, 0.915527, 0.277832, -0.018587, 0.916504, 0.277832, -0.0167929, 0.91748, 0.277832, -0.0143509, 0.918457, 0.277832, -0.0113547, 0.919434, 0.277832, -0.00792014, 0.92041, 0.277832, -0.00417902, 0.921387, 0.277832, -0.000275993, 
        0.906738, 0.278809, -0.00265451, 0.907715, 0.278809, -0.00554049, 0.908691, 0.278809, -0.00821092, 0.909668, 0.278809, -0.0105635, 0.910645, 0.278809, -0.0125072, 0.911621, 0.278809, -0.0139677, 0.912598, 0.278809, -0.0148885, 0.913574, 0.278809, -0.0152344, 0.914551, 0.278809, -0.0149921, 0.915527, 0.278809, -0.0141708, 0.916504, 0.278809, -0.0128023, 0.91748, 0.278809, -0.0109396, 0.918457, 0.278809, -0.00865396, 0.919434, 0.278809, -0.00603392, 0.92041, 0.278809, -0.00317999, 0.921387, 0.278809, -0.000202523, 
