{
    "level": 0,
    "idx": {"x": 58, "y": 117},
    "dim": {"x": 8, "y": 8},
    "offset": {"x": 0.453613, "y": 0.914551},
    "cellSize": {"x": 0.000976562, "y": 0.000976562},
    "vertices": [
        0.453613, 0.914551, -0.00836336, 0.45459, 0.914551, -0.00824646, 0.455566, 0.914551, -0.00810016, 0.456543, 0.914551, -0.00792501, 0.45752, 0.914551, -0.00772182, 0.458496, 0.914551, -0.00749165, 0.459473, 0.914551, -0.00723582, 0.460449, 0.914551, -0.00695588, 
        0.453613, 0.915527, -0.00859608, 0.45459, 0.915527, -0.00847714, 0.455566, 0.915527, -0.00832667, 0.456543, 0.915527, -0.00814527, 0.45752, 0.915527, -0.00793381, 0.458496, 0.915527, -0.00769343, 0.459473, 0.915527, -0.00742556, 0.460449, 0.915527, -0.00713184, 
        0.453613, 0.916504, -0.0087967, 0.45459, 0.916504, -0.00867601, 0.455566, 0.916504, -0.00852197, 0.456543, 0.916504, -0.00833519, 0.45752, 0.916504, -0.00811661, 0.458496, 0.916504, -0.00786743, 0.459473, 0.916504, -0.00758916, 0.460449, 0.916504, -0.00728355, 
        0.453613, 0.91748, -0.00896335, 0.45459, 0.91748, -0.00884124, 0.455566, 0.91748, -0.00868425, 0.456543, 0.91748, -0.00849303, 0.45752, 0.91748, -0.00826854, 0.458496, 0.91748, -0.00801205, 0.459473, 0.91748, -0.00772515, 0.460449, 0.91748, -0.00740965, 
        0.453613, 0.918457, -0.00909453, 0.45459, 0.918457, -0.00897134, 0.455566, 0.918457, -0.00881206, 0.456543, 0.918457, -0.00861735, 0.45752, 0.918457, -0.00838822, 0.458496, 0.918457, -0.00812599, 0.459473, 0.918457, -0.00783229, 0.460449, 0.918457, -0.00750901, 
        0.453613, 0.919434, -0.00918901, 0.45459, 0.919434, -0.00906508, 0.455566, 0.919434, -0.00890418, 0.456543, 0.919434, -0.00870699, 0.45752, 0.919434, -0.00847454, 0.458496, 0.919434, -0.00820818, 0.459473, 0.919434, -0.00790959, 0.460449, 0.919434, -0.00758071, 
        0.453613, 0.92041, -0.00924592, 0.45459, 0.92041, -0.00912161, 0.455566, 0.92041, -0.00895978, 0.456543, 0.92041, -0.00876113, 0.45752, 0.92041, -0.00852672, 0.458496, 0.92041, -0.00825789, 0.459473, 0.92041, -0.00795636, 0.460449, 0.92041, -0.0076241, 
        0.453613, 0.921387, -0.0092647, 0.45459, 0.921387, -0.00914036, 0.455566, 0.921387, -0.00897832, 0.456543, 0.921387, -0.00877926, 0.45752, 0.921387, -0.00854424, 0.458496, 0.921387, -0.00827464, 0.459473, 0.921387, -0.00797215, 0.460449, 0.921387, -0.00763878
    ]
}
