{
    "level": 0,
    "idx": {"x": 58, "y": 21},
    "dim": {"x": 16, "y": 16},
    "offset": {"x": 0.906738, "y": 0.328613},
    "cellSize": {"x": 0.000976562, "y": 0.000976562},
    "vertices": [
        0.906738, 0.328613, -0.00022712, 0.907715, 0.328613, -0.000595742, 0.908691, 0.328613, -0.000936988, 0.909668, 0.328613, -0.00123791, 0.910645, 0.328613, -0.00148701, 0.911621, 0.328613, -0.00167486, 0.912598, 0.328613, -0.00179434, 0.913574, 0.328613, -0.00184098, 0.914551, 0.328613, -0.0018131, 0.915527, 0.328613, -0.00171189, 0.916504, 0.328613, -0.00154134, 0.91748, 0.328613, -0.00130818, 0.918457, 0.328613, -0.00102143, 0.919434, 0.328613, -0.000692286, 0.92041, 0.328613, -0.000333476, 0.921387, 0.328613, 4.10357e-05, 
        0.906738, 0.32959, -0.00125475, 0.907715, 0.32959, -0.00272006, 0.908691, 0.32959, -0.00407605, 0.909668, 0.32959, -0.00527088, 0.910645, 0.32959, -0.00625847, 0.911621, 0.32959, -0.0070011, 0.912598, 0.32959, -0.00747018, 0.913574, 0.32959, -0.00764785, 0.914551, 0.32959, -0.00752735, 0.915527, 0.32959, -0.00711344, 0.916504, 0.32959, -0.00642216, 0.91748, 0.32959, -0.00548032, 0.918457, 0.32959, -0.00432415, 0.919434, 0.32959, -0.00299845, 0.92041, 0.32959, -0.00155416, 0.921387, 0.32959, -4.72197e-05, 
        0.906738, 0.330566, -0.00222958, 0.907715, 0.330566, -0.00473534, 0.908691, 0.330566, -0.00705405, 0.909668, 0.330566, -0.00909694, 0.910645, 0.330566, -0.0107852, 0.911621, 0.330566, -0.0120541, 0.912598, 0.330566, -0.0128549, 0.913574, 0.330566, -0.0131568, 0.914551, 0.330566, -0.0129485, 0.915527, 0.330566, -0.0122379, 0.916504, 0.330566, -0.0110526, 0.91748, 0.330566, -0.00943843, 0.918457, 0.330566, -0.00745743, 0.919434, 0.330566, -0.00518628, 0.92041, 0.330566, -0.00271219, 0.921387, 0.330566, -0.000130892, 
        0.906738, 0.331543, -0.00311395, 0.907715, 0.331543, -0.00656378, 0.908691, 0.331543, -0.00975603, 0.909668, 0.331543, -0.0125684, 0.910645, 0.331543, -0.0148924, 0.911621, 0.331543, -0.0166389, 0.912598, 0.331543, -0.0177406, 0.913574, 0.331543, -0.0181554, 0.914551, 0.331543, -0.0178673, 0.915527, 0.331543, -0.0168876, 0.916504, 0.331543, -0.015254, 0.91748, 0.331543, -0.0130298, 0.918457, 0.331543, -0.0103003, 0.919434, 0.331543, -0.00717134, 0.92041, 0.331543, -0.00376284, 0.921387, 0.331543, -0.000206717, 
        0.906738, 0.33252, -0.00387378, 0.907715, 0.33252, -0.00813499, 0.908691, 0.33252, -0.012078, 0.909668, 0.33252, -0.0155518, 0.910645, 0.33252, -0.0184221, 0.911621, 0.33252, -0.0205791, 0.912598, 0.33252, -0.0219394, 0.913574, 0.33252, -0.0224511, 0.914551, 0.33252, -0.0220946, 0.915527, 0.33252, -0.0208835, 0.916504, 0.33252, -0.0188647, 0.91748, 0.33252, -0.0161162, 0.918457, 0.33252, -0.0127435, 0.919434, 0.33252, -0.00887723, 0.92041, 0.33252, -0.00466567, 0.921387, 0.33252, -0.00027174, 
        0.906738, 0.333496, -0.00447975, 0.907715, 0.333496, -0.00938843, 0.908691, 0.333496, -0.0139305, 0.909668, 0.333496, -0.017932, 0.910645, 0.333496, -0.0212383, 0.911621, 0.333496, -0.0237228, 0.912598, 0.333496, -0.0252896, 0.913574, 0.333496, -0.0258787, 0.914551, 0.333496, -0.0254675, 0.915527, 0.333496, -0.0240718, 0.916504, 0.333496, -0.0217456, 0.91748, 0.333496, -0.0185787, 0.918457, 0.333496, -0.0146928, 0.919434, 0.333496, -0.0102382, 0.92041, 0.333496, -0.00538587, 0.921387, 0.333496, -0.00032342, 
        0.906738, 0.334473, -0.00490848, 0.907715, 0.334473, -0.0102758, 0.908691, 0.334473, -0.0152422, 0.909668, 0.334473, -0.0196175, 0.910645, 0.334473, -0.0232327, 0.911621, 0.334473, -0.0259492, 0.912598, 0.334473, -0.0276621, 0.913574, 0.334473, -0.0283061, 0.914551, 0.334473, -0.0278561, 0.915527, 0.334473, -0.0263297, 0.916504, 0.334473, -0.0237858, 0.91748, 0.334473, -0.0203226, 0.918457, 0.334473, -0.0160732, 0.919434, 0.334473, -0.0112019, 0.92041, 0.334473, -0.00589568, 0.921387, 0.334473, -0.000359728, 
        0.906738, 0.335449, -0.00514338, 0.907715, 0.335449, -0.0107628, 0.908691, 0.335449, -0.0159625, 0.909668, 0.335449, -0.0205432, 0.910645, 0.335449, -0.0243282, 0.911621, 0.335449, -0.0271722, 0.912598, 0.335449, -0.0289656, 0.913574, 0.335449, -0.0296396, 0.914551, 0.335449, -0.0291684, 0.915527, 0.335449, -0.0275702, 0.916504, 0.335449, -0.0249066, 0.91748, 0.335449, -0.0212806, 0.918457, 0.335449, -0.0168314, 0.919434, 0.335449, -0.0117311, 0.92041, 0.335449, -0.00617542, 0.921387, 0.335449, -0.00037923, 
        0.906738, 0.336426, -0.00517536, 0.907715, 0.336426, -0.0108306, 0.908691, 0.336426, -0.0160635, 0.909668, 0.336426, -0.0206736, 0.910645, 0.336426, -0.0244827, 0.911621, 0.336426, -0.0273449, 0.912598, 0.336426, -0.0291497, 0.913574, 0.336426, -0.0298281, 0.914551, 0.336426, -0.0293539, 0.915527, 0.336426, -0.0277455, 0.916504, 0.336426, -0.0250649, 0.91748, 0.336426, -0.0214158, 0.918457, 0.336426, -0.0169382, 0.919434, 0.336426, -0.0118054, 0.92041, 0.336426, -0.00621429, 0.921387, 0.336426, -0.000381134, 
        0.906738, 0.337402, -0.00500311, 0.907715, 0.337402, -0.0104767, 0.908691, 0.337402, -0.0155414, 0.909668, 0.337402, -0.0200034, 0.910645, 0.337402, -0.0236901, 0.911621, 0.337402, -0.0264604, 0.912598, 0.337402, -0.0282074, 0.913574, 0.337402, -0.0288641, 0.914551, 0.337402, -0.0284053, 0.915527, 0.337402, -0.0268488, 0.916504, 0.337402, -0.0242545, 0.91748, 0.337402, -0.0207229, 0.918457, 0.337402, -0.0163895, 0.919434, 0.337402, -0.0114219, 0.92041, 0.337402, -0.00601075, 0.921387, 0.337402, -0.00036533, 
        0.906738, 0.338379, -0.00463321, 0.907715, 0.338379, -0.00971444, 0.908691, 0.338379, -0.0144162, 0.909668, 0.338379, -0.0185584, 0.910645, 0.338379, -0.021981, 0.911621, 0.338379, -0.0245529, 0.912598, 0.338379, -0.0261748, 0.913574, 0.338379, -0.0267847, 0.914551, 0.338379, -0.0263591, 0.915527, 0.338379, -0.0249145, 0.916504, 0.338379, -0.0225066, 0.91748, 0.338379, -0.0192286, 0.918457, 0.338379, -0.0152063, 0.919434, 0.338379, -0.0105953, 0.92041, 0.338379, -0.00557259, 0.921387, 0.338379, -0.000332386, 
        0.906738, 0.339355, -0.00407984, 0.907715, 0.339355, -0.00857327, 0.908691, 0.339355, -0.0127312, 0.909668, 0.339355, -0.0163942, 0.910645, 0.339355, -0.019421, 0.911621, 0.339355, -0.0216956, 0.912598, 0.339355, -0.0231302, 0.913574, 0.339355, -0.0236699, 0.914551, 0.339355, -0.023294, 0.915527, 0.339355, -0.0220171, 0.916504, 0.339355, -0.0198885, 0.91748, 0.339355, -0.0169904, 0.918457, 0.339355, -0.0134342, 0.919434, 0.339355, -0.00935747, 0.92041, 0.339355, -0.00491665, 0.921387, 0.339355, -0.000283532, 
        0.906738, 0.340332, -0.00336423, 0.907715, 0.340332, -0.00709701, 0.908691, 0.340332, -0.0105511, 0.909668, 0.340332, -0.0135942, 0.910645, 0.340332, -0.0161088, 0.911621, 0.340332, -0.0179986, 0.912598, 0.340332, -0.0191908, 0.913574, 0.340332, -0.0196397, 0.914551, 0.340332, -0.0193281, 0.915527, 0.340332, -0.0182682, 0.916504, 0.340332, -0.0165008, 0.91748, 0.340332, -0.0140944, 0.918457, 0.340332, -0.0111413, 0.919434, 0.340332, -0.00775594, 0.92041, 0.340332, -0.00406814, 0.921387, 0.340332, -0.000220609, 
        0.906738, 0.341309, -0.00251387, 0.907715, 0.341309, -0.00534244, 0.908691, 0.341309, -0.00795988, 0.909668, 0.341309, -0.010266, 0.910645, 0.341309, -0.0121717, 0.911621, 0.341309, -0.0136041, 0.912598, 0.341309, -0.0145081, 0.913574, 0.341309, -0.0148491, 0.914551, 0.341309, -0.0146139, 0.915527, 0.341309, -0.0138119, 0.916504, 0.341309, -0.012474, 0.91748, 0.341309, -0.010652, 0.918457, 0.341309, -0.00841595, 0.919434, 0.341309, -0.00585236, 0.92041, 0.341309, -0.00305969, 0.921387, 0.341309, -0.000146, 
