{
    "level": 0,
    "idx": {"x": 58, "y": 77},
    "dim": {"x": 8, "y": 8},
    "offset": {"x": 0.453613, "y": 0.602051},
    "cellSize": {"x": 0.000976562, "y": 0.000976562},
    "vertices": [
        0.453613, 0.602051, 0.172453, 0.45459, 0.602051, 0.173218, 0.455566, 0.602051, 0.173999, 0.456543, 0.602051, 0.174797, 0.45752, 0.602051, 0.17561, 0.458496, 0.602051, 0.176437, 0.459473, 0.602051, 0.177277, 0.460449, 0.602051, 0.178129, 
        0.453613, 0.603027, 0.170806, 0.45459, 0.603027, 0.171567, 0.455566, 0.603027, 0.172347, 0.456543, 0.603027, 0.173145, 0.45752, 0.603027, 0.173961, 0.458496, 0.603027, 0.174794, 0.459473, 0.603027, 0.175641, 0.460449, 0.603027, 0.176501, 
        0.453613, 0.604004, 0.169188, 0.45459, 0.604004, 0.169944, 0.455566, 0.604004, 0.170722, 0.456543, 0.604004, 0.171521, 0.45752, 0.604004, 0.172339, 0.458496, 0.604004, 0.173175, 0.459473, 0.604004, 0.174028, 0.460449, 0.604004, 0.174895, 
        0.453613, 0.60498, 0.167601, 0.45459, 0.60498, 0.168353, 0.455566, 0.60498, 0.169128, 0.456543, 0.60498, 0.169926, 0.45752, 0.60498, 0.170745, 0.458496, 0.60498, 0.171583, 0.459473, 0.60498, 0.172439, 0.460449, 0.60498, 0.173312, 
        0.453613, 0.605957, 0.166047, 0.45459, 0.605957, 0.166795, 0.455566, 0.605957, 0.167567, 0.456543, 0.605957, 0.168362, 0.45752, 0.605957, 0.16918, 0.458496, 0.605957, 0.170019, 0.459473, 0.605957, 0.170878, 0.460449, 0.605957, 0.171753, 
        0.453613, 0.606934, 0.164528, 0.45459, 0.606934, 0.165271, 0.455566, 0.606934, 0.166039, 0.456543, 0.606934, 0.166831, 0.45752, 0.606934, 0.167647, 0.458496, 0.606934, 0.168485, 0.459473, 0.606934, 0.169344, 0.460449, 0.606934, 0.17022, 
        0.453613, 0.60791, 0.163045, 0.45459, 0.60791, 0.163782, 0.455566, 0.60791, 0.164545, 0.456543, 0.60791, 0.165334, 0.45752, 0.60791, 0.166147, 0.458496, 0.60791, 0.166982, 0.459473, 0.60791, 0.167839, 0.460449, 0.60791, 0.168714, 
        0.453613, 0.608887, 0.161598, 0.45459, 0.608887, 0.16233, 0.455566, 0.608887, 0.163088, 0.456543, 0.608887, 0.163871, 0.45752, 0.608887, 0.16468, 0.458496, 0.608887, 0.165511, 0.459473, 0.608887, 0.166363, 0.460449, 0.608887, 0.167235
    ]
}
