{
    "level": 0,
    "idx": {"x": 59, "y": 108},
    "dim": {"x": 8, "y": 8},
    "offset": {"x": 0.461426, "y": 0.844238},
    "cellSize": {"x": 0.000976562, "y": 0.000976562},
    "vertices": [
        0.461426, 0.844238, 0.00110611, 0.462402, 0.844238, 0.00115861, 0.463379, 0.844238, 0.00121309, 0.464355, 0.844238, 0.0012693, 0.465332, 0.844238, 0.00132696, 0.466309, 0.844238, 0.00138581, 0.467285, 0.844238, 0.00144554, 0.468262, 0.844238, 0.00150586, 
        0.461426, 0.845215, 0.000706754, 0.462402, 0.845215, 0.000788574, 0.463379, 0.845215, 0.00087452, 0.464355, 0.845215, 0.000964049, 0.465332, 0.845215, 0.00105659, 0.466309, 0.845215, 0.00115154, 0.467285, 0.845215, 0.00124827, 0.468262, 0.845215, 0.00134616, 
        0.461426, 0.846191, 0.000313706, 0.462402, 0.846191, 0.000424352, 0.463379, 0.846191, 0.000541229, 0.464355, 0.846191, 0.000663513, 0.465332, 0.846191, 0.00079033, 0.466309, 0.846191, 0.000920766, 0.467285, 0.846191, 0.00105387, 0.468262, 0.846191, 0.00118868, 
        0.461426, 0.847168, -7.06682e-05, 0.462402, 0.847168, 6.80419e-05, 0.463379, 0.847168, 0.00021503, 0.464355, 0.847168, 0.000369198, 0.465332, 0.847168, 0.000529381, 0.466309, 0.847168, 0.000694359, 0.467285, 0.847168, 0.000862867, 0.468262, 0.847168, 0.00103361, 
        0.461426, 0.848145, -0.00044416, 0.462402, 0.848145, -0.000278399, 0.463379, 0.848145, -0.000102389, 0.464355, 0.848145, 8.25063e-05, 0.465332, 0.848145, 0.000274843, 0.466309, 0.848145, 0.000473106, 0.467285, 0.848145, 0.000675727, 0.468262, 0.848145, 0.000881096, 
        0.461426, 0.849121, -0.00080453, 0.462402, 0.849121, -0.000612982, 0.463379, 0.849121, -0.00040931, 0.464355, 0.849121, -0.000195129, 0.465332, 0.849121, 2.78497e-05, 0.466309, 0.849121, 0.000257832, 0.467285, 0.849121, 0.00049296, 0.468262, 0.849121, 0.000731328, 
        0.461426, 0.850098, -0.00114976, 0.462402, 0.850098, -0.000933918, 0.463379, 0.850098, -0.00070419, 0.464355, 0.850098, -0.000462428, 0.465332, 0.850098, -0.000210594, 0.466309, 0.850098, 4.92571e-05, 0.467285, 0.850098, 0.000314994, 0.468262, 0.850098, 0.000584434, 
        0.461426, 0.851074, -0.00147785, 0.462402, 0.851074, -0.00123943, 0.463379, 0.851074, -0.000985492, 0.464355, 0.851074, -0.000718108, 0.465332, 0.851074, -0.000439471, 0.466309, 0.851074, -0.000151879, 0.467285, 0.851074, 0.000142287, 0.468262, 0.851074, 0.000440585
    ]
}
