{
    "level": 0,
    "idx": {"x": 59, "y": 37},
    "dim": {"x": 16, "y": 16},
    "offset": {"x": 0.922363, "y": 0.578613},
    "cellSize": {"x": 0.000976562, "y": 0.000976562},
    "vertices": [
        0.922363, 0.578613, 0.000787407, 0.92334, 0.578613, 0.00142322, 0.924316, 0.578613, 0.00201095, 0.925293, 0.578613, 0.00252766, 0.92627, 0.578613, 0.00295333, 0.927246, 0.578613, 0.00327131, 0.928223, 0.578613, 0.00346914, 0.929199, 0.578613, 0.00353906, 0.930176, 0.578613, 0.00347817, 0.931152, 0.578613, 0.00328862, 0.932129, 0.578613, 0.00297757, 0.933105, 0.578613, 0.00255677, 0.934082, 0.578613, 0.00204232, 0.935059, 0.578613, 0.00145381, 0.936035, 0.578613, 0.000813818, 0.937012, 0.578613, 0.000146743, 
        0.922363, 0.57959, 0.00182339, 0.92334, 0.57959, 0.00354467, 0.924316, 0.57959, 0.00513622, 0.925293, 0.57959, 0.00653631, 0.92627, 0.57959, 0.00769103, 0.927246, 0.57959, 0.00855559, 0.928223, 0.57959, 0.00909647, 0.929199, 0.57959, 0.00929273, 0.930176, 0.57959, 0.00913661, 0.931152, 0.57959, 0.00863391, 0.932129, 0.57959, 0.0078039, 0.933105, 0.57959, 0.00667822, 0.934082, 0.57959, 0.00530024, 0.935059, 0.57959, 0.00372265, 0.936035, 0.57959, 0.00200627, 0.937012, 0.57959, 0.000216777, 
        0.922363, 0.580566, 0.00279583, 0.92334, 0.580566, 0.00553609, 0.924316, 0.580566, 0.00806997, 0.925293, 0.580566, 0.0102993, 0.92627, 0.580566, 0.0121384, 0.927246, 0.580566, 0.0135161, 0.928223, 0.580566, 0.014379, 0.929199, 0.580566, 0.0146939, 0.930176, 0.580566, 0.0144484, 0.931152, 0.580566, 0.0136517, 0.932129, 0.580566, 0.0123345, 0.933105, 0.580566, 0.0105471, 0.934082, 0.580566, 0.00835853, 0.935059, 0.580566, 0.00585244, 0.936035, 0.580566, 0.00312562, 0.937012, 0.580566, 0.000282477, 
        0.922363, 0.581543, 0.00366725, 0.92334, 0.581543, 0.00732075, 0.924316, 0.581543, 0.0106992, 0.925293, 0.581543, 0.0136718, 0.92627, 0.581543, 0.0161243, 0.927246, 0.581543, 0.0179618, 0.928223, 0.581543, 0.0191133, 0.929199, 0.581543, 0.0195345, 0.930176, 0.581543, 0.0192088, 0.931152, 0.581543, 0.0181487, 0.932129, 0.581543, 0.0163949, 0.933105, 0.581543, 0.0140145, 0.934082, 0.581543, 0.0110994, 0.935059, 0.581543, 0.00776117, 0.936035, 0.581543, 0.00412875, 0.937012, 0.581543, 0.000341288, 
        0.922363, 0.58252, 0.00440404, 0.92334, 0.58252, 0.00882991, 0.924316, 0.58252, 0.0129226, 0.925293, 0.58252, 0.0165237, 0.92627, 0.58252, 0.019495, 0.927246, 0.58252, 0.0217214, 0.928223, 0.58252, 0.023117, 0.929199, 0.58252, 0.0236281, 0.930176, 0.58252, 0.0232347, 0.931152, 0.58252, 0.0219518, 0.932129, 0.58252, 0.0198288, 0.933105, 0.58252, 0.0169468, 0.934082, 0.58252, 0.0134173, 0.935059, 0.58252, 0.0093753, 0.936035, 0.58252, 0.004977, 0.937012, 0.58252, 0.00039092, 
        0.922363, 0.583496, 0.00497781, 0.92334, 0.583496, 0.0100054, 0.924316, 0.583496, 0.0146546, 0.925293, 0.583496, 0.0187454, 0.92627, 0.583496, 0.0221208, 0.927246, 0.583496, 0.0246502, 0.928223, 0.583496, 0.026236, 0.929199, 0.583496, 0.0268172, 0.930176, 0.583496, 0.026371, 0.931152, 0.583496, 0.0249145, 0.932129, 0.583496, 0.0225038, 0.933105, 0.583496, 0.0192311, 0.934082, 0.583496, 0.0152229, 0.935059, 0.583496, 0.0106327, 0.936035, 0.583496, 0.0056377, 0.937012, 0.583496, 0.000429437, 
        0.922363, 0.584473, 0.00536642, 0.92334, 0.584473, 0.0108019, 0.924316, 0.584473, 0.0158284, 0.925293, 0.584473, 0.0202512, 0.92627, 0.584473, 0.0239006, 0.927246, 0.584473, 0.0266354, 0.928223, 0.584473, 0.0283501, 0.929199, 0.584473, 0.0289788, 0.930176, 0.584473, 0.0284969, 0.931152, 0.584473, 0.0269227, 0.932129, 0.584473, 0.024317, 0.933105, 0.584473, 0.0207795, 0.934082, 0.584473, 0.0164467, 0.935059, 0.584473, 0.0114848, 0.936035, 0.584473, 0.00608537, 0.937012, 0.584473, 0.000455329, 
        0.922363, 0.585449, 0.00555485, 0.92334, 0.585449, 0.0111888, 0.924316, 0.585449, 0.0163987, 0.925293, 0.585449, 0.0209831, 0.92627, 0.585449, 0.0247657, 0.927246, 0.585449, 0.0276005, 0.928223, 0.585449, 0.0293779, 0.929199, 0.585449, 0.0300297, 0.930176, 0.585449, 0.0295304, 0.931152, 0.585449, 0.027899, 0.932129, 0.585449, 0.0251985, 0.933105, 0.585449, 0.0215321, 0.934082, 0.585449, 0.0170416, 0.935059, 0.585449, 0.0118989, 0.936035, 0.585449, 0.00630275, 0.937012, 0.585449, 0.000467575, 
        0.922363, 0.586426, 0.00553581, 0.92334, 0.586426, 0.011151, 0.924316, 0.586426, 0.0163437, 0.925293, 0.586426, 0.0209127, 0.92627, 0.586426, 0.0246828, 0.927246, 0.586426, 0.0275082, 0.928223, 0.586426, 0.0292798, 0.929199, 0.586426, 0.0299294, 0.930176, 0.586426, 0.0294318, 0.931152, 0.586426, 0.0278058, 0.932129, 0.586426, 0.0251143, 0.933105, 0.586426, 0.0214601, 0.934082, 0.586426, 0.0169845, 0.935059, 0.586426, 0.011859, 0.936035, 0.586426, 0.00628143, 0.937012, 0.586426, 0.000465677, 
        0.922363, 0.587402, 0.00530998, 0.92334, 0.587402, 0.0106901, 0.924316, 0.587402, 0.0156653, 0.925293, 0.587402, 0.020043, 0.92627, 0.587402, 0.0236552, 0.927246, 0.587402, 0.0263621, 0.928223, 0.587402, 0.0280594, 0.929199, 0.587402, 0.0286817, 0.930176, 0.587402, 0.0282047, 0.931152, 0.587402, 0.0266467, 0.932129, 0.587402, 0.0240676, 0.933105, 0.587402, 0.0205662, 0.934082, 0.587402, 0.0162778, 0.935059, 0.587402, 0.0113665, 0.936035, 0.587402, 0.00602222, 0.937012, 0.587402, 0.000449681, 
        0.922363, 0.588379, 0.00488603, 0.92334, 0.588379, 0.00982363, 0.924316, 0.588379, 0.0143896, 0.925293, 0.588379, 0.0184072, 0.92627, 0.588379, 0.0217222, 0.927246, 0.588379, 0.0242064, 0.928223, 0.588379, 0.0257638, 0.929199, 0.588379, 0.0263346, 0.930176, 0.588379, 0.0258965, 0.931152, 0.588379, 0.0244662, 0.932129, 0.588379, 0.0220987, 0.933105, 0.588379, 0.0188848, 0.934082, 0.588379, 0.0149484, 0.935059, 0.588379, 0.0104405, 0.936035, 0.588379, 0.00553507, 0.937012, 0.588379, 0.000420178, 
        0.922363, 0.589355, 0.00428023, 0.92334, 0.589355, 0.008585, 0.924316, 0.589355, 0.0125657, 0.925293, 0.589355, 0.0160684, 0.92627, 0.589355, 0.0189583, 0.927246, 0.589355, 0.0211239, 0.928223, 0.589355, 0.0224814, 0.929199, 0.589355, 0.0229786, 0.930176, 0.589355, 0.022596, 0.931152, 0.589355, 0.0213483, 0.932129, 0.589355, 0.0192835, 0.933105, 0.589355, 0.0164806, 0.934082, 0.589355, 0.0130477, 0.935059, 0.589355, 0.0091165, 0.936035, 0.589355, 0.00483871, 0.937012, 0.589355, 0.000378278, 
        0.922363, 0.590332, 0.00351586, 0.92334, 0.590332, 0.00702186, 0.924316, 0.590332, 0.0102639, 0.925293, 0.590332, 0.0131165, 0.92627, 0.590332, 0.01547, 0.927246, 0.590332, 0.0172333, 0.928223, 0.590332, 0.0183384, 0.929199, 0.590332, 0.0187427, 0.930176, 0.590332, 0.0184303, 0.931152, 0.590332, 0.0174131, 0.932129, 0.590332, 0.0157302, 0.933105, 0.590332, 0.0134461, 0.934082, 0.590332, 0.0106488, 0.935059, 0.590332, 0.00744552, 0.936035, 0.590332, 0.00395993, 0.937012, 0.590332, 0.000325568, 
        0.922363, 0.591309, 0.00262232, 0.92334, 0.591309, 0.00519434, 0.924316, 0.591309, 0.00757265, 0.925293, 0.591309, 0.00966514, 0.92627, 0.591309, 0.0113913, 0.927246, 0.591309, 0.0126844, 0.928223, 0.591309, 0.0134944, 0.929199, 0.591309, 0.01379, 0.930176, 0.591309, 0.0135596, 0.931152, 0.591309, 0.0128119, 0.932129, 0.591309, 0.0115757, 0.933105, 0.591309, 0.00989812, 0.934082, 0.591309, 0.00784396, 0.935059, 0.591309, 0.00549184, 0.936035, 0.591309, 0.00293253, 0.937012, 0.591309, 0.00026405, 
        0.922363, 0.592285, 0.00163396, 0.92334, 0.592285, 0.00317276, 0.924316, 0.592285, 0.00459558, 0.925293, 0.592285, 0.00584723, 0.92627, 0.592285, 0.0068795, 0.927246, 0.592285, 0.00765235, 0.928223, 0.592285, 0.00813582, 0.929199, 0.592285, 0.00831119, 0.930176, 0.592285, 0.00817151, 0.931152, 0.592285, 0.00772198, 0.932129, 0.592285, 0.0069798, 0.933105, 0.592285, 0.0059733, 0.934082, 0.592285, 0.00474122, 0.935059, 0.592285, 0.00333067, 0.936035, 0.592285, 0.00179605, 0.937012, 0.592285, 0.000196068, 
