{
    "level": 0,
    "idx": {"x": 59, "y": 59},
    "dim": {"x": 8, "y": 8},
    "offset": {"x": 0.461426, "y": 0.461426},
    "cellSize": {"x": 0.000976562, "y": 0.000976562},
    "vertices": [
        0.461426, 0.461426, 0.271069, 0.462402, 0.461426, 0.271609, 0.463379, 0.461426, 0.272114, 0.464355, 0.461426, 0.272587, 0.465332, 0.461426, 0.273031, 0.466309, 0.461426, 0.273446, 0.467285, 0.461426, 0.273835, 0.468262, 0.461426, 0.274201, 
        0.461426, 0.462402, 0.271609, 0.462402, 0.462402, 0.272173, 0.463379, 0.462402, 0.272706, 0.464355, 0.462402, 0.273207, 0.465332, 0.462402, 0.27368, 0.466309, 0.462402, 0.274126, 0.467285, 0.462402, 0.274546, 0.468262, 0.462402, 0.274943, 
        0.461426, 0.463379, 0.272114, 0.462402, 0.463379, 0.272706, 0.463379, 0.463379, 0.273267, 0.464355, 0.463379, 0.273799, 0.465332, 0.463379, 0.274303, 0.466309, 0.463379, 0.274781, 0.467285, 0.463379, 0.275234, 0.468262, 0.463379, 0.275665, 
        0.461426, 0.464355, 0.272587, 0.462402, 0.464355, 0.273207, 0.463379, 0.464355, 0.273799, 0.464355, 0.464355, 0.274362, 0.465332, 0.464355, 0.2749, 0.466309, 0.464355, 0.275412, 0.467285, 0.464355, 0.2759, 0.468262, 0.464355, 0.276366, 
        0.461426, 0.465332, 0.273031, 0.462402, 0.465332, 0.27368, 0.463379, 0.465332, 0.274303, 0.464355, 0.465332, 0.2749, 0.465332, 0.465332, 0.275471, 0.466309, 0.465332, 0.276019, 0.467285, 0.465332, 0.276543, 0.468262, 0.465332, 0.277046, 
        0.461426, 0.466309, 0.273446, 0.462402, 0.466309, 0.274126, 0.463379, 0.466309, 0.274781, 0.464355, 0.466309, 0.275412, 0.465332, 0.466309, 0.276019, 0.466309, 0.466309, 0.276603, 0.467285, 0.466309, 0.277165, 0.468262, 0.466309, 0.277706, 
        0.461426, 0.467285, 0.273835, 0.462402, 0.467285, 0.274546, 0.463379, 0.467285, 0.275234, 0.464355, 0.467285, 0.2759, 0.465332, 0.467285, 0.276543, 0.466309, 0.467285, 0.277165, 0.467285, 0.467285, 0.277766, 0.468262, 0.467285, 0.278345, 
        0.461426, 0.468262, 0.274201, 0.462402, 0.468262, 0.274943, 0.463379, 0.468262, 0.275665, 0.464355, 0.468262, 0.276366, 0.465332, 0.468262, 0.277046, 0.466309, 0.468262, 0.277706, 0.467285, 0.468262, 0.278345, 0.468262, 0.468262, 0.278964
    ]
}
