{
    "level": 0,
    "idx": {"x": 59, "y": 69},
    "dim": {"x": 8, "y": 8},
    "offset": {"x": 0.461426, "y": 0.539551},
    "cellSize": {"x": 0.000976562, "y": 0.000976562},
    "vertices": [
        0.461426, 0.539551, 0.259959, 0.462402, 0.539551, 0.261039, 0.463379, 0.539551, 0.262117, 0.464355, 0.539551, 0.263192, 0.465332, 0.539551, 0.264261, 0.466309, 0.539551, 0.265322, 0.467285, 0.539551, 0.266371, 0.468262, 0.539551, 0.267407, 
        0.461426, 0.540527, 0.2589, 0.462402, 0.540527, 0.259995, 0.463379, 0.540527, 0.261092, 0.464355, 0.540527, 0.262186, 0.465332, 0.540527, 0.263275, 0.466309, 0.540527, 0.264357, 0.467285, 0.540527, 0.265428, 0.468262, 0.540527, 0.266486, 
        0.461426, 0.541504, 0.257843, 0.462402, 0.541504, 0.258953, 0.463379, 0.541504, 0.260065, 0.464355, 0.541504, 0.261176, 0.465332, 0.541504, 0.262282, 0.466309, 0.541504, 0.263382, 0.467285, 0.541504, 0.264473, 0.468262, 0.541504, 0.265549, 
        0.461426, 0.54248, 0.256792, 0.462402, 0.54248, 0.257913, 0.463379, 0.54248, 0.259038, 0.464355, 0.54248, 0.260162, 0.465332, 0.54248, 0.261284, 0.466309, 0.54248, 0.262399, 0.467285, 0.54248, 0.263505, 0.468262, 0.54248, 0.264598, 
        0.461426, 0.543457, 0.255746, 0.462402, 0.543457, 0.256877, 0.463379, 0.543457, 0.258011, 0.464355, 0.543457, 0.259147, 0.465332, 0.543457, 0.26028, 0.466309, 0.543457, 0.261407, 0.467285, 0.543457, 0.262525, 0.468262, 0.543457, 0.263631, 
        0.461426, 0.544434, 0.254707, 0.462402, 0.544434, 0.255845, 0.463379, 0.544434, 0.256987, 0.464355, 0.544434, 0.25813, 0.465332, 0.544434, 0.259271, 0.466309, 0.544434, 0.260407, 0.467285, 0.544434, 0.261535, 0.468262, 0.544434, 0.26265, 
        0.461426, 0.54541, 0.253677, 0.462402, 0.54541, 0.254818, 0.463379, 0.54541, 0.255964, 0.464355, 0.54541, 0.257112, 0.465332, 0.54541, 0.258259, 0.466309, 0.54541, 0.2594, 0.467285, 0.54541, 0.260533, 0.468262, 0.54541, 0.261654, 
        0.461426, 0.546387, 0.252655, 0.462402, 0.546387, 0.253798, 0.463379, 0.546387, 0.254945, 0.464355, 0.546387, 0.256095, 0.465332, 0.546387, 0.257243, 0.466309, 0.546387, 0.258386, 0.467285, 0.546387, 0.259522, 0.468262, 0.546387, 0.260645
    ]
}
