{
    "level": 0,
    "idx": {"x": 5, "y": 17},
    "dim": {"x": 8, "y": 8},
    "offset": {"x": 0.0395508, "y": 0.133301},
    "cellSize": {"x": 0.000976562, "y": 0.000976562},
    "vertices": [
        0.0395508, 0.133301, 0.00108648, 0.0405273, 0.133301, 0.000970306, 0.0415039, 0.133301, 0.000873191, 0.0424805, 0.133301, 0.000796629, 0.043457, 0.133301, 0.000741899, 0.0444336, 0.133301, 0.000710061, 0.0454102, 0.133301, 0.000701943, 0.0463867, 0.133301, 0.000718135, 
        0.0395508, 0.134277, 0.000838211, 0.0405273, 0.134277, 0.000704505, 0.0415039, 0.134277, 0.000591715, 0.0424805, 0.134277, 0.000501463, 0.043457, 0.134277, 0.00043515, 0.0444336, 0.134277, 0.000393934, 0.0454102, 0.134277, 0.00037872, 0.0463867, 0.134277, 0.000390153, 
        0.0395508, 0.135254, 0.000609012, 0.0405273, 0.135254, 0.000459617, 0.0415039, 0.135254, 0.000332775, 0.0424805, 0.135254, 0.000230233, 0.043457, 0.135254, 0.000153495, 0.0444336, 0.135254, 0.000103807, 0.0454102, 0.135254, 8.21413e-05, 0.0463867, 0.135254, 8.91936e-05, 
        0.0395508, 0.13623, 0.000400395, 0.0405273, 0.13623, 0.000237283, 0.0415039, 0.13623, 9.81381e-05, 0.0424805, 0.13623, -1.51906e-05, 0.043457, 0.13623, -0.000101108, 0.0444336, 0.13623, -0.000158295, 0.0454102, 0.13623, -0.000185717, 0.0463867, 0.13623, -0.000182639, 
        0.0395508, 0.137207, 0.00021365, 0.0405273, 0.137207, 3.89151e-05, 0.0415039, 0.137207, -0.000110682, 0.0424805, 0.137207, -0.000233204, 0.043457, 0.137207, -0.000326981, 0.0444336, 0.137207, -0.000390632, 0.0454102, 0.137207, -0.000423075, 0.0463867, 0.137207, -0.000423539, 
        0.0395508, 0.138184, 4.98521e-05, 0.0405273, 0.138184, -0.000134318, 0.0415039, 0.138184, -0.000292428, 0.0424805, 0.138184, -0.000422474, 0.043457, 0.138184, -0.00052273, 0.0444336, 0.138184, -0.000591764, 0.0454102, 0.138184, -0.000628456, 0.0463867, 0.138184, -0.000632008, 
        0.0395508, 0.13916, -9.01519e-05, 0.0405273, 0.13916, -0.00028149, 0.0415039, 0.13916, -0.000446108, 0.0424805, 0.13916, -0.000581953, 0.043457, 0.13916, -0.000687256, 0.0444336, 0.13916, -0.000760552, 0.0454102, 0.13916, -0.000800694, 0.0463867, 0.13916, -0.000806864, 
        0.0395508, 0.140137, -0.000205757, 0.0405273, 0.140137, -0.000401943, 0.0415039, 0.140137, -0.000571015, 0.0424805, 0.140137, -0.00071089, 0.043457, 0.140137, -0.000819775, 0.0444336, 0.140137, -0.000896186, 0.0454102, 0.140137, -0.00093896, 0.0463867, 0.140137, -0.000947265
    ]
}
