{
    "level": 0,
    "idx": {"x": 5, "y": 7},
    "dim": {"x": 16, "y": 16},
    "offset": {"x": 0.0786133, "y": 0.109863},
    "cellSize": {"x": 0.000976562, "y": 0.000976562},
    "vertices": [
        0.0786133, 0.109863, 1.03984e-05, 0.0795898, 0.109863, 0.000136138, 0.0805664, 0.109863, 0.000256656, 0.081543, 0.109863, 0.000367313, 0.0825195, 0.109863, 0.000463847, 0.0834961, 0.109863, 0.000542545, 0.0844727, 0.109863, 0.000600375, 0.0854492, 0.109863, 0.000635112, 0.0864258, 0.109863, 0.00064542, 0.0874023, 0.109863, 0.000630901, 0.0883789, 0.109863, 0.000592116, 0.0893555, 0.109863, 0.000530559, 0.090332, 0.109863, 0.000448602, 0.0913086, 0.109863, 0.000349401, 0.0922852, 0.109863, 0.000236776, 0.0932617, 0.109863, 0.000115065, 
        0.0786133, 0.11084, 0.000100153, 0.0795898, 0.11084, 0.00136535, 0.0805664, 0.11084, 0.002578, 0.081543, 0.11084, 0.0036914, 0.0825195, 0.11084, 0.00466269, 0.0834961, 0.11084, 0.00545447, 0.0844727, 0.11084, 0.00603625, 0.0854492, 0.11084, 0.00638564, 0.0864258, 0.11084, 0.00648918, 0.0874023, 0.11084, 0.00634288, 0.0883789, 0.11084, 0.00595238, 0.0893555, 0.11084, 0.00533271, 0.090332, 0.11084, 0.00450774, 0.0913086, 0.11084, 0.00350924, 0.0922852, 0.11084, 0.00237564, 0.0932617, 0.11084, 0.00115061, 
        0.0786133, 0.111816, 0.000186071, 0.0795898, 0.111816, 0.00254201, 0.0805664, 0.111816, 0.0048001, 0.081543, 0.111816, 0.00687337, 0.0825195, 0.111816, 0.00868202, 0.0834961, 0.111816, 0.0101564, 0.0844727, 0.111816, 0.0112397, 0.0854492, 0.111816, 0.0118903, 0.0864258, 0.111816, 0.0120831, 0.0874023, 0.111816, 0.0118107, 0.0883789, 0.111816, 0.0110835, 0.0893555, 0.111816, 0.00992956, 0.090332, 0.111816, 0.00839335, 0.0913086, 0.111816, 0.00653399, 0.0922852, 0.111816, 0.00442306, 0.0932617, 0.111816, 0.00214187, 
        0.0786133, 0.112793, 0.000264846, 0.0795898, 0.112793, 0.00362083, 0.0805664, 0.112793, 0.00683742, 0.081543, 0.112793, 0.00979075, 0.0825195, 0.112793, 0.0123671, 0.0834961, 0.112793, 0.0144673, 0.0844727, 0.112793, 0.0160105, 0.0854492, 0.112793, 0.0169372, 0.0864258, 0.112793, 0.0172118, 0.0874023, 0.112793, 0.0168237, 0.0883789, 0.112793, 0.0157879, 0.0893555, 0.112793, 0.0141441, 0.090332, 0.112793, 0.0119558, 0.0913086, 0.112793, 0.00930721, 0.0922852, 0.112793, 0.00630023, 0.0932617, 0.112793, 0.00305072, 
        0.0786133, 0.11377, 0.000333445, 0.0795898, 0.11377, 0.00456024, 0.0805664, 0.11377, 0.00861147, 0.081543, 0.11377, 0.0123311, 0.0825195, 0.11377, 0.015576, 0.0834961, 0.11377, 0.0182212, 0.0844727, 0.11377, 0.0201648, 0.0854492, 0.11377, 0.021332, 0.0864258, 0.11377, 0.0216778, 0.0874023, 0.11377, 0.021189, 0.0883789, 0.11377, 0.0198844, 0.0893555, 0.11377, 0.0178141, 0.090332, 0.11377, 0.015058, 0.0913086, 0.11377, 0.0117221, 0.0922852, 0.11377, 0.00793482, 0.0932617, 0.11377, 0.00384212, 
        0.0786133, 0.114746, 0.000389226, 0.0795898, 0.114746, 0.00532409, 0.0805664, 0.114746, 0.010054, 0.081543, 0.114746, 0.0143967, 0.0825195, 0.114746, 0.0181852, 0.0834961, 0.114746, 0.0212735, 0.0844727, 0.114746, 0.0235427, 0.0854492, 0.114746, 0.0249054, 0.0864258, 0.114746, 0.0253092, 0.0874023, 0.114746, 0.0247385, 0.0883789, 0.114746, 0.0232153, 0.0893555, 0.114746, 0.0207982, 0.090332, 0.114746, 0.0175803, 0.0913086, 0.114746, 0.0136856, 0.0922852, 0.114746, 0.00926393, 0.0932617, 0.114746, 0.00448562, 
        0.0786133, 0.115723, 0.000430044, 0.0795898, 0.115723, 0.00588296, 0.0805664, 0.115723, 0.0111094, 0.081543, 0.115723, 0.015908, 0.0825195, 0.115723, 0.0200942, 0.0834961, 0.115723, 0.0235067, 0.0844727, 0.115723, 0.0260141, 0.0854492, 0.115723, 0.0275199, 0.0864258, 0.115723, 0.0279661, 0.0874023, 0.115723, 0.0273354, 0.0883789, 0.115723, 0.0256523, 0.0893555, 0.115723, 0.0229815, 0.090332, 0.115723, 0.0194259, 0.0913086, 0.115723, 0.0151223, 0.0922852, 0.115723, 0.0102364, 0.0932617, 0.115723, 0.00495644, 
        0.0786133, 0.116699, 0.000454326, 0.0795898, 0.116699, 0.00621533, 0.0805664, 0.116699, 0.011737, 0.081543, 0.116699, 0.0168068, 0.0825195, 0.116699, 0.0212295, 0.0834961, 0.116699, 0.0248348, 0.0844727, 0.116699, 0.0274839, 0.0854492, 0.116699, 0.0290748, 0.0864258, 0.116699, 0.0295461, 0.0874023, 0.116699, 0.0288799, 0.0883789, 0.116699, 0.0271017, 0.0893555, 0.116699, 0.02428, 0.090332, 0.116699, 0.0205234, 0.0913086, 0.116699, 0.0159767, 0.0922852, 0.116699, 0.0108147, 0.0932617, 0.116699, 0.00523646, 
        0.0786133, 0.117676, 0.000461139, 0.0795898, 0.117676, 0.00630842, 0.0805664, 0.117676, 0.0119128, 0.081543, 0.117676, 0.0170585, 0.0825195, 0.117676, 0.0215474, 0.0834961, 0.117676, 0.0252067, 0.0844727, 0.117676, 0.0278955, 0.0854492, 0.117676, 0.0295101, 0.0864258, 0.117676, 0.0299886, 0.0874023, 0.117676, 0.0293124, 0.0883789, 0.117676, 0.0275075, 0.0893555, 0.117676, 0.0246436, 0.090332, 0.117676, 0.0208307, 0.0913086, 0.117676, 0.0162159, 0.0922852, 0.117676, 0.0109767, 0.0932617, 0.117676, 0.00531489, 
        0.0786133, 0.118652, 0.000450221, 0.0795898, 0.118652, 0.00615862, 0.0805664, 0.118652, 0.0116299, 0.081543, 0.118652, 0.0166534, 0.0825195, 0.118652, 0.0210357, 0.0834961, 0.118652, 0.0246081, 0.0844727, 0.118652, 0.027233, 0.0854492, 0.118652, 0.0288093, 0.0864258, 0.118652, 0.0292764, 0.0874023, 0.118652, 0.0286162, 0.0883789, 0.118652, 0.0268543, 0.0893555, 0.118652, 0.0240583, 0.090332, 0.118652, 0.0203361, 0.0913086, 0.118652, 0.0158308, 0.0922852, 0.118652, 0.010716, 0.0932617, 0.118652, 0.00518871, 
        0.0786133, 0.119629, 0.000421993, 0.0795898, 0.119629, 0.00577172, 0.0805664, 0.119629, 0.0108992, 0.081543, 0.119629, 0.0156071, 0.0825195, 0.119629, 0.019714, 0.0834961, 0.119629, 0.023062, 0.0844727, 0.119629, 0.0255219, 0.0854492, 0.119629, 0.0269992, 0.0864258, 0.119629, 0.027437, 0.0874023, 0.119629, 0.0268183, 0.0883789, 0.119629, 0.025167, 0.0893555, 0.119629, 0.0225467, 0.090332, 0.119629, 0.0190584, 0.0913086, 0.119629, 0.0148362, 0.0922852, 0.119629, 0.0100428, 0.0932617, 0.119629, 0.00486279, 
        0.0786133, 0.120605, 0.000377544, 0.0795898, 0.120605, 0.00516262, 0.0805664, 0.120605, 0.00974893, 0.081543, 0.120605, 0.0139599, 0.0825195, 0.120605, 0.0176333, 0.0834961, 0.120605, 0.0206279, 0.0844727, 0.120605, 0.0228282, 0.0854492, 0.120605, 0.0241496, 0.0864258, 0.120605, 0.0245411, 0.0874023, 0.120605, 0.0239877, 0.0883789, 0.120605, 0.0225108, 0.0893555, 0.120605, 0.0201671, 0.090332, 0.120605, 0.0170469, 0.0913086, 0.120605, 0.0132704, 0.0922852, 0.120605, 0.00898294, 0.0932617, 0.120605, 0.00434968, 
        0.0786133, 0.121582, 0.000318584, 0.0795898, 0.121582, 0.00435475, 0.0805664, 0.121582, 0.00822326, 0.081543, 0.121582, 0.0117752, 0.0825195, 0.121582, 0.0148737, 0.0834961, 0.121582, 0.0173996, 0.0844727, 0.121582, 0.0192555, 0.0854492, 0.121582, 0.0203701, 0.0864258, 0.121582, 0.0207003, 0.0874023, 0.121582, 0.0202336, 0.0883789, 0.121582, 0.0189878, 0.0893555, 0.121582, 0.0170109, 0.090332, 0.121582, 0.0143791, 0.0913086, 0.121582, 0.0111936, 0.0922852, 0.121582, 0.00757722, 0.0932617, 0.121582, 0.00366912, 
        0.0786133, 0.122559, 0.000247386, 0.0795898, 0.122559, 0.00337924, 0.0805664, 0.122559, 0.006381, 0.081543, 0.122559, 0.00913709, 0.0825195, 0.122559, 0.0115414, 0.0834961, 0.122559, 0.0135014, 0.0844727, 0.122559, 0.0149415, 0.0854492, 0.122559, 0.0158063, 0.0864258, 0.122559, 0.0160626, 0.0874023, 0.122559, 0.0157004, 0.0883789, 0.122559, 0.0147338, 0.0893555, 0.122559, 0.0131998, 0.090332, 0.122559, 0.0111577, 0.0913086, 0.122559, 0.00868595, 0.0922852, 0.122559, 0.0058798, 0.0932617, 0.122559, 0.00284734, 
