{
    "level": 0,
    "idx": {"x": 5, "y": 36},
    "dim": {"x": 8, "y": 8},
    "offset": {"x": 0.0395508, "y": 0.281738},
    "cellSize": {"x": 0.000976562, "y": 0.000976562},
    "vertices": [
        0.0395508, 0.281738, -0.00409462, 0.0405273, 0.281738, -0.00417158, 0.0415039, 0.281738, -0.00424785, 0.0424805, 0.281738, -0.00432347, 0.043457, 0.281738, -0.00439846, 0.0444336, 0.281738, -0.00447284, 0.0454102, 0.281738, -0.00454661, 0.0463867, 0.281738, -0.00461976, 
        0.0395508, 0.282715, -0.00378107, 0.0405273, 0.282715, -0.00383284, 0.0415039, 0.282715, -0.00388668, 0.0424805, 0.282715, -0.00394285, 0.043457, 0.282715, -0.00400154, 0.0444336, 0.282715, -0.00406292, 0.0454102, 0.282715, -0.0041271, 0.0463867, 0.282715, -0.00419416, 
        0.0395508, 0.283691, -0.00346934, 0.0405273, 0.283691, -0.00349618, 0.0415039, 0.283691, -0.00352784, 0.0424805, 0.283691, -0.00356476, 0.043457, 0.283691, -0.00360732, 0.0444336, 0.283691, -0.00365581, 0.0454102, 0.283691, -0.00371048, 0.0463867, 0.283691, -0.0037715, 
        0.0395508, 0.284668, -0.00316194, 0.0405273, 0.284668, -0.00316436, 0.0415039, 0.284668, -0.00317427, 0.0424805, 0.284668, -0.00319232, 0.043457, 0.284668, -0.00321904, 0.0444336, 0.284668, -0.00325489, 0.0454102, 0.284668, -0.00330023, 0.0463867, 0.284668, -0.00335528, 
        0.0395508, 0.285645, -0.00286131, 0.0405273, 0.285645, -0.00284004, 0.0415039, 0.285645, -0.00282884, 0.0424805, 0.285645, -0.00282856, 0.043457, 0.285645, -0.00283991, 0.0444336, 0.285645, -0.00286347, 0.0454102, 0.285645, -0.0028997, 0.0463867, 0.285645, -0.00294893, 
        0.0395508, 0.286621, -0.00256982, 0.0405273, 0.286621, -0.0025258, 0.0415039, 0.286621, -0.00249433, 0.0424805, 0.286621, -0.00247644, 0.043457, 0.286621, -0.002473, 0.0444336, 0.286621, -0.00248472, 0.0454102, 0.286621, -0.00251218, 0.0463867, 0.286621, -0.00255577, 
        0.0395508, 0.287598, -0.00228975, 0.0405273, 0.287598, -0.00222413, 0.0415039, 0.287598, -0.0021734, 0.0424805, 0.287598, -0.00213877, 0.043457, 0.287598, -0.00212126, 0.0444336, 0.287598, -0.00212172, 0.0454102, 0.287598, -0.0021408, 0.0463867, 0.287598, -0.00217897, 
        0.0395508, 0.288574, -0.00202324, 0.0405273, 0.288574, -0.00193737, 0.0415039, 0.288574, -0.00186858, 0.0424805, 0.288574, -0.00181824, 0.043457, 0.288574, -0.00178751, 0.0444336, 0.288574, -0.00177735, 0.0454102, 0.288574, -0.00178852, 0.0463867, 0.288574, -0.00182154
    ]
}
