{
    "level": 0,
    "idx": {"x": 60, "y": 47},
    "dim": {"x": 16, "y": 16},
    "offset": {"x": 0.937988, "y": 0.734863},
    "cellSize": {"x": 0.000976562, "y": 0.000976562},
    "vertices": [
        0.937988, 0.734863, -0.000776537, 0.938965, 0.734863, -0.00159022, 0.939941, 0.734863, -0.00234213, 0.940918, 0.734863, -0.00300328, 0.941895, 0.734863, -0.00354834, 0.942871, 0.734863, -0.00395626, 0.943848, 0.734863, -0.00421139, 0.944824, 0.734863, -0.00430391, 0.945801, 0.734863, -0.00423028, 0.946777, 0.734863, -0.00399335, 0.947754, 0.734863, -0.00360222, 0.94873, 0.734863, -0.00307205, 0.949707, 0.734863, -0.00242316, 0.950684, 0.734863, -0.00168059, 0.95166, 0.734863, -0.000873023, 0.952637, 0.734863, -3.14348e-05, 
        0.937988, 0.73584, -0.00182368, 0.938965, 0.73584, -0.00371419, 0.939941, 0.73584, -0.00546116, 0.940918, 0.73584, -0.00699721, 0.941895, 0.73584, -0.00826345, 0.942871, 0.73584, -0.00921096, 0.943848, 0.73584, -0.00980341, 0.944824, 0.73584, -0.0100179, 0.945801, 0.73584, -0.00984625, 0.946777, 0.73584, -0.00929509, 0.947754, 0.73584, -0.00838557, 0.94873, 0.73584, -0.00715287, 0.949707, 0.73584, -0.00564428, 0.950684, 0.73584, -0.00391798, 0.95166, 0.73584, -0.00204061, 0.952637, 0.73584, -8.4196e-05, 
        0.937988, 0.736816, -0.00280014, 0.938965, 0.736816, -0.0056948, 0.939941, 0.736816, -0.00836964, 0.940918, 0.736816, -0.0107215, 0.941895, 0.736816, -0.0126603, 0.942871, 0.736816, -0.0141109, 0.943848, 0.736816, -0.0150179, 0.944824, 0.736816, -0.0153462, 0.945801, 0.736816, -0.0150831, 0.946777, 0.736816, -0.0142389, 0.947754, 0.736816, -0.012846, 0.94873, 0.736816, -0.0109582, 0.949707, 0.736816, -0.00864796, 0.950684, 0.736816, -0.00600434, 0.95166, 0.736816, -0.00312939, 0.952637, 0.736816, -0.000133404, 
        0.937988, 0.737793, -0.0036682, 0.938965, 0.737793, -0.00745548, 0.939941, 0.737793, -0.0109552, 0.940918, 0.737793, -0.0140323, 0.941895, 0.737793, -0.0165688, 0.942871, 0.737793, -0.0184668, 0.943848, 0.737793, -0.0196534, 0.944824, 0.737793, -0.0200828, 0.945801, 0.737793, -0.0197385, 0.946777, 0.737793, -0.0186338, 0.947754, 0.737793, -0.0168111, 0.94873, 0.737793, -0.014341, 0.949707, 0.737793, -0.0113181, 0.950684, 0.737793, -0.00785902, 0.95166, 0.737793, -0.00409728, 0.952637, 0.737793, -0.000177161, 
        0.937988, 0.73877, -0.00439455, 0.938965, 0.73877, -0.00892872, 0.939941, 0.73877, -0.0131186, 0.940918, 0.73877, -0.0168025, 0.941895, 0.73877, -0.0198393, 0.942871, 0.73877, -0.0221115, 0.943848, 0.73877, -0.023532, 0.944824, 0.73877, -0.024046, 0.945801, 0.73877, -0.0236337, 0.946777, 0.73877, -0.0223111, 0.947754, 0.73877, -0.0201289, 0.94873, 0.73877, -0.0171715, 0.949707, 0.73877, -0.0135523, 0.950684, 0.73877, -0.0094109, 0.95166, 0.73877, -0.00490715, 0.952637, 0.73877, -0.000213796, 
        0.937988, 0.739746, -0.00495115, 0.938965, 0.739746, -0.0100576, 0.939941, 0.739746, -0.0147762, 0.940918, 0.739746, -0.0189251, 0.941895, 0.739746, -0.0223451, 0.942871, 0.739746, -0.0249041, 0.943848, 0.739746, -0.0265039, 0.944824, 0.739746, -0.0270827, 0.945801, 0.739746, -0.0266183, 0.946777, 0.739746, -0.0251287, 0.947754, 0.739746, -0.022671, 0.94873, 0.739746, -0.0193402, 0.949707, 0.739746, -0.0152642, 0.950684, 0.739746, -0.0106, 0.95166, 0.739746, -0.00552772, 0.952637, 0.739746, -0.000241898, 
        0.937988, 0.740723, -0.00531664, 0.938965, 0.740723, -0.0107988, 0.939941, 0.740723, -0.0158646, 0.940918, 0.740723, -0.0203187, 0.941895, 0.740723, -0.0239904, 0.942871, 0.740723, -0.0267376, 0.943848, 0.740723, -0.0284551, 0.944824, 0.740723, -0.0290764, 0.945801, 0.740723, -0.0285778, 0.946777, 0.740723, -0.0269786, 0.947754, 0.740723, -0.02434, 0.94873, 0.740723, -0.0207641, 0.949707, 0.740723, -0.0163881, 0.950684, 0.740723, -0.0113807, 0.95166, 0.740723, -0.00593518, 0.952637, 0.740723, -0.000260395, 
        0.937988, 0.741699, -0.00547692, 0.938965, 0.741699, -0.0111237, 0.939941, 0.741699, -0.0163416, 0.940918, 0.741699, -0.0209295, 0.941895, 0.741699, -0.0247114, 0.942871, 0.741699, -0.0275411, 0.943848, 0.741699, -0.0293101, 0.944824, 0.741699, -0.0299501, 0.945801, 0.741699, -0.0294365, 0.946777, 0.741699, -0.0277892, 0.947754, 0.741699, -0.0250714, 0.94873, 0.741699, -0.0213881, 0.949707, 0.741699, -0.0168807, 0.950684, 0.741699, -0.0117229, 0.95166, 0.741699, -0.0061138, 0.952637, 0.741699, -0.000268577, 
        0.937988, 0.742676, -0.00542584, 0.938965, 0.742676, -0.0110198, 0.939941, 0.742676, -0.0161889, 0.940918, 0.742676, -0.0207339, 0.941895, 0.742676, -0.0244804, 0.942871, 0.742676, -0.0272837, 0.943848, 0.742676, -0.0290362, 0.944824, 0.742676, -0.0296702, 0.945801, 0.742676, -0.0291614, 0.946777, 0.742676, -0.0275295, 0.947754, 0.742676, -0.0248371, 0.94873, 0.742676, -0.0211883, 0.949707, 0.742676, -0.0167229, 0.950684, 0.742676, -0.0116134, 0.95166, 0.742676, -0.00605671, 0.952637, 0.742676, -0.000266136, 
        0.937988, 0.743652, -0.00516535, 0.938965, 0.743652, -0.0104911, 0.939941, 0.743652, -0.0154124, 0.940918, 0.743652, -0.0197395, 0.941895, 0.743652, -0.0233065, 0.942871, 0.743652, -0.0259753, 0.943848, 0.743652, -0.0276438, 0.944824, 0.743652, -0.0282474, 0.945801, 0.743652, -0.0277631, 0.946777, 0.743652, -0.0262094, 0.947754, 0.743652, -0.0236461, 0.94873, 0.743652, -0.0201722, 0.949707, 0.743652, -0.015921, 0.950684, 0.743652, -0.0110563, 0.95166, 0.743652, -0.00576612, 0.952637, 0.743652, -0.00025317, 
        0.937988, 0.744629, -0.00470555, 0.938965, 0.744629, -0.00955811, 0.939941, 0.744629, -0.0140422, 0.940918, 0.744629, -0.0179848, 0.941895, 0.744629, -0.0212348, 0.942871, 0.744629, -0.0236666, 0.943848, 0.744629, -0.0251868, 0.944824, 0.744629, -0.0257368, 0.945801, 0.744629, -0.0252955, 0.946777, 0.744629, -0.0238799, 0.947754, 0.744629, -0.0215444, 0.94873, 0.744629, -0.0183792, 0.949707, 0.744629, -0.0145057, 0.950684, 0.744629, -0.0100734, 0.95166, 0.744629, -0.00525325, 0.952637, 0.744629, -0.000230185, 
        0.937988, 0.745605, -0.00406407, 0.938965, 0.745605, -0.00825656, 0.939941, 0.745605, -0.0121307, 0.940918, 0.745605, -0.015537, 0.941895, 0.745605, -0.0183449, 0.942871, 0.745605, -0.0204459, 0.943848, 0.745605, -0.0217594, 0.944824, 0.745605, -0.0222346, 0.945801, 0.745605, -0.0218534, 0.946777, 0.745605, -0.0206304, 0.947754, 0.745605, -0.0186126, 0.94873, 0.745605, -0.015878, 0.949707, 0.745605, -0.0125315, 0.950684, 0.745605, -0.00870219, 0.95166, 0.745605, -0.00453779, 0.952637, 0.745605, -0.00019807, 
        0.937988, 0.746582, -0.00326572, 0.938965, 0.746582, -0.00663678, 0.939941, 0.746582, -0.00975185, 0.940918, 0.746582, -0.0124908, 0.941895, 0.746582, -0.0147486, 0.942871, 0.746582, -0.0164379, 0.943848, 0.746582, -0.0174941, 0.944824, 0.746582, -0.0178763, 0.945801, 0.746582, -0.0175698, 0.946777, 0.746582, -0.0165865, 0.947754, 0.746582, -0.0149641, 0.94873, 0.746582, -0.0127654, 0.949707, 0.746582, -0.0100747, 0.950684, 0.746582, -0.00699576, 0.95166, 0.746582, -0.0036474, 0.952637, 0.746582, -0.000158069, 
        0.937988, 0.747559, -0.00234113, 0.938965, 0.747559, -0.0047609, 0.939941, 0.747559, -0.00699693, 0.940918, 0.747559, -0.00896298, 0.941895, 0.747559, -0.0105837, 0.942871, 0.747559, -0.0117963, 0.943848, 0.747559, -0.0125545, 0.944824, 0.747559, -0.0128289, 0.945801, 0.747559, -0.012609, 0.946777, 0.747559, -0.0119033, 0.947754, 0.747559, -0.0107389, 0.94873, 0.747559, -0.00916077, 0.949707, 0.747559, -0.00722949, 0.950684, 0.747559, -0.00501955, 0.95166, 0.747559, -0.00261623, 0.952637, 0.747559, -0.000111722, 
