{
    "level": 0,
    "idx": {"x": 60, "y": 109},
    "dim": {"x": 8, "y": 8},
    "offset": {"x": 0.469238, "y": 0.852051},
    "cellSize": {"x": 0.000976562, "y": 0.000976562},
    "vertices": [
        0.469238, 0.852051, 0.000626386, 0.470215, 0.852051, 0.000951974, 0.471191, 0.852051, 0.00127391, 0.472168, 0.852051, 0.00158953, 0.473145, 0.852051, 0.00189622, 0.474121, 0.852051, 0.00219146, 0.475098, 0.852051, 0.00247282, 0.476074, 0.852051, 0.00273804, 
        0.469238, 0.853027, 0.000512807, 0.470215, 0.853027, 0.000862139, 0.471191, 0.853027, 0.00120754, 0.472168, 0.853027, 0.00154613, 0.473145, 0.853027, 0.00187509, 0.474121, 0.853027, 0.0021917, 0.475098, 0.853027, 0.00249337, 0.476074, 0.853027, 0.00277763, 
        0.469238, 0.854004, 0.000399678, 0.470215, 0.854004, 0.000769831, 0.471191, 0.854004, 0.00113581, 0.472168, 0.854004, 0.00149455, 0.473145, 0.854004, 0.00184307, 0.474121, 0.854004, 0.00217847, 0.475098, 0.854004, 0.00249798, 0.476074, 0.854004, 0.002799, 
        0.469238, 0.85498, 0.000286928, 0.470215, 0.85498, 0.000674792, 0.471191, 0.85498, 0.00105828, 0.472168, 0.85498, 0.00143419, 0.473145, 0.85498, 0.00179937, 0.474121, 0.85498, 0.00215079, 0.475098, 0.85498, 0.00248555, 0.476074, 0.85498, 0.00280091, 
        0.469238, 0.855957, 0.000174461, 0.470215, 0.855957, 0.000576775, 0.471191, 0.855957, 0.00097456, 0.472168, 0.855957, 0.00136449, 0.473145, 0.855957, 0.0017433, 0.474121, 0.855957, 0.00210785, 0.475098, 0.855957, 0.00245512, 0.476074, 0.855957, 0.00278228, 
        0.469238, 0.856934, 6.22347e-05, 0.470215, 0.856934, 0.000475613, 0.471191, 0.856934, 0.000884356, 0.472168, 0.856934, 0.00128505, 0.473145, 0.856934, 0.00167435, 0.474121, 0.856934, 0.00204902, 0.475098, 0.856934, 0.00240597, 0.476074, 0.856934, 0.00274229, 
        0.469238, 0.85791, -4.98139e-05, 0.470215, 0.85791, 0.000371154, 0.471191, 0.85791, 0.00078743, 0.472168, 0.85791, 0.00119555, 0.473145, 0.85791, 0.0015921, 0.474121, 0.85791, 0.0019738, 0.475098, 0.85791, 0.00233752, 0.476074, 0.85791, 0.00268029, 
        0.469238, 0.858887, -0.000161707, 0.470215, 0.858887, 0.000263319, 0.471191, 0.858887, 0.000683647, 0.472168, 0.858887, 0.00109579, 0.473145, 0.858887, 0.00149631, 0.474121, 0.858887, 0.00188192, 0.475098, 0.858887, 0.00224944, 0.476074, 0.858887, 0.00259591
    ]
}
