{
    "level": 0,
    "idx": {"x": 60, "y": 72},
    "dim": {"x": 8, "y": 8},
    "offset": {"x": 0.469238, "y": 0.562988},
    "cellSize": {"x": 0.000976562, "y": 0.000976562},
    "vertices": [
        0.469238, 0.562988, 0.242203, 0.470215, 0.562988, 0.242879, 0.471191, 0.562988, 0.243538, 0.472168, 0.562988, 0.244181, 0.473145, 0.562988, 0.244809, 0.474121, 0.562988, 0.24542, 0.475098, 0.562988, 0.246015, 0.476074, 0.562988, 0.246595, 
        0.469238, 0.563965, 0.24093, 0.470215, 0.563965, 0.241568, 0.471191, 0.563965, 0.24219, 0.472168, 0.563965, 0.242797, 0.473145, 0.563965, 0.243389, 0.474121, 0.563965, 0.243967, 0.475098, 0.563965, 0.24453, 0.476074, 0.563965, 0.24508, 
        0.469238, 0.564941, 0.239647, 0.470215, 0.564941, 0.240247, 0.471191, 0.564941, 0.240832, 0.472168, 0.564941, 0.241403, 0.473145, 0.564941, 0.24196, 0.474121, 0.564941, 0.242505, 0.475098, 0.564941, 0.243037, 0.476074, 0.564941, 0.243558, 
        0.469238, 0.565918, 0.238353, 0.470215, 0.565918, 0.238916, 0.471191, 0.565918, 0.239465, 0.472168, 0.565918, 0.240001, 0.473145, 0.565918, 0.240524, 0.474121, 0.565918, 0.241036, 0.475098, 0.565918, 0.241538, 0.476074, 0.565918, 0.242031, 
        0.469238, 0.566895, 0.237048, 0.470215, 0.566895, 0.237576, 0.471191, 0.566895, 0.23809, 0.472168, 0.566895, 0.238592, 0.473145, 0.566895, 0.239082, 0.474121, 0.566895, 0.239563, 0.475098, 0.566895, 0.240035, 0.476074, 0.566895, 0.2405, 
        0.469238, 0.567871, 0.235734, 0.470215, 0.567871, 0.236228, 0.471191, 0.567871, 0.236708, 0.472168, 0.567871, 0.237177, 0.473145, 0.567871, 0.237636, 0.474121, 0.567871, 0.238087, 0.475098, 0.567871, 0.238531, 0.476074, 0.567871, 0.238969, 
        0.469238, 0.568848, 0.23441, 0.470215, 0.568848, 0.234872, 0.471191, 0.568848, 0.23532, 0.472168, 0.568848, 0.235758, 0.473145, 0.568848, 0.236187, 0.474121, 0.568848, 0.23661, 0.475098, 0.568848, 0.237027, 0.476074, 0.568848, 0.23744, 
        0.469238, 0.569824, 0.233077, 0.470215, 0.569824, 0.233509, 0.471191, 0.569824, 0.233928, 0.472168, 0.569824, 0.234337, 0.473145, 0.569824, 0.234738, 0.474121, 0.569824, 0.235133, 0.475098, 0.569824, 0.235525, 0.476074, 0.569824, 0.235915
    ]
}
