{
    "level": 0,
    "idx": {"x": 60, "y": 121},
    "dim": {"x": 8, "y": 8},
    "offset": {"x": 0.469238, "y": 0.945801},
    "cellSize": {"x": 0.000976562, "y": 0.000976562},
    "vertices": [
        0.469238, 0.945801, -0.00352838, 0.470215, 0.945801, -0.00371173, 0.471191, 0.945801, -0.00388993, 0.472168, 0.945801, -0.00406032, 0.473145, 0.945801, -0.00422033, 0.474121, 0.945801, -0.00436745, 0.475098, 0.945801, -0.00449931, 0.476074, 0.945801, -0.00461367, 
        0.469238, 0.946777, -0.00350116, 0.470215, 0.946777, -0.00370728, 0.471191, 0.946777, -0.00390794, 0.472168, 0.946777, -0.00410031, 0.473145, 0.946777, -0.00428159, 0.474121, 0.946777, -0.00444909, 0.475098, 0.946777, -0.00460025, 0.476074, 0.946777, -0.00473264, 
        0.469238, 0.947754, -0.00347127, 0.470215, 0.947754, -0.00369726, 0.471191, 0.947754, -0.00391755, 0.472168, 0.947754, -0.0041291, 0.473145, 0.947754, -0.00432896, 0.474121, 0.947754, -0.00451428, 0.475098, 0.947754, -0.00468231, 0.476074, 0.947754, -0.00483051, 
        0.469238, 0.94873, -0.00343867, 0.470215, 0.94873, -0.00368144, 0.471191, 0.94873, -0.00391831, 0.472168, 0.94873, -0.00414609, 0.473145, 0.94873, -0.00436167, 0.474121, 0.94873, -0.00456207, 0.475098, 0.94873, -0.00474442, 0.476074, 0.94873, -0.00490602, 
        0.469238, 0.949707, -0.00340328, 0.470215, 0.949707, -0.00365962, 0.471191, 0.949707, -0.00390988, 0.472168, 0.949707, -0.00415078, 0.473145, 0.949707, -0.00437909, 0.474121, 0.949707, -0.00459171, 0.475098, 0.949707, -0.00478568, 0.476074, 0.949707, -0.00495819, 
        0.469238, 0.950684, -0.00336508, 0.470215, 0.950684, -0.00363162, 0.471191, 0.950684, -0.00389198, 0.472168, 0.950684, -0.00414278, 0.473145, 0.950684, -0.00438071, 0.474121, 0.950684, -0.00460259, 0.475098, 0.950684, -0.00480538, 0.476074, 0.950684, -0.0049862, 
        0.469238, 0.95166, -0.00332404, 0.470215, 0.95166, -0.00359735, 0.471191, 0.95166, -0.00386442, 0.472168, 0.95166, -0.00412182, 0.473145, 0.95166, -0.00436618, 0.474121, 0.95166, -0.00459427, 0.475098, 0.95166, -0.00480301, 0.476074, 0.95166, -0.00498948, 
        0.469238, 0.952637, -0.00328015, 0.470215, 0.952637, -0.00355675, 0.471191, 0.952637, -0.00382709, 0.472168, 0.952637, -0.00408772, 0.473145, 0.952637, -0.00433528, 0.474121, 0.952637, -0.0045665, 0.475098, 0.952637, -0.00477827, 0.476074, 0.952637, -0.00496768
    ]
}
