{
    "level": 0,
    "idx": {"x": 60, "y": 102},
    "dim": {"x": 8, "y": 8},
    "offset": {"x": 0.469238, "y": 0.797363},
    "cellSize": {"x": 0.000976562, "y": 0.000976562},
    "vertices": [
        0.469238, 0.797363, 0.010872, 0.470215, 0.797363, 0.0111846, 0.471191, 0.797363, 0.0114905, 0.472168, 0.797363, 0.0117864, 0.473145, 0.797363, 0.0120689, 0.474121, 0.797363, 0.0123347, 0.475098, 0.797363, 0.0125806, 0.476074, 0.797363, 0.0128038, 
        0.469238, 0.79834, 0.0106212, 0.470215, 0.79834, 0.0109305, 0.471191, 0.79834, 0.0112332, 0.472168, 0.79834, 0.011526, 0.473145, 0.79834, 0.0118056, 0.474121, 0.79834, 0.0120686, 0.475098, 0.79834, 0.0123121, 0.476074, 0.79834, 0.0125332, 
        0.469238, 0.799316, 0.0103718, 0.470215, 0.799316, 0.0106743, 0.471191, 0.799316, 0.0109704, 0.472168, 0.799316, 0.0112568, 0.473145, 0.799316, 0.0115302, 0.474121, 0.799316, 0.0117875, 0.475098, 0.799316, 0.0120257, 0.476074, 0.799316, 0.0122419, 
        0.469238, 0.800293, 0.0101237, 0.470215, 0.800293, 0.010416, 0.471191, 0.800293, 0.0107021, 0.472168, 0.800293, 0.0109788, 0.473145, 0.800293, 0.011243, 0.474121, 0.800293, 0.0114916, 0.475098, 0.800293, 0.0117216, 0.476074, 0.800293, 0.0119304, 
        0.469238, 0.80127, 0.00987684, 0.470215, 0.80127, 0.0101557, 0.471191, 0.80127, 0.0104287, 0.472168, 0.80127, 0.0106926, 0.473145, 0.80127, 0.0109444, 0.474121, 0.80127, 0.0111814, 0.475098, 0.80127, 0.0114006, 0.476074, 0.80127, 0.0115995, 
        0.469238, 0.802246, 0.00963136, 0.470215, 0.802246, 0.00989369, 0.471191, 0.802246, 0.0101504, 0.472168, 0.802246, 0.0103985, 0.473145, 0.802246, 0.0106352, 0.474121, 0.802246, 0.0108577, 0.475098, 0.802246, 0.0110635, 0.476074, 0.802246, 0.0112499, 
        0.469238, 0.803223, 0.00938724, 0.470215, 0.803223, 0.00963007, 0.471191, 0.803223, 0.00986757, 0.472168, 0.803223, 0.010097, 0.473145, 0.803223, 0.0103158, 0.474121, 0.803223, 0.0105213, 0.475098, 0.803223, 0.0107112, 0.476074, 0.803223, 0.010883, 
        0.469238, 0.804199, 0.00914458, 0.470215, 0.804199, 0.00936516, 0.471191, 0.804199, 0.00958078, 0.472168, 0.804199, 0.00978896, 0.473145, 0.804199, 0.00998727, 0.474121, 0.804199, 0.0101733, 0.475098, 0.804199, 0.0103449, 0.476074, 0.804199, 0.0105
    ]
}
