{
    "level": 0,
    "idx": {"x": 60, "y": 83},
    "dim": {"x": 8, "y": 8},
    "offset": {"x": 0.469238, "y": 0.648926},
    "cellSize": {"x": 0.000976562, "y": 0.000976562},
    "vertices": [
        0.469238, 0.648926, 0.116511, 0.470215, 0.648926, 0.116589, 0.471191, 0.648926, 0.116662, 0.472168, 0.648926, 0.116732, 0.473145, 0.648926, 0.116803, 0.474121, 0.648926, 0.116875, 0.475098, 0.648926, 0.116951, 0.476074, 0.648926, 0.117033, 
        0.469238, 0.649902, 0.115215, 0.470215, 0.649902, 0.115315, 0.471191, 0.649902, 0.115411, 0.472168, 0.649902, 0.115503, 0.473145, 0.649902, 0.115595, 0.474121, 0.649902, 0.115687, 0.475098, 0.649902, 0.115782, 0.476074, 0.649902, 0.115881, 
        0.469238, 0.650879, 0.113928, 0.470215, 0.650879, 0.114053, 0.471191, 0.650879, 0.114173, 0.472168, 0.650879, 0.114289, 0.473145, 0.650879, 0.114404, 0.474121, 0.650879, 0.114518, 0.475098, 0.650879, 0.114633, 0.476074, 0.650879, 0.114751, 
        0.469238, 0.651855, 0.112649, 0.470215, 0.651855, 0.112801, 0.471191, 0.651855, 0.112947, 0.472168, 0.651855, 0.113089, 0.473145, 0.651855, 0.113228, 0.474121, 0.651855, 0.113366, 0.475098, 0.651855, 0.113503, 0.476074, 0.651855, 0.113641, 
        0.469238, 0.652832, 0.111379, 0.470215, 0.652832, 0.111559, 0.471191, 0.652832, 0.111733, 0.472168, 0.652832, 0.111902, 0.473145, 0.652832, 0.112067, 0.474121, 0.652832, 0.112229, 0.475098, 0.652832, 0.112389, 0.476074, 0.652832, 0.112548, 
        0.469238, 0.653809, 0.110117, 0.470215, 0.653809, 0.110326, 0.471191, 0.653809, 0.110529, 0.472168, 0.653809, 0.110726, 0.473145, 0.653809, 0.110919, 0.474121, 0.653809, 0.111107, 0.475098, 0.653809, 0.111291, 0.476074, 0.653809, 0.111472, 
        0.469238, 0.654785, 0.108864, 0.470215, 0.654785, 0.109103, 0.471191, 0.654785, 0.109336, 0.472168, 0.654785, 0.109562, 0.473145, 0.654785, 0.109782, 0.474121, 0.654785, 0.109997, 0.475098, 0.654785, 0.110206, 0.476074, 0.654785, 0.110409, 
        0.469238, 0.655762, 0.107619, 0.470215, 0.655762, 0.107889, 0.471191, 0.655762, 0.108152, 0.472168, 0.655762, 0.108408, 0.473145, 0.655762, 0.108656, 0.474121, 0.655762, 0.108897, 0.475098, 0.655762, 0.109131, 0.476074, 0.655762, 0.109358
    ]
}
