{
    "level": 0,
    "idx": {"x": 60, "y": 59},
    "dim": {"x": 16, "y": 16},
    "offset": {"x": 0.937988, "y": 0.922363},
    "cellSize": {"x": 0.000976562, "y": 0.000976562},
    "vertices": [
        0.937988, 0.922363, -0.000990334, 0.938965, 0.922363, -0.00200911, 0.939941, 0.922363, -0.00295052, 0.940918, 0.922363, -0.00377825, 0.941895, 0.922363, -0.00446056, 0.942871, 0.922363, -0.00497106, 0.943848, 0.922363, -0.00529019, 0.944824, 0.922363, -0.00540561, 0.945801, 0.922363, -0.00531288, 0.946777, 0.922363, -0.0050156, 0.947754, 0.922363, -0.00452517, 0.94873, 0.922363, -0.00386054, 0.949707, 0.922363, -0.0030472, 0.950684, 0.922363, -0.00211652, 0.95166, 0.922363, -0.00110442, 0.952637, 0.922363, -4.97145e-05, 
        0.937988, 0.92334, -0.00202696, 0.938965, 0.92334, -0.00411203, 0.939941, 0.92334, -0.00603876, 0.940918, 0.92334, -0.00773282, 0.941895, 0.92334, -0.00912926, 0.942871, 0.92334, -0.0101741, 0.943848, 0.92334, -0.0108272, 0.944824, 0.92334, -0.0110634, 0.945801, 0.92334, -0.0108737, 0.946777, 0.92334, -0.0102652, 0.947754, 0.92334, -0.00926148, 0.94873, 0.92334, -0.00790121, 0.949707, 0.92334, -0.0062366, 0.950684, 0.92334, -0.00433183, 0.95166, 0.92334, -0.00226042, 0.952637, 0.92334, -0.00010181, 
        0.937988, 0.924316, -0.00298562, 0.938965, 0.924316, -0.00605678, 0.939941, 0.924316, -0.0088947, 0.940918, 0.924316, -0.0113899, 0.941895, 0.924316, -0.0134468, 0.942871, 0.924316, -0.0149857, 0.943848, 0.924316, -0.0159478, 0.944824, 0.924316, -0.0162957, 0.945801, 0.924316, -0.0160162, 0.946777, 0.924316, -0.01512, 0.947754, 0.924316, -0.0136415, 0.94873, 0.924316, -0.011638, 0.949707, 0.924316, -0.0091861, 0.950684, 0.924316, -0.00638051, 0.95166, 0.924316, -0.00332947, 0.952637, 0.924316, -0.000149987, 
        0.937988, 0.925293, -0.00382925, 0.938965, 0.925293, -0.00776817, 0.939941, 0.925293, -0.011408, 0.940918, 0.925293, -0.0146082, 0.941895, 0.925293, -0.0172462, 0.942871, 0.925293, -0.01922, 0.943848, 0.925293, -0.0204539, 0.944824, 0.925293, -0.0209001, 0.945801, 0.925293, -0.0205416, 0.946777, 0.925293, -0.0193922, 0.947754, 0.925293, -0.017496, 0.94873, 0.925293, -0.0149263, 0.949707, 0.925293, -0.0117817, 0.950684, 0.925293, -0.00818336, 0.95166, 0.925293, -0.00427024, 0.952637, 0.925293, -0.000192383, 
        0.937988, 0.92627, -0.00452548, 0.938965, 0.92627, -0.00918057, 0.939941, 0.92627, -0.0134821, 0.940918, 0.92627, -0.0172643, 0.941895, 0.92627, -0.0203819, 0.942871, 0.92627, -0.0227146, 0.943848, 0.92627, -0.0241727, 0.944824, 0.92627, -0.0247001, 0.945801, 0.92627, -0.0242764, 0.946777, 0.92627, -0.022918, 0.947754, 0.92627, -0.0206771, 0.94873, 0.92627, -0.0176402, 0.949707, 0.92627, -0.0139238, 0.950684, 0.92627, -0.00967124, 0.95166, 0.92627, -0.00504665, 0.952637, 0.92627, -0.000227372, 
        0.937988, 0.927246, -0.00504746, 0.938965, 0.927246, -0.0102394, 0.939941, 0.927246, -0.0150371, 0.940918, 0.927246, -0.0192555, 0.941895, 0.927246, -0.0227327, 0.942871, 0.927246, -0.0253344, 0.943848, 0.927246, -0.0269608, 0.944824, 0.927246, -0.027549, 0.945801, 0.927246, -0.0270764, 0.946777, 0.927246, -0.0255614, 0.947754, 0.927246, -0.0230619, 0.94873, 0.927246, -0.0196748, 0.949707, 0.927246, -0.0155297, 0.950684, 0.927246, -0.0107867, 0.95166, 0.927246, -0.00562873, 0.952637, 0.927246, -0.000253604, 
        0.937988, 0.928223, -0.00537505, 0.938965, 0.928223, -0.010904, 0.939941, 0.928223, -0.0160131, 0.940918, 0.928223, -0.0205052, 0.941895, 0.928223, -0.0242081, 0.942871, 0.928223, -0.0269786, 0.943848, 0.928223, -0.0287106, 0.944824, 0.928223, -0.0293369, 0.945801, 0.928223, -0.0288337, 0.946777, 0.928223, -0.0272203, 0.947754, 0.928223, -0.0245587, 0.94873, 0.928223, -0.0209517, 0.949707, 0.928223, -0.0165376, 0.950684, 0.928223, -0.0114868, 0.95166, 0.928223, -0.00599404, 0.952637, 0.928223, -0.000270068, 
        0.937988, 0.929199, -0.00549569, 0.938965, 0.929199, -0.0111487, 0.939941, 0.929199, -0.0163725, 0.940918, 0.929199, -0.0209654, 0.941895, 0.929199, -0.0247514, 0.942871, 0.929199, -0.0275841, 0.943848, 0.929199, -0.0293549, 0.944824, 0.929199, -0.0299953, 0.945801, 0.929199, -0.0294808, 0.946777, 0.929199, -0.0278312, 0.947754, 0.929199, -0.0251099, 0.94873, 0.929199, -0.0214219, 0.949707, 0.929199, -0.0169088, 0.950684, 0.929199, -0.0117446, 0.95166, 0.929199, -0.00612857, 0.952637, 0.929199, -0.000276132, 
        0.937988, 0.930176, -0.00540472, 0.938965, 0.930176, -0.0109642, 0.939941, 0.930176, -0.0161014, 0.940918, 0.930176, -0.0206184, 0.941895, 0.930176, -0.0243417, 0.942871, 0.930176, -0.0271275, 0.943848, 0.930176, -0.028869, 0.944824, 0.930176, -0.0294988, 0.945801, 0.930176, -0.0289928, 0.946777, 0.930176, -0.0273705, 0.947754, 0.930176, -0.0246942, 0.94873, 0.930176, -0.0210673, 0.949707, 0.930176, -0.0166289, 0.950684, 0.930176, -0.0115502, 0.95166, 0.930176, -0.00602712, 0.952637, 0.930176, -0.000271562, 
        0.937988, 0.931152, -0.00510563, 0.938965, 0.931152, -0.0103574, 0.939941, 0.931152, -0.0152104, 0.940918, 0.931152, -0.0194774, 0.941895, 0.931152, -0.0229947, 0.942871, 0.931152, -0.0256263, 0.943848, 0.931152, -0.0272714, 0.944824, 0.931152, -0.0278664, 0.945801, 0.931152, -0.0273884, 0.946777, 0.931152, -0.0258559, 0.947754, 0.931152, -0.0233277, 0.94873, 0.931152, -0.0199015, 0.949707, 0.931152, -0.0157087, 0.950684, 0.931152, -0.010911, 0.95166, 0.931152, -0.00569359, 0.952637, 0.931152, -0.000256533, 
        0.937988, 0.932129, -0.00460998, 0.938965, 0.932129, -0.00935195, 0.939941, 0.932129, -0.0137338, 0.940918, 0.932129, -0.0175865, 0.941895, 0.932129, -0.0207624, 0.942871, 0.932129, -0.0231386, 0.943848, 0.932129, -0.024624, 0.944824, 0.932129, -0.0251612, 0.945801, 0.932129, -0.0247296, 0.946777, 0.932129, -0.0233458, 0.947754, 0.932129, -0.0210631, 0.94873, 0.932129, -0.0179695, 0.949707, 0.932129, -0.0141837, 0.950684, 0.932129, -0.00985178, 0.95166, 0.932129, -0.00514086, 0.952637, 0.932129, -0.000231627, 
        0.937988, 0.933105, -0.00393677, 0.938965, 0.933105, -0.00798628, 0.939941, 0.933105, -0.0117283, 0.940918, 0.933105, -0.0150184, 0.941895, 0.933105, -0.0177304, 0.942871, 0.933105, -0.0197596, 0.943848, 0.933105, -0.0210281, 0.944824, 0.933105, -0.0214869, 0.945801, 0.933105, -0.0211183, 0.946777, 0.933105, -0.0199366, 0.947754, 0.933105, -0.0179872, 0.94873, 0.933105, -0.0153454, 0.949707, 0.933105, -0.0121125, 0.950684, 0.933105, -0.00841312, 0.95166, 0.933105, -0.00439014, 0.952637, 0.933105, -0.000197798, 
        0.937988, 0.934082, -0.00311205, 0.938965, 0.934082, -0.00631322, 0.939941, 0.934082, -0.00927128, 0.940918, 0.934082, -0.0118722, 0.941895, 0.934082, -0.0140161, 0.942871, 0.934082, -0.0156202, 0.943848, 0.934082, -0.0166229, 0.944824, 0.934082, -0.0169856, 0.945801, 0.934082, -0.0166942, 0.946777, 0.934082, -0.0157601, 0.947754, 0.934082, -0.0142191, 0.94873, 0.934082, -0.0121307, 0.949707, 0.934082, -0.00957501, 0.950684, 0.934082, -0.00665065, 0.95166, 0.934082, -0.00347044, 0.952637, 0.934082, -0.000156354, 
        0.937988, 0.935059, -0.00216742, 0.938965, 0.935059, -0.00439693, 0.939941, 0.935059, -0.00645713, 0.940918, 0.935059, -0.00826855, 0.941895, 0.935059, -0.00976172, 0.942871, 0.935059, -0.0108789, 0.943848, 0.935059, -0.0115773, 0.944824, 0.935059, -0.0118299, 0.945801, 0.935059, -0.011627, 0.946777, 0.935059, -0.0109764, 0.947754, 0.935059, -0.00990309, 0.94873, 0.935059, -0.0084486, 0.949707, 0.935059, -0.00666867, 0.950684, 0.935059, -0.00463194, 0.95166, 0.935059, -0.00241703, 0.952637, 0.935059, -0.000108885, 
