{
    "level": 0,
    "idx": {"x": 61, "y": 44},
    "dim": {"x": 8, "y": 8},
    "offset": {"x": 0.477051, "y": 0.344238},
    "cellSize": {"x": 0.000976562, "y": 0.000976562},
    "vertices": [
        0.477051, 0.344238, 0.111032, 0.478027, 0.344238, 0.11121, 0.479004, 0.344238, 0.111379, 0.47998, 0.344238, 0.111538, 0.480957, 0.344238, 0.111688, 0.481934, 0.344238, 0.111828, 0.48291, 0.344238, 0.111958, 0.483887, 0.344238, 0.112079, 
        0.477051, 0.345215, 0.112719, 0.478027, 0.345215, 0.11292, 0.479004, 0.345215, 0.113109, 0.47998, 0.345215, 0.113285, 0.480957, 0.345215, 0.113448, 0.481934, 0.345215, 0.113599, 0.48291, 0.345215, 0.113736, 0.483887, 0.345215, 0.113859, 
        0.477051, 0.346191, 0.11441, 0.478027, 0.346191, 0.114634, 0.479004, 0.346191, 0.114843, 0.47998, 0.346191, 0.115036, 0.480957, 0.346191, 0.115212, 0.481934, 0.346191, 0.115373, 0.48291, 0.346191, 0.115516, 0.483887, 0.346191, 0.115643, 
        0.477051, 0.347168, 0.116102, 0.478027, 0.347168, 0.116349, 0.479004, 0.347168, 0.116577, 0.47998, 0.347168, 0.116786, 0.480957, 0.347168, 0.116976, 0.481934, 0.347168, 0.117146, 0.48291, 0.347168, 0.117296, 0.483887, 0.347168, 0.117426, 
        0.477051, 0.348145, 0.117794, 0.478027, 0.348145, 0.118062, 0.479004, 0.348145, 0.118309, 0.47998, 0.348145, 0.118534, 0.480957, 0.348145, 0.118737, 0.481934, 0.348145, 0.118916, 0.48291, 0.348145, 0.119073, 0.483887, 0.348145, 0.119205, 
        0.477051, 0.349121, 0.119482, 0.478027, 0.349121, 0.11977, 0.479004, 0.349121, 0.120035, 0.47998, 0.349121, 0.120275, 0.480957, 0.349121, 0.120491, 0.481934, 0.349121, 0.120679, 0.48291, 0.349121, 0.120842, 0.483887, 0.349121, 0.120977, 
        0.477051, 0.350098, 0.121163, 0.478027, 0.350098, 0.121471, 0.479004, 0.350098, 0.121753, 0.47998, 0.350098, 0.122008, 0.480957, 0.350098, 0.122235, 0.481934, 0.350098, 0.122432, 0.48291, 0.350098, 0.1226, 0.483887, 0.350098, 0.122738, 
        0.477051, 0.351074, 0.122836, 0.478027, 0.351074, 0.123162, 0.479004, 0.351074, 0.12346, 0.47998, 0.351074, 0.123729, 0.480957, 0.351074, 0.123966, 0.481934, 0.351074, 0.124172, 0.48291, 0.351074, 0.124345, 0.483887, 0.351074, 0.124485
    ]
}
