{
    "level": 0,
    "idx": {"x": 61, "y": 102},
    "dim": {"x": 8, "y": 8},
    "offset": {"x": 0.477051, "y": 0.797363},
    "cellSize": {"x": 0.000976562, "y": 0.000976562},
    "vertices": [
        0.477051, 0.797363, 0.0130016, 0.478027, 0.797363, 0.0131713, 0.479004, 0.797363, 0.013311, 0.47998, 0.797363, 0.0134184, 0.480957, 0.797363, 0.0134921, 0.481934, 0.797363, 0.0135307, 0.48291, 0.797363, 0.0135331, 0.483887, 0.797363, 0.0134988, 
        0.477051, 0.79834, 0.0127292, 0.478027, 0.79834, 0.0128975, 0.479004, 0.79834, 0.0130361, 0.47998, 0.79834, 0.0131429, 0.480957, 0.79834, 0.0132164, 0.481934, 0.79834, 0.0132553, 0.48291, 0.79834, 0.0132584, 0.483887, 0.79834, 0.0132253, 
        0.477051, 0.799316, 0.0124336, 0.478027, 0.799316, 0.0125984, 0.479004, 0.799316, 0.012734, 0.47998, 0.799316, 0.0128386, 0.480957, 0.799316, 0.0129106, 0.481934, 0.799316, 0.0129487, 0.48291, 0.799316, 0.0129519, 0.483887, 0.799316, 0.0129196, 
        0.477051, 0.800293, 0.0121155, 0.478027, 0.800293, 0.0122745, 0.479004, 0.800293, 0.0124052, 0.47998, 0.800293, 0.012506, 0.480957, 0.800293, 0.0125752, 0.481934, 0.800293, 0.0126116, 0.48291, 0.800293, 0.0126142, 0.483887, 0.800293, 0.0125825, 
        0.477051, 0.80127, 0.0117756, 0.478027, 0.80127, 0.0119267, 0.479004, 0.80127, 0.0120508, 0.47998, 0.80127, 0.0121462, 0.480957, 0.80127, 0.0122113, 0.481934, 0.80127, 0.0122451, 0.48291, 0.80127, 0.0122466, 0.483887, 0.80127, 0.0122151, 
        0.477051, 0.802246, 0.0114149, 0.478027, 0.802246, 0.0115561, 0.479004, 0.802246, 0.0116719, 0.47998, 0.802246, 0.0117604, 0.480957, 0.802246, 0.0118204, 0.481934, 0.802246, 0.0118506, 0.48291, 0.802246, 0.0118503, 0.483887, 0.802246, 0.0118188, 
        0.477051, 0.803223, 0.0110346, 0.478027, 0.803223, 0.0111642, 0.479004, 0.803223, 0.0112699, 0.47998, 0.803223, 0.0113502, 0.480957, 0.803223, 0.0114038, 0.481934, 0.803223, 0.0114297, 0.48291, 0.803223, 0.011427, 0.483887, 0.803223, 0.0113953, 
        0.477051, 0.804199, 0.0106364, 0.478027, 0.804199, 0.0107525, 0.479004, 0.804199, 0.0108467, 0.47998, 0.804199, 0.0109175, 0.480957, 0.804199, 0.0109637, 0.481934, 0.804199, 0.0109844, 0.48291, 0.804199, 0.0109789, 0.483887, 0.804199, 0.0109466
    ]
}
