{
    "level": 0,
    "idx": {"x": 61, "y": 59},
    "dim": {"x": 16, "y": 16},
    "offset": {"x": 0.953613, "y": 0.922363},
    "cellSize": {"x": 0.000976562, "y": 0.000976562},
    "vertices": [
        0.953613, 0.922363, 0.00100683, 0.95459, 0.922363, 0.00202469, 0.955566, 0.922363, 0.00296451, 0.956543, 0.922363, 0.00379026, 0.95752, 0.922363, 0.00447002, 0.958496, 0.922363, 0.0049777, 0.959473, 0.922363, 0.0052937, 0.960449, 0.922363, 0.00540588, 0.961426, 0.922363, 0.00530992, 0.962402, 0.922363, 0.00500949, 0.963379, 0.922363, 0.00451616, 0.964355, 0.922363, 0.00384898, 0.965332, 0.922363, 0.00303355, 0.966309, 0.922363, 0.00210138, 0.967285, 0.922363, 0.00108823, 0.968262, 0.922363, 3.32585e-05, 
        0.953613, 0.92334, 0.00206056, 0.95459, 0.92334, 0.00414375, 0.955566, 0.92334, 0.00606724, 0.956543, 0.92334, 0.00775726, 0.95752, 0.92334, 0.00914847, 0.958496, 0.92334, 0.0101875, 0.959473, 0.92334, 0.0108343, 0.960449, 0.92334, 0.0110639, 0.961426, 0.92334, 0.0108675, 0.962402, 0.92334, 0.0102526, 0.963379, 0.92334, 0.00924292, 0.964355, 0.92334, 0.00787745, 0.965332, 0.92334, 0.00620856, 0.966309, 0.92334, 0.00430075, 0.967285, 0.92334, 0.00222719, 0.968262, 0.92334, 6.80337e-05, 
        0.953613, 0.924316, 0.00303503, 0.95459, 0.924316, 0.00610342, 0.955566, 0.924316, 0.00893659, 0.956543, 0.924316, 0.0114259, 0.95752, 0.924316, 0.013475, 0.958496, 0.924316, 0.0150055, 0.959473, 0.924316, 0.0159581, 0.960449, 0.924316, 0.0162963, 0.961426, 0.924316, 0.016007, 0.962402, 0.924316, 0.0151013, 0.963379, 0.924316, 0.0136141, 0.964355, 0.924316, 0.0116029, 0.965332, 0.924316, 0.00914474, 0.966309, 0.924316, 0.00633467, 0.967285, 0.924316, 0.00328047, 0.968262, 0.924316, 0.000100193, 
        0.953613, 0.925293, 0.00389257, 0.95459, 0.925293, 0.00782795, 0.955566, 0.925293, 0.0114616, 0.956543, 0.925293, 0.0146543, 0.95752, 0.925293, 0.0172824, 0.958496, 0.925293, 0.0192453, 0.959473, 0.925293, 0.0204671, 0.960449, 0.925293, 0.0209008, 0.961426, 0.925293, 0.0205298, 0.962402, 0.925293, 0.0193682, 0.963379, 0.925293, 0.0174608, 0.964355, 0.925293, 0.0148813, 0.965332, 0.925293, 0.0117286, 0.966309, 0.925293, 0.00812455, 0.967285, 0.925293, 0.00420737, 0.968262, 0.925293, 0.000128493, 
        0.953613, 0.92627, 0.00460029, 0.95459, 0.92627, 0.00925119, 0.955566, 0.92627, 0.0135455, 0.956543, 0.92627, 0.0173186, 0.95752, 0.92627, 0.0204246, 0.958496, 0.92627, 0.0227444, 0.959473, 0.92627, 0.0241883, 0.960449, 0.92627, 0.0247009, 0.961426, 0.92627, 0.0242624, 0.962402, 0.92627, 0.0228897, 0.963379, 0.92627, 0.0206355, 0.964355, 0.92627, 0.017587, 0.965332, 0.92627, 0.0138611, 0.966309, 0.92627, 0.00960172, 0.967285, 0.92627, 0.00497233, 0.968262, 0.92627, 0.000151849, 
        0.953613, 0.927246, 0.00513087, 0.95459, 0.927246, 0.0103182, 0.955566, 0.927246, 0.0151078, 0.956543, 0.927246, 0.0193161, 0.95752, 0.927246, 0.0227804, 0.958496, 0.927246, 0.0253677, 0.959473, 0.927246, 0.0269781, 0.960449, 0.927246, 0.0275498, 0.961426, 0.927246, 0.0270608, 0.962402, 0.927246, 0.0255297, 0.963379, 0.927246, 0.0230156, 0.964355, 0.927246, 0.0196154, 0.965332, 0.927246, 0.0154598, 0.966309, 0.927246, 0.0107092, 0.967285, 0.927246, 0.00554582, 0.968262, 0.927246, 0.000169359, 
        0.953613, 0.928223, 0.00546386, 0.95459, 0.928223, 0.0109878, 0.955566, 0.928223, 0.0160883, 0.956543, 0.928223, 0.0205697, 0.95752, 0.928223, 0.0242588, 0.958496, 0.928223, 0.0270141, 0.959473, 0.928223, 0.028729, 0.960449, 0.928223, 0.0293378, 0.961426, 0.928223, 0.028817, 0.962402, 0.928223, 0.0271866, 0.963379, 0.928223, 0.0245093, 0.964355, 0.928223, 0.0208885, 0.965332, 0.928223, 0.0164631, 0.966309, 0.928223, 0.0114042, 0.967285, 0.928223, 0.00590574, 0.968262, 0.928223, 0.000180348, 
        0.953613, 0.929199, 0.00558649, 0.95459, 0.929199, 0.0112345, 0.955566, 0.929199, 0.0164494, 0.956543, 0.929199, 0.0210314, 0.95752, 0.929199, 0.0248033, 0.958496, 0.929199, 0.0276204, 0.959473, 0.929199, 0.0293738, 0.960449, 0.929199, 0.0299963, 0.961426, 0.929199, 0.0294638, 0.962402, 0.929199, 0.0277968, 0.963379, 0.929199, 0.0250594, 0.964355, 0.929199, 0.0213573, 0.965332, 0.929199, 0.0168326, 0.966309, 0.929199, 0.0116601, 0.967285, 0.929199, 0.00603829, 0.968262, 0.929199, 0.000184394, 
        0.953613, 0.930176, 0.00549402, 0.95459, 0.930176, 0.0110485, 0.955566, 0.930176, 0.0161771, 0.956543, 0.930176, 0.0206833, 0.95752, 0.930176, 0.0243927, 0.958496, 0.930176, 0.0271632, 0.959473, 0.930176, 0.0288876, 0.960449, 0.930176, 0.0294998, 0.961426, 0.930176, 0.0289761, 0.962402, 0.930176, 0.0273366, 0.963379, 0.930176, 0.0246445, 0.964355, 0.930176, 0.0210038, 0.965332, 0.930176, 0.016554, 0.966309, 0.930176, 0.0114671, 0.967285, 0.930176, 0.00593834, 0.968262, 0.930176, 0.000181342, 
        0.953613, 0.931152, 0.00518999, 0.95459, 0.931152, 0.0104371, 0.955566, 0.931152, 0.0152819, 0.956543, 0.931152, 0.0195387, 0.95752, 0.931152, 0.0230428, 0.958496, 0.931152, 0.02566, 0.959473, 0.931152, 0.027289, 0.960449, 0.931152, 0.0278673, 0.961426, 0.931152, 0.0273726, 0.962402, 0.931152, 0.0258239, 0.963379, 0.931152, 0.0232808, 0.964355, 0.931152, 0.0198415, 0.965332, 0.931152, 0.0156379, 0.966309, 0.931152, 0.0108325, 0.967285, 0.931152, 0.00560972, 0.968262, 0.931152, 0.000171307, 
        0.953613, 0.932129, 0.00468615, 0.95459, 0.932129, 0.00942387, 0.955566, 0.932129, 0.0137984, 0.956543, 0.932129, 0.0176419, 0.95752, 0.932129, 0.0208059, 0.958496, 0.932129, 0.023169, 0.959473, 0.932129, 0.0246398, 0.960449, 0.932129, 0.025162, 0.961426, 0.932129, 0.0247153, 0.962402, 0.932129, 0.0233169, 0.963379, 0.932129, 0.0210207, 0.964355, 0.932129, 0.0179153, 0.965332, 0.932129, 0.0141198, 0.966309, 0.932129, 0.00978094, 0.967285, 0.932129, 0.00506514, 0.968262, 0.932129, 0.000154678, 
        0.953613, 0.933105, 0.00400184, 0.95459, 0.933105, 0.0080477, 0.955566, 0.933105, 0.0117834, 0.956543, 0.933105, 0.0150657, 0.95752, 0.933105, 0.0177676, 0.958496, 0.933105, 0.0197856, 0.959473, 0.933105, 0.0210417, 0.960449, 0.933105, 0.0214876, 0.961426, 0.933105, 0.0211061, 0.962402, 0.933105, 0.019912, 0.963379, 0.933105, 0.017951, 0.964355, 0.933105, 0.0152991, 0.965332, 0.933105, 0.0120579, 0.966309, 0.933105, 0.00835263, 0.967285, 0.933105, 0.00432548, 0.968262, 0.933105, 0.000132093, 
        0.953613, 0.934082, 0.0031635, 0.95459, 0.934082, 0.00636179, 0.955566, 0.934082, 0.0093149, 0.956543, 0.934082, 0.0119096, 0.95752, 0.934082, 0.0140455, 0.958496, 0.934082, 0.0156407, 0.959473, 0.934082, 0.0166336, 0.960449, 0.934082, 0.0169861, 0.961426, 0.934082, 0.0166846, 0.962402, 0.934082, 0.0157406, 0.963379, 0.934082, 0.0141905, 0.964355, 0.934082, 0.0120941, 0.965332, 0.934082, 0.00953187, 0.966309, 0.934082, 0.00660284, 0.967285, 0.934082, 0.00341934, 0.968262, 0.934082, 0.000104425, 
        0.953613, 0.935059, 0.00220328, 0.95459, 0.935059, 0.00443079, 0.955566, 0.935059, 0.00648753, 0.956543, 0.935059, 0.00829462, 0.95752, 0.935059, 0.00978221, 0.958496, 0.935059, 0.0108932, 0.959473, 0.935059, 0.0115848, 0.960449, 0.935059, 0.0118303, 0.961426, 0.935059, 0.0116203, 0.962402, 0.935059, 0.0109628, 0.963379, 0.935059, 0.00988321, 0.964355, 0.935059, 0.00842315, 0.965332, 0.935059, 0.00663864, 0.966309, 0.935059, 0.00459867, 0.967285, 0.935059, 0.00238146, 0.968262, 0.935059, 7.27342e-05, 
        0.953613, 0.936035, 0.00115831, 0.95459, 0.936035, 0.00232934, 0.955566, 0.936035, 0.00341059, 0.956543, 0.936035, 0.0043606, 0.95752, 0.936035, 0.00514265, 0.958496, 0.936035, 0.00572673, 0.959473, 0.936035, 0.00609028, 0.960449, 0.936035, 0.00621935, 0.961426, 0.936035, 0.00610894, 0.962402, 0.936035, 0.0057633, 0.963379, 0.936035, 0.00519574, 0.964355, 0.936035, 0.00442817, 0.965332, 0.936035, 0.00349003, 0.966309, 0.936035, 0.00241759, 0.967285, 0.936035, 0.00125197, 0.968262, 0.936035, 3.82464e-05, 
