{
    "level": 0,
    "idx": {"x": 61, "y": 21},
    "dim": {"x": 16, "y": 16},
    "offset": {"x": 0.953613, "y": 0.328613},
    "cellSize": {"x": 0.000976562, "y": 0.000976562},
    "vertices": [
        0.953613, 0.328613, 0.000382703, 0.95459, 0.328613, 0.000745912, 0.955566, 0.328613, 0.00108124, 0.956543, 0.328613, 0.0013758, 0.95752, 0.328613, 0.00161817, 0.958496, 0.328613, 0.00179904, 0.959473, 0.328613, 0.00191137, 0.960449, 0.328613, 0.00195084, 0.961426, 0.328613, 0.00191589, 0.962402, 0.328613, 0.00180785, 0.963379, 0.328613, 0.00163084, 0.964355, 0.328613, 0.00139168, 0.965332, 0.328613, 0.00109952, 0.966309, 0.328613, 0.000765627, 0.967285, 0.328613, 0.000402793, 0.968262, 0.328613, 2.50217e-05, 
        0.953613, 0.32959, 0.00146482, 0.95459, 0.32959, 0.00292175, 0.955566, 0.32959, 0.00426695, 0.956543, 0.32959, 0.0054488, 0.95752, 0.32959, 0.00642158, 0.958496, 0.32959, 0.00714797, 0.959473, 0.32959, 0.00759984, 0.960449, 0.32959, 0.00775985, 0.961426, 0.32959, 0.00762178, 0.962402, 0.32959, 0.0071909, 0.963379, 0.32959, 0.00648379, 0.964355, 0.32959, 0.00552772, 0.965332, 0.32959, 0.00435934, 0.966309, 0.32959, 0.0030238, 0.967285, 0.32959, 0.00157229, 0.968262, 0.32959, 6.0903e-05, 
        0.953613, 0.330566, 0.00249147, 0.95459, 0.330566, 0.00498602, 0.955566, 0.330566, 0.0072893, 0.956543, 0.330566, 0.00931293, 0.95752, 0.330566, 0.0109787, 0.958496, 0.330566, 0.0122226, 0.959473, 0.330566, 0.0129966, 0.960449, 0.330566, 0.013271, 0.961426, 0.330566, 0.0130351, 0.962402, 0.330566, 0.0122979, 0.963379, 0.330566, 0.0110879, 0.964355, 0.330566, 0.00945166, 0.965332, 0.330566, 0.007452, 0.966309, 0.330566, 0.00516617, 0.967285, 0.330566, 0.00268182, 0.968262, 0.330566, 9.49546e-05, 
        0.953613, 0.331543, 0.00342304, 0.95459, 0.331543, 0.00685909, 0.955566, 0.331543, 0.0100317, 0.956543, 0.331543, 0.0128191, 0.95752, 0.331543, 0.0151136, 0.958496, 0.331543, 0.0168272, 0.959473, 0.331543, 0.0178934, 0.960449, 0.331543, 0.0182716, 0.961426, 0.331543, 0.0179469, 0.962402, 0.331543, 0.0169318, 0.963379, 0.331543, 0.0152655, 0.964355, 0.331543, 0.0130121, 0.965332, 0.331543, 0.0102582, 0.966309, 0.331543, 0.0071101, 0.967285, 0.331543, 0.00368858, 0.968262, 0.331543, 0.00012587, 
        0.953613, 0.33252, 0.00422372, 0.95459, 0.33252, 0.00846894, 0.955566, 0.33252, 0.0123887, 0.956543, 0.33252, 0.0158326, 0.95752, 0.33252, 0.0186674, 0.958496, 0.33252, 0.0207846, 0.959473, 0.33252, 0.0221021, 0.960449, 0.33252, 0.0225694, 0.961426, 0.33252, 0.0221684, 0.962402, 0.33252, 0.0209145, 0.963379, 0.33252, 0.0188559, 0.964355, 0.33252, 0.0160722, 0.965332, 0.33252, 0.01267, 0.966309, 0.33252, 0.00878083, 0.967285, 0.33252, 0.00455387, 0.968262, 0.33252, 0.000152467, 
        0.953613, 0.333496, 0.00486269, 0.95459, 0.333496, 0.00975359, 0.955566, 0.333496, 0.0142695, 0.956543, 0.333496, 0.0182372, 0.95752, 0.333496, 0.0215033, 0.958496, 0.333496, 0.0239425, 0.959473, 0.333496, 0.0254604, 0.960449, 0.333496, 0.0259988, 0.961426, 0.333496, 0.025537, 0.962402, 0.333496, 0.0240925, 0.963379, 0.333496, 0.021721, 0.964355, 0.333496, 0.018514, 0.965332, 0.333496, 0.0145945, 0.966309, 0.333496, 0.010114, 0.967285, 0.333496, 0.00524437, 0.968262, 0.333496, 0.000173728, 
        0.953613, 0.334473, 0.00531537, 0.95459, 0.334473, 0.0106636, 0.955566, 0.334473, 0.0156018, 0.956543, 0.334473, 0.0199405, 0.95752, 0.334473, 0.023512, 0.958496, 0.334473, 0.0261792, 0.959473, 0.334473, 0.0278391, 0.960449, 0.334473, 0.028428, 0.961426, 0.334473, 0.027923, 0.962402, 0.334473, 0.0263435, 0.963379, 0.334473, 0.0237503, 0.964355, 0.334473, 0.0202436, 0.965332, 0.334473, 0.0159577, 0.966309, 0.334473, 0.0110584, 0.967285, 0.334473, 0.0057335, 0.968262, 0.334473, 0.000188842, 
        0.953613, 0.335449, 0.00556432, 0.95459, 0.335449, 0.0111639, 0.955566, 0.335449, 0.0163342, 0.956543, 0.335449, 0.0208768, 0.95752, 0.335449, 0.0246162, 0.958496, 0.335449, 0.0274088, 0.959473, 0.335449, 0.0291467, 0.960449, 0.335449, 0.0297633, 0.961426, 0.335449, 0.0292346, 0.962402, 0.335449, 0.0275809, 0.963379, 0.335449, 0.0248659, 0.964355, 0.335449, 0.0211943, 0.965332, 0.335449, 0.0167071, 0.966309, 0.335449, 0.0115776, 0.967285, 0.335449, 0.00600244, 0.968262, 0.335449, 0.000197234, 
        0.953613, 0.336426, 0.00559999, 0.95459, 0.336426, 0.0112353, 0.955566, 0.336426, 0.0164386, 0.956543, 0.336426, 0.0210102, 0.95752, 0.336426, 0.0247734, 0.958496, 0.336426, 0.0275838, 0.959473, 0.336426, 0.0293328, 0.960449, 0.336426, 0.0299533, 0.961426, 0.336426, 0.0294213, 0.962402, 0.336426, 0.027757, 0.963379, 0.336426, 0.0250247, 0.964355, 0.336426, 0.0213297, 0.965332, 0.336426, 0.0168138, 0.966309, 0.336426, 0.0116515, 0.967285, 0.336426, 0.00604083, 0.968262, 0.336426, 0.000198588, 
        0.953613, 0.337402, 0.00542101, 0.95459, 0.337402, 0.010875, 0.955566, 0.337402, 0.0159109, 0.956543, 0.337402, 0.0203354, 0.95752, 0.337402, 0.0239775, 0.958496, 0.337402, 0.0266976, 0.959473, 0.337402, 0.0283903, 0.960449, 0.337402, 0.0289908, 0.961426, 0.337402, 0.0284758, 0.962402, 0.337402, 0.0268651, 0.963379, 0.337402, 0.0242205, 0.964355, 0.337402, 0.0206444, 0.965332, 0.337402, 0.0162737, 0.966309, 0.337402, 0.0112775, 0.967285, 0.337402, 0.00584722, 0.968262, 0.337402, 0.000192859, 
        0.953613, 0.338379, 0.00503428, 0.95459, 0.338379, 0.010097, 0.955566, 0.338379, 0.0147715, 0.956543, 0.338379, 0.0188785, 0.95752, 0.338379, 0.0222593, 0.958496, 0.338379, 0.0247842, 0.959473, 0.338379, 0.0263554, 0.960449, 0.338379, 0.0269127, 0.961426, 0.338379, 0.0264346, 0.962402, 0.338379, 0.0249394, 0.963379, 0.338379, 0.0224845, 0.964355, 0.338379, 0.0191649, 0.965332, 0.338379, 0.0151077, 0.966309, 0.338379, 0.0104698, 0.967285, 0.338379, 0.00542905, 0.968262, 0.338379, 0.000180275, 
        0.953613, 0.339355, 0.00445471, 0.95459, 0.339355, 0.00893109, 0.955566, 0.339355, 0.0130643, 0.956543, 0.339355, 0.0166957, 0.95752, 0.339355, 0.0196849, 0.958496, 0.339355, 0.0219173, 0.959473, 0.339355, 0.0233065, 0.960449, 0.339355, 0.0237992, 0.961426, 0.339355, 0.0233764, 0.962402, 0.339355, 0.0220542, 0.963379, 0.339355, 0.0198835, 0.964355, 0.339355, 0.0169481, 0.965332, 0.339355, 0.0133606, 0.966309, 0.339355, 0.00925963, 0.967285, 0.339355, 0.00480245, 0.968262, 0.339355, 0.000161328, 
        0.953613, 0.340332, 0.00370462, 0.95459, 0.340332, 0.0074223, 0.955566, 0.340332, 0.0108549, 0.956543, 0.340332, 0.0138708, 0.95752, 0.340332, 0.0163534, 0.958496, 0.340332, 0.0182074, 0.959473, 0.340332, 0.019361, 0.960449, 0.340332, 0.0197701, 0.961426, 0.340332, 0.0194188, 0.962402, 0.340332, 0.0183205, 0.963379, 0.340332, 0.0165175, 0.964355, 0.340332, 0.0140794, 0.965332, 0.340332, 0.0110997, 0.966309, 0.340332, 0.00769355, 0.967285, 0.340332, 0.00399154, 0.968262, 0.340332, 0.000136755, 
        0.953613, 0.341309, 0.00281291, 0.95459, 0.341309, 0.00562872, 0.955566, 0.341309, 0.00822862, 0.956543, 0.341309, 0.0105129, 0.95752, 0.341309, 0.0123931, 0.958496, 0.341309, 0.0137972, 0.959473, 0.341309, 0.0146709, 0.960449, 0.341309, 0.0149806, 0.961426, 0.341309, 0.0147143, 0.962402, 0.341309, 0.0138822, 0.963379, 0.341309, 0.0125163, 0.964355, 0.341309, 0.0106693, 0.965332, 0.341309, 0.00841211, 0.966309, 0.341309, 0.00583188, 0.967285, 0.341309, 0.00302755, 0.968262, 0.341309, 0.000107509, 
        0.953613, 0.342285, 0.00181389, 0.95459, 0.342285, 0.00361932, 0.955566, 0.342285, 0.00528631, 0.956543, 0.342285, 0.00675087, 0.95752, 0.342285, 0.00795636, 0.958496, 0.342285, 0.00885652, 0.959473, 0.342285, 0.00941651, 0.960449, 0.342285, 0.00961483, 0.961426, 0.342285, 0.00944377, 0.962402, 0.342285, 0.00890987, 0.963379, 0.342285, 0.00803366, 0.964355, 0.342285, 0.00684895, 0.965332, 0.342285, 0.00540116, 0.966309, 0.342285, 0.00374621, 0.967285, 0.342285, 0.00194757, 0.968262, 0.342285, 7.47227e-05, 
