{
    "level": 0,
    "idx": {"x": 62, "y": 127},
    "dim": {"x": 8, "y": 8},
    "offset": {"x": 0.484863, "y": 0.992676},
    "cellSize": {"x": 0.000976562, "y": 0.000976562},
    "vertices": [
        0.484863, 0.992676, 0.00212297, 0.48584, 0.992676, 0.0021175, 0.486816, 0.992676, 0.00208938, 0.487793, 0.992676, 0.00203906, 0.48877, 0.992676, 0.00196716, 0.489746, 0.992676, 0.00187455, 0.490723, 0.992676, 0.00176229, 0.491699, 0.992676, 0.00163162, 
        0.484863, 0.993652, 0.0018656, 0.48584, 0.993652, 0.0018605, 0.486816, 0.993652, 0.00183557, 0.487793, 0.993652, 0.00179119, 0.48877, 0.993652, 0.00172791, 0.489746, 0.993652, 0.00164649, 0.490723, 0.993652, 0.00154786, 0.491699, 0.993652, 0.0014331, 
        0.484863, 0.994629, 0.00158822, 0.48584, 0.994629, 0.00158368, 0.486816, 0.994629, 0.00156231, 0.487793, 0.994629, 0.00152443, 0.48877, 0.994629, 0.00147052, 0.489746, 0.994629, 0.00140122, 0.490723, 0.994629, 0.00131731, 0.491699, 0.994629, 0.00121972, 
        0.484863, 0.995605, 0.00129389, 0.48584, 0.995605, 0.00129007, 0.486816, 0.995605, 0.00127258, 0.487793, 0.995605, 0.00124169, 0.48877, 0.995605, 0.00119779, 0.489746, 0.995605, 0.00114138, 0.490723, 0.995605, 0.00107312, 0.491699, 0.995605, 0.00099375, 
        0.484863, 0.996582, 0.000985766, 0.48584, 0.996582, 0.00098279, 0.486816, 0.996582, 0.000969448, 0.487793, 0.996582, 0.000945937, 0.48877, 0.996582, 0.000912553, 0.489746, 0.996582, 0.000869689, 0.490723, 0.996582, 0.000817827, 0.491699, 0.996582, 0.000757538, 
        0.484863, 0.997559, 0.000667202, 0.48584, 0.997559, 0.000665168, 0.486816, 0.997559, 0.000656167, 0.487793, 0.997559, 0.000640331, 0.48877, 0.997559, 0.00061786, 0.489746, 0.997559, 0.000589017, 0.490723, 0.997559, 0.000554127, 0.491699, 0.997559, 0.000513572, 
        0.484863, 0.998535, 0.00034165, 0.48584, 0.998535, 0.000340624, 0.486816, 0.998535, 0.000336097, 0.487793, 0.998535, 0.000328135, 0.48877, 0.998535, 0.000316839, 0.489746, 0.998535, 0.000302341, 0.490723, 0.998535, 0.000284804, 0.491699, 0.998535, 0.000264421, 
        0.484863, 0.999512, 1.256e-05, 0.48584, 0.999512, 1.25746e-05, 0.486816, 0.999512, 1.25883e-05, 0.487793, 0.999512, 1.26011e-05, 0.48877, 0.999512, 1.26131e-05, 0.489746, 0.999512, 1.26242e-05, 0.490723, 0.999512, 1.26344e-05, 0.491699, 0.999512, 1.26438e-05
    ]
}
