{
    "level": 0,
    "idx": {"x": 62, "y": 114},
    "dim": {"x": 8, "y": 8},
    "offset": {"x": 0.484863, "y": 0.891113},
    "cellSize": {"x": 0.000976562, "y": 0.000976562},
    "vertices": [
        0.484863, 0.891113, -0.00499207, 0.48584, 0.891113, -0.00483765, 0.486816, 0.891113, -0.00464702, 0.487793, 0.891113, -0.0044209, 0.48877, 0.891113, -0.00416036, 0.489746, 0.891113, -0.00386678, 0.490723, 0.891113, -0.00354188, 0.491699, 0.891113, -0.00318766, 
        0.484863, 0.89209, -0.00497823, 0.48584, 0.89209, -0.00482321, 0.486816, 0.89209, -0.00463245, 0.487793, 0.89209, -0.00440666, 0.48877, 0.89209, -0.0041469, 0.489746, 0.89209, -0.00385454, 0.490723, 0.89209, -0.00353127, 0.491699, 0.89209, -0.00317906, 
        0.484863, 0.893066, -0.00492769, 0.48584, 0.893066, -0.00477244, 0.486816, 0.893066, -0.00458227, 0.487793, 0.893066, -0.00435787, 0.48877, 0.893066, -0.00410027, 0.489746, 0.893066, -0.00381081, 0.490723, 0.893066, -0.00349114, 0.491699, 0.893066, -0.00314319, 
        0.484863, 0.894043, -0.00484129, 0.48584, 0.894043, -0.0046862, 0.486816, 0.894043, -0.00449731, 0.487793, 0.894043, -0.00427532, 0.48877, 0.894043, -0.00402122, 0.489746, 0.894043, -0.00373631, 0.490723, 0.894043, -0.00342218, 0.491699, 0.894043, -0.0030807, 
        0.484863, 0.89502, -0.0047202, 0.48584, 0.89502, -0.00456561, 0.486816, 0.89502, -0.0043787, 0.487793, 0.89502, -0.00416011, 0.48877, 0.89502, -0.00391081, 0.489746, 0.89502, -0.00363204, 0.490723, 0.89502, -0.00332532, 0.491699, 0.89502, -0.00299245, 
        0.484863, 0.895996, -0.00456592, 0.48584, 0.895996, -0.00441218, 0.486816, 0.895996, -0.00422789, 0.487793, 0.895996, -0.00401366, 0.48877, 0.895996, -0.00377041, 0.489746, 0.895996, -0.0034993, 0.490723, 0.895996, -0.00320178, 0.491699, 0.895996, -0.00287955, 
        0.484863, 0.896973, -0.00438023, 0.48584, 0.896973, -0.00422767, 0.486816, 0.896973, -0.00404662, 0.487793, 0.896973, -0.00383765, 0.48877, 0.896973, -0.00360162, 0.489746, 0.896973, -0.00333962, 0.490723, 0.896973, -0.003053, 0.491699, 0.896973, -0.00274333, 
        0.484863, 0.897949, -0.00416526, 0.48584, 0.897949, -0.00401418, 0.486816, 0.897949, -0.00383695, 0.487793, 0.897949, -0.00363409, 0.48877, 0.897949, -0.00340638, 0.489746, 0.897949, -0.00315483, 0.490723, 0.897949, -0.00288068, 0.491699, 0.897949, -0.00258538
    ]
}
