{
    "level": 0,
    "idx": {"x": 62, "y": 10},
    "dim": {"x": 16, "y": 16},
    "offset": {"x": 0.969238, "y": 0.156738},
    "cellSize": {"x": 0.000976562, "y": 0.000976562},
    "vertices": [
        0.969238, 0.156738, 0.000174687, 0.970215, 0.156738, 0.00034794, 0.971191, 0.156738, 0.000507822, 0.972168, 0.156738, 0.000648152, 0.973145, 0.156738, 0.000763549, 0.974121, 0.156738, 0.000849556, 0.975098, 0.156738, 0.000902858, 0.976074, 0.156738, 0.00092141, 0.977051, 0.156738, 0.000904495, 0.978027, 0.156738, 0.000852761, 0.979004, 0.156738, 0.000768208, 0.97998, 0.156738, 0.000654078, 0.980957, 0.156738, 0.000514782, 0.981934, 0.156738, 0.000355662, 0.98291, 0.156738, 0.00018287, 0.983887, 0.156738, 3.03109e-06, 
        0.969238, 0.157715, 0.00127953, 0.970215, 0.157715, 0.00255087, 0.971191, 0.157715, 0.0037241, 0.972168, 0.157715, 0.00475387, 0.973145, 0.157715, 0.00560067, 0.974121, 0.157715, 0.00623183, 0.975098, 0.157715, 0.006623, 0.976074, 0.157715, 0.0067592, 0.977051, 0.157715, 0.00663515, 0.978027, 0.157715, 0.00625561, 0.979004, 0.157715, 0.00563525, 0.97998, 0.157715, 0.00479786, 0.980957, 0.157715, 0.00377582, 0.981934, 0.157715, 0.00260832, 0.98291, 0.157715, 0.00134049, 0.983887, 0.157715, 2.09607e-05, 
        0.969238, 0.158691, 0.00233513, 0.970215, 0.158691, 0.00465562, 0.971191, 0.158691, 0.00679703, 0.972168, 0.158691, 0.00867659, 0.973145, 0.158691, 0.0102222, 0.974121, 0.158691, 0.0113742, 0.975098, 0.158691, 0.0120882, 0.976074, 0.158691, 0.0123368, 0.977051, 0.158691, 0.0121104, 0.978027, 0.158691, 0.0114176, 0.979004, 0.158691, 0.0102854, 0.97998, 0.158691, 0.00875696, 0.980957, 0.158691, 0.00689152, 0.981934, 0.158691, 0.00476058, 0.98291, 0.158691, 0.00244652, 0.983887, 0.158691, 3.80916e-05, 
        0.969238, 0.159668, 0.00330082, 0.970215, 0.159668, 0.00658108, 0.971191, 0.159668, 0.0096082, 0.972168, 0.159668, 0.0122652, 0.973145, 0.159668, 0.0144501, 0.974121, 0.159668, 0.0160786, 0.975098, 0.159668, 0.0170879, 0.976074, 0.159668, 0.0174393, 0.977051, 0.159668, 0.0171192, 0.978027, 0.159668, 0.01614, 0.979004, 0.159668, 0.0145394, 0.97998, 0.159668, 0.0123788, 0.980957, 0.159668, 0.00974181, 0.981934, 0.159668, 0.00672951, 0.98291, 0.159668, 0.00345834, 0.983887, 0.159668, 5.37639e-05, 
        0.969238, 0.160645, 0.00413944, 0.970215, 0.160645, 0.00825321, 0.971191, 0.160645, 0.0120495, 0.972168, 0.160645, 0.0153816, 0.973145, 0.160645, 0.0181217, 0.974121, 0.160645, 0.0201639, 0.975098, 0.160645, 0.0214297, 0.976074, 0.160645, 0.0218704, 0.977051, 0.160645, 0.021469, 0.978027, 0.160645, 0.020241, 0.979004, 0.160645, 0.0182337, 0.97998, 0.160645, 0.0155241, 0.980957, 0.160645, 0.0122171, 0.981934, 0.160645, 0.00843938, 0.98291, 0.160645, 0.00433703, 0.983887, 0.160645, 6.7375e-05, 
        0.969238, 0.161621, 0.00481869, 0.970215, 0.161621, 0.00960753, 0.971191, 0.161621, 0.0140268, 0.972168, 0.161621, 0.0179057, 0.973145, 0.161621, 0.0210954, 0.974121, 0.161621, 0.0234729, 0.975098, 0.161621, 0.0249463, 0.976074, 0.161621, 0.0254594, 0.977051, 0.161621, 0.0249921, 0.978027, 0.161621, 0.0235625, 0.979004, 0.161621, 0.0212258, 0.97998, 0.161621, 0.0180717, 0.980957, 0.161621, 0.0142219, 0.981934, 0.161621, 0.00982428, 0.98291, 0.161621, 0.00504872, 0.983887, 0.161621, 7.84005e-05, 
        0.969238, 0.162598, 0.0053124, 0.970215, 0.162598, 0.0105919, 0.971191, 0.162598, 0.015464, 0.972168, 0.162598, 0.0197404, 0.973145, 0.162598, 0.023257, 0.974121, 0.162598, 0.025878, 0.975098, 0.162598, 0.0275025, 0.976074, 0.162598, 0.0280681, 0.977051, 0.162598, 0.027553, 0.978027, 0.162598, 0.0259769, 0.979004, 0.162598, 0.0234007, 0.97998, 0.162598, 0.0199234, 0.980957, 0.162598, 0.0156792, 0.981934, 0.162598, 0.0108309, 0.98291, 0.162598, 0.00556602, 0.983887, 0.162598, 8.64163e-05, 
        0.969238, 0.163574, 0.00560159, 0.970215, 0.163574, 0.0111685, 0.971191, 0.163574, 0.0163059, 0.972168, 0.163574, 0.020815, 0.973145, 0.163574, 0.024523, 0.974121, 0.163574, 0.0272867, 0.975098, 0.163574, 0.0289996, 0.976074, 0.163574, 0.029596, 0.977051, 0.163574, 0.0290529, 0.978027, 0.163574, 0.027391, 0.979004, 0.163574, 0.0246746, 0.97998, 0.163574, 0.0210079, 0.980957, 0.163574, 0.0165327, 0.981934, 0.163574, 0.0114205, 0.98291, 0.163574, 0.00586902, 0.983887, 0.163574, 9.11141e-05, 
        0.969238, 0.164551, 0.00567511, 0.970215, 0.164551, 0.0113151, 0.971191, 0.164551, 0.0165199, 0.972168, 0.164551, 0.0210882, 0.973145, 0.164551, 0.0248448, 0.974121, 0.164551, 0.0276448, 0.975098, 0.164551, 0.0293802, 0.976074, 0.164551, 0.0299844, 0.977051, 0.164551, 0.0294341, 0.978027, 0.164551, 0.0277504, 0.979004, 0.164551, 0.0249984, 0.97998, 0.164551, 0.0212836, 0.980957, 0.164551, 0.0167497, 0.981934, 0.164551, 0.0115704, 0.98291, 0.164551, 0.00594604, 0.983887, 0.164551, 9.23132e-05, 
        0.969238, 0.165527, 0.00553012, 0.970215, 0.165527, 0.011026, 0.971191, 0.165527, 0.0160978, 0.972168, 0.165527, 0.0205494, 0.973145, 0.165527, 0.02421, 0.974121, 0.165527, 0.0269385, 0.975098, 0.165527, 0.0286295, 0.976074, 0.165527, 0.0292183, 0.977051, 0.165527, 0.0286821, 0.978027, 0.165527, 0.0270414, 0.979004, 0.165527, 0.0243597, 0.97998, 0.165527, 0.0207398, 0.980957, 0.165527, 0.0163217, 0.981934, 0.165527, 0.0112748, 0.98291, 0.165527, 0.00579412, 0.983887, 0.165527, 8.99676e-05, 
        0.969238, 0.166504, 0.00517222, 0.970215, 0.166504, 0.0103124, 0.971191, 0.166504, 0.0150559, 0.972168, 0.166504, 0.0192193, 0.973145, 0.166504, 0.0226431, 0.974121, 0.166504, 0.0251949, 0.975098, 0.166504, 0.0267765, 0.976074, 0.166504, 0.0273272, 0.977051, 0.166504, 0.0268256, 0.978027, 0.166504, 0.0252912, 0.979004, 0.166504, 0.022783, 0.97998, 0.166504, 0.0193974, 0.980957, 0.166504, 0.0152653, 0.981934, 0.166504, 0.010545, 0.98291, 0.166504, 0.00541912, 0.983887, 0.166504, 8.4168e-05, 
        0.969238, 0.16748, 0.00461519, 0.970215, 0.16748, 0.00920171, 0.971191, 0.16748, 0.0134343, 0.972168, 0.16748, 0.0171493, 0.973145, 0.16748, 0.0202043, 0.974121, 0.16748, 0.0224812, 0.975098, 0.16748, 0.0238925, 0.976074, 0.16748, 0.0243838, 0.977051, 0.16748, 0.0239363, 0.978027, 0.16748, 0.0225671, 0.979004, 0.16748, 0.0203291, 0.97998, 0.16748, 0.0173082, 0.980957, 0.16748, 0.0136211, 0.981934, 0.16748, 0.00940927, 0.98291, 0.16748, 0.00483547, 0.983887, 0.16748, 7.51379e-05, 
        0.969238, 0.168457, 0.00388047, 0.970215, 0.168457, 0.00773675, 0.971191, 0.168457, 0.0112954, 0.972168, 0.168457, 0.0144189, 0.973145, 0.168457, 0.0169875, 0.974121, 0.168457, 0.018902, 0.975098, 0.168457, 0.0200885, 0.976074, 0.168457, 0.0205016, 0.977051, 0.168457, 0.0201254, 0.978027, 0.168457, 0.0189742, 0.979004, 0.168457, 0.0170925, 0.97998, 0.168457, 0.0145525, 0.980957, 0.168457, 0.0114525, 0.981934, 0.168457, 0.00791123, 0.98291, 0.168457, 0.00406564, 0.983887, 0.168457, 6.32253e-05, 
        0.969238, 0.169434, 0.00299636, 0.970215, 0.169434, 0.0059739, 0.971191, 0.169434, 0.00872167, 0.972168, 0.169434, 0.0111334, 0.973145, 0.169434, 0.0131167, 0.974121, 0.169434, 0.0145949, 0.975098, 0.169434, 0.0155111, 0.976074, 0.169434, 0.01583, 0.977051, 0.169434, 0.0155395, 0.978027, 0.169434, 0.0146506, 0.979004, 0.169434, 0.0131977, 0.97998, 0.169434, 0.0112366, 0.980957, 0.169434, 0.00884291, 0.981934, 0.169434, 0.00610858, 0.98291, 0.169434, 0.00313928, 0.983887, 0.169434, 4.88893e-05, 
        0.969238, 0.17041, 0.00199689, 0.970215, 0.17041, 0.00398106, 0.971191, 0.17041, 0.00581211, 0.972168, 0.17041, 0.00741926, 0.973145, 0.17041, 0.00874086, 0.974121, 0.17041, 0.0097259, 0.975098, 0.17041, 0.0103364, 0.976074, 0.17041, 0.010549, 0.977051, 0.17041, 0.0103554, 0.978027, 0.17041, 0.00976302, 0.979004, 0.17041, 0.00879483, 0.97998, 0.17041, 0.00748794, 0.980957, 0.17041, 0.00589285, 0.981934, 0.17041, 0.00407075, 0.98291, 0.17041, 0.00209206, 0.983887, 0.17041, 3.2682e-05, 
