{
    "level": 0,
    "idx": {"x": 62, "y": 36},
    "dim": {"x": 16, "y": 16},
    "offset": {"x": 0.969238, "y": 0.562988},
    "cellSize": {"x": 0.000976562, "y": 0.000976562},
    "vertices": [
        0.969238, 0.562988, 0.000661735, 0.970215, 0.562988, 0.00128305, 0.971191, 0.562988, 0.00185637, 0.972168, 0.562988, 0.00235947, 0.973145, 0.562988, 0.00277302, 0.974121, 0.562988, 0.00308099, 0.975098, 0.562988, 0.00327149, 0.976074, 0.562988, 0.00333715, 0.977051, 0.562988, 0.0032754, 0.978027, 0.562988, 0.00308857, 0.979004, 0.562988, 0.00278384, 0.97998, 0.562988, 0.00237287, 0.980957, 0.562988, 0.00187149, 0.981934, 0.562988, 0.00129891, 0.98291, 0.562988, 0.000677233, 0.983887, 0.562988, 3.02598e-05, 
        0.969238, 0.563965, 0.00175144, 0.970215, 0.563965, 0.003456, 0.971191, 0.563965, 0.00502896, 0.972168, 0.563965, 0.00640946, 0.973145, 0.563965, 0.00754453, 0.974121, 0.563965, 0.00839028, 0.975098, 0.563965, 0.00891408, 0.976074, 0.563965, 0.0090958, 0.977051, 0.563965, 0.00892837, 0.978027, 0.563965, 0.00841818, 0.979004, 0.563965, 0.0075849, 0.97998, 0.563965, 0.00646046, 0.980957, 0.563965, 0.00508829, 0.981934, 0.563965, 0.00352098, 0.98291, 0.563965, 0.00181908, 0.983887, 0.563965, 4.7841e-05, 
        0.969238, 0.564941, 0.00277506, 0.970215, 0.564941, 0.00549717, 0.971191, 0.564941, 0.00800916, 0.972168, 0.564941, 0.0102139, 0.973145, 0.564941, 0.0120267, 0.974121, 0.564941, 0.0133776, 0.975098, 0.564941, 0.0142145, 0.976074, 0.564941, 0.0145053, 0.977051, 0.564941, 0.0142386, 0.978027, 0.564941, 0.0134246, 0.979004, 0.564941, 0.0120948, 0.97998, 0.564941, 0.0103002, 0.980957, 0.564941, 0.00811003, 0.981934, 0.564941, 0.0056083, 0.98291, 0.564941, 0.00289169, 0.983887, 0.564941, 6.43491e-05, 
        0.969238, 0.565918, 0.00369318, 0.970215, 0.565918, 0.00732798, 0.971191, 0.565918, 0.0106822, 0.972168, 0.565918, 0.0136262, 0.973145, 0.565918, 0.016047, 0.974121, 0.565918, 0.017851, 0.975098, 0.565918, 0.0189687, 0.976074, 0.565918, 0.0193573, 0.977051, 0.565918, 0.0190015, 0.978027, 0.565918, 0.0179151, 0.979004, 0.565918, 0.01614, 0.97998, 0.565918, 0.0137442, 0.980957, 0.565918, 0.0108204, 0.981934, 0.565918, 0.00748051, 0.98291, 0.565918, 0.00385375, 0.983887, 0.565918, 7.91445e-05, 
        0.969238, 0.566895, 0.00447043, 0.970215, 0.566895, 0.00887792, 0.971191, 0.566895, 0.0129452, 0.972168, 0.566895, 0.0165151, 0.973145, 0.566895, 0.0194505, 0.974121, 0.566895, 0.0216381, 0.975098, 0.566895, 0.0229936, 0.976074, 0.566895, 0.0234649, 0.977051, 0.566895, 0.0230338, 0.978027, 0.566895, 0.0217167, 0.979004, 0.566895, 0.0195646, 0.97998, 0.566895, 0.0166599, 0.980957, 0.566895, 0.0131149, 0.981934, 0.566895, 0.0090655, 0.98291, 0.566895, 0.00466822, 0.983887, 0.566895, 9.16536e-05, 
        0.969238, 0.567871, 0.00507687, 0.970215, 0.567871, 0.0100873, 0.971191, 0.567871, 0.014711, 0.972168, 0.567871, 0.0187692, 0.973145, 0.567871, 0.0221063, 0.974121, 0.567871, 0.0245932, 0.975098, 0.567871, 0.0261342, 0.976074, 0.567871, 0.0266702, 0.977051, 0.567871, 0.0261802, 0.978027, 0.567871, 0.0246832, 0.979004, 0.567871, 0.0222368, 0.97998, 0.567871, 0.018935, 0.980957, 0.567871, 0.0149053, 0.981934, 0.567871, 0.0103023, 0.98291, 0.567871, 0.00530372, 0.983887, 0.567871, 0.000101391, 
        0.969238, 0.568848, 0.00548917, 0.970215, 0.568848, 0.0109096, 0.971191, 0.568848, 0.0159116, 0.972168, 0.568848, 0.0203019, 0.973145, 0.568848, 0.023912, 0.974121, 0.568848, 0.0266025, 0.975098, 0.568848, 0.0282696, 0.976074, 0.568848, 0.0288495, 0.977051, 0.568848, 0.0283195, 0.978027, 0.568848, 0.0267001, 0.979004, 0.568848, 0.0240538, 0.97998, 0.568848, 0.0204819, 0.980957, 0.568848, 0.0161227, 0.981934, 0.568848, 0.0111431, 0.98291, 0.568848, 0.0057358, 0.983887, 0.568848, 0.000107977, 
        0.969238, 0.569824, 0.00569142, 0.970215, 0.569824, 0.011313, 0.971191, 0.569824, 0.0165007, 0.972168, 0.569824, 0.021054, 0.973145, 0.569824, 0.0247981, 0.974121, 0.569824, 0.0275885, 0.975098, 0.569824, 0.0293176, 0.976074, 0.569824, 0.029919, 0.977051, 0.569824, 0.0293694, 0.978027, 0.569824, 0.0276899, 0.979004, 0.569824, 0.0249454, 0.97998, 0.569824, 0.0212411, 0.980957, 0.569824, 0.0167201, 0.981934, 0.569824, 0.0115558, 0.98291, 0.569824, 0.0059478, 0.983887, 0.569824, 0.000111155, 
        0.969238, 0.570801, 0.00567584, 0.970215, 0.570801, 0.0112821, 0.971191, 0.570801, 0.0164558, 0.972168, 0.570801, 0.0209966, 0.973145, 0.570801, 0.0247306, 0.974121, 0.570801, 0.0275134, 0.975098, 0.570801, 0.0292377, 0.976074, 0.570801, 0.0298375, 0.977051, 0.570801, 0.0292894, 0.978027, 0.570801, 0.0276145, 0.979004, 0.570801, 0.0248775, 0.97998, 0.570801, 0.0211832, 0.980957, 0.570801, 0.0166745, 0.981934, 0.570801, 0.0115243, 0.98291, 0.570801, 0.00593156, 0.983887, 0.570801, 0.000110799, 
        0.969238, 0.571777, 0.00544301, 0.970215, 0.571777, 0.0108181, 0.971191, 0.571777, 0.0157784, 0.972168, 0.571777, 0.020132, 0.973145, 0.571777, 0.0237119, 0.974121, 0.571777, 0.0263799, 0.975098, 0.571777, 0.0280332, 0.976074, 0.571777, 0.0286082, 0.977051, 0.571777, 0.0280827, 0.978027, 0.571777, 0.0264768, 0.979004, 0.571777, 0.0238525, 0.97998, 0.571777, 0.0203106, 0.980957, 0.571777, 0.0159878, 0.981934, 0.571777, 0.0110498, 0.98291, 0.571777, 0.0056877, 0.983887, 0.571777, 0.000106917, 
        0.969238, 0.572754, 0.00500191, 0.970215, 0.572754, 0.00993879, 0.971191, 0.572754, 0.0144946, 0.972168, 0.572754, 0.0184933, 0.973145, 0.572754, 0.0217814, 0.974121, 0.572754, 0.0242318, 0.975098, 0.572754, 0.0257502, 0.976074, 0.572754, 0.0262783, 0.977051, 0.572754, 0.0257955, 0.978027, 0.572754, 0.0243205, 0.979004, 0.572754, 0.0219101, 0.97998, 0.572754, 0.0186568, 0.980957, 0.572754, 0.0146862, 0.981934, 0.572754, 0.0101507, 0.98291, 0.572754, 0.0052256, 0.983887, 0.572754, 9.96546e-05, 
        0.969238, 0.57373, 0.00436946, 0.970215, 0.57373, 0.00867797, 0.971191, 0.57373, 0.0126539, 0.972168, 0.57373, 0.0161436, 0.973145, 0.57373, 0.0190131, 0.974121, 0.57373, 0.0211516, 0.975098, 0.57373, 0.0224767, 0.976074, 0.57373, 0.0229374, 0.977051, 0.57373, 0.022516, 0.978027, 0.57373, 0.0212285, 0.979004, 0.57373, 0.0191248, 0.97998, 0.57373, 0.0162853, 0.980957, 0.57373, 0.01282, 0.981934, 0.57373, 0.00886153, 0.98291, 0.57373, 0.00456303, 0.983887, 0.57373, 8.92877e-05, 
        0.969238, 0.574707, 0.00357008, 0.970215, 0.574707, 0.00708428, 0.971191, 0.574707, 0.0103272, 0.972168, 0.574707, 0.0131735, 0.973145, 0.574707, 0.015514, 0.974121, 0.574707, 0.0172582, 0.975098, 0.574707, 0.0183388, 0.976074, 0.574707, 0.0187145, 0.977051, 0.574707, 0.0183705, 0.978027, 0.574707, 0.0173202, 0.979004, 0.574707, 0.015604, 0.97998, 0.574707, 0.0132878, 0.980957, 0.574707, 0.0104609, 0.981934, 0.574707, 0.00723194, 0.98291, 0.574707, 0.00372555, 0.983887, 0.574707, 7.62117e-05, 
        0.969238, 0.575684, 0.00263451, 0.970215, 0.575684, 0.00521905, 0.971191, 0.575684, 0.00760409, 0.972168, 0.575684, 0.00969738, 0.973145, 0.575684, 0.0114186, 0.974121, 0.575684, 0.0127013, 0.975098, 0.575684, 0.0134959, 0.976074, 0.575684, 0.0137719, 0.977051, 0.575684, 0.0135187, 0.978027, 0.575684, 0.0127459, 0.979004, 0.575684, 0.0114833, 0.97998, 0.575684, 0.00977941, 0.980957, 0.575684, 0.00769994, 0.981934, 0.575684, 0.00532467, 0.98291, 0.575684, 0.00274536, 0.983887, 0.575684, 6.09255e-05, 
        0.969238, 0.57666, 0.00159876, 0.970215, 0.57666, 0.00315408, 0.971191, 0.57666, 0.00458932, 0.972168, 0.57666, 0.00584896, 0.973145, 0.57666, 0.00688465, 0.974121, 0.57666, 0.00765634, 0.975098, 0.57666, 0.00813427, 0.976074, 0.57666, 0.00830007, 0.977051, 0.57666, 0.00814728, 0.978027, 0.57666, 0.00768172, 0.979004, 0.57666, 0.00692137, 0.97998, 0.57666, 0.00589535, 0.980957, 0.57666, 0.00464328, 0.981934, 0.57666, 0.00321315, 0.98291, 0.57666, 0.00166022, 0.983887, 0.57666, 4.40133e-05, 
