{
    "level": 0,
    "idx": {"x": 62, "y": 112},
    "dim": {"x": 8, "y": 8},
    "offset": {"x": 0.484863, "y": 0.875488},
    "cellSize": {"x": 0.000976562, "y": 0.000976562},
    "vertices": [
        0.484863, 0.875488, -0.000835983, 0.48584, 0.875488, -0.000736257, 0.486816, 0.875488, -0.00063305, 0.487793, 0.875488, -0.000526453, 0.48877, 0.875488, -0.000416588, 0.489746, 0.875488, -0.000303604, 0.490723, 0.875488, -0.000187679, 0.491699, 0.875488, -6.90141e-05, 
        0.484863, 0.876465, -0.0012567, 0.48584, 0.876465, -0.00115186, 0.486816, 0.876465, -0.00104004, 0.487793, 0.876465, -0.0009214, 0.48877, 0.876465, -0.000796168, 0.489746, 0.876465, -0.000664623, 0.490723, 0.876465, -0.000527105, 0.491699, 0.876465, -0.000384009, 
        0.484863, 0.877441, -0.00166952, 0.48584, 0.877441, -0.00155965, 0.486816, 0.877441, -0.00143938, 0.487793, 0.877441, -0.00130892, 0.48877, 0.877441, -0.0011686, 0.489746, 0.877441, -0.00101883, 0.490723, 0.877441, -0.000860117, 0.491699, 0.877441, -0.000693034, 
        0.484863, 0.878418, -0.00207093, 0.48584, 0.878418, -0.00195617, 0.486816, 0.878418, -0.00182767, 0.487793, 0.878418, -0.00168571, 0.48877, 0.878418, -0.00153072, 0.489746, 0.878418, -0.00136323, 0.490723, 0.878418, -0.0011839, 0.491699, 0.878418, -0.00099349, 
        0.484863, 0.879395, -0.00245765, 0.48584, 0.879395, -0.00233816, 0.486816, 0.879395, -0.00220172, 0.487793, 0.879395, -0.00204867, 0.48877, 0.879395, -0.00187955, 0.489746, 0.879395, -0.00169499, 0.490723, 0.879395, -0.00149581, 0.491699, 0.879395, -0.00128295, 
        0.484863, 0.880371, -0.0028264, 0.48584, 0.880371, -0.00270237, 0.486816, 0.880371, -0.00255834, 0.487793, 0.880371, -0.00239472, 0.48877, 0.880371, -0.00221212, 0.489746, 0.880371, -0.0020113, 0.490723, 0.880371, -0.00179321, 0.491699, 0.880371, -0.00155897, 
        0.484863, 0.881348, -0.00317418, 0.48584, 0.881348, -0.00304583, 0.486816, 0.881348, -0.00289462, 0.487793, 0.881348, -0.00272103, 0.48877, 0.881348, -0.00252572, 0.489746, 0.881348, -0.00230958, 0.490723, 0.881348, -0.00207371, 0.491699, 0.881348, -0.00181935, 
        0.484863, 0.882324, -0.00349809, 0.48584, 0.882324, -0.00336568, 0.486816, 0.882324, -0.00320776, 0.487793, 0.882324, -0.00302486, 0.48877, 0.882324, -0.00281773, 0.489746, 0.882324, -0.00258736, 0.490723, 0.882324, -0.00233496, 0.491699, 0.882324, -0.00206194
    ]
}
