{
    "level": 0,
    "idx": {"x": 62, "y": 15},
    "dim": {"x": 8, "y": 8},
    "offset": {"x": 0.484863, "y": 0.117676},
    "cellSize": {"x": 0.000976562, "y": 0.000976562},
    "vertices": [
        0.484863, 0.117676, 0.00512676, 0.48584, 0.117676, 0.00499622, 0.486816, 0.117676, 0.00484006, 0.487793, 0.117676, 0.00465879, 0.48877, 0.117676, 0.00445318, 0.489746, 0.117676, 0.0042242, 0.490723, 0.117676, 0.00397306, 0.491699, 0.117676, 0.00370117, 
        0.484863, 0.118652, 0.00485262, 0.48584, 0.118652, 0.00472621, 0.486816, 0.118652, 0.00457682, 0.487793, 0.118652, 0.0044049, 0.48877, 0.118652, 0.00421115, 0.489746, 0.118652, 0.00399645, 0.490723, 0.118652, 0.00376187, 0.491699, 0.118652, 0.00350868, 
        0.484863, 0.119629, 0.00455601, 0.48584, 0.119629, 0.00443398, 0.486816, 0.119629, 0.00429182, 0.487793, 0.119629, 0.00412994, 0.48877, 0.119629, 0.00394893, 0.489746, 0.119629, 0.00374959, 0.490723, 0.119629, 0.00353284, 0.491699, 0.119629, 0.00329981, 
        0.484863, 0.120605, 0.00423983, 0.48584, 0.120605, 0.0041224, 0.486816, 0.120605, 0.00398788, 0.487793, 0.120605, 0.00383663, 0.48877, 0.120605, 0.00366915, 0.489746, 0.120605, 0.00348611, 0.490723, 0.120605, 0.00328831, 0.491699, 0.120605, 0.00307669, 
        0.484863, 0.121582, 0.00390716, 0.48584, 0.121582, 0.00379452, 0.486816, 0.121582, 0.003668, 0.487793, 0.121582, 0.00352789, 0.48877, 0.121582, 0.0033746, 0.489746, 0.121582, 0.00320867, 0.490723, 0.121582, 0.00303076, 0.491699, 0.121582, 0.00284163, 
        0.484863, 0.122559, 0.00356126, 0.48584, 0.122559, 0.00345358, 0.486816, 0.122559, 0.00333535, 0.487793, 0.122559, 0.00320679, 0.48877, 0.122559, 0.00306823, 0.489746, 0.122559, 0.00292007, 0.490723, 0.122559, 0.00276282, 0.491699, 0.122559, 0.00259705, 
        0.484863, 0.123535, 0.00320552, 0.48584, 0.123535, 0.00310293, 0.486816, 0.123535, 0.00299321, 0.487793, 0.123535, 0.00287653, 0.48877, 0.123535, 0.0027531, 0.489746, 0.123535, 0.00262322, 0.490723, 0.123535, 0.00248721, 0.491699, 0.123535, 0.00234547, 
        0.484863, 0.124512, 0.00284341, 0.48584, 0.124512, 0.00274601, 0.486816, 0.124512, 0.00264497, 0.487793, 0.124512, 0.00254038, 0.48877, 0.124512, 0.00243238, 0.489746, 0.124512, 0.0023211, 0.490723, 0.124512, 0.00220673, 0.491699, 0.124512, 0.00208947
    ]
}
