{
    "level": 0,
    "idx": {"x": 63, "y": 81},
    "dim": {"x": 8, "y": 8},
    "offset": {"x": 0.492676, "y": 0.633301},
    "cellSize": {"x": 0.000976562, "y": 0.000976562},
    "vertices": [
        0.492676, 0.633301, 0.143621, 0.493652, 0.633301, 0.143994, 0.494629, 0.633301, 0.144371, 0.495605, 0.633301, 0.144752, 0.496582, 0.633301, 0.145133, 0.497559, 0.633301, 0.145512, 0.498535, 0.633301, 0.145886, 0.499512, 0.633301, 0.146253, 
        0.492676, 0.634277, 0.141949, 0.493652, 0.634277, 0.142336, 0.494629, 0.634277, 0.14273, 0.495605, 0.634277, 0.143128, 0.496582, 0.634277, 0.143527, 0.497559, 0.634277, 0.143925, 0.498535, 0.634277, 0.144319, 0.499512, 0.634277, 0.144707, 
        0.492676, 0.635254, 0.140302, 0.493652, 0.635254, 0.140702, 0.494629, 0.635254, 0.141109, 0.495605, 0.635254, 0.141521, 0.496582, 0.635254, 0.141936, 0.497559, 0.635254, 0.142351, 0.498535, 0.635254, 0.142762, 0.499512, 0.635254, 0.143167, 
        0.492676, 0.63623, 0.138682, 0.493652, 0.63623, 0.139091, 0.494629, 0.63623, 0.139509, 0.495605, 0.63623, 0.139934, 0.496582, 0.63623, 0.140361, 0.497559, 0.63623, 0.140789, 0.498535, 0.63623, 0.141214, 0.499512, 0.63623, 0.141634, 
        0.492676, 0.637207, 0.137089, 0.493652, 0.637207, 0.137506, 0.494629, 0.637207, 0.137932, 0.495605, 0.637207, 0.138366, 0.496582, 0.637207, 0.138803, 0.497559, 0.637207, 0.139241, 0.498535, 0.637207, 0.139677, 0.499512, 0.637207, 0.140107, 
        0.492676, 0.638184, 0.135525, 0.493652, 0.638184, 0.135946, 0.494629, 0.638184, 0.136378, 0.495605, 0.638184, 0.136818, 0.496582, 0.638184, 0.137262, 0.497559, 0.638184, 0.137707, 0.498535, 0.638184, 0.138151, 0.499512, 0.638184, 0.138589, 
        0.492676, 0.63916, 0.133991, 0.493652, 0.63916, 0.134414, 0.494629, 0.63916, 0.134849, 0.495605, 0.63916, 0.135291, 0.496582, 0.63916, 0.135739, 0.497559, 0.63916, 0.136188, 0.498535, 0.63916, 0.136635, 0.499512, 0.63916, 0.137077, 
        0.492676, 0.640137, 0.132486, 0.493652, 0.640137, 0.132909, 0.494629, 0.640137, 0.133343, 0.495605, 0.640137, 0.133786, 0.496582, 0.640137, 0.134234, 0.497559, 0.640137, 0.134683, 0.498535, 0.640137, 0.135131, 0.499512, 0.640137, 0.135574
    ]
}
