{
    "level": 0,
    "idx": {"x": 63, "y": 14},
    "dim": {"x": 16, "y": 16},
    "offset": {"x": 0.984863, "y": 0.219238},
    "cellSize": {"x": 0.000976562, "y": 0.000976562},
    "vertices": [
        0.984863, 0.219238, -0.000246981, 0.98584, 0.219238, -0.000489333, 0.986816, 0.219238, -0.000712826, 0.987793, 0.219238, -0.000908821, 0.98877, 0.219238, -0.0010698, 0.989746, 0.219238, -0.00118955, 0.990723, 0.219238, -0.00126347, 0.991699, 0.219238, -0.00128871, 0.992676, 0.219238, -0.0012643, 0.993652, 0.219238, -0.00119118, 0.994629, 0.219238, -0.00107217, 0.995605, 0.219238, -0.000911856, 0.996582, 0.219238, -0.000716395, 0.997559, 0.219238, -0.000493323, 0.998535, 0.219238, -0.000251252, 0.999512, 0.219238, 5.33885e-07, 
        0.984863, 0.220215, -0.00136755, 0.98584, 0.220215, -0.00270515, 0.986816, 0.220215, -0.00393865, 0.987793, 0.220215, -0.00502038, 0.98877, 0.220215, -0.00590884, 0.989746, 0.220215, -0.0065697, 0.990723, 0.220215, -0.0069776, 0.991699, 0.220215, -0.00711679, 0.992676, 0.220215, -0.00698192, 0.993652, 0.220215, -0.00657821, 0.994629, 0.220215, -0.00592114, 0.995605, 0.220215, -0.00503612, 0.996582, 0.220215, -0.00395709, 0.997559, 0.220215, -0.00272566, 0.998535, 0.220215, -0.00138935, 0.999512, 0.220215, 5.7826e-07, 
        0.984863, 0.221191, -0.00243542, 0.98584, 0.221191, -0.00481677, 0.986816, 0.221191, -0.00701279, 0.987793, 0.221191, -0.0089386, 0.98877, 0.221191, -0.0105203, 0.989746, 0.221191, -0.0116969, 0.990723, 0.221191, -0.012423, 0.991699, 0.221191, -0.0126708, 0.992676, 0.221191, -0.0124307, 0.993652, 0.221191, -0.0117119, 0.994629, 0.221191, -0.0105421, 0.995605, 0.221191, -0.00896645, 0.996582, 0.221191, -0.0070454, 0.997559, 0.221191, -0.00485302, 0.998535, 0.221191, -0.00247393, 0.999512, 0.221191, 6.21322e-07, 
        0.984863, 0.222168, -0.00340948, 0.98584, 0.222168, -0.00674289, 0.986816, 0.222168, -0.00981688, 0.987793, 0.222168, -0.0125126, 0.98877, 0.222168, -0.0147267, 0.989746, 0.222168, -0.0163736, 0.990723, 0.222168, -0.0173901, 0.991699, 0.222168, -0.0177369, 0.992676, 0.222168, -0.0174008, 0.993652, 0.222168, -0.0163946, 0.994629, 0.222168, -0.0147571, 0.995605, 0.222168, -0.0125515, 0.996582, 0.222168, -0.00986241, 0.997559, 0.222168, -0.0067935, 0.998535, 0.222168, -0.00346323, 0.999512, 0.222168, 6.61877e-07, 
        0.984863, 0.223145, -0.00425223, 0.98584, 0.223145, -0.00840934, 0.986816, 0.223145, -0.0122429, 0.987793, 0.223145, -0.0156048, 0.98877, 0.223145, -0.018366, 0.989746, 0.223145, -0.0204199, 0.990723, 0.223145, -0.0216875, 0.991699, 0.223145, -0.0221201, 0.992676, 0.223145, -0.0217008, 0.993652, 0.223145, -0.0204461, 0.994629, 0.223145, -0.0184039, 0.995605, 0.223145, -0.0156533, 0.996582, 0.223145, -0.0122996, 0.997559, 0.223145, -0.00847238, 0.998535, 0.223145, -0.00431917, 0.999512, 0.223145, 6.98838e-07, 
        0.984863, 0.224121, -0.00493121, 0.98584, 0.224121, -0.00975199, 0.986816, 0.224121, -0.0141976, 0.987793, 0.224121, -0.0180962, 0.98877, 0.224121, -0.0212982, 0.989746, 0.224121, -0.0236799, 0.990723, 0.224121, -0.02515, 0.991699, 0.224121, -0.0256515, 0.992676, 0.224121, -0.0251654, 0.993652, 0.224121, -0.0237103, 0.994629, 0.224121, -0.0213421, 0.995605, 0.224121, -0.0181523, 0.996582, 0.224121, -0.0142633, 0.997559, 0.224121, -0.00982503, 0.998535, 0.224121, -0.00500878, 0.999512, 0.224121, 7.31264e-07, 
        0.984863, 0.225098, -0.00542027, 0.98584, 0.225098, -0.0107191, 0.986816, 0.225098, -0.0156055, 0.987793, 0.225098, -0.0198906, 0.98877, 0.225098, -0.0234102, 0.989746, 0.225098, -0.0260281, 0.990723, 0.225098, -0.0276439, 0.991699, 0.225098, -0.0281952, 0.992676, 0.225098, -0.0276608, 0.993652, 0.225098, -0.0260615, 0.994629, 0.225098, -0.0234584, 0.995605, 0.225098, -0.0199523, 0.996582, 0.225098, -0.0156777, 0.997559, 0.225098, -0.0107993, 0.998535, 0.225098, -0.0055055, 0.999512, 0.225098, 7.58395e-07, 
        0.984863, 0.226074, -0.00570058, 0.98584, 0.226074, -0.0112734, 0.986816, 0.226074, -0.0164125, 0.987793, 0.226074, -0.0209192, 0.98877, 0.226074, -0.0246207, 0.989746, 0.226074, -0.027374, 0.990723, 0.226074, -0.0290734, 0.991699, 0.226074, -0.0296532, 0.992676, 0.226074, -0.0290912, 0.993652, 0.226074, -0.0274091, 0.994629, 0.226074, -0.0246715, 0.995605, 0.226074, -0.0209841, 0.996582, 0.226074, -0.0164884, 0.997559, 0.226074, -0.0113578, 0.998535, 0.226074, -0.0057902, 0.999512, 0.226074, 7.79688e-07, 
        0.984863, 0.227051, -0.00576136, 0.98584, 0.227051, -0.0113936, 0.986816, 0.227051, -0.0165875, 0.987793, 0.227051, -0.0211423, 0.98877, 0.227051, -0.0248833, 0.989746, 0.227051, -0.0276659, 0.990723, 0.227051, -0.0293834, 0.991699, 0.227051, -0.0299694, 0.992676, 0.227051, -0.0294014, 0.993652, 0.227051, -0.0277014, 0.994629, 0.227051, -0.0249345, 0.995605, 0.227051, -0.0212079, 0.996582, 0.227051, -0.0166642, 0.997559, 0.227051, -0.0114789, 0.998535, 0.227051, -0.00585194, 0.999512, 0.227051, 7.94831e-07, 
        0.984863, 0.228027, -0.00560025, 0.98584, 0.228027, -0.011075, 0.986816, 0.228027, -0.0161238, 0.987793, 0.228027, -0.0205512, 0.98877, 0.228027, -0.0241877, 0.989746, 0.228027, -0.0268925, 0.990723, 0.228027, -0.028562, 0.991699, 0.228027, -0.0291316, 0.992676, 0.228027, -0.0285795, 0.993652, 0.228027, -0.026927, 0.994629, 0.228027, -0.0242375, 0.995605, 0.228027, -0.020615, 0.996582, 0.228027, -0.0161984, 0.997559, 0.228027, -0.011158, 0.998535, 0.228027, -0.00568833, 0.999512, 0.228027, 8.0376e-07, 
        0.984863, 0.229004, -0.00522347, 0.98584, 0.229004, -0.01033, 0.986816, 0.229004, -0.0150392, 0.987793, 0.229004, -0.0191688, 0.98877, 0.229004, -0.0225607, 0.989746, 0.229004, -0.0250836, 0.990723, 0.229004, -0.0266408, 0.991699, 0.229004, -0.0271721, 0.992676, 0.229004, -0.0266571, 0.993652, 0.229004, -0.0251158, 0.994629, 0.229004, -0.0226072, 0.995605, 0.229004, -0.0192283, 0.996582, 0.229004, -0.0151088, 0.997559, 0.229004, -0.0104074, 0.998535, 0.229004, -0.00530566, 0.999512, 0.229004, 8.06658e-07, 
        0.984863, 0.22998, -0.00464551, 0.98584, 0.22998, -0.00918719, 0.986816, 0.22998, -0.0133754, 0.987793, 0.22998, -0.0170483, 0.98877, 0.22998, -0.0200649, 0.989746, 0.22998, -0.0223088, 0.990723, 0.22998, -0.0236937, 0.991699, 0.22998, -0.0241662, 0.992676, 0.22998, -0.0237082, 0.993652, 0.22998, -0.0223374, 0.994629, 0.22998, -0.0201063, 0.995605, 0.22998, -0.0171012, 0.996582, 0.22998, -0.0134374, 0.997559, 0.22998, -0.00925607, 0.998535, 0.22998, -0.00471867, 0.999512, 0.22998, 8.03951e-07, 
        0.984863, 0.230957, -0.00388863, 0.98584, 0.230957, -0.00769058, 0.986816, 0.230957, -0.0111966, 0.987793, 0.230957, -0.0142713, 0.98877, 0.230957, -0.0167966, 0.989746, 0.230957, -0.018675, 0.990723, 0.230957, -0.0198343, 0.991699, 0.230957, -0.0202299, 0.992676, 0.230957, -0.0198465, 0.993652, 0.230957, -0.018699, 0.994629, 0.230957, -0.0168313, 0.995605, 0.230957, -0.0143157, 0.996582, 0.230957, -0.0112486, 0.997559, 0.230957, -0.00774833, 0.998535, 0.230957, -0.00394997, 0.999512, 0.230957, 7.96288e-07, 
        0.984863, 0.231934, -0.00298198, 0.98584, 0.231934, -0.00589781, 0.986816, 0.231934, -0.00858671, 0.987793, 0.231934, -0.0109447, 0.98877, 0.231934, -0.0128815, 0.989746, 0.231934, -0.0143221, 0.990723, 0.231934, -0.0152112, 0.991699, 0.231934, -0.0155146, 0.992676, 0.231934, -0.0152206, 0.993652, 0.231934, -0.0143405, 0.994629, 0.231934, -0.0129081, 0.995605, 0.231934, -0.0109789, 0.996582, 0.231934, -0.00862664, 0.997559, 0.231934, -0.00594221, 0.998535, 0.231934, -0.00302916, 0.999512, 0.231934, 7.84522e-07, 
