{
    "level": 0,
    "idx": {"x": 64, "y": 12},
    "dim": {"x": 8, "y": 8},
    "offset": {"x": 0.500488, "y": 0.0942383},
    "cellSize": {"x": 0.000976562, "y": 0.000976562},
    "vertices": [
        0.500488, 0.0942383, 0.000320532, 0.501465, 0.0942383, 0.000181659, 0.502441, 0.0942383, 4.28743e-05, 0.503418, 0.0942383, -9.57447e-05, 0.504395, 0.0942383, -0.000234126, 0.505371, 0.0942383, -0.000372182, 0.506348, 0.0942383, -0.000509844, 0.507324, 0.0942383, -0.000647039, 
        0.500488, 0.0952148, 0.000315393, 0.501465, 0.0952148, 0.000141094, 0.502441, 0.0952148, -3.25978e-05, 0.503418, 0.0952148, -0.000205262, 0.504395, 0.0952148, -0.000376494, 0.505371, 0.0952148, -0.000545883, 0.506348, 0.0952148, -0.000713054, 0.507324, 0.0952148, -0.000877645, 
        0.500488, 0.0961914, 0.000310847, 0.501465, 0.0961914, 0.000101546, 0.502441, 0.0961914, -0.000106631, 0.503418, 0.0961914, -0.000312929, 0.504395, 0.0961914, -0.000516615, 0.505371, 0.0961914, -0.000716955, 0.506348, 0.0961914, -0.000913273, 0.507324, 0.0961914, -0.00110492, 
        0.500488, 0.097168, 0.000307075, 0.501465, 0.097168, 6.35425e-05, 0.502441, 0.097168, -0.000178364, 0.503418, 0.097168, -0.000417556, 0.504395, 0.097168, -0.000652978, 0.505371, 0.097168, -0.000883584, 0.506348, 0.097168, -0.0011084, 0.507324, 0.097168, -0.00132649, 
        0.500488, 0.0981445, 0.000304259, 0.501465, 0.0981445, 2.75976e-05, 0.502441, 0.0981445, -0.000246949, 0.503418, 0.0981445, -0.000517971, 0.504395, 0.0981445, -0.000784102, 0.505371, 0.0981445, -0.00104399, 0.506348, 0.0981445, -0.00129637, 0.507324, 0.0981445, -0.00154005, 
        0.500488, 0.0991211, 0.00030257, 0.501465, 0.0991211, -5.78882e-06, 0.502441, 0.0991211, -0.000311565, 0.503418, 0.0991211, -0.000613041, 0.504395, 0.0991211, -0.00090855, 0.505371, 0.0991211, -0.00119645, 0.506348, 0.0991211, -0.0014752, 0.507324, 0.0991211, -0.00174334, 
        0.500488, 0.100098, 0.00030218, 0.501465, 0.100098, -3.61347e-05, 0.502441, 0.100098, -0.000371423, 0.503418, 0.100098, -0.000701675, 0.504395, 0.100098, -0.00102494, 0.505371, 0.100098, -0.0013393, 0.506348, 0.100098, -0.00164296, 0.507324, 0.100098, -0.0019342, 
        0.500488, 0.101074, 0.000303246, 0.501465, 0.101074, -6.29863e-05, 0.502441, 0.101074, -0.000425777, 0.503418, 0.101074, -0.000782844, 0.504395, 0.101074, -0.00113197, 0.505371, 0.101074, -0.00147099, 0.506348, 0.101074, -0.00179784, 0.507324, 0.101074, -0.00211059
    ]
}
