{
    "level": 0,
    "idx": {"x": 64, "y": 60},
    "dim": {"x": 8, "y": 8},
    "offset": {"x": 0.500488, "y": 0.469238},
    "cellSize": {"x": 0.000976562, "y": 0.000976562},
    "vertices": [
        0.500488, 0.469238, 0.288708, 0.501465, 0.469238, 0.288594, 0.502441, 0.469238, 0.288457, 0.503418, 0.469238, 0.288298, 0.504395, 0.469238, 0.288118, 0.505371, 0.469238, 0.287917, 0.506348, 0.469238, 0.287694, 0.507324, 0.469238, 0.28745, 
        0.500488, 0.470215, 0.289382, 0.501465, 0.470215, 0.289233, 0.502441, 0.470215, 0.289063, 0.503418, 0.470215, 0.288872, 0.504395, 0.470215, 0.28866, 0.505371, 0.470215, 0.288429, 0.506348, 0.470215, 0.288178, 0.507324, 0.470215, 0.287909, 
        0.500488, 0.471191, 0.290034, 0.501465, 0.471191, 0.289852, 0.502441, 0.471191, 0.289649, 0.503418, 0.471191, 0.289426, 0.504395, 0.471191, 0.289184, 0.505371, 0.471191, 0.288923, 0.506348, 0.471191, 0.288645, 0.507324, 0.471191, 0.28835, 
        0.500488, 0.472168, 0.290666, 0.501465, 0.472168, 0.290452, 0.502441, 0.472168, 0.290217, 0.503418, 0.472168, 0.289963, 0.504395, 0.472168, 0.289691, 0.505371, 0.472168, 0.289401, 0.506348, 0.472168, 0.289096, 0.507324, 0.472168, 0.288776, 
        0.500488, 0.473145, 0.291278, 0.501465, 0.473145, 0.291033, 0.502441, 0.473145, 0.290767, 0.503418, 0.473145, 0.290483, 0.504395, 0.473145, 0.290182, 0.505371, 0.473145, 0.289865, 0.506348, 0.473145, 0.289534, 0.507324, 0.473145, 0.28919, 
        0.500488, 0.474121, 0.29187, 0.501465, 0.474121, 0.291595, 0.502441, 0.474121, 0.2913, 0.503418, 0.474121, 0.290987, 0.504395, 0.474121, 0.290659, 0.505371, 0.474121, 0.290316, 0.506348, 0.474121, 0.28996, 0.507324, 0.474121, 0.289593, 
        0.500488, 0.475098, 0.292441, 0.501465, 0.475098, 0.292138, 0.502441, 0.475098, 0.291816, 0.503418, 0.475098, 0.291477, 0.504395, 0.475098, 0.291122, 0.505371, 0.475098, 0.290754, 0.506348, 0.475098, 0.290376, 0.507324, 0.475098, 0.289987, 
        0.500488, 0.476074, 0.292991, 0.501465, 0.476074, 0.292663, 0.502441, 0.476074, 0.292316, 0.503418, 0.476074, 0.291952, 0.504395, 0.476074, 0.291574, 0.505371, 0.476074, 0.291183, 0.506348, 0.476074, 0.290783, 0.507324, 0.476074, 0.290375
    ]
}
