{
    "level": 0,
    "idx": {"x": 64, "y": 78},
    "dim": {"x": 8, "y": 8},
    "offset": {"x": 0.500488, "y": 0.609863},
    "cellSize": {"x": 0.000976562, "y": 0.000976562},
    "vertices": [
        0.500488, 0.609863, 0.184182, 0.501465, 0.609863, 0.183923, 0.502441, 0.609863, 0.183655, 0.503418, 0.609863, 0.183382, 0.504395, 0.609863, 0.183106, 0.505371, 0.609863, 0.182832, 0.506348, 0.609863, 0.182562, 0.507324, 0.609863, 0.182299, 
        0.500488, 0.61084, 0.182587, 0.501465, 0.61084, 0.182331, 0.502441, 0.61084, 0.182066, 0.503418, 0.61084, 0.181795, 0.504395, 0.61084, 0.181523, 0.505371, 0.61084, 0.181251, 0.506348, 0.61084, 0.180984, 0.507324, 0.61084, 0.180723, 
        0.500488, 0.611816, 0.180994, 0.501465, 0.611816, 0.180744, 0.502441, 0.611816, 0.180485, 0.503418, 0.611816, 0.180221, 0.504395, 0.611816, 0.179954, 0.505371, 0.611816, 0.179688, 0.506348, 0.611816, 0.179427, 0.507324, 0.611816, 0.179171, 
        0.500488, 0.612793, 0.179402, 0.501465, 0.612793, 0.179162, 0.502441, 0.612793, 0.178913, 0.503418, 0.612793, 0.178658, 0.504395, 0.612793, 0.1784, 0.505371, 0.612793, 0.178144, 0.506348, 0.612793, 0.17789, 0.507324, 0.612793, 0.177643, 
        0.500488, 0.61377, 0.177813, 0.501465, 0.61377, 0.177585, 0.502441, 0.61377, 0.177349, 0.503418, 0.61377, 0.177107, 0.504395, 0.61377, 0.176861, 0.505371, 0.61377, 0.176616, 0.506348, 0.61377, 0.176374, 0.507324, 0.61377, 0.176138, 
        0.500488, 0.614746, 0.176225, 0.501465, 0.614746, 0.176014, 0.502441, 0.614746, 0.175793, 0.503418, 0.614746, 0.175567, 0.504395, 0.614746, 0.175337, 0.505371, 0.614746, 0.175106, 0.506348, 0.614746, 0.174878, 0.507324, 0.614746, 0.174654, 
        0.500488, 0.615723, 0.17464, 0.501465, 0.615723, 0.174448, 0.502441, 0.615723, 0.174246, 0.503418, 0.615723, 0.174038, 0.504395, 0.615723, 0.173826, 0.505371, 0.615723, 0.173613, 0.506348, 0.615723, 0.173401, 0.507324, 0.615723, 0.173192, 
        0.500488, 0.616699, 0.173058, 0.501465, 0.616699, 0.172887, 0.502441, 0.616699, 0.172707, 0.503418, 0.616699, 0.17252, 0.504395, 0.616699, 0.172329, 0.505371, 0.616699, 0.172135, 0.506348, 0.616699, 0.171941, 0.507324, 0.616699, 0.17175
    ]
}
