{
    "level": 0,
    "idx": {"x": 65, "y": 16},
    "dim": {"x": 8, "y": 8},
    "offset": {"x": 0.508301, "y": 0.125488},
    "cellSize": {"x": 0.000976562, "y": 0.000976562},
    "vertices": [
        0.508301, 0.125488, 0.000249397, 0.509277, 0.125488, 0.000155391, 0.510254, 0.125488, 6.12609e-05, 0.51123, 0.125488, -3.29846e-05, 0.512207, 0.125488, -0.000127333, 0.513184, 0.125488, -0.00022177, 0.51416, 0.125488, -0.000316274, 0.515137, 0.125488, -0.000410822, 
        0.508301, 0.126465, 0.000568582, 0.509277, 0.126465, 0.000499238, 0.510254, 0.126465, 0.000426911, 0.51123, 0.126465, 0.000351415, 0.512207, 0.126465, 0.000272597, 0.513184, 0.126465, 0.00019034, 0.51416, 0.126465, 0.000104562, 0.515137, 0.126465, 1.52189e-05, 
        0.508301, 0.127441, 0.000885925, 0.509277, 0.127441, 0.000841027, 0.510254, 0.127441, 0.000790316, 0.51123, 0.127441, 0.000733416, 0.512207, 0.127441, 0.00067001, 0.513184, 0.127441, 0.000599849, 0.51416, 0.127441, 0.000522752, 0.515137, 0.127441, 0.000438605, 
        0.508301, 0.128418, 0.00119884, 0.509277, 0.128418, 0.00117795, 0.510254, 0.128418, 0.00114848, 0.51123, 0.128418, 0.00110986, 0.512207, 0.128418, 0.00106162, 0.513184, 0.128418, 0.00100337, 0.51416, 0.128418, 0.000934839, 0.515137, 0.128418, 0.000855848, 
        0.508301, 0.129395, 0.0015048, 0.509277, 0.129395, 0.00150727, 0.510254, 0.129395, 0.00149847, 0.51123, 0.129395, 0.00147766, 0.512207, 0.129395, 0.00144419, 0.513184, 0.129395, 0.00139758, 0.51416, 0.129395, 0.00133744, 0.515137, 0.129395, 0.00126353, 
        0.508301, 0.130371, 0.00180135, 0.509277, 0.130371, 0.00182632, 0.510254, 0.130371, 0.00183744, 0.51123, 0.130371, 0.0018338, 0.512207, 0.130371, 0.00181461, 0.513184, 0.130371, 0.00177925, 0.51416, 0.130371, 0.00172726, 0.515137, 0.130371, 0.00165832, 
        0.508301, 0.131348, 0.00208613, 0.509277, 0.131348, 0.00213254, 0.510254, 0.131348, 0.00216267, 0.51123, 0.131348, 0.00217542, 0.512207, 0.131348, 0.00216988, 0.513184, 0.131348, 0.00214531, 0.51416, 0.131348, 0.00210115, 0.515137, 0.131348, 0.00203705, 
        0.508301, 0.132324, 0.00235692, 0.509277, 0.132324, 0.00242352, 0.510254, 0.132324, 0.00247156, 0.51123, 0.132324, 0.00249979, 0.512207, 0.132324, 0.00250716, 0.513184, 0.132324, 0.00249282, 0.51416, 0.132324, 0.00245614, 0.515137, 0.132324, 0.00239671
    ]
}
