{
    "level": 0,
    "idx": {"x": 65, "y": 9},
    "dim": {"x": 8, "y": 8},
    "offset": {"x": 0.508301, "y": 0.0708008},
    "cellSize": {"x": 0.000976562, "y": 0.000976562},
    "vertices": [
        0.508301, 0.0708008, 0.0010211, 0.509277, 0.0708008, 0.00105493, 0.510254, 0.0708008, 0.00106847, 0.51123, 0.0708008, 0.00106036, 0.512207, 0.0708008, 0.00102946, 0.513184, 0.0708008, 0.000974834, 0.51416, 0.0708008, 0.000895809, 0.515137, 0.0708008, 0.000791935, 
        0.508301, 0.0717773, 0.00120417, 0.509277, 0.0717773, 0.00125269, 0.510254, 0.0717773, 0.00127902, 0.51123, 0.0717773, 0.00128167, 0.512207, 0.0717773, 0.00125938, 0.513184, 0.0717773, 0.00121115, 0.51416, 0.0717773, 0.00113622, 0.515137, 0.0717773, 0.0010341, 
        0.508301, 0.0727539, 0.00136696, 0.509277, 0.0727539, 0.00142847, 0.510254, 0.0727539, 0.0014661, 0.51123, 0.0727539, 0.00147825, 0.512207, 0.0727539, 0.00146357, 0.513184, 0.0727539, 0.00142098, 0.51416, 0.0727539, 0.00134965, 0.515137, 0.0727539, 0.00124905, 
        0.508301, 0.0737305, 0.00150793, 0.509277, 0.0737305, 0.00158058, 0.510254, 0.0737305, 0.00162791, 0.51123, 0.0737305, 0.00164822, 0.512207, 0.0737305, 0.00164006, 0.513184, 0.0737305, 0.00160228, 0.51416, 0.0737305, 0.00153402, 0.515137, 0.0737305, 0.00143471, 
        0.508301, 0.074707, 0.00162573, 0.509277, 0.074707, 0.00170759, 0.510254, 0.074707, 0.00176292, 0.51123, 0.074707, 0.00178994, 0.512207, 0.074707, 0.00178715, 0.513184, 0.074707, 0.00175332, 0.51416, 0.074707, 0.00168757, 0.515137, 0.074707, 0.00158929, 
        0.508301, 0.0756836, 0.00171928, 0.509277, 0.0756836, 0.0018083, 0.510254, 0.0756836, 0.00186984, 0.51123, 0.0756836, 0.00190207, 0.512207, 0.0756836, 0.00190343, 0.513184, 0.0756836, 0.00187266, 0.51416, 0.0756836, 0.00180881, 0.515137, 0.0756836, 0.00171128, 
        0.508301, 0.0766602, 0.0017877, 0.509277, 0.0766602, 0.00188177, 0.510254, 0.0766602, 0.00194768, 0.51123, 0.0766602, 0.00198357, 0.512207, 0.0766602, 0.00198782, 0.513184, 0.0766602, 0.00195915, 0.51416, 0.0766602, 0.0018966, 0.515137, 0.0766602, 0.00179954, 
        0.508301, 0.0776367, 0.00183039, 0.509277, 0.0776367, 0.00192733, 0.510254, 0.0776367, 0.00199573, 0.51123, 0.0776367, 0.00203367, 0.512207, 0.0776367, 0.00203953, 0.513184, 0.0776367, 0.002012, 0.51416, 0.0776367, 0.00195012, 0.515137, 0.0776367, 0.00185323
    ]
}
