{
    "level": 0,
    "idx": {"x": 65, "y": 42},
    "dim": {"x": 8, "y": 8},
    "offset": {"x": 0.508301, "y": 0.328613},
    "cellSize": {"x": 0.000976562, "y": 0.000976562},
    "vertices": [
        0.508301, 0.328613, 0.0943014, 0.509277, 0.328613, 0.0944839, 0.510254, 0.328613, 0.0946304, 0.51123, 0.328613, 0.0947388, 0.512207, 0.328613, 0.0948075, 0.513184, 0.328613, 0.0948351, 0.51416, 0.328613, 0.0948207, 0.515137, 0.328613, 0.0947635, 
        0.508301, 0.32959, 0.0954976, 0.509277, 0.32959, 0.095675, 0.510254, 0.32959, 0.0958163, 0.51123, 0.32959, 0.0959198, 0.512207, 0.32959, 0.0959838, 0.513184, 0.32959, 0.0960068, 0.51416, 0.32959, 0.0959881, 0.515137, 0.32959, 0.0959268, 
        0.508301, 0.330566, 0.0966769, 0.509277, 0.330566, 0.0968467, 0.510254, 0.330566, 0.096981, 0.51123, 0.330566, 0.0970779, 0.512207, 0.330566, 0.0971358, 0.513184, 0.330566, 0.0971533, 0.51416, 0.330566, 0.0971295, 0.515137, 0.330566, 0.0970637, 
        0.508301, 0.331543, 0.0978394, 0.509277, 0.331543, 0.0979996, 0.510254, 0.331543, 0.098125, 0.51123, 0.331543, 0.0982136, 0.512207, 0.331543, 0.0982641, 0.513184, 0.331543, 0.098275, 0.51416, 0.331543, 0.0982454, 0.515137, 0.331543, 0.0981747, 
        0.508301, 0.33252, 0.098986, 0.509277, 0.33252, 0.0991344, 0.510254, 0.33252, 0.0992489, 0.51123, 0.33252, 0.0993277, 0.512207, 0.33252, 0.0993694, 0.513184, 0.33252, 0.0993728, 0.51416, 0.33252, 0.0993368, 0.515137, 0.33252, 0.099261, 
        0.508301, 0.333496, 0.100118, 0.509277, 0.333496, 0.100252, 0.510254, 0.333496, 0.100354, 0.51123, 0.333496, 0.100421, 0.512207, 0.333496, 0.100453, 0.513184, 0.333496, 0.100448, 0.51416, 0.333496, 0.100405, 0.515137, 0.333496, 0.100324, 
        0.508301, 0.334473, 0.101235, 0.509277, 0.334473, 0.101354, 0.510254, 0.334473, 0.101441, 0.51123, 0.334473, 0.101496, 0.512207, 0.334473, 0.101517, 0.513184, 0.334473, 0.101502, 0.51416, 0.334473, 0.101451, 0.515137, 0.334473, 0.101364, 
        0.508301, 0.335449, 0.10234, 0.509277, 0.335449, 0.102441, 0.510254, 0.335449, 0.102513, 0.51123, 0.335449, 0.102553, 0.512207, 0.335449, 0.102562, 0.513184, 0.335449, 0.102537, 0.51416, 0.335449, 0.102478, 0.515137, 0.335449, 0.102384
    ]
}
