{
    "level": 0,
    "idx": {"x": 66, "y": 40},
    "dim": {"x": 8, "y": 8},
    "offset": {"x": 0.516113, "y": 0.312988},
    "cellSize": {"x": 0.000976562, "y": 0.000976562},
    "vertices": [
        0.516113, 0.312988, 0.0733238, 0.51709, 0.312988, 0.0732777, 0.518066, 0.312988, 0.0732247, 0.519043, 0.312988, 0.0731649, 0.52002, 0.312988, 0.0730983, 0.520996, 0.312988, 0.073025, 0.521973, 0.312988, 0.0729451, 0.522949, 0.312988, 0.0728585, 
        0.516113, 0.313965, 0.074724, 0.51709, 0.313965, 0.0746706, 0.518066, 0.313965, 0.0746068, 0.519043, 0.313965, 0.0745326, 0.52002, 0.313965, 0.0744484, 0.520996, 0.313965, 0.0743541, 0.521973, 0.313965, 0.0742501, 0.522949, 0.313965, 0.0741366, 
        0.516113, 0.314941, 0.0761294, 0.51709, 0.314941, 0.0760687, 0.518066, 0.314941, 0.0759941, 0.519043, 0.314941, 0.0759058, 0.52002, 0.314941, 0.075804, 0.520996, 0.314941, 0.0756889, 0.521973, 0.314941, 0.075561, 0.522949, 0.314941, 0.0754208, 
        0.516113, 0.315918, 0.0775365, 0.51709, 0.315918, 0.0774686, 0.518066, 0.315918, 0.0773834, 0.519043, 0.315918, 0.0772811, 0.52002, 0.315918, 0.0771619, 0.520996, 0.315918, 0.0770264, 0.521973, 0.315918, 0.0768751, 0.522949, 0.315918, 0.0767086, 
        0.516113, 0.316895, 0.0789419, 0.51709, 0.316895, 0.078867, 0.518066, 0.316895, 0.0787713, 0.519043, 0.316895, 0.0786553, 0.52002, 0.316895, 0.0785192, 0.520996, 0.316895, 0.0783638, 0.521973, 0.316895, 0.0781896, 0.522949, 0.316895, 0.0779976, 
        0.516113, 0.317871, 0.0803422, 0.51709, 0.317871, 0.0802604, 0.518066, 0.317871, 0.0801545, 0.519043, 0.317871, 0.0800252, 0.52002, 0.317871, 0.0798728, 0.520996, 0.317871, 0.079698, 0.521973, 0.317871, 0.0795018, 0.522949, 0.317871, 0.0792851, 
        0.516113, 0.318848, 0.0817344, 0.51709, 0.318848, 0.0816457, 0.518066, 0.318848, 0.08153, 0.519043, 0.318848, 0.0813878, 0.52002, 0.318848, 0.0812197, 0.520996, 0.318848, 0.0810265, 0.521973, 0.318848, 0.0808092, 0.522949, 0.318848, 0.080569, 
        0.516113, 0.319824, 0.0831154, 0.51709, 0.319824, 0.0830201, 0.518066, 0.319824, 0.0828949, 0.519043, 0.319824, 0.0827405, 0.52002, 0.319824, 0.0825575, 0.520996, 0.319824, 0.0823467, 0.521973, 0.319824, 0.0821095, 0.522949, 0.319824, 0.0818469
    ]
}
