{
    "level": 0,
    "idx": {"x": 67, "y": 127},
    "dim": {"x": 8, "y": 8},
    "offset": {"x": 0.523926, "y": 0.992676},
    "cellSize": {"x": 0.000976562, "y": 0.000976562},
    "vertices": [
        0.523926, 0.992676, -0.00115763, 0.524902, 0.992676, -0.000960597, 0.525879, 0.992676, -0.000750069, 0.526855, 0.992676, -0.000527935, 0.527832, 0.992676, -0.000296183, 0.528809, 0.992676, -5.69255e-05, 0.529785, 0.992676, 0.000187681, 0.530762, 0.992676, 0.000435416, 
        0.523926, 0.993652, -0.00102003, 0.524902, 0.993652, -0.000847752, 0.525879, 0.993652, -0.00066366, 0.526855, 0.993652, -0.0004694, 0.527832, 0.993652, -0.000266715, 0.528809, 0.993652, -5.74537e-05, 0.529785, 0.993652, 0.000156495, 0.530762, 0.993652, 0.000373188, 
        0.523926, 0.994629, -0.00086903, 0.524902, 0.994629, -0.000723056, 0.525879, 0.994629, -0.000567053, 0.526855, 0.994629, -0.00040242, 0.527832, 0.994629, -0.000230637, 0.528809, 0.994629, -5.3271e-05, 0.529785, 0.994629, 0.000128074, 0.530762, 0.994629, 0.000311749, 
        0.523926, 0.995605, -0.000706691, 0.524902, 0.995605, -0.000588318, 0.525879, 0.995605, -0.000461802, 0.526855, 0.995605, -0.000328279, 0.527832, 0.995605, -0.00018895, 0.528809, 0.995605, -4.50871e-05, 0.529785, 0.995605, 0.000102007, 0.530762, 0.995605, 0.000250994, 
        0.523926, 0.996582, -0.000535116, 0.524902, 0.996582, -0.000445404, 0.525879, 0.996582, -0.000349514, 0.526855, 0.996582, -0.000248309, 0.527832, 0.996582, -0.000142698, 0.528809, 0.996582, -3.36489e-05, 0.529785, 0.996582, 7.78527e-05, 0.530762, 0.996582, 0.000190791, 
        0.523926, 0.997559, -0.000356539, 0.524902, 0.997559, -0.00029629, 0.525879, 0.997559, -0.000231889, 0.526855, 0.997559, -0.000163916, 0.527832, 0.997559, -9.29825e-05, 0.528809, 0.997559, -1.97374e-05, 0.529785, 0.997559, 5.51558e-05, 0.530762, 0.997559, 0.000131014, 
        0.523926, 0.998535, -0.000173264, 0.524902, 0.998535, -0.000143015, 0.525879, 0.998535, -0.000110681, 0.526855, 0.998535, -7.65518e-05, 0.527832, 0.998535, -4.09357e-05, 0.528809, 0.998535, -4.1586e-06, 0.529785, 0.998535, 3.34462e-05, 0.530762, 0.998535, 7.15358e-05, 
        0.523926, 0.999512, 1.24017e-05, 0.524902, 0.999512, 1.2377e-05, 0.525879, 0.999512, 1.23514e-05, 0.526855, 0.999512, 1.23247e-05, 0.527832, 0.999512, 1.22972e-05, 0.528809, 0.999512, 1.22687e-05, 0.529785, 0.999512, 1.22393e-05, 0.530762, 0.999512, 1.22091e-05
    ]
}
