{
    "level": 0,
    "idx": {"x": 67, "y": 60},
    "dim": {"x": 8, "y": 8},
    "offset": {"x": 0.523926, "y": 0.469238},
    "cellSize": {"x": 0.000976562, "y": 0.000976562},
    "vertices": [
        0.523926, 0.469238, 0.280252, 0.524902, 0.469238, 0.279655, 0.525879, 0.469238, 0.279039, 0.526855, 0.469238, 0.278404, 0.527832, 0.469238, 0.277749, 0.528809, 0.469238, 0.277076, 0.529785, 0.469238, 0.276384, 0.530762, 0.469238, 0.275673, 
        0.523926, 0.470215, 0.280732, 0.524902, 0.470215, 0.280163, 0.525879, 0.470215, 0.279577, 0.526855, 0.470215, 0.278974, 0.527832, 0.470215, 0.278354, 0.528809, 0.470215, 0.277716, 0.529785, 0.470215, 0.277059, 0.530762, 0.470215, 0.276384, 
        0.523926, 0.471191, 0.281195, 0.524902, 0.471191, 0.280654, 0.525879, 0.471191, 0.280099, 0.526855, 0.471191, 0.279528, 0.527832, 0.471191, 0.278941, 0.528809, 0.471191, 0.278337, 0.529785, 0.471191, 0.277716, 0.530762, 0.471191, 0.277076, 
        0.523926, 0.472168, 0.281644, 0.524902, 0.472168, 0.281131, 0.525879, 0.472168, 0.280605, 0.526855, 0.472168, 0.280065, 0.527832, 0.472168, 0.279511, 0.528809, 0.472168, 0.278941, 0.529785, 0.472168, 0.278354, 0.530762, 0.472168, 0.277749, 
        0.523926, 0.473145, 0.282081, 0.524902, 0.473145, 0.281595, 0.525879, 0.473145, 0.281098, 0.526855, 0.473145, 0.280588, 0.527832, 0.473145, 0.280065, 0.528809, 0.473145, 0.279528, 0.529785, 0.473145, 0.278974, 0.530762, 0.473145, 0.278404, 
        0.523926, 0.474121, 0.282509, 0.524902, 0.474121, 0.282048, 0.525879, 0.474121, 0.281578, 0.526855, 0.474121, 0.281098, 0.527832, 0.474121, 0.280605, 0.528809, 0.474121, 0.280099, 0.529785, 0.474121, 0.279577, 0.530762, 0.474121, 0.279039, 
        0.523926, 0.475098, 0.282929, 0.524902, 0.475098, 0.282492, 0.525879, 0.475098, 0.282048, 0.526855, 0.475098, 0.281595, 0.527832, 0.475098, 0.281131, 0.528809, 0.475098, 0.280654, 0.529785, 0.475098, 0.280163, 0.530762, 0.475098, 0.279655, 
        0.523926, 0.476074, 0.283342, 0.524902, 0.476074, 0.282929, 0.525879, 0.476074, 0.282509, 0.526855, 0.476074, 0.282081, 0.527832, 0.476074, 0.281644, 0.528809, 0.476074, 0.281195, 0.529785, 0.476074, 0.280732, 0.530762, 0.476074, 0.280252
    ]
}
