{
    "level": 0,
    "idx": {"x": 67, "y": 85},
    "dim": {"x": 8, "y": 8},
    "offset": {"x": 0.523926, "y": 0.664551},
    "cellSize": {"x": 0.000976562, "y": 0.000976562},
    "vertices": [
        0.523926, 0.664551, 0.0965077, 0.524902, 0.664551, 0.0965377, 0.525879, 0.664551, 0.0965767, 0.526855, 0.664551, 0.0966225, 0.527832, 0.664551, 0.0966727, 0.528809, 0.664551, 0.0967249, 0.529785, 0.664551, 0.0967766, 0.530762, 0.664551, 0.0968252, 
        0.523926, 0.665527, 0.0950237, 0.524902, 0.665527, 0.0950714, 0.525879, 0.665527, 0.0951294, 0.526855, 0.665527, 0.0951954, 0.527832, 0.665527, 0.0952669, 0.528809, 0.665527, 0.0953413, 0.529785, 0.665527, 0.0954158, 0.530762, 0.665527, 0.0954877, 
        0.523926, 0.666504, 0.0935683, 0.524902, 0.666504, 0.0936313, 0.525879, 0.666504, 0.0937059, 0.526855, 0.666504, 0.0937897, 0.527832, 0.666504, 0.0938798, 0.528809, 0.666504, 0.0939735, 0.529785, 0.666504, 0.094068, 0.530762, 0.666504, 0.0941602, 
        0.523926, 0.66748, 0.0921432, 0.524902, 0.66748, 0.0922192, 0.525879, 0.66748, 0.0923078, 0.526855, 0.66748, 0.0924064, 0.527832, 0.66748, 0.0925123, 0.528809, 0.66748, 0.0926225, 0.529785, 0.66748, 0.0927339, 0.530762, 0.66748, 0.0928434, 
        0.523926, 0.668457, 0.0907493, 0.524902, 0.668457, 0.0908356, 0.525879, 0.668457, 0.0909355, 0.526855, 0.668457, 0.0910463, 0.527832, 0.668457, 0.0911649, 0.528809, 0.668457, 0.0912884, 0.529785, 0.668457, 0.0914135, 0.530762, 0.668457, 0.091537, 
        0.523926, 0.669434, 0.0893877, 0.524902, 0.669434, 0.0894818, 0.525879, 0.669434, 0.0895902, 0.526855, 0.669434, 0.08971, 0.527832, 0.669434, 0.0898383, 0.528809, 0.669434, 0.0899718, 0.529785, 0.669434, 0.0901073, 0.530762, 0.669434, 0.0902414, 
        0.523926, 0.67041, 0.0880591, 0.524902, 0.67041, 0.0881583, 0.525879, 0.67041, 0.0882722, 0.526855, 0.67041, 0.088398, 0.527832, 0.67041, 0.0885327, 0.528809, 0.67041, 0.0886729, 0.529785, 0.67041, 0.0888154, 0.530762, 0.67041, 0.0889567, 
        0.523926, 0.671387, 0.086764, 0.524902, 0.671387, 0.0868655, 0.525879, 0.671387, 0.0869821, 0.526855, 0.671387, 0.0871108, 0.527832, 0.671387, 0.0872486, 0.528809, 0.671387, 0.0873921, 0.529785, 0.671387, 0.0875381, 0.530762, 0.671387, 0.0876831
    ]
}
