{
    "level": 0,
    "idx": {"x": 68, "y": 119},
    "dim": {"x": 8, "y": 8},
    "offset": {"x": 0.531738, "y": 0.930176},
    "cellSize": {"x": 0.000976562, "y": 0.000976562},
    "vertices": [
        0.531738, 0.930176, 0.00437219, 0.532715, 0.930176, 0.00471573, 0.533691, 0.930176, 0.00505435, 0.534668, 0.930176, 0.00538581, 0.535645, 0.930176, 0.00570789, 0.536621, 0.930176, 0.00601846, 0.537598, 0.930176, 0.00631548, 0.538574, 0.930176, 0.00659703, 
        0.531738, 0.931152, 0.00433043, 0.532715, 0.931152, 0.00464465, 0.533691, 0.931152, 0.00495439, 0.534668, 0.931152, 0.00525768, 0.535645, 0.931152, 0.00555255, 0.536621, 0.931152, 0.00583715, 0.537598, 0.931152, 0.00610967, 0.538574, 0.931152, 0.00636844, 
        0.531738, 0.932129, 0.00428641, 0.532715, 0.932129, 0.00456929, 0.533691, 0.932129, 0.00484816, 0.534668, 0.932129, 0.00512133, 0.535645, 0.932129, 0.00538713, 0.536621, 0.932129, 0.00564396, 0.537598, 0.932129, 0.00589031, 0.538574, 0.932129, 0.00612472, 
        0.531738, 0.933105, 0.00424028, 0.532715, 0.933105, 0.00449009, 0.533691, 0.933105, 0.00473639, 0.534668, 0.933105, 0.00497778, 0.535645, 0.933105, 0.0052129, 0.536621, 0.933105, 0.00544044, 0.537598, 0.933105, 0.00565916, 0.538574, 0.933105, 0.00586788, 
        0.531738, 0.934082, 0.00419221, 0.532715, 0.934082, 0.00440756, 0.533691, 0.934082, 0.00461989, 0.534668, 0.934082, 0.00482814, 0.535645, 0.934082, 0.00503128, 0.536621, 0.934082, 0.00522828, 0.537598, 0.934082, 0.0054182, 0.538574, 0.934082, 0.00560012, 
        0.531738, 0.935059, 0.00414239, 0.532715, 0.935059, 0.00432217, 0.533691, 0.935059, 0.00449947, 0.534668, 0.935059, 0.00467354, 0.535645, 0.935059, 0.00484368, 0.536621, 0.935059, 0.00500918, 0.537598, 0.935059, 0.00516939, 0.538574, 0.935059, 0.00532367, 
        0.531738, 0.936035, 0.00409099, 0.532715, 0.936035, 0.00423447, 0.533691, 0.936035, 0.004376, 0.534668, 0.936035, 0.00451518, 0.535645, 0.936035, 0.00465162, 0.536621, 0.936035, 0.00478496, 0.537598, 0.936035, 0.00491483, 0.538574, 0.936035, 0.00504088, 
        0.531738, 0.937012, 0.00403821, 0.532715, 0.937012, 0.00414497, 0.533691, 0.937012, 0.00425032, 0.534668, 0.937012, 0.00435422, 0.535645, 0.937012, 0.0044566, 0.536621, 0.937012, 0.00455741, 0.537598, 0.937012, 0.00465659, 0.538574, 0.937012, 0.0047541
    ]
}
