{
    "level": 0,
    "idx": {"x": 68, "y": 57},
    "dim": {"x": 8, "y": 8},
    "offset": {"x": 0.531738, "y": 0.445801},
    "cellSize": {"x": 0.000976562, "y": 0.000976562},
    "vertices": [
        0.531738, 0.445801, 0.252088, 0.532715, 0.445801, 0.251072, 0.533691, 0.445801, 0.250043, 0.534668, 0.445801, 0.249005, 0.535645, 0.445801, 0.247959, 0.536621, 0.445801, 0.246908, 0.537598, 0.445801, 0.245855, 0.538574, 0.445801, 0.244802, 
        0.531738, 0.446777, 0.253203, 0.532715, 0.446777, 0.252162, 0.533691, 0.446777, 0.251109, 0.534668, 0.446777, 0.250046, 0.535645, 0.446777, 0.248977, 0.536621, 0.446777, 0.247904, 0.537598, 0.446777, 0.24683, 0.538574, 0.446777, 0.245757, 
        0.531738, 0.447754, 0.254305, 0.532715, 0.447754, 0.253242, 0.533691, 0.447754, 0.252168, 0.534668, 0.447754, 0.251084, 0.535645, 0.447754, 0.249994, 0.536621, 0.447754, 0.248901, 0.537598, 0.447754, 0.247808, 0.538574, 0.447754, 0.246718, 
        0.531738, 0.44873, 0.255394, 0.532715, 0.44873, 0.254313, 0.533691, 0.44873, 0.25322, 0.534668, 0.44873, 0.252118, 0.535645, 0.44873, 0.25101, 0.536621, 0.44873, 0.249901, 0.537598, 0.44873, 0.248791, 0.538574, 0.44873, 0.247686, 
        0.531738, 0.449707, 0.256471, 0.532715, 0.449707, 0.255374, 0.533691, 0.449707, 0.254266, 0.534668, 0.449707, 0.253149, 0.535645, 0.449707, 0.252027, 0.536621, 0.449707, 0.250903, 0.537598, 0.449707, 0.24978, 0.538574, 0.449707, 0.248662, 
        0.531738, 0.450684, 0.257534, 0.532715, 0.450684, 0.256426, 0.533691, 0.450684, 0.255305, 0.534668, 0.450684, 0.254177, 0.535645, 0.450684, 0.253043, 0.536621, 0.450684, 0.251908, 0.537598, 0.450684, 0.250775, 0.538574, 0.450684, 0.249646, 
        0.531738, 0.45166, 0.258585, 0.532715, 0.45166, 0.257468, 0.533691, 0.45166, 0.256339, 0.534668, 0.45166, 0.255202, 0.535645, 0.45166, 0.25406, 0.536621, 0.45166, 0.252917, 0.537598, 0.45166, 0.251776, 0.538574, 0.45166, 0.25064, 
        0.531738, 0.452637, 0.259622, 0.532715, 0.452637, 0.2585, 0.533691, 0.452637, 0.257366, 0.534668, 0.452637, 0.256224, 0.535645, 0.452637, 0.255077, 0.536621, 0.452637, 0.253929, 0.537598, 0.452637, 0.252783, 0.538574, 0.452637, 0.251643
    ]
}
