{
    "level": 0,
    "idx": {"x": 69, "y": 5},
    "dim": {"x": 8, "y": 8},
    "offset": {"x": 0.539551, "y": 0.0395508},
    "cellSize": {"x": 0.000976562, "y": 0.000976562},
    "vertices": [
        0.539551, 0.0395508, -0.00138874, 0.540527, 0.0395508, -0.00129144, 0.541504, 0.0395508, -0.00121365, 0.54248, 0.0395508, -0.00115675, 0.543457, 0.0395508, -0.00112188, 0.544434, 0.0395508, -0.00110998, 0.54541, 0.0395508, -0.00112176, 0.546387, 0.0395508, -0.00115766, 
        0.539551, 0.0405273, -0.00127248, 0.540527, 0.0405273, -0.00116127, 0.541504, 0.0405273, -0.00107146, 0.54248, 0.0405273, -0.00100456, 0.543457, 0.0405273, -0.000961816, 0.544434, 0.0405273, -0.000944265, 0.54541, 0.0405273, -0.000952669, 0.546387, 0.0405273, -0.000987533, 
        0.539551, 0.0415039, -0.00117582, 0.540527, 0.0415039, -0.00105242, 0.541504, 0.0415039, -0.000952099, 0.54248, 0.0415039, -0.000876461, 0.543457, 0.0415039, -0.000826873, 0.544434, 0.0415039, -0.000804436, 0.54541, 0.0415039, -0.000809973, 0.546387, 0.0415039, -0.00084403, 
        0.539551, 0.0424805, -0.00110032, 0.540527, 0.0424805, -0.000966576, 0.541504, 0.0424805, -0.000857347, 0.54248, 0.0424805, -0.000774341, 0.543457, 0.0424805, -0.000719005, 0.544434, 0.0424805, -0.000692507, 0.54541, 0.0424805, -0.000695722, 0.546387, 0.0424805, -0.000729227, 
        0.539551, 0.043457, -0.00104729, 0.540527, 0.043457, -0.000905165, 0.541504, 0.043457, -0.000788741, 0.54248, 0.043457, -0.000699814, 0.543457, 0.043457, -0.000639898, 0.544434, 0.043457, -0.000610215, 0.54541, 0.043457, -0.000611685, 0.546387, 0.043457, -0.000644912, 
        0.539551, 0.0444336, -0.00101784, 0.540527, 0.0444336, -0.000869378, 0.541504, 0.0444336, -0.000747553, 0.54248, 0.0444336, -0.000654219, 0.543457, 0.0444336, -0.000590945, 0.544434, 0.0444336, -0.000558998, 0.54541, 0.0444336, -0.000559327, 0.546387, 0.0444336, -0.000592561, 
        0.539551, 0.0454102, -0.00101281, 0.540527, 0.0454102, -0.000860144, 0.541504, 0.0454102, -0.000734774, 0.54248, 0.0454102, -0.000638602, 0.543457, 0.0454102, -0.000573237, 0.544434, 0.0454102, -0.000539976, 0.54541, 0.0454102, -0.000539792, 0.546387, 0.0454102, -0.000573329, 
        0.539551, 0.0463867, -0.00103282, 0.540527, 0.0463867, -0.000878122, 0.541504, 0.0463867, -0.000751109, 0.54248, 0.0463867, -0.000653708, 0.543457, 0.0463867, -0.000587549, 0.544434, 0.0463867, -0.000553948, 0.54541, 0.0463867, -0.000553894, 0.546387, 0.0463867, -0.000588039
    ]
}
