{
    "level": 0,
    "idx": {"x": 69, "y": 109},
    "dim": {"x": 8, "y": 8},
    "offset": {"x": 0.539551, "y": 0.852051},
    "cellSize": {"x": 0.000976562, "y": 0.000976562},
    "vertices": [
        0.539551, 0.852051, 0.00581273, 0.540527, 0.852051, 0.00601975, 0.541504, 0.852051, 0.00620377, 0.54248, 0.852051, 0.00636327, 0.543457, 0.852051, 0.00649697, 0.544434, 0.852051, 0.00660384, 0.54541, 0.852051, 0.00668308, 0.546387, 0.852051, 0.00673417, 
        0.539551, 0.853027, 0.00601468, 0.540527, 0.853027, 0.00623747, 0.541504, 0.853027, 0.00643549, 0.54248, 0.853027, 0.0066071, 0.543457, 0.853027, 0.00675094, 0.544434, 0.853027, 0.00686587, 0.54541, 0.853027, 0.00695106, 0.546387, 0.853027, 0.00700593, 
        0.539551, 0.854004, 0.00619514, 0.540527, 0.854004, 0.00643183, 0.541504, 0.854004, 0.00664221, 0.54248, 0.854004, 0.00682456, 0.543457, 0.854004, 0.0069774, 0.544434, 0.854004, 0.00709955, 0.54541, 0.854004, 0.00719011, 0.546387, 0.854004, 0.00724847, 
        0.539551, 0.85498, 0.00635263, 0.540527, 0.85498, 0.00660124, 0.541504, 0.85498, 0.00682226, 0.54248, 0.85498, 0.00701386, 0.543457, 0.85498, 0.00717452, 0.544434, 0.85498, 0.00730298, 0.54541, 0.85498, 0.00739829, 0.546387, 0.85498, 0.00745983, 
        0.539551, 0.855957, 0.00648595, 0.540527, 0.855957, 0.00674441, 0.541504, 0.855957, 0.00697424, 0.54248, 0.855957, 0.00717356, 0.543457, 0.855957, 0.00734077, 0.544434, 0.855957, 0.00747459, 0.54541, 0.855957, 0.00757403, 0.546387, 0.855957, 0.00763843, 
        0.539551, 0.856934, 0.00659411, 0.540527, 0.856934, 0.00686025, 0.541504, 0.856934, 0.007097, 0.54248, 0.856934, 0.00730244, 0.543457, 0.856934, 0.00747491, 0.544434, 0.856934, 0.0076131, 0.54541, 0.856934, 0.007716, 0.546387, 0.856934, 0.00778292, 
        0.539551, 0.85791, 0.00667639, 0.540527, 0.85791, 0.006948, 0.541504, 0.85791, 0.00718974, 0.54248, 0.85791, 0.00739964, 0.543457, 0.85791, 0.00757604, 0.544434, 0.85791, 0.00771759, 0.54541, 0.85791, 0.00782326, 0.546387, 0.85791, 0.00789237, 
        0.539551, 0.858887, 0.0067323, 0.540527, 0.858887, 0.00700713, 0.541504, 0.858887, 0.00725189, 0.54248, 0.858887, 0.00746459, 0.543457, 0.858887, 0.00764356, 0.544434, 0.858887, 0.00778743, 0.54541, 0.858887, 0.00789519, 0.546387, 0.858887, 0.00796613
    ]
}
