{
    "level": 0,
    "idx": {"x": 6, "y": 119},
    "dim": {"x": 8, "y": 8},
    "offset": {"x": 0.0473633, "y": 0.930176},
    "cellSize": {"x": 0.000976562, "y": 0.000976562},
    "vertices": [
        0.0473633, 0.930176, -0.00320415, 0.0483398, 0.930176, -0.00330043, 0.0493164, 0.930176, -0.00341779, 0.050293, 0.930176, -0.00355588, 0.0512695, 0.930176, -0.0037141, 0.0522461, 0.930176, -0.00389165, 0.0532227, 0.930176, -0.00408751, 0.0541992, 0.930176, -0.00430049, 
        0.0473633, 0.931152, -0.00346985, 0.0483398, 0.931152, -0.00356414, 0.0493164, 0.931152, -0.00367671, 0.050293, 0.931152, -0.00380723, 0.0512695, 0.931152, -0.00395517, 0.0522461, 0.931152, -0.00411983, 0.0532227, 0.931152, -0.00430032, 0.0541992, 0.931152, -0.00449559, 
        0.0473633, 0.932129, -0.00375393, 0.0483398, 0.932129, -0.00384611, 0.0493164, 0.932129, -0.00395355, 0.050293, 0.932129, -0.00407598, 0.0512695, 0.932129, -0.00421294, 0.0522461, 0.932129, -0.00436383, 0.0532227, 0.932129, -0.00452789, 0.0541992, 0.932129, -0.00470423, 
        0.0473633, 0.933105, -0.00405343, 0.0483398, 0.933105, -0.00414337, 0.0493164, 0.933105, -0.0042454, 0.050293, 0.933105, -0.00435929, 0.0512695, 0.933105, -0.00448466, 0.0522461, 0.933105, -0.00462102, 0.0532227, 0.933105, -0.00476775, 0.0541992, 0.933105, -0.0049241, 
        0.0473633, 0.934082, -0.00436509, 0.0483398, 0.934082, -0.00445269, 0.0493164, 0.934082, -0.00454908, 0.050293, 0.934082, -0.00465406, 0.0512695, 0.934082, -0.00476735, 0.0522461, 0.934082, -0.00488856, 0.0532227, 0.934082, -0.00501721, 0.0541992, 0.934082, -0.00515274, 
        0.0473633, 0.935059, -0.00468565, 0.0483398, 0.935059, -0.00477083, 0.0493164, 0.935059, -0.00486138, 0.050293, 0.935059, -0.00495716, 0.0512695, 0.935059, -0.00505798, 0.0522461, 0.935059, -0.00516356, 0.0532227, 0.935059, -0.00527356, 0.0541992, 0.935059, -0.0053876, 
        0.0473633, 0.936035, -0.00501162, 0.0483398, 0.936035, -0.00509431, 0.0493164, 0.936035, -0.00517889, 0.050293, 0.936035, -0.00526527, 0.0512695, 0.936035, -0.00535335, 0.0522461, 0.936035, -0.00544296, 0.0532227, 0.936035, -0.00553393, 0.0541992, 0.936035, -0.00562603, 
        0.0473633, 0.937012, -0.00533955, 0.0483398, 0.937012, -0.0054197, 0.0493164, 0.937012, -0.00549823, 0.050293, 0.937012, -0.0055751, 0.0512695, 0.937012, -0.00565028, 0.0522461, 0.937012, -0.00572374, 0.0532227, 0.937012, -0.00579545, 0.0541992, 0.937012, -0.00586537
    ]
}
