{
    "level": 0,
    "idx": {"x": 6, "y": 49},
    "dim": {"x": 8, "y": 8},
    "offset": {"x": 0.0473633, "y": 0.383301},
    "cellSize": {"x": 0.000976562, "y": 0.000976562},
    "vertices": [
        0.0473633, 0.383301, 0.0019791, 0.0483398, 0.383301, 0.00206513, 0.0493164, 0.383301, 0.00217599, 0.050293, 0.383301, 0.00231126, 0.0512695, 0.383301, 0.00247028, 0.0522461, 0.383301, 0.00265215, 0.0532227, 0.383301, 0.0028557, 0.0541992, 0.383301, 0.00307958, 
        0.0473633, 0.384277, 0.00180486, 0.0483398, 0.384277, 0.00189308, 0.0493164, 0.384277, 0.00200839, 0.050293, 0.384277, 0.00215033, 0.0512695, 0.384277, 0.00231818, 0.0522461, 0.384277, 0.00251096, 0.0532227, 0.384277, 0.00272742, 0.0541992, 0.384277, 0.00296607, 
        0.0473633, 0.385254, 0.00165783, 0.0483398, 0.385254, 0.00174807, 0.0493164, 0.385254, 0.00186737, 0.050293, 0.385254, 0.00201525, 0.0512695, 0.385254, 0.00219094, 0.0522461, 0.385254, 0.00239339, 0.0532227, 0.385254, 0.00262126, 0.0541992, 0.385254, 0.00287297, 
        0.0473633, 0.38623, 0.00153999, 0.0483398, 0.38623, 0.00163206, 0.0493164, 0.38623, 0.00175487, 0.050293, 0.38623, 0.00190792, 0.0512695, 0.38623, 0.0020904, 0.0522461, 0.38623, 0.00230118, 0.0532227, 0.38623, 0.00253888, 0.0541992, 0.38623, 0.00280181, 
        0.0473633, 0.387207, 0.00145303, 0.0483398, 0.387207, 0.00154673, 0.0493164, 0.387207, 0.00167255, 0.050293, 0.387207, 0.00182996, 0.0512695, 0.387207, 0.0020181, 0.0522461, 0.387207, 0.00223583, 0.0532227, 0.387207, 0.00248167, 0.0541992, 0.387207, 0.00275388, 
        0.0473633, 0.388184, 0.00139833, 0.0483398, 0.388184, 0.00149347, 0.0493164, 0.388184, 0.00162176, 0.050293, 0.388184, 0.00178267, 0.0512695, 0.388184, 0.00197532, 0.0522461, 0.388184, 0.00219852, 0.0532227, 0.388184, 0.00245076, 0.0541992, 0.388184, 0.00273023, 
        0.0473633, 0.38916, 0.00137694, 0.0483398, 0.38916, 0.0014733, 0.0493164, 0.38916, 0.00160353, 0.050293, 0.38916, 0.00176707, 0.0512695, 0.38916, 0.00196303, 0.0522461, 0.38916, 0.00219019, 0.0532227, 0.38916, 0.00244701, 0.0541992, 0.38916, 0.00273166, 
        0.0473633, 0.390137, 0.00138958, 0.0483398, 0.390137, 0.00148695, 0.0493164, 0.390137, 0.00161855, 0.050293, 0.390137, 0.00178382, 0.0512695, 0.390137, 0.00198187, 0.0522461, 0.390137, 0.00221146, 0.0532227, 0.390137, 0.00247103, 0.0541992, 0.390137, 0.00275872
    ]
}
