{
    "level": 0,
    "idx": {"x": 6, "y": 10},
    "dim": {"x": 16, "y": 16},
    "offset": {"x": 0.0942383, "y": 0.156738},
    "cellSize": {"x": 0.000976562, "y": 0.000976562},
    "vertices": [
        0.0942383, 0.156738, 2.03253e-05, 0.0952148, 0.156738, 0.000199958, 0.0961914, 0.156738, 0.000372026, 0.097168, 0.156738, 0.000529911, 0.0981445, 0.156738, 0.000667539, 0.0991211, 0.156738, 0.000779612, 0.100098, 0.156738, 0.000861823, 0.101074, 0.156738, 0.00091101, 0.102051, 0.156738, 0.000925283, 0.103027, 0.156738, 0.0009041, 0.104004, 0.156738, 0.00084828, 0.10498, 0.156738, 0.00075998, 0.105957, 0.156738, 0.000642604, 0.106934, 0.156738, 0.000500677, 0.10791, 0.156738, 0.000339672, 0.108887, 0.156738, 0.000165793, 
        0.0942383, 0.157715, 0.000127974, 0.0952148, 0.157715, 0.00144536, 0.0961914, 0.157715, 0.00270722, 0.097168, 0.157715, 0.00386498, 0.0981445, 0.157715, 0.00487409, 0.0991211, 0.157715, 0.00569567, 0.100098, 0.157715, 0.0062981, 0.101074, 0.157715, 0.00665819, 0.102051, 0.157715, 0.00676208, 0.103027, 0.157715, 0.00660578, 0.104004, 0.157715, 0.0061953, 0.10498, 0.157715, 0.00554647, 0.105957, 0.157715, 0.00468427, 0.106934, 0.157715, 0.00364189, 0.10791, 0.157715, 0.0024595, 0.108887, 0.157715, 0.00118262, 
        0.0942383, 0.158691, 0.00023083, 0.0952148, 0.158691, 0.00263526, 0.0961914, 0.158691, 0.00493833, 0.097168, 0.158691, 0.00705141, 0.0981445, 0.158691, 0.00889316, 0.0991211, 0.158691, 0.0103926, 0.100098, 0.158691, 0.0114921, 0.101074, 0.158691, 0.0121492, 0.102051, 0.158691, 0.0123387, 0.103027, 0.158691, 0.0120533, 0.104004, 0.158691, 0.011304, 0.10498, 0.158691, 0.0101196, 0.105957, 0.158691, 0.0085458, 0.106934, 0.158691, 0.00664311, 0.10791, 0.158691, 0.00448486, 0.108887, 0.158691, 0.00215413, 
        0.0942383, 0.159668, 0.000324936, 0.0952148, 0.159668, 0.00372381, 0.0961914, 0.159668, 0.00697941, 0.097168, 0.159668, 0.00996643, 0.0981445, 0.159668, 0.0125699, 0.0991211, 0.159668, 0.0146895, 0.100098, 0.159668, 0.0162436, 0.101074, 0.159668, 0.0171725, 0.102051, 0.159668, 0.0174404, 0.103027, 0.159668, 0.0170369, 0.104004, 0.159668, 0.0159776, 0.10498, 0.159668, 0.0143033, 0.105957, 0.159668, 0.0120784, 0.106934, 0.159668, 0.0093887, 0.10791, 0.159668, 0.00633771, 0.108887, 0.159668, 0.00304291, 
        0.0942383, 0.160645, 0.000406674, 0.0952148, 0.160645, 0.00466915, 0.0961914, 0.160645, 0.00875195, 0.097168, 0.160645, 0.0124979, 0.0981445, 0.160645, 0.0157629, 0.0991211, 0.160645, 0.018421, 0.100098, 0.160645, 0.02037, 0.101074, 0.160645, 0.0215349, 0.102051, 0.160645, 0.0218708, 0.103027, 0.160645, 0.0213647, 0.104004, 0.160645, 0.0200362, 0.10498, 0.160645, 0.0179365, 0.105957, 0.160645, 0.0151463, 0.106934, 0.160645, 0.0117731, 0.10791, 0.160645, 0.00794679, 0.108887, 0.160645, 0.00381477, 
        0.0942383, 0.161621, 0.000472899, 0.0952148, 0.161621, 0.00543484, 0.0961914, 0.161621, 0.0101876, 0.097168, 0.161621, 0.0145483, 0.0981445, 0.161621, 0.018349, 0.0991211, 0.161621, 0.0214434, 0.100098, 0.161621, 0.0237122, 0.101074, 0.161621, 0.0250682, 0.102051, 0.161621, 0.0254592, 0.103027, 0.161621, 0.0248701, 0.104004, 0.161621, 0.0233235, 0.10498, 0.161621, 0.0208792, 0.105957, 0.161621, 0.0176311, 0.106934, 0.161621, 0.0137043, 0.10791, 0.161621, 0.00925009, 0.108887, 0.161621, 0.00443997, 
        0.0942383, 0.162598, 0.000521065, 0.0952148, 0.162598, 0.00599143, 0.0961914, 0.162598, 0.0112312, 0.097168, 0.162598, 0.0160387, 0.0981445, 0.162598, 0.0202288, 0.0991211, 0.162598, 0.0236402, 0.100098, 0.162598, 0.0261415, 0.101074, 0.162598, 0.0276365, 0.102051, 0.162598, 0.0280675, 0.103027, 0.162598, 0.027418, 0.104004, 0.162598, 0.025713, 0.10498, 0.162598, 0.0230182, 0.105957, 0.162598, 0.0194372, 0.106934, 0.162598, 0.0151081, 0.10791, 0.162598, 0.0101975, 0.108887, 0.162598, 0.00489445, 
        0.0942383, 0.163574, 0.000549323, 0.0952148, 0.163574, 0.00631748, 0.0961914, 0.163574, 0.0118425, 0.097168, 0.163574, 0.0169117, 0.0981445, 0.163574, 0.0213299, 0.0991211, 0.163574, 0.024927, 0.100098, 0.163574, 0.0275645, 0.101074, 0.163574, 0.0291409, 0.102051, 0.163574, 0.0295953, 0.103027, 0.163574, 0.0289105, 0.104004, 0.163574, 0.0271126, 0.10498, 0.163574, 0.0242711, 0.105957, 0.163574, 0.0204952, 0.106934, 0.163574, 0.0159304, 0.10791, 0.163574, 0.0107524, 0.108887, 0.163574, 0.00516072, 
        0.0942383, 0.164551, 0.000556587, 0.0952148, 0.164551, 0.00640044, 0.0961914, 0.164551, 0.011998, 0.097168, 0.164551, 0.0171337, 0.0981445, 0.164551, 0.0216099, 0.0991211, 0.164551, 0.0252542, 0.100098, 0.164551, 0.0279263, 0.101074, 0.164551, 0.0295233, 0.102051, 0.164551, 0.0299838, 0.103027, 0.164551, 0.0292899, 0.104004, 0.164551, 0.0274685, 0.10498, 0.164551, 0.0245897, 0.105957, 0.164551, 0.0207642, 0.106934, 0.164551, 0.0161395, 0.10791, 0.164551, 0.0108936, 0.108887, 0.164551, 0.00522853, 
        0.0942383, 0.165527, 0.000542583, 0.0952148, 0.165527, 0.00623712, 0.0961914, 0.165527, 0.0116916, 0.097168, 0.165527, 0.0166961, 0.0981445, 0.165527, 0.021058, 0.0991211, 0.165527, 0.0246092, 0.100098, 0.165527, 0.027213, 0.101074, 0.165527, 0.0287692, 0.102051, 0.165527, 0.0292179, 0.103027, 0.165527, 0.0285418, 0.104004, 0.165527, 0.0267669, 0.10498, 0.165527, 0.0239617, 0.105957, 0.165527, 0.020234, 0.106934, 0.165527, 0.0157274, 0.10791, 0.165527, 0.0106156, 0.108887, 0.165527, 0.00509528, 
        0.0942383, 0.166504, 0.000507854, 0.0952148, 0.166504, 0.00583383, 0.0961914, 0.166504, 0.0109353, 0.097168, 0.166504, 0.0156159, 0.0981445, 0.166504, 0.0196955, 0.0991211, 0.166504, 0.0230168, 0.100098, 0.166504, 0.0254521, 0.101074, 0.166504, 0.0269076, 0.102051, 0.166504, 0.0273273, 0.103027, 0.166504, 0.026695, 0.104004, 0.166504, 0.025035, 0.10498, 0.166504, 0.0224113, 0.105957, 0.166504, 0.0189249, 0.106934, 0.166504, 0.0147101, 0.10791, 0.166504, 0.0099291, 0.108887, 0.166504, 0.00476611, 
        0.0942383, 0.16748, 0.000453741, 0.0952148, 0.16748, 0.00520608, 0.0961914, 0.16748, 0.00975809, 0.097168, 0.16748, 0.0139346, 0.0981445, 0.16748, 0.0175747, 0.0991211, 0.16748, 0.0205384, 0.100098, 0.16748, 0.0227114, 0.101074, 0.16748, 0.0240102, 0.102051, 0.16748, 0.0243846, 0.103027, 0.16748, 0.0238205, 0.104004, 0.16748, 0.0223393, 0.10498, 0.16748, 0.0199982, 0.105957, 0.16748, 0.0168874, 0.106934, 0.16748, 0.0131265, 0.10791, 0.16748, 0.00886056, 0.108887, 0.16748, 0.0042537, 
        0.0942383, 0.168457, 0.000382334, 0.0952148, 0.168457, 0.00437805, 0.0961914, 0.168457, 0.00820535, 0.097168, 0.168457, 0.0117169, 0.0981445, 0.168457, 0.0147775, 0.0991211, 0.168457, 0.0172693, 0.100098, 0.168457, 0.0190964, 0.101074, 0.168457, 0.0201884, 0.102051, 0.168457, 0.0205033, 0.103027, 0.168457, 0.020029, 0.104004, 0.168457, 0.0187837, 0.10498, 0.168457, 0.0168154, 0.105957, 0.168457, 0.0141999, 0.106934, 0.168457, 0.0110379, 0.10791, 0.168457, 0.00745113, 0.108887, 0.168457, 0.00357779, 
        0.0942383, 0.169434, 0.000296386, 0.0952148, 0.169434, 0.00338165, 0.0961914, 0.169434, 0.00633686, 0.097168, 0.169434, 0.00904828, 0.0981445, 0.169434, 0.0114115, 0.0991211, 0.169434, 0.0133356, 0.100098, 0.169434, 0.0147464, 0.101074, 0.169434, 0.0155896, 0.102051, 0.169434, 0.0158328, 0.103027, 0.169434, 0.0154666, 0.104004, 0.169434, 0.0145051, 0.10498, 0.169434, 0.0129853, 0.105957, 0.169434, 0.0109659, 0.106934, 0.169434, 0.00852444, 0.10791, 0.169434, 0.00575507, 0.108887, 0.169434, 0.0027644, 
        0.0942383, 0.17041, 0.000199211, 0.0952148, 0.17041, 0.00225522, 0.0961914, 0.17041, 0.00422457, 0.097168, 0.17041, 0.00603147, 0.0981445, 0.17041, 0.00760635, 0.0991211, 0.17041, 0.00888856, 0.100098, 0.17041, 0.00982874, 0.101074, 0.17041, 0.0103907, 0.102051, 0.17041, 0.0105528, 0.103027, 0.17041, 0.0103089, 0.104004, 0.17041, 0.00966823, 0.10498, 0.17041, 0.00865559, 0.105957, 0.17041, 0.00730993, 0.106934, 0.17041, 0.00568308, 0.10791, 0.17041, 0.00383771, 0.108887, 0.17041, 0.00184487, 
