{
    "level": 0,
    "idx": {"x": 6, "y": 38},
    "dim": {"x": 8, "y": 8},
    "offset": {"x": 0.0473633, "y": 0.297363},
    "cellSize": {"x": 0.000976562, "y": 0.000976562},
    "vertices": [
        0.0473633, 0.297363, 0.000107054, 0.0483398, 0.297363, 3.32434e-05, 0.0493164, 0.297363, -7.52677e-05, 0.050293, 0.297363, -0.000217922, 0.0512695, 0.297363, -0.000393823, 0.0522461, 0.297363, -0.000601738, 0.0532227, 0.297363, -0.000840114, 0.0541992, 0.297363, -0.00110709, 
        0.0473633, 0.29834, 0.000162093, 0.0483398, 0.29834, 8.96914e-05, 0.0493164, 0.29834, -1.7163e-05, 0.050293, 0.29834, -0.000157917, 0.0512695, 0.29834, -0.000331682, 0.0522461, 0.29834, -0.000537234, 0.0532227, 0.29834, -0.000773032, 0.0541992, 0.29834, -0.00103723, 
        0.0473633, 0.299316, 0.000182457, 0.0483398, 0.299316, 0.000111671, 0.0493164, 0.299316, 7.02538e-06, 0.050293, 0.299316, -0.000130938, 0.0512695, 0.299316, -0.000301345, 0.0522461, 0.299316, -0.000502994, 0.0532227, 0.299316, -0.00073437, 0.0541992, 0.299316, -0.000993664, 
        0.0473633, 0.300293, 0.00016874, 0.0483398, 0.300293, 9.97745e-05, 0.0493164, 0.300293, -2.12124e-06, 0.050293, 0.300293, -0.000136419, 0.0512695, 0.300293, -0.000302268, 0.0522461, 0.300293, -0.000498501, 0.0532227, 0.300293, -0.000723644, 0.0541992, 0.300293, -0.000975935, 
        0.0473633, 0.30127, 0.000121878, 0.0483398, 0.30127, 5.49314e-05, 0.0493164, 0.30127, -4.36869e-05, 0.050293, 0.30127, -0.000173468, 0.0512695, 0.30127, -0.000333592, 0.0522461, 0.30127, -0.000522937, 0.0532227, 0.30127, -0.000740084, 0.0541992, 0.30127, -0.000983338, 
        0.0473633, 0.302246, 4.31385e-05, 0.0483398, 0.302246, -2.15992e-05, 0.0493164, 0.302246, -0.000116433, 0.050293, 0.302246, -0.000240877, 0.0512695, 0.302246, -0.000394155, 0.0522461, 0.302246, -0.000575195, 0.0532227, 0.302246, -0.000782649, 0.0541992, 0.302246, -0.00101491, 
        0.0473633, 0.303223, -6.58957e-05, 0.0483398, 0.303223, -0.000128242, 0.0493164, 0.303223, -0.000218807, 0.050293, 0.303223, -0.000337137, 0.0512695, 0.303223, -0.000482498, 0.0522461, 0.303223, -0.000653887, 0.0532227, 0.303223, -0.000850035, 0.0541992, 0.303223, -0.00106943, 
        0.0473633, 0.304199, -0.000203337, 0.0483398, 0.304199, -0.000263121, 0.0493164, 0.304199, -0.000348964, 0.050293, 0.304199, -0.000460445, 0.0512695, 0.304199, -0.000596887, 0.0522461, 0.304199, -0.000757358, 0.0532227, 0.304199, -0.000940686, 0.0541992, 0.304199, -0.00114547
    ]
}
