{
    "level": 0,
    "idx": {"x": 6, "y": 30},
    "dim": {"x": 8, "y": 8},
    "offset": {"x": 0.189453, "y": 0.939453},
    "cellSize": {"x": 0.00390625, "y": 0.00390625},
    "vertices": [
        0.189453, 0.939453, 0.00297942, 0.193359, 0.939453, 0.01628, 0.197266, 0.939453, 0.0199745, 0.201172, 0.939453, 0.0118828, 0.205078, 0.939453, -0.00321972, 0.208984, 0.939453, -0.01642, 0.212891, 0.939453, -0.0199278, 0.216797, 0.939453, -0.0116728, 
        0.189453, 0.943359, 0.00441696, 0.193359, 0.943359, 0.0241412, 0.197266, 0.943359, 0.0296199, 0.201172, 0.943359, 0.0176199, 0.205078, 0.943359, -0.00477688, 0.208984, 0.943359, -0.0243527, 0.212891, 0.943359, -0.0295549, 0.216797, 0.943359, -0.0173132, 
        0.189453, 0.947266, 0.00324909, 0.193359, 0.947266, 0.017757, 0.197266, 0.947266, 0.0217868, 0.201172, 0.947266, 0.0129604, 0.205078, 0.947266, -0.00351316, 0.208984, 0.947266, -0.0179118, 0.212891, 0.947266, -0.0217382, 0.216797, 0.947266, -0.0127339, 
        0.189453, 0.951172, 0.000164841, 0.193359, 0.951172, 0.000894565, 0.197266, 0.951172, 0.00109738, 0.201172, 0.951172, 0.000653691, 0.205078, 0.951172, -0.000174541, 0.208984, 0.951172, -0.000898414, 0.212891, 0.951172, -0.00109061, 0.216797, 0.951172, -0.000637559, 
        0.189453, 0.955078, -0.00301575, 0.193359, 0.955078, -0.0164947, 0.197266, 0.955078, -0.0202385, 0.201172, 0.955078, -0.0120375, 0.205078, 0.955078, 0.00326846, 0.208984, 0.955078, 0.0166467, 0.212891, 0.955078, 0.0202022, 0.216797, 0.955078, 0.0118368, 
        0.189453, 0.958984, -0.00441577, 0.193359, 0.958984, -0.0241487, 0.197266, 0.958984, -0.0296295, 0.201172, 0.958984, -0.0176236, 0.205078, 0.958984, 0.00478375, 0.208984, 0.958984, 0.024369, 0.212891, 0.958984, 0.029574, 0.216797, 0.958984, 0.0173272, 
        0.189453, 0.962891, -0.00320914, 0.193359, 0.962891, -0.0175506, 0.197266, 0.962891, -0.021534, 0.201172, 0.962891, -0.0128083, 0.205078, 0.962891, 0.00347697, 0.208984, 0.962891, 0.0177111, 0.212891, 0.962891, 0.0214941, 0.216797, 0.962891, 0.0125934, 
        0.189453, 0.966797, -0.000108013, 0.193359, 0.966797, -0.000594327, 0.197266, 0.966797, -0.000729331, 0.201172, 0.966797, -0.000433295, 0.205078, 0.966797, 0.000119136, 0.208984, 0.966797, 0.000602013, 0.212891, 0.966797, 0.000730442, 0.216797, 0.966797, 0.000428708
    ]
}
