{
    "level": 0,
    "idx": {"x": 70, "y": 29},
    "dim": {"x": 8, "y": 8},
    "offset": {"x": 0.547363, "y": 0.227051},
    "cellSize": {"x": 0.000976562, "y": 0.000976562},
    "vertices": [
        0.547363, 0.227051, 0.0215473, 0.54834, 0.227051, 0.0215465, 0.549316, 0.227051, 0.0215172, 0.550293, 0.227051, 0.0214598, 0.55127, 0.227051, 0.0213752, 0.552246, 0.227051, 0.0212643, 0.553223, 0.227051, 0.0211283, 0.554199, 0.227051, 0.0209686, 
        0.547363, 0.228027, 0.0221271, 0.54834, 0.228027, 0.0221233, 0.549316, 0.228027, 0.0220888, 0.550293, 0.228027, 0.0220239, 0.55127, 0.228027, 0.0219296, 0.552246, 0.228027, 0.0218068, 0.553223, 0.228027, 0.0216569, 0.554199, 0.228027, 0.0214815, 
        0.547363, 0.229004, 0.0226818, 0.54834, 0.229004, 0.0226755, 0.549316, 0.229004, 0.0226362, 0.550293, 0.229004, 0.0225646, 0.55127, 0.229004, 0.0224616, 0.552246, 0.229004, 0.0223282, 0.553223, 0.229004, 0.022166, 0.554199, 0.229004, 0.0219765, 
        0.547363, 0.22998, 0.0232097, 0.54834, 0.22998, 0.023201, 0.549316, 0.22998, 0.0231575, 0.550293, 0.22998, 0.0230801, 0.55127, 0.22998, 0.0229694, 0.552246, 0.22998, 0.0228269, 0.553223, 0.22998, 0.0226539, 0.554199, 0.22998, 0.0224523, 
        0.547363, 0.230957, 0.0237089, 0.54834, 0.230957, 0.023698, 0.549316, 0.230957, 0.0236511, 0.550293, 0.230957, 0.0235686, 0.55127, 0.230957, 0.0234515, 0.552246, 0.230957, 0.0233013, 0.553223, 0.230957, 0.0231193, 0.554199, 0.230957, 0.0229074, 
        0.547363, 0.231934, 0.024178, 0.54834, 0.231934, 0.0241654, 0.549316, 0.231934, 0.0241154, 0.550293, 0.231934, 0.0240289, 0.55127, 0.231934, 0.0239067, 0.552246, 0.231934, 0.0237502, 0.553223, 0.231934, 0.023561, 0.554199, 0.231934, 0.0233411, 
        0.547363, 0.23291, 0.0246161, 0.54834, 0.23291, 0.0246019, 0.549316, 0.23291, 0.0245497, 0.550293, 0.23291, 0.02446, 0.55127, 0.23291, 0.0243339, 0.552246, 0.23291, 0.0241728, 0.553223, 0.23291, 0.0239783, 0.554199, 0.23291, 0.0237524, 
        0.547363, 0.233887, 0.0250223, 0.54834, 0.233887, 0.0250069, 0.549316, 0.233887, 0.024953, 0.550293, 0.233887, 0.0248612, 0.55127, 0.233887, 0.0247326, 0.552246, 0.233887, 0.0245685, 0.553223, 0.233887, 0.0243706, 0.554199, 0.233887, 0.0241408
    ]
}
