{
    "level": 0,
    "idx": {"x": 70, "y": 100},
    "dim": {"x": 8, "y": 8},
    "offset": {"x": 0.547363, "y": 0.781738},
    "cellSize": {"x": 0.000976562, "y": 0.000976562},
    "vertices": [
        0.547363, 0.781738, 0.00660132, 0.54834, 0.781738, 0.00648605, 0.549316, 0.781738, 0.006369, 0.550293, 0.781738, 0.00625026, 0.55127, 0.781738, 0.00612994, 0.552246, 0.781738, 0.00600818, 0.553223, 0.781738, 0.00588514, 0.554199, 0.781738, 0.005761, 
        0.547363, 0.782715, 0.00678334, 0.54834, 0.782715, 0.00666621, 0.549316, 0.782715, 0.00654381, 0.550293, 0.782715, 0.0064163, 0.55127, 0.782715, 0.00628388, 0.552246, 0.782715, 0.00614684, 0.553223, 0.782715, 0.0060055, 0.554199, 0.782715, 0.00586023, 
        0.547363, 0.783691, 0.00696526, 0.54834, 0.783691, 0.00684634, 0.549316, 0.783691, 0.00671872, 0.550293, 0.783691, 0.00658263, 0.55127, 0.783691, 0.00643836, 0.552246, 0.783691, 0.00628633, 0.553223, 0.783691, 0.00612703, 0.554199, 0.783691, 0.00596102, 
        0.547363, 0.784668, 0.00714351, 0.54834, 0.784668, 0.00702291, 0.549316, 0.784668, 0.00689027, 0.550293, 0.784668, 0.00674587, 0.55127, 0.784668, 0.00659013, 0.552246, 0.784668, 0.00642358, 0.553223, 0.784668, 0.00624686, 0.554199, 0.784668, 0.00606072, 
        0.547363, 0.785645, 0.00731466, 0.54834, 0.785645, 0.00719251, 0.549316, 0.785645, 0.00705511, 0.550293, 0.785645, 0.0069028, 0.55127, 0.785645, 0.00673609, 0.552246, 0.785645, 0.00655563, 0.553223, 0.785645, 0.00636222, 0.554199, 0.785645, 0.00615678, 
        0.547363, 0.786621, 0.00747536, 0.54834, 0.786621, 0.00735184, 0.549316, 0.786621, 0.00721001, 0.550293, 0.786621, 0.00705027, 0.55127, 0.786621, 0.00687321, 0.552246, 0.786621, 0.00667961, 0.553223, 0.786621, 0.00647041, 0.554199, 0.786621, 0.00624671, 
        0.547363, 0.787598, 0.00762247, 0.54834, 0.787598, 0.00749778, 0.549316, 0.787598, 0.0073519, 0.550293, 0.787598, 0.00718529, 0.55127, 0.787598, 0.00699863, 0.552246, 0.787598, 0.00679281, 0.553223, 0.787598, 0.00656889, 0.554199, 0.787598, 0.00632814, 
        0.547363, 0.788574, 0.00775299, 0.54834, 0.788574, 0.00762736, 0.549316, 0.788574, 0.00747788, 0.550293, 0.788574, 0.00730506, 0.55127, 0.788574, 0.00710965, 0.552246, 0.788574, 0.00689265, 0.553223, 0.788574, 0.00665525, 0.554199, 0.788574, 0.00639885
    ]
}
