{
    "level": 0,
    "idx": {"x": 70, "y": 106},
    "dim": {"x": 8, "y": 8},
    "offset": {"x": 0.547363, "y": 0.828613},
    "cellSize": {"x": 0.000976562, "y": 0.000976562},
    "vertices": [
        0.547363, 0.828613, -0.000709927, 0.54834, 0.828613, -0.000692514, 0.549316, 0.828613, -0.000639503, 0.550293, 0.828613, -0.000551597, 0.55127, 0.828613, -0.00042983, 0.552246, 0.828613, -0.000275578, 0.553223, 0.828613, -9.05183e-05, 0.554199, 0.828613, 0.000123371, 
        0.547363, 0.82959, -0.00064445, 0.54834, 0.82959, -0.00062561, 0.549316, 0.82959, -0.00057166, 0.550293, 0.82959, -0.000483295, 0.55127, 0.82959, -0.000361537, 0.552246, 0.82959, -0.000207745, 0.553223, 0.82959, -2.35738e-05, 0.554199, 0.82959, 0.000189023, 
        0.547363, 0.830566, -0.000541243, 0.54834, 0.830566, -0.00052134, 0.549316, 0.830566, -0.000467157, 0.550293, 0.830566, -0.000379372, 0.55127, 0.830566, -0.000258983, 0.552246, 0.830566, -0.000107321, 0.553223, 0.830566, 7.39965e-05, 0.554199, 0.830566, 0.00028306, 
        0.547363, 0.831543, -0.000401203, 0.54834, 0.831543, -0.000380596, 0.549316, 0.831543, -0.000326868, 0.550293, 0.831543, -0.000240676, 0.55127, 0.831543, -0.000122988, 0.552246, 0.831543, 2.49105e-05, 0.553223, 0.831543, 0.000201454, 0.554199, 0.831543, 0.000404796, 
        0.547363, 0.83252, -0.000225524, 0.54834, 0.83252, -0.000204558, 0.549316, 0.83252, -0.000151952, 0.550293, 0.83252, -6.83373e-05, 0.55127, 0.83252, 4.53629e-05, 0.552246, 0.83252, 0.000187918, 0.553223, 0.83252, 0.000357829, 0.554199, 0.83252, 0.00055333, 
        0.547363, 0.833496, -1.57745e-05, 0.54834, 0.833496, 5.21948e-06, 0.549316, 0.833496, 5.60634e-05, 0.550293, 0.833496, 0.000136163, 0.55127, 0.833496, 0.000244643, 0.552246, 0.833496, 0.000380342, 0.553223, 0.833496, 0.000541844, 0.554199, 0.833496, 0.000727479, 
        0.547363, 0.834473, 0.000226232, 0.54834, 0.834473, 0.000246939, 0.549316, 0.834473, 0.000295417, 0.550293, 0.834473, 0.000371112, 0.55127, 0.834473, 0.000473208, 0.552246, 0.834473, 0.000600621, 0.553223, 0.834473, 0.000752032, 0.554199, 0.834473, 0.000925884, 
        0.547363, 0.835449, 0.000498339, 0.54834, 0.835449, 0.000518466, 0.549316, 0.835449, 0.000564014, 0.550293, 0.835449, 0.000634474, 0.55127, 0.835449, 0.000729099, 0.552246, 0.835449, 0.000846894, 0.553223, 0.835449, 0.000986647, 0.554199, 0.835449, 0.00114693
    ]
}
