{
    "level": 0,
    "idx": {"x": 70, "y": 109},
    "dim": {"x": 8, "y": 8},
    "offset": {"x": 0.547363, "y": 0.852051},
    "cellSize": {"x": 0.000976562, "y": 0.000976562},
    "vertices": [
        0.547363, 0.852051, 0.00675685, 0.54834, 0.852051, 0.00675112, 0.549316, 0.852051, 0.00671725, 0.550293, 0.852051, 0.00665578, 0.55127, 0.852051, 0.00656749, 0.552246, 0.852051, 0.00645343, 0.553223, 0.852051, 0.00631488, 0.554199, 0.852051, 0.00615336, 
        0.547363, 0.853027, 0.0070302, 0.54834, 0.853027, 0.00702387, 0.549316, 0.853027, 0.00698724, 0.550293, 0.853027, 0.00692088, 0.55127, 0.853027, 0.00682565, 0.552246, 0.853027, 0.00670266, 0.553223, 0.853027, 0.00655331, 0.554199, 0.853027, 0.00637923, 
        0.547363, 0.854004, 0.00727433, 0.54834, 0.854004, 0.00726769, 0.549316, 0.854004, 0.00722887, 0.550293, 0.854004, 0.00715848, 0.55127, 0.854004, 0.00705741, 0.552246, 0.854004, 0.00692688, 0.553223, 0.854004, 0.00676835, 0.554199, 0.854004, 0.00658356, 
        0.547363, 0.85498, 0.00748728, 0.54834, 0.85498, 0.00748064, 0.549316, 0.85498, 0.00744023, 0.550293, 0.85498, 0.0073667, 0.55127, 0.85498, 0.007261, 0.552246, 0.85498, 0.00712439, 0.553223, 0.85498, 0.00695841, 0.554199, 0.85498, 0.00676488, 
        0.547363, 0.855957, 0.00766746, 0.54834, 0.855957, 0.00766113, 0.549316, 0.855957, 0.00761977, 0.550293, 0.855957, 0.00754406, 0.55127, 0.855957, 0.00743497, 0.552246, 0.855957, 0.00729382, 0.553223, 0.855957, 0.0071222, 0.554199, 0.855957, 0.006922, 
        0.547363, 0.856934, 0.00781354, 0.54834, 0.856934, 0.00780785, 0.549316, 0.856934, 0.00776621, 0.550293, 0.856934, 0.00768929, 0.55127, 0.856934, 0.00757811, 0.552246, 0.856934, 0.00743401, 0.553223, 0.856934, 0.00725863, 0.554199, 0.856934, 0.00705391, 
        0.547363, 0.85791, 0.00792457, 0.54834, 0.85791, 0.00791987, 0.549316, 0.85791, 0.00787861, 0.550293, 0.85791, 0.0078015, 0.55127, 0.85791, 0.00768956, 0.552246, 0.85791, 0.00754415, 0.553223, 0.85791, 0.00736694, 0.554199, 0.85791, 0.0071599, 
        0.547363, 0.858887, 0.00799991, 0.54834, 0.858887, 0.00799654, 0.549316, 0.858887, 0.00795636, 0.550293, 0.858887, 0.00788008, 0.55127, 0.858887, 0.00776873, 0.552246, 0.858887, 0.00762367, 0.553223, 0.858887, 0.0074466, 0.554199, 0.858887, 0.00723948
    ]
}
