{
    "level": 0,
    "idx": {"x": 71, "y": 76},
    "dim": {"x": 8, "y": 8},
    "offset": {"x": 0.555176, "y": 0.594238},
    "cellSize": {"x": 0.000976562, "y": 0.000976562},
    "vertices": [
        0.555176, 0.594238, 0.191867, 0.556152, 0.594238, 0.191105, 0.557129, 0.594238, 0.19033, 0.558105, 0.594238, 0.189541, 0.559082, 0.594238, 0.188739, 0.560059, 0.594238, 0.187924, 0.561035, 0.594238, 0.187096, 0.562012, 0.594238, 0.186256, 
        0.555176, 0.595215, 0.190706, 0.556152, 0.595215, 0.189923, 0.557129, 0.595215, 0.189124, 0.558105, 0.595215, 0.188309, 0.559082, 0.595215, 0.187479, 0.560059, 0.595215, 0.186636, 0.561035, 0.595215, 0.185779, 0.562012, 0.595215, 0.184909, 
        0.555176, 0.596191, 0.189536, 0.556152, 0.596191, 0.188731, 0.557129, 0.596191, 0.187908, 0.558105, 0.596191, 0.187068, 0.559082, 0.596191, 0.186212, 0.560059, 0.596191, 0.18534, 0.561035, 0.596191, 0.184455, 0.562012, 0.596191, 0.183556, 
        0.555176, 0.597168, 0.188354, 0.556152, 0.597168, 0.187528, 0.557129, 0.597168, 0.186682, 0.558105, 0.597168, 0.185817, 0.559082, 0.597168, 0.184935, 0.560059, 0.597168, 0.184037, 0.561035, 0.597168, 0.183123, 0.562012, 0.597168, 0.182197, 
        0.555176, 0.598145, 0.187159, 0.556152, 0.598145, 0.186312, 0.557129, 0.598145, 0.185444, 0.558105, 0.598145, 0.184556, 0.559082, 0.598145, 0.183649, 0.560059, 0.598145, 0.182725, 0.561035, 0.598145, 0.181785, 0.562012, 0.598145, 0.180831, 
        0.555176, 0.599121, 0.185947, 0.556152, 0.599121, 0.185082, 0.557129, 0.599121, 0.184193, 0.558105, 0.599121, 0.183283, 0.559082, 0.599121, 0.182352, 0.560059, 0.599121, 0.181404, 0.561035, 0.599121, 0.180439, 0.562012, 0.599121, 0.17946, 
        0.555176, 0.600098, 0.184718, 0.556152, 0.600098, 0.183836, 0.557129, 0.600098, 0.182928, 0.558105, 0.600098, 0.181997, 0.559082, 0.600098, 0.181045, 0.560059, 0.600098, 0.180074, 0.561035, 0.600098, 0.179086, 0.562012, 0.600098, 0.178083, 
        0.555176, 0.601074, 0.18347, 0.556152, 0.601074, 0.182572, 0.557129, 0.601074, 0.181646, 0.558105, 0.601074, 0.180697, 0.559082, 0.601074, 0.179725, 0.560059, 0.601074, 0.178733, 0.561035, 0.601074, 0.177724, 0.562012, 0.601074, 0.1767
    ]
}
