{
    "level": 0,
    "idx": {"x": 71, "y": 68},
    "dim": {"x": 8, "y": 8},
    "offset": {"x": 0.555176, "y": 0.531738},
    "cellSize": {"x": 0.000976562, "y": 0.000976562},
    "vertices": [
        0.555176, 0.531738, 0.258519, 0.556152, 0.531738, 0.257428, 0.557129, 0.531738, 0.256319, 0.558105, 0.531738, 0.255194, 0.559082, 0.531738, 0.254053, 0.560059, 0.531738, 0.252896, 0.561035, 0.531738, 0.251724, 0.562012, 0.531738, 0.250536, 
        0.555176, 0.532715, 0.258215, 0.556152, 0.532715, 0.2571, 0.557129, 0.532715, 0.255965, 0.558105, 0.532715, 0.254812, 0.559082, 0.532715, 0.253641, 0.560059, 0.532715, 0.252454, 0.561035, 0.532715, 0.25125, 0.562012, 0.532715, 0.250031, 
        0.555176, 0.533691, 0.257889, 0.556152, 0.533691, 0.256749, 0.557129, 0.533691, 0.255589, 0.558105, 0.533691, 0.254409, 0.559082, 0.533691, 0.253209, 0.560059, 0.533691, 0.251991, 0.561035, 0.533691, 0.250757, 0.562012, 0.533691, 0.249506, 
        0.555176, 0.534668, 0.257537, 0.556152, 0.534668, 0.256375, 0.557129, 0.534668, 0.25519, 0.558105, 0.534668, 0.253983, 0.559082, 0.534668, 0.252755, 0.560059, 0.534668, 0.251508, 0.561035, 0.534668, 0.250244, 0.562012, 0.534668, 0.248963, 
        0.555176, 0.535645, 0.257158, 0.556152, 0.535645, 0.255974, 0.557129, 0.535645, 0.254765, 0.558105, 0.535645, 0.253533, 0.559082, 0.535645, 0.252279, 0.560059, 0.535645, 0.251004, 0.561035, 0.535645, 0.249711, 0.562012, 0.535645, 0.2484, 
        0.555176, 0.536621, 0.256751, 0.556152, 0.536621, 0.255546, 0.557129, 0.536621, 0.254314, 0.558105, 0.536621, 0.253058, 0.559082, 0.536621, 0.251778, 0.560059, 0.536621, 0.250477, 0.561035, 0.536621, 0.249157, 0.562012, 0.536621, 0.247819, 
        0.555176, 0.537598, 0.256312, 0.556152, 0.537598, 0.255088, 0.557129, 0.537598, 0.253835, 0.558105, 0.537598, 0.252557, 0.559082, 0.537598, 0.251253, 0.560059, 0.537598, 0.249928, 0.561035, 0.537598, 0.248582, 0.562012, 0.537598, 0.247219, 
        0.555176, 0.538574, 0.255839, 0.556152, 0.538574, 0.254598, 0.557129, 0.538574, 0.253327, 0.558105, 0.538574, 0.252028, 0.559082, 0.538574, 0.250703, 0.560059, 0.538574, 0.249355, 0.561035, 0.538574, 0.247986, 0.562012, 0.538574, 0.246599
    ]
}
