{
    "level": 0,
    "idx": {"x": 71, "y": 2},
    "dim": {"x": 8, "y": 8},
    "offset": {"x": 0.555176, "y": 0.0161133},
    "cellSize": {"x": 0.000976562, "y": 0.000976562},
    "vertices": [
        0.555176, 0.0161133, -0.0043629, 0.556152, 0.0161133, -0.00409693, 0.557129, 0.0161133, -0.00380893, 0.558105, 0.0161133, -0.00350185, 0.559082, 0.0161133, -0.00317883, 0.560059, 0.0161133, -0.00284315, 0.561035, 0.0161133, -0.00249822, 0.562012, 0.0161133, -0.00214752, 
        0.555176, 0.0170898, -0.00446341, 0.556152, 0.0170898, -0.00420008, 0.557129, 0.0170898, -0.00391478, 0.558105, 0.0170898, -0.00361046, 0.559082, 0.0170898, -0.00329023, 0.560059, 0.0170898, -0.00295736, 0.561035, 0.0170898, -0.00261524, 0.562012, 0.0170898, -0.00226734, 
        0.555176, 0.0180664, -0.00453919, 0.556152, 0.0180664, -0.00428123, 0.557129, 0.0180664, -0.00400158, 0.558105, 0.0180664, -0.00370313, 0.559082, 0.0180664, -0.00338896, 0.560059, 0.0180664, -0.00306229, 0.561035, 0.0180664, -0.00272645, 0.562012, 0.0180664, -0.00238486, 
        0.555176, 0.019043, -0.00459053, 0.556152, 0.019043, -0.00434065, 0.557129, 0.019043, -0.00406955, 0.558105, 0.019043, -0.00378005, 0.559082, 0.019043, -0.00347516, 0.560059, 0.019043, -0.00315802, 0.561035, 0.019043, -0.00283187, 0.562012, 0.019043, -0.00250006, 
        0.555176, 0.0200195, -0.00461799, 0.556152, 0.0200195, -0.00437882, 0.557129, 0.0200195, -0.00411909, 0.558105, 0.0200195, -0.00384155, 0.559082, 0.0200195, -0.00354908, 0.560059, 0.0200195, -0.00324471, 0.561035, 0.0200195, -0.0029316, 0.562012, 0.0200195, -0.00261294, 
        0.555176, 0.0209961, -0.00462233, 0.556152, 0.0209961, -0.0043964, 0.557129, 0.0209961, -0.00415078, 0.558105, 0.0209961, -0.00388808, 0.559082, 0.0209961, -0.00361107, 0.560059, 0.0209961, -0.00332262, 0.561035, 0.0209961, -0.00302575, 0.562012, 0.0209961, -0.00272351, 
        0.555176, 0.0219727, -0.00460453, 0.556152, 0.0219727, -0.00439426, 0.557129, 0.0219727, -0.00416535, 0.558105, 0.0219727, -0.00392026, 0.559082, 0.0219727, -0.00366159, 0.560059, 0.0219727, -0.00339207, 0.561035, 0.0219727, -0.0031145, 0.562012, 0.0219727, -0.00283179, 
        0.555176, 0.0229492, -0.00456576, 0.556152, 0.0229492, -0.00437345, 0.557129, 0.0229492, -0.00416371, 0.558105, 0.0229492, -0.00393883, 0.559082, 0.0229492, -0.00370123, 0.560059, 0.0229492, -0.00345344, 0.561035, 0.0229492, -0.00319807, 0.562012, 0.0229492, -0.00293782
    ]
}
