{
    "level": 0,
    "idx": {"x": 71, "y": 69},
    "dim": {"x": 8, "y": 8},
    "offset": {"x": 0.555176, "y": 0.539551},
    "cellSize": {"x": 0.000976562, "y": 0.000976562},
    "vertices": [
        0.555176, 0.539551, 0.255333, 0.556152, 0.539551, 0.254076, 0.557129, 0.539551, 0.252788, 0.558105, 0.539551, 0.25147, 0.559082, 0.539551, 0.250126, 0.560059, 0.539551, 0.248758, 0.561035, 0.539551, 0.247369, 0.562012, 0.539551, 0.245961, 
        0.555176, 0.540527, 0.25479, 0.556152, 0.540527, 0.25352, 0.557129, 0.540527, 0.252217, 0.558105, 0.540527, 0.250884, 0.559082, 0.540527, 0.249523, 0.560059, 0.540527, 0.248137, 0.561035, 0.540527, 0.24673, 0.562012, 0.540527, 0.245304, 
        0.555176, 0.541504, 0.254209, 0.556152, 0.541504, 0.252928, 0.557129, 0.541504, 0.251613, 0.558105, 0.541504, 0.250267, 0.559082, 0.541504, 0.248892, 0.560059, 0.541504, 0.247491, 0.561035, 0.541504, 0.246069, 0.562012, 0.541504, 0.244627, 
        0.555176, 0.54248, 0.25359, 0.556152, 0.54248, 0.2523, 0.557129, 0.54248, 0.250976, 0.558105, 0.54248, 0.249619, 0.559082, 0.54248, 0.248232, 0.560059, 0.54248, 0.24682, 0.561035, 0.54248, 0.245386, 0.562012, 0.54248, 0.243932, 
        0.555176, 0.543457, 0.252931, 0.556152, 0.543457, 0.251635, 0.557129, 0.543457, 0.250304, 0.558105, 0.543457, 0.248939, 0.559082, 0.543457, 0.247545, 0.560059, 0.543457, 0.246124, 0.561035, 0.543457, 0.244681, 0.562012, 0.543457, 0.243218, 
        0.555176, 0.544434, 0.252232, 0.556152, 0.544434, 0.250933, 0.557129, 0.544434, 0.249597, 0.558105, 0.544434, 0.248228, 0.559082, 0.544434, 0.246829, 0.560059, 0.544434, 0.245403, 0.561035, 0.544434, 0.243954, 0.562012, 0.544434, 0.242485, 
        0.555176, 0.54541, 0.251492, 0.556152, 0.54541, 0.250192, 0.557129, 0.54541, 0.248855, 0.558105, 0.54541, 0.247484, 0.559082, 0.54541, 0.246083, 0.560059, 0.54541, 0.244656, 0.561035, 0.54541, 0.243205, 0.562012, 0.54541, 0.241734, 
        0.555176, 0.546387, 0.25071, 0.556152, 0.546387, 0.249412, 0.557129, 0.546387, 0.248077, 0.558105, 0.546387, 0.246709, 0.559082, 0.546387, 0.245309, 0.560059, 0.546387, 0.243883, 0.561035, 0.546387, 0.242434, 0.562012, 0.546387, 0.240964
    ]
}
