{
    "level": 0,
    "idx": {"x": 72, "y": 13},
    "dim": {"x": 8, "y": 8},
    "offset": {"x": 0.562988, "y": 0.102051},
    "cellSize": {"x": 0.000976562, "y": 0.000976562},
    "vertices": [
        0.562988, 0.102051, -0.00626716, 0.563965, 0.102051, -0.00657832, 0.564941, 0.102051, -0.00688331, 0.565918, 0.102051, -0.00717964, 0.566895, 0.102051, -0.00746485, 0.567871, 0.102051, -0.00773659, 0.568848, 0.102051, -0.00799263, 0.569824, 0.102051, -0.00823085, 
        0.562988, 0.103027, -0.00622252, 0.563965, 0.103027, -0.00655733, 0.564941, 0.103027, -0.00688562, 0.565918, 0.103027, -0.00720467, 0.566895, 0.103027, -0.00751181, 0.567871, 0.103027, -0.00780449, 0.568848, 0.103027, -0.00808024, 0.569824, 0.103027, -0.00833678, 
        0.562988, 0.104004, -0.00617371, 0.563965, 0.104004, -0.0065294, 0.564941, 0.104004, -0.00687826, 0.565918, 0.104004, -0.00721738, 0.566895, 0.104004, -0.0075439, 0.567871, 0.104004, -0.00785506, 0.568848, 0.104004, -0.00814823, 0.569824, 0.104004, -0.00842093, 
        0.562988, 0.10498, -0.00612064, 0.563965, 0.10498, -0.00649422, 0.564941, 0.10498, -0.00686073, 0.565918, 0.10498, -0.00721707, 0.566895, 0.10498, -0.0075602, 0.567871, 0.10498, -0.00788722, 0.568848, 0.10498, -0.00819533, 0.569824, 0.10498, -0.00848191, 
        0.562988, 0.105957, -0.00606319, 0.563965, 0.105957, -0.00645153, 0.564941, 0.105957, -0.00683259, 0.565918, 0.105957, -0.00720312, 0.566895, 0.105957, -0.00755995, 0.567871, 0.105957, -0.00790004, 0.568848, 0.105957, -0.00822047, 0.569824, 0.105957, -0.00851851, 
        0.562988, 0.106934, -0.0060013, 0.563965, 0.106934, -0.0064011, 0.564941, 0.106934, -0.00679346, 0.565918, 0.106934, -0.00717502, 0.566895, 0.106934, -0.00754251, 0.567871, 0.106934, -0.00789277, 0.568848, 0.106934, -0.00822278, 0.569824, 0.106934, -0.00852972, 
        0.562988, 0.10791, -0.00593491, 0.563965, 0.10791, -0.00634277, 0.564941, 0.10791, -0.00674307, 0.565918, 0.10791, -0.0071324, 0.566895, 0.10791, -0.00750738, 0.567871, 0.10791, -0.0078648, 0.568848, 0.10791, -0.00820156, 0.569824, 0.10791, -0.00851477, 
        0.562988, 0.108887, -0.00586398, 0.563965, 0.108887, -0.0062764, 0.564941, 0.108887, -0.00668122, 0.565918, 0.108887, -0.00707496, 0.566895, 0.108887, -0.00745421, 0.567871, 0.108887, -0.00781571, 0.568848, 0.108887, -0.00815632, 0.569824, 0.108887, -0.00847311
    ]
}
