{
    "level": 0,
    "idx": {"x": 72, "y": 80},
    "dim": {"x": 8, "y": 8},
    "offset": {"x": 0.562988, "y": 0.625488},
    "cellSize": {"x": 0.000976562, "y": 0.000976562},
    "vertices": [
        0.562988, 0.625488, 0.140249, 0.563965, 0.625488, 0.139631, 0.564941, 0.625488, 0.139004, 0.565918, 0.625488, 0.138368, 0.566895, 0.625488, 0.137723, 0.567871, 0.625488, 0.137069, 0.568848, 0.625488, 0.136405, 0.569824, 0.625488, 0.135732, 
        0.562988, 0.626465, 0.138839, 0.563965, 0.626465, 0.138263, 0.564941, 0.626465, 0.137677, 0.565918, 0.626465, 0.137082, 0.566895, 0.626465, 0.136476, 0.567871, 0.626465, 0.13586, 0.568848, 0.626465, 0.135233, 0.569824, 0.626465, 0.134594, 
        0.562988, 0.627441, 0.13743, 0.563965, 0.627441, 0.136895, 0.564941, 0.627441, 0.13635, 0.565918, 0.627441, 0.135795, 0.566895, 0.627441, 0.135228, 0.567871, 0.627441, 0.134649, 0.568848, 0.627441, 0.134058, 0.569824, 0.627441, 0.133453, 
        0.562988, 0.628418, 0.136022, 0.563965, 0.628418, 0.135527, 0.564941, 0.628418, 0.135022, 0.565918, 0.628418, 0.134506, 0.566895, 0.628418, 0.133977, 0.567871, 0.628418, 0.133435, 0.568848, 0.628418, 0.132879, 0.569824, 0.628418, 0.132307, 
        0.562988, 0.629395, 0.134615, 0.563965, 0.629395, 0.13416, 0.564941, 0.629395, 0.133693, 0.565918, 0.629395, 0.133215, 0.566895, 0.629395, 0.132723, 0.567871, 0.629395, 0.132216, 0.568848, 0.629395, 0.131694, 0.569824, 0.629395, 0.131154, 
        0.562988, 0.630371, 0.13321, 0.563965, 0.630371, 0.132791, 0.564941, 0.630371, 0.132362, 0.565918, 0.630371, 0.13192, 0.566895, 0.630371, 0.131463, 0.567871, 0.630371, 0.130991, 0.568848, 0.630371, 0.130501, 0.569824, 0.630371, 0.129992, 
        0.562988, 0.631348, 0.131805, 0.563965, 0.631348, 0.131422, 0.564941, 0.631348, 0.131028, 0.565918, 0.631348, 0.130621, 0.566895, 0.631348, 0.130198, 0.567871, 0.631348, 0.129758, 0.568848, 0.631348, 0.129299, 0.569824, 0.631348, 0.128819, 
        0.562988, 0.632324, 0.130402, 0.563965, 0.632324, 0.130052, 0.564941, 0.632324, 0.129691, 0.565918, 0.632324, 0.129316, 0.566895, 0.632324, 0.128925, 0.567871, 0.632324, 0.128515, 0.568848, 0.632324, 0.128086, 0.569824, 0.632324, 0.127634
    ]
}
