{
    "level": 0,
    "idx": {"x": 73, "y": 91},
    "dim": {"x": 8, "y": 8},
    "offset": {"x": 0.570801, "y": 0.711426},
    "cellSize": {"x": 0.000976562, "y": 0.000976562},
    "vertices": [
        0.570801, 0.711426, 0.0367001, 0.571777, 0.711426, 0.0366029, 0.572754, 0.711426, 0.0364866, 0.57373, 0.711426, 0.0363499, 0.574707, 0.711426, 0.0361919, 0.575684, 0.711426, 0.0360116, 0.57666, 0.711426, 0.0358086, 0.577637, 0.711426, 0.0355824, 
        0.570801, 0.712402, 0.0357281, 0.571777, 0.712402, 0.0356163, 0.572754, 0.712402, 0.0354878, 0.57373, 0.712402, 0.0353414, 0.574707, 0.712402, 0.0351762, 0.575684, 0.712402, 0.0349915, 0.57666, 0.712402, 0.0347868, 0.577637, 0.712402, 0.0345617, 
        0.570801, 0.713379, 0.0347502, 0.571777, 0.713379, 0.0346226, 0.572754, 0.713379, 0.0344807, 0.57373, 0.713379, 0.0343236, 0.574707, 0.713379, 0.0341504, 0.575684, 0.713379, 0.0339607, 0.57666, 0.713379, 0.0337539, 0.577637, 0.713379, 0.0335297, 
        0.570801, 0.714355, 0.0337691, 0.571777, 0.714355, 0.0336245, 0.572754, 0.714355, 0.0334682, 0.57373, 0.714355, 0.0332994, 0.574707, 0.714355, 0.0331176, 0.575684, 0.714355, 0.0329223, 0.57666, 0.714355, 0.032713, 0.577637, 0.714355, 0.0324895, 
        0.570801, 0.715332, 0.0327867, 0.571777, 0.715332, 0.0326242, 0.572754, 0.715332, 0.0324527, 0.57373, 0.715332, 0.0322716, 0.574707, 0.715332, 0.0320806, 0.575684, 0.715332, 0.0318792, 0.57666, 0.715332, 0.0316671, 0.577637, 0.715332, 0.0314442, 
        0.570801, 0.716309, 0.0318058, 0.571777, 0.716309, 0.0316246, 0.572754, 0.716309, 0.0314372, 0.57373, 0.716309, 0.0312433, 0.574707, 0.716309, 0.0310426, 0.575684, 0.716309, 0.0308347, 0.57666, 0.716309, 0.0306196, 0.577637, 0.716309, 0.0303971, 
        0.570801, 0.717285, 0.0308288, 0.571777, 0.717285, 0.0306284, 0.572754, 0.717285, 0.0304247, 0.57373, 0.717285, 0.0302175, 0.574707, 0.717285, 0.0300067, 0.575684, 0.717285, 0.0297921, 0.57666, 0.717285, 0.0295738, 0.577637, 0.717285, 0.0293516, 
        0.570801, 0.718262, 0.0298584, 0.571777, 0.718262, 0.0296384, 0.572754, 0.718262, 0.0294181, 0.57373, 0.718262, 0.0291974, 0.574707, 0.718262, 0.0289763, 0.575684, 0.718262, 0.0287549, 0.57666, 0.718262, 0.0285332, 0.577637, 0.718262, 0.0283112
    ]
}
