{
    "level": 0,
    "idx": {"x": 73, "y": 10},
    "dim": {"x": 8, "y": 8},
    "offset": {"x": 0.570801, "y": 0.0786133},
    "cellSize": {"x": 0.000976562, "y": 0.000976562},
    "vertices": [
        0.570801, 0.0786133, -0.00427488, 0.571777, 0.0786133, -0.00407504, 0.572754, 0.0786133, -0.00390195, 0.57373, 0.0786133, -0.00375754, 0.574707, 0.0786133, -0.00364348, 0.575684, 0.0786133, -0.00356108, 0.57666, 0.0786133, -0.00351134, 0.577637, 0.0786133, -0.00349493, 
        0.570801, 0.0795898, -0.00429584, 0.571777, 0.0795898, -0.00409738, 0.572754, 0.0795898, -0.0039255, 0.57373, 0.0795898, -0.00378213, 0.574707, 0.0795898, -0.00366891, 0.575684, 0.0795898, -0.00358717, 0.57666, 0.0795898, -0.00353788, 0.577637, 0.0795898, -0.00352172, 
        0.570801, 0.0805664, -0.00434097, 0.571777, 0.0805664, -0.0041461, 0.572754, 0.0805664, -0.00397736, 0.57373, 0.0805664, -0.00383666, 0.574707, 0.0805664, -0.00372561, 0.575684, 0.0805664, -0.00364552, 0.57666, 0.0805664, -0.00359734, 0.577637, 0.0805664, -0.00358174, 
        0.570801, 0.081543, -0.00440983, 0.571777, 0.081543, -0.00422074, 0.572754, 0.081543, -0.00405705, 0.57373, 0.081543, -0.00392063, 0.574707, 0.081543, -0.00381305, 0.575684, 0.081543, -0.00373558, 0.57666, 0.081543, -0.00368917, 0.577637, 0.081543, -0.00367444, 
        0.570801, 0.0825195, -0.00450177, 0.571777, 0.0825195, -0.00432057, 0.572754, 0.0825195, -0.00416379, 0.57373, 0.0825195, -0.00403322, 0.574707, 0.0825195, -0.00393038, 0.575684, 0.0825195, -0.00385649, 0.57666, 0.0825195, -0.00381247, 0.577637, 0.0825195, -0.00379892, 
        0.570801, 0.0834961, -0.00461586, 0.571777, 0.0834961, -0.0044446, 0.572754, 0.0834961, -0.00429652, 0.57373, 0.0834961, -0.00417332, 0.574707, 0.0834961, -0.00407644, 0.575684, 0.0834961, -0.00400705, 0.57666, 0.0834961, -0.00396603, 0.577637, 0.0834961, -0.00395396, 
        0.570801, 0.0844727, -0.00475093, 0.571777, 0.0844727, -0.00459157, 0.572754, 0.0844727, -0.0044539, 0.57373, 0.0844727, -0.0043395, 0.574707, 0.0844727, -0.00424976, 0.575684, 0.0844727, -0.00418575, 0.57666, 0.0844727, -0.00414831, 0.577637, 0.0844727, -0.00413799, 
        0.570801, 0.0854492, -0.00490561, 0.571777, 0.0854492, -0.00475999, 0.572754, 0.0854492, -0.00463433, 0.57373, 0.0854492, -0.0045301, 0.574707, 0.0854492, -0.00444858, 0.575684, 0.0854492, -0.00439079, 0.57666, 0.0854492, -0.00435748, 0.577637, 0.0854492, -0.00434916
    ]
}
