{
    "level": 0,
    "idx": {"x": 73, "y": 30},
    "dim": {"x": 8, "y": 8},
    "offset": {"x": 0.570801, "y": 0.234863},
    "cellSize": {"x": 0.000976562, "y": 0.000976562},
    "vertices": [
        0.570801, 0.234863, 0.0185479, 0.571777, 0.234863, 0.0182655, 0.572754, 0.234863, 0.0180092, 0.57373, 0.234863, 0.0177811, 0.574707, 0.234863, 0.0175828, 0.575684, 0.234863, 0.0174156, 0.57666, 0.234863, 0.0172806, 0.577637, 0.234863, 0.0171785, 
        0.570801, 0.23584, 0.0189076, 0.571777, 0.23584, 0.0186253, 0.572754, 0.23584, 0.0183689, 0.57373, 0.23584, 0.0181404, 0.574707, 0.23584, 0.0179415, 0.575684, 0.23584, 0.0177734, 0.57666, 0.23584, 0.0176372, 0.577637, 0.23584, 0.0175336, 
        0.570801, 0.236816, 0.0192969, 0.571777, 0.236816, 0.0190169, 0.572754, 0.236816, 0.0187623, 0.57373, 0.236816, 0.018535, 0.574707, 0.236816, 0.0183367, 0.575684, 0.236816, 0.0181687, 0.57666, 0.236816, 0.018032, 0.577637, 0.236816, 0.0179272, 
        0.570801, 0.237793, 0.0197155, 0.571777, 0.237793, 0.0194398, 0.572754, 0.237793, 0.0191889, 0.57373, 0.237793, 0.0189644, 0.574707, 0.237793, 0.018768, 0.575684, 0.237793, 0.018601, 0.57666, 0.237793, 0.0184644, 0.577637, 0.237793, 0.0183587, 
        0.570801, 0.23877, 0.0201626, 0.571777, 0.23877, 0.0198935, 0.572754, 0.23877, 0.0196479, 0.57373, 0.23877, 0.0194278, 0.574707, 0.23877, 0.0192346, 0.575684, 0.23877, 0.0190695, 0.57666, 0.23877, 0.0189335, 0.577637, 0.23877, 0.0188272, 
        0.570801, 0.239746, 0.0206374, 0.571777, 0.239746, 0.0203768, 0.572754, 0.239746, 0.0201384, 0.57373, 0.239746, 0.0199241, 0.574707, 0.239746, 0.0197352, 0.575684, 0.239746, 0.019573, 0.57666, 0.239746, 0.0194382, 0.577637, 0.239746, 0.0193315, 
        0.570801, 0.240723, 0.0211387, 0.571777, 0.240723, 0.0208885, 0.572754, 0.240723, 0.0206591, 0.57373, 0.240723, 0.0204519, 0.574707, 0.240723, 0.0202685, 0.575684, 0.240723, 0.0201099, 0.57666, 0.240723, 0.0199769, 0.577637, 0.240723, 0.0198701, 
        0.570801, 0.241699, 0.0216652, 0.571777, 0.241699, 0.0214272, 0.572754, 0.241699, 0.0212082, 0.57373, 0.241699, 0.0210096, 0.574707, 0.241699, 0.0208327, 0.575684, 0.241699, 0.0206785, 0.57666, 0.241699, 0.0205478, 0.577637, 0.241699, 0.0204411
    ]
}
