{
    "level": 0,
    "idx": {"x": 74, "y": 50},
    "dim": {"x": 8, "y": 8},
    "offset": {"x": 0.578613, "y": 0.391113},
    "cellSize": {"x": 0.000976562, "y": 0.000976562},
    "vertices": [
        0.578613, 0.391113, 0.141989, 0.57959, 0.391113, 0.14104, 0.580566, 0.391113, 0.140052, 0.581543, 0.391113, 0.139026, 0.58252, 0.391113, 0.137964, 0.583496, 0.391113, 0.136866, 0.584473, 0.391113, 0.135734, 0.585449, 0.391113, 0.134572, 
        0.578613, 0.39209, 0.143137, 0.57959, 0.39209, 0.142181, 0.580566, 0.39209, 0.141186, 0.581543, 0.39209, 0.140153, 0.58252, 0.39209, 0.139083, 0.583496, 0.39209, 0.137979, 0.584473, 0.39209, 0.136842, 0.585449, 0.39209, 0.135673, 
        0.578613, 0.393066, 0.144251, 0.57959, 0.393066, 0.143288, 0.580566, 0.393066, 0.142286, 0.581543, 0.393066, 0.141247, 0.58252, 0.393066, 0.140173, 0.583496, 0.393066, 0.139064, 0.584473, 0.393066, 0.137922, 0.585449, 0.393066, 0.13675, 
        0.578613, 0.394043, 0.145331, 0.57959, 0.394043, 0.144361, 0.580566, 0.394043, 0.143354, 0.581543, 0.394043, 0.14231, 0.58252, 0.394043, 0.141232, 0.583496, 0.394043, 0.14012, 0.584473, 0.394043, 0.138976, 0.585449, 0.394043, 0.137802, 
        0.578613, 0.39502, 0.146379, 0.57959, 0.39502, 0.145402, 0.580566, 0.39502, 0.14439, 0.581543, 0.39502, 0.143342, 0.58252, 0.39502, 0.142261, 0.583496, 0.39502, 0.141148, 0.584473, 0.39502, 0.140004, 0.585449, 0.39502, 0.138831, 
        0.578613, 0.395996, 0.147394, 0.57959, 0.395996, 0.146412, 0.580566, 0.395996, 0.145395, 0.581543, 0.395996, 0.144345, 0.58252, 0.395996, 0.143262, 0.583496, 0.395996, 0.142149, 0.584473, 0.395996, 0.141006, 0.585449, 0.395996, 0.139836, 
        0.578613, 0.396973, 0.14838, 0.57959, 0.396973, 0.147391, 0.580566, 0.396973, 0.146371, 0.581543, 0.396973, 0.145319, 0.58252, 0.396973, 0.144236, 0.583496, 0.396973, 0.143124, 0.584473, 0.396973, 0.141985, 0.585449, 0.396973, 0.14082, 
        0.578613, 0.397949, 0.149336, 0.57959, 0.397949, 0.148343, 0.580566, 0.397949, 0.147319, 0.581543, 0.397949, 0.146266, 0.58252, 0.397949, 0.145184, 0.583496, 0.397949, 0.144075, 0.584473, 0.397949, 0.142941, 0.585449, 0.397949, 0.141782
    ]
}
