{
    "level": 0,
    "idx": {"x": 75, "y": 26},
    "dim": {"x": 8, "y": 8},
    "offset": {"x": 0.586426, "y": 0.203613},
    "cellSize": {"x": 0.000976562, "y": 0.000976562},
    "vertices": [
        0.586426, 0.203613, 0.0136672, 0.587402, 0.203613, 0.0133307, 0.588379, 0.203613, 0.0129712, 0.589355, 0.203613, 0.0125915, 0.590332, 0.203613, 0.0121948, 0.591309, 0.203613, 0.0117845, 0.592285, 0.203613, 0.0113639, 0.593262, 0.203613, 0.0109366, 
        0.586426, 0.20459, 0.0139069, 0.587402, 0.20459, 0.0135712, 0.588379, 0.20459, 0.0132125, 0.589355, 0.20459, 0.0128337, 0.590332, 0.20459, 0.0124381, 0.591309, 0.20459, 0.0120289, 0.592285, 0.20459, 0.0116094, 0.593262, 0.20459, 0.0111832, 
        0.586426, 0.205566, 0.014124, 0.587402, 0.205566, 0.0137918, 0.588379, 0.205566, 0.013437, 0.589355, 0.205566, 0.0130623, 0.590332, 0.205566, 0.012671, 0.591309, 0.205566, 0.0122661, 0.592285, 0.205566, 0.0118512, 0.593262, 0.205566, 0.0114296, 
        0.586426, 0.206543, 0.0143191, 0.587402, 0.206543, 0.0139931, 0.588379, 0.206543, 0.0136449, 0.589355, 0.206543, 0.0132774, 0.590332, 0.206543, 0.0128935, 0.591309, 0.206543, 0.0124965, 0.592285, 0.206543, 0.0120895, 0.593262, 0.206543, 0.0116759, 
        0.586426, 0.20752, 0.0144927, 0.587402, 0.20752, 0.0141755, 0.588379, 0.20752, 0.0138368, 0.589355, 0.20752, 0.0134794, 0.590332, 0.20752, 0.0131061, 0.591309, 0.20752, 0.0127201, 0.592285, 0.20752, 0.0123243, 0.593262, 0.20752, 0.0119221, 
        0.586426, 0.208496, 0.0146456, 0.587402, 0.208496, 0.0143398, 0.588379, 0.208496, 0.0140133, 0.589355, 0.208496, 0.0136689, 0.590332, 0.208496, 0.0133092, 0.591309, 0.208496, 0.0129372, 0.592285, 0.208496, 0.0125559, 0.593262, 0.208496, 0.0121683, 
        0.586426, 0.209473, 0.0147791, 0.587402, 0.209473, 0.0144869, 0.588379, 0.209473, 0.0141752, 0.589355, 0.209473, 0.0138465, 0.590332, 0.209473, 0.0135033, 0.591309, 0.209473, 0.0131483, 0.592285, 0.209473, 0.0127845, 0.593262, 0.209473, 0.0124145, 
        0.586426, 0.210449, 0.0148942, 0.587402, 0.210449, 0.014618, 0.588379, 0.210449, 0.0143235, 0.589355, 0.210449, 0.0140131, 0.590332, 0.210449, 0.013689, 0.591309, 0.210449, 0.0133539, 0.592285, 0.210449, 0.0130103, 0.593262, 0.210449, 0.0126609
    ]
}
