{
    "level": 0,
    "idx": {"x": 75, "y": 102},
    "dim": {"x": 8, "y": 8},
    "offset": {"x": 0.586426, "y": 0.797363},
    "cellSize": {"x": 0.000976562, "y": 0.000976562},
    "vertices": [
        0.586426, 0.797363, -0.000897019, 0.587402, 0.797363, -0.000647921, 0.588379, 0.797363, -0.000376186, 0.589355, 0.797363, -8.47705e-05, 0.590332, 0.797363, 0.000223189, 0.591309, 0.797363, 0.000544413, 0.592285, 0.797363, 0.000875502, 0.593262, 0.797363, 0.00121298, 
        0.586426, 0.79834, -0.000902317, 0.587402, 0.79834, -0.000655947, 0.588379, 0.79834, -0.000387237, 0.589355, 0.79834, -9.91099e-05, 0.590332, 0.79834, 0.00020534, 0.591309, 0.79834, 0.000522872, 0.592285, 0.79834, 0.000850131, 0.593262, 0.79834, 0.00118368, 
        0.586426, 0.799316, -0.000879463, 0.587402, 0.799316, -0.000638566, 0.588379, 0.799316, -0.000375831, 0.589355, 0.799316, -9.4114e-05, 0.590332, 0.799316, 0.000203558, 0.591309, 0.799316, 0.000514017, 0.592285, 0.799316, 0.000833984, 0.593262, 0.799316, 0.0011601, 
        0.586426, 0.800293, -0.000829066, 0.587402, 0.800293, -0.000596327, 0.588379, 0.800293, -0.00034245, 0.589355, 0.800293, -7.01981e-05, 0.590332, 0.800293, 0.0002175, 0.591309, 0.800293, 0.000517579, 0.592285, 0.800293, 0.000826867, 0.593262, 0.800293, 0.00114211, 
        0.586426, 0.80127, -0.000751965, 0.587402, 0.80127, -0.000529981, 0.588379, 0.80127, -0.000287751, 0.589355, 0.80127, -2.79198e-05, 0.590332, 0.80127, 0.000246712, 0.591309, 0.80127, 0.000533212, 0.592285, 0.80127, 0.000828545, 0.593262, 0.80127, 0.0011296, 
        0.586426, 0.802246, -0.000649218, 0.587402, 0.802246, -0.000440475, 0.588379, 0.802246, -0.000212561, 0.589355, 0.802246, 3.20235e-05, 0.590332, 0.802246, 0.000290632, 0.591309, 0.802246, 0.000560492, 0.592285, 0.802246, 0.000838736, 0.593262, 0.802246, 0.00112242, 
        0.586426, 0.803223, -0.000522073, 0.587402, 0.803223, -0.000328921, 0.588379, 0.803223, -0.000117849, 0.589355, 0.803223, 0.000108814, 0.590332, 0.803223, 0.0003486, 0.591309, 0.803223, 0.000598925, 0.592285, 0.803223, 0.000857114, 0.593262, 0.803223, 0.00112043, 
        0.586426, 0.804199, -0.000372002, 0.587402, 0.804199, -0.000196632, 0.588379, 0.804199, -4.75427e-06, 0.589355, 0.804199, 0.000201495, 0.590332, 0.804199, 0.000419851, 0.591309, 0.804199, 0.000647942, 0.592285, 0.804199, 0.000883315, 0.593262, 0.804199, 0.00112345
    ]
}
