{
    "level": 0,
    "idx": {"x": 76, "y": 98},
    "dim": {"x": 8, "y": 8},
    "offset": {"x": 0.594238, "y": 0.766113},
    "cellSize": {"x": 0.000976562, "y": 0.000976562},
    "vertices": [
        0.594238, 0.766113, 0.00481414, 0.595215, 0.766113, 0.00438776, 0.596191, 0.766113, 0.00396912, 0.597168, 0.766113, 0.00356169, 0.598145, 0.766113, 0.00316888, 0.599121, 0.766113, 0.00279394, 0.600098, 0.766113, 0.00243999, 0.601074, 0.766113, 0.00210995, 
        0.594238, 0.76709, 0.00460897, 0.595215, 0.76709, 0.00418874, 0.596191, 0.76709, 0.00377618, 0.597168, 0.76709, 0.0033747, 0.598145, 0.76709, 0.00298768, 0.599121, 0.76709, 0.00261834, 0.600098, 0.76709, 0.00226973, 0.601074, 0.76709, 0.00194477, 
        0.594238, 0.768066, 0.00441257, 0.595215, 0.768066, 0.00400193, 0.596191, 0.768066, 0.00359883, 0.597168, 0.768066, 0.0032066, 0.598145, 0.768066, 0.00282855, 0.599121, 0.768066, 0.00246782, 0.600098, 0.768066, 0.00212741, 0.601074, 0.768066, 0.00181016, 
        0.594238, 0.769043, 0.00422479, 0.595215, 0.769043, 0.0038271, 0.596191, 0.769043, 0.00343677, 0.597168, 0.769043, 0.00305702, 0.598145, 0.769043, 0.00269105, 0.599121, 0.769043, 0.00234189, 0.600098, 0.769043, 0.00201246, 0.601074, 0.769043, 0.0017055, 
        0.594238, 0.77002, 0.00404553, 0.595215, 0.77002, 0.00366405, 0.596191, 0.77002, 0.00328969, 0.597168, 0.77002, 0.00292553, 0.598145, 0.77002, 0.00257464, 0.599121, 0.77002, 0.00223993, 0.600098, 0.77002, 0.00192416, 0.601074, 0.77002, 0.00162998, 
        0.594238, 0.770996, 0.0038746, 0.595215, 0.770996, 0.00351245, 0.596191, 0.770996, 0.00315712, 0.597168, 0.770996, 0.00281155, 0.598145, 0.770996, 0.00247862, 0.599121, 0.770996, 0.00216108, 0.600098, 0.770996, 0.00186156, 0.601074, 0.770996, 0.00158255, 
        0.594238, 0.771973, 0.00371187, 0.595215, 0.771973, 0.00337198, 0.596191, 0.771973, 0.00303858, 0.597168, 0.771973, 0.00271441, 0.598145, 0.771973, 0.00240215, 0.599121, 0.771973, 0.00210438, 0.600098, 0.771973, 0.00182354, 0.601074, 0.771973, 0.00156195, 
        0.594238, 0.772949, 0.00355711, 0.595215, 0.772949, 0.00324223, 0.596191, 0.772949, 0.00293346, 0.597168, 0.772949, 0.00263332, 0.598145, 0.772949, 0.00234427, 0.599121, 0.772949, 0.00206867, 0.600098, 0.772949, 0.00180878, 0.601074, 0.772949, 0.00156672
    ]
}
