{
    "level": 0,
    "idx": {"x": 77, "y": 42},
    "dim": {"x": 8, "y": 8},
    "offset": {"x": 0.602051, "y": 0.328613},
    "cellSize": {"x": 0.000976562, "y": 0.000976562},
    "vertices": [
        0.602051, 0.328613, 0.0580545, 0.603027, 0.328613, 0.0573345, 0.604004, 0.328613, 0.0566429, 0.60498, 0.328613, 0.0559818, 0.605957, 0.328613, 0.0553528, 0.606934, 0.328613, 0.0547573, 0.60791, 0.328613, 0.0541964, 0.608887, 0.328613, 0.0536709, 
        0.602051, 0.32959, 0.0587644, 0.603027, 0.32959, 0.0580406, 0.604004, 0.32959, 0.057345, 0.60498, 0.32959, 0.0566796, 0.605957, 0.32959, 0.0560461, 0.606934, 0.32959, 0.0554459, 0.60791, 0.32959, 0.0548801, 0.608887, 0.32959, 0.0543494, 
        0.602051, 0.330566, 0.0595073, 0.603027, 0.330566, 0.0587818, 0.604004, 0.330566, 0.0580841, 0.60498, 0.330566, 0.057416, 0.605957, 0.330566, 0.0567793, 0.606934, 0.330566, 0.0561754, 0.60791, 0.330566, 0.0556052, 0.608887, 0.330566, 0.0550696, 
        0.602051, 0.331543, 0.0602826, 0.603027, 0.331543, 0.0595576, 0.604004, 0.331543, 0.0588596, 0.60498, 0.331543, 0.0581904, 0.605957, 0.331543, 0.0575518, 0.606934, 0.331543, 0.056945, 0.60791, 0.331543, 0.0563711, 0.608887, 0.331543, 0.0558307, 
        0.602051, 0.33252, 0.0610898, 0.603027, 0.33252, 0.0603673, 0.604004, 0.33252, 0.0596707, 0.60498, 0.33252, 0.0590019, 0.605957, 0.33252, 0.0583625, 0.606934, 0.33252, 0.0577538, 0.60791, 0.33252, 0.0571767, 0.608887, 0.33252, 0.0566319, 
        0.602051, 0.333496, 0.0619277, 0.603027, 0.333496, 0.0612097, 0.604004, 0.333496, 0.0605163, 0.60498, 0.333496, 0.0598494, 0.605957, 0.333496, 0.0592104, 0.606934, 0.333496, 0.0586005, 0.60791, 0.333496, 0.0580208, 0.608887, 0.333496, 0.0574718, 
        0.602051, 0.334473, 0.0627951, 0.603027, 0.334473, 0.0620835, 0.604004, 0.334473, 0.061395, 0.60498, 0.334473, 0.0607313, 0.605957, 0.334473, 0.0600938, 0.606934, 0.334473, 0.0594837, 0.60791, 0.334473, 0.0589018, 0.608887, 0.334473, 0.0583488, 
        0.602051, 0.335449, 0.0636907, 0.603027, 0.335449, 0.0629872, 0.604004, 0.335449, 0.0623051, 0.60498, 0.335449, 0.0616459, 0.605957, 0.335449, 0.0610109, 0.606934, 0.335449, 0.0604013, 0.60791, 0.335449, 0.0598178, 0.608887, 0.335449, 0.059261
    ]
}
