{
    "level": 0,
    "idx": {"x": 77, "y": 31},
    "dim": {"x": 8, "y": 8},
    "offset": {"x": 0.602051, "y": 0.242676},
    "cellSize": {"x": 0.000976562, "y": 0.000976562},
    "vertices": [
        0.602051, 0.242676, 0.0225058, 0.603027, 0.242676, 0.0225068, 0.604004, 0.242676, 0.0224852, 0.60498, 0.242676, 0.0224395, 0.605957, 0.242676, 0.0223687, 0.606934, 0.242676, 0.0222719, 0.60791, 0.242676, 0.0221485, 0.608887, 0.242676, 0.021998, 
        0.602051, 0.243652, 0.022593, 0.603027, 0.243652, 0.0225745, 0.604004, 0.243652, 0.0225355, 0.60498, 0.243652, 0.0224748, 0.605957, 0.243652, 0.0223914, 0.606934, 0.243652, 0.0222845, 0.60791, 0.243652, 0.0221537, 0.608887, 0.243652, 0.0219984, 
        0.602051, 0.244629, 0.0226658, 0.603027, 0.244629, 0.0226264, 0.604004, 0.244629, 0.0225688, 0.60498, 0.244629, 0.022492, 0.605957, 0.244629, 0.0223952, 0.606934, 0.244629, 0.0222776, 0.60791, 0.244629, 0.0221389, 0.608887, 0.244629, 0.0219786, 
        0.602051, 0.245605, 0.0227264, 0.603027, 0.245605, 0.0226649, 0.604004, 0.245605, 0.0225876, 0.60498, 0.245605, 0.0224939, 0.605957, 0.245605, 0.0223829, 0.606934, 0.245605, 0.0222541, 0.60791, 0.245605, 0.0221071, 0.608887, 0.245605, 0.0219416, 
        0.602051, 0.246582, 0.0227771, 0.603027, 0.246582, 0.0226924, 0.604004, 0.246582, 0.0225947, 0.60498, 0.246582, 0.0224832, 0.605957, 0.246582, 0.0223574, 0.606934, 0.246582, 0.0222169, 0.60791, 0.246582, 0.0220613, 0.608887, 0.246582, 0.0218905, 
        0.602051, 0.247559, 0.0228205, 0.603027, 0.247559, 0.0227118, 0.604004, 0.247559, 0.0225928, 0.60498, 0.247559, 0.022463, 0.605957, 0.247559, 0.0223219, 0.606934, 0.247559, 0.0221693, 0.60791, 0.247559, 0.0220049, 0.608887, 0.247559, 0.0218286, 
        0.602051, 0.248535, 0.022859, 0.603027, 0.248535, 0.0227258, 0.604004, 0.248535, 0.022585, 0.60498, 0.248535, 0.0224363, 0.605957, 0.248535, 0.0222796, 0.606934, 0.248535, 0.0221146, 0.60791, 0.248535, 0.0219412, 0.608887, 0.248535, 0.0217593, 
        0.602051, 0.249512, 0.0228954, 0.603027, 0.249512, 0.0227371, 0.604004, 0.249512, 0.0225742, 0.60498, 0.249512, 0.0224065, 0.605957, 0.249512, 0.0222339, 0.606934, 0.249512, 0.0220563, 0.60791, 0.249512, 0.0218738, 0.608887, 0.249512, 0.0216862
    ]
}
