{
    "level": 0,
    "idx": {"x": 77, "y": 46},
    "dim": {"x": 8, "y": 8},
    "offset": {"x": 0.602051, "y": 0.359863},
    "cellSize": {"x": 0.000976562, "y": 0.000976562},
    "vertices": [
        0.602051, 0.359863, 0.0886356, 0.603027, 0.359863, 0.0881717, 0.604004, 0.359863, 0.0876787, 0.60498, 0.359863, 0.0871547, 0.605957, 0.359863, 0.0865983, 0.606934, 0.359863, 0.0860081, 0.60791, 0.359863, 0.0853834, 0.608887, 0.359863, 0.0847235, 
        0.602051, 0.36084, 0.0894864, 0.603027, 0.36084, 0.0890134, 0.604004, 0.36084, 0.0885116, 0.60498, 0.36084, 0.0879791, 0.605957, 0.36084, 0.0874144, 0.606934, 0.36084, 0.0868164, 0.60791, 0.36084, 0.0861841, 0.608887, 0.36084, 0.085517, 
        0.602051, 0.361816, 0.0903155, 0.603027, 0.361816, 0.0898312, 0.604004, 0.361816, 0.0893186, 0.60498, 0.361816, 0.0887759, 0.605957, 0.361816, 0.0882017, 0.606934, 0.361816, 0.0875947, 0.60791, 0.361816, 0.0869542, 0.608887, 0.361816, 0.0862794, 
        0.602051, 0.362793, 0.0911232, 0.603027, 0.362793, 0.0906254, 0.604004, 0.362793, 0.0901001, 0.60498, 0.362793, 0.0895456, 0.605957, 0.362793, 0.0889605, 0.606934, 0.362793, 0.0883436, 0.60791, 0.362793, 0.0876941, 0.608887, 0.362793, 0.0870114, 
        0.602051, 0.36377, 0.0919103, 0.603027, 0.36377, 0.0913968, 0.604004, 0.36377, 0.0908569, 0.60498, 0.36377, 0.090289, 0.605957, 0.36377, 0.0896917, 0.606934, 0.36377, 0.0890639, 0.60791, 0.36377, 0.0884048, 0.608887, 0.36377, 0.0877139, 
        0.602051, 0.364746, 0.0926776, 0.603027, 0.364746, 0.0921464, 0.604004, 0.364746, 0.0915902, 0.60498, 0.364746, 0.0910073, 0.605957, 0.364746, 0.0903966, 0.606934, 0.364746, 0.0897569, 0.60791, 0.364746, 0.0890875, 0.608887, 0.364746, 0.088388, 
        0.602051, 0.365723, 0.0934264, 0.603027, 0.365723, 0.0928755, 0.604004, 0.365723, 0.0923011, 0.60498, 0.365723, 0.0917019, 0.605957, 0.365723, 0.0910765, 0.606934, 0.365723, 0.0904241, 0.60791, 0.365723, 0.0897439, 0.608887, 0.365723, 0.0890354, 
        0.602051, 0.366699, 0.0941579, 0.603027, 0.366699, 0.0935855, 0.604004, 0.366699, 0.0929914, 0.60498, 0.366699, 0.0923743, 0.605957, 0.366699, 0.0917332, 0.606934, 0.366699, 0.0910672, 0.60791, 0.366699, 0.0903756, 0.608887, 0.366699, 0.0896579
    ]
}
