{
    "level": 0,
    "idx": {"x": 77, "y": 122},
    "dim": {"x": 8, "y": 8},
    "offset": {"x": 0.602051, "y": 0.953613},
    "cellSize": {"x": 0.000976562, "y": 0.000976562},
    "vertices": [
        0.602051, 0.953613, 0.00261482, 0.603027, 0.953613, 0.00234716, 0.604004, 0.953613, 0.00210685, 0.60498, 0.953613, 0.00189584, 0.605957, 0.953613, 0.00171577, 0.606934, 0.953613, 0.00156798, 0.60791, 0.953613, 0.00145348, 0.608887, 0.953613, 0.00137293, 
        0.602051, 0.95459, 0.00256744, 0.603027, 0.95459, 0.00230361, 0.604004, 0.95459, 0.00206676, 0.60498, 0.95459, 0.00185879, 0.605957, 0.95459, 0.00168133, 0.606934, 0.95459, 0.00153571, 0.60791, 0.95459, 0.0014229, 0.608887, 0.95459, 0.00134358, 
        0.602051, 0.955566, 0.00254488, 0.603027, 0.955566, 0.00228709, 0.604004, 0.955566, 0.00205561, 0.60498, 0.955566, 0.00185231, 0.605957, 0.955566, 0.00167878, 0.606934, 0.955566, 0.00153631, 0.60791, 0.955566, 0.00142587, 0.608887, 0.955566, 0.00134809, 
        0.602051, 0.956543, 0.00254654, 0.603027, 0.956543, 0.00229693, 0.604004, 0.956543, 0.0020727, 0.60498, 0.956543, 0.00187566, 0.605957, 0.956543, 0.00170734, 0.606934, 0.956543, 0.001569, 0.60791, 0.956543, 0.00146156, 0.608887, 0.956543, 0.00138564, 
        0.602051, 0.95752, 0.00257156, 0.603027, 0.95752, 0.0023322, 0.604004, 0.95752, 0.00211703, 0.60498, 0.95752, 0.00192778, 0.605957, 0.95752, 0.00176592, 0.606934, 0.95752, 0.00163264, 0.60791, 0.95752, 0.00152882, 0.608887, 0.95752, 0.00145507, 
        0.602051, 0.958496, 0.00261884, 0.603027, 0.958496, 0.00239171, 0.604004, 0.958496, 0.00218734, 0.60498, 0.958496, 0.00200735, 0.605957, 0.958496, 0.00185313, 0.606934, 0.958496, 0.0017258, 0.60791, 0.958496, 0.00162621, 0.608887, 0.958496, 0.0015549, 
        0.602051, 0.959473, 0.00268706, 0.603027, 0.959473, 0.00247403, 0.604004, 0.959473, 0.00228208, 0.60498, 0.959473, 0.00211273, 0.605957, 0.959473, 0.00196727, 0.606934, 0.959473, 0.00184674, 0.60791, 0.959473, 0.00175192, 0.608887, 0.959473, 0.00168335, 
        0.602051, 0.960449, 0.00277467, 0.603027, 0.960449, 0.00257748, 0.604004, 0.960449, 0.00239948, 0.60498, 0.960449, 0.00224206, 0.605957, 0.960449, 0.00210639, 0.606934, 0.960449, 0.00199345, 0.60791, 0.960449, 0.00190394, 0.608887, 0.960449, 0.00183834
    ]
}
