{
    "level": 0,
    "idx": {"x": 77, "y": 78},
    "dim": {"x": 8, "y": 8},
    "offset": {"x": 0.602051, "y": 0.609863},
    "cellSize": {"x": 0.000976562, "y": 0.000976562},
    "vertices": [
        0.602051, 0.609863, 0.130019, 0.603027, 0.609863, 0.129232, 0.604004, 0.609863, 0.128412, 0.60498, 0.609863, 0.127558, 0.605957, 0.609863, 0.126668, 0.606934, 0.609863, 0.12574, 0.60791, 0.609863, 0.124775, 0.608887, 0.609863, 0.123772, 
        0.602051, 0.61084, 0.128878, 0.603027, 0.61084, 0.128097, 0.604004, 0.61084, 0.127283, 0.60498, 0.61084, 0.126436, 0.605957, 0.61084, 0.125553, 0.606934, 0.61084, 0.124634, 0.60791, 0.61084, 0.123677, 0.608887, 0.61084, 0.122683, 
        0.602051, 0.611816, 0.127707, 0.603027, 0.611816, 0.12693, 0.604004, 0.611816, 0.126122, 0.60498, 0.611816, 0.12528, 0.605957, 0.611816, 0.124404, 0.606934, 0.611816, 0.123491, 0.60791, 0.611816, 0.122542, 0.608887, 0.611816, 0.121556, 
        0.602051, 0.612793, 0.126508, 0.603027, 0.612793, 0.125733, 0.604004, 0.612793, 0.124928, 0.60498, 0.612793, 0.12409, 0.605957, 0.612793, 0.123219, 0.606934, 0.612793, 0.122312, 0.60791, 0.612793, 0.12137, 0.608887, 0.612793, 0.120392, 
        0.602051, 0.61377, 0.125282, 0.603027, 0.61377, 0.124507, 0.604004, 0.61377, 0.123703, 0.60498, 0.61377, 0.122868, 0.605957, 0.61377, 0.122, 0.606934, 0.61377, 0.121099, 0.60791, 0.61377, 0.120163, 0.608887, 0.61377, 0.119193, 
        0.602051, 0.614746, 0.12403, 0.603027, 0.614746, 0.123253, 0.604004, 0.614746, 0.122448, 0.60498, 0.614746, 0.121614, 0.605957, 0.614746, 0.120749, 0.606934, 0.614746, 0.119852, 0.60791, 0.614746, 0.118922, 0.608887, 0.614746, 0.117959, 
        0.602051, 0.615723, 0.122753, 0.603027, 0.615723, 0.121973, 0.604004, 0.615723, 0.121166, 0.60498, 0.615723, 0.120331, 0.605957, 0.615723, 0.119467, 0.606934, 0.615723, 0.118574, 0.60791, 0.615723, 0.117649, 0.608887, 0.615723, 0.116694, 
        0.602051, 0.616699, 0.121454, 0.603027, 0.616699, 0.120668, 0.604004, 0.616699, 0.119857, 0.60498, 0.616699, 0.119021, 0.605957, 0.616699, 0.118157, 0.606934, 0.616699, 0.117266, 0.60791, 0.616699, 0.116347, 0.608887, 0.616699, 0.115398
    ]
}
