{
    "level": 0,
    "idx": {"x": 77, "y": 79},
    "dim": {"x": 8, "y": 8},
    "offset": {"x": 0.602051, "y": 0.617676},
    "cellSize": {"x": 0.000976562, "y": 0.000976562},
    "vertices": [
        0.602051, 0.617676, 0.120134, 0.603027, 0.617676, 0.119341, 0.604004, 0.617676, 0.118525, 0.60498, 0.617676, 0.117685, 0.605957, 0.617676, 0.116821, 0.606934, 0.617676, 0.115932, 0.60791, 0.617676, 0.115017, 0.608887, 0.617676, 0.114075, 
        0.602051, 0.618652, 0.118795, 0.603027, 0.618652, 0.117993, 0.604004, 0.618652, 0.117171, 0.60498, 0.618652, 0.116327, 0.605957, 0.618652, 0.115462, 0.606934, 0.618652, 0.114574, 0.60791, 0.618652, 0.113662, 0.608887, 0.618652, 0.112728, 
        0.602051, 0.619629, 0.117439, 0.603027, 0.619629, 0.116627, 0.604004, 0.619629, 0.115798, 0.60498, 0.619629, 0.114949, 0.605957, 0.619629, 0.114081, 0.606934, 0.619629, 0.113194, 0.60791, 0.619629, 0.112286, 0.608887, 0.619629, 0.111358, 
        0.602051, 0.620605, 0.11607, 0.603027, 0.620605, 0.115247, 0.604004, 0.620605, 0.114408, 0.60498, 0.620605, 0.113554, 0.605957, 0.620605, 0.112683, 0.606934, 0.620605, 0.111796, 0.60791, 0.620605, 0.110891, 0.608887, 0.620605, 0.10997, 
        0.602051, 0.621582, 0.114688, 0.603027, 0.621582, 0.113853, 0.604004, 0.621582, 0.113005, 0.60498, 0.621582, 0.112145, 0.605957, 0.621582, 0.111271, 0.606934, 0.621582, 0.110383, 0.60791, 0.621582, 0.109481, 0.608887, 0.621582, 0.108566, 
        0.602051, 0.622559, 0.113298, 0.603027, 0.622559, 0.11245, 0.604004, 0.622559, 0.111592, 0.60498, 0.622559, 0.110725, 0.605957, 0.622559, 0.109847, 0.606934, 0.622559, 0.108958, 0.60791, 0.622559, 0.108059, 0.608887, 0.622559, 0.10715, 
        0.602051, 0.623535, 0.111902, 0.603027, 0.623535, 0.11104, 0.604004, 0.623535, 0.110172, 0.60498, 0.623535, 0.109297, 0.605957, 0.623535, 0.108415, 0.606934, 0.623535, 0.107526, 0.60791, 0.623535, 0.106629, 0.608887, 0.623535, 0.105726, 
        0.602051, 0.624512, 0.110502, 0.603027, 0.624512, 0.109627, 0.604004, 0.624512, 0.108748, 0.60498, 0.624512, 0.107865, 0.605957, 0.624512, 0.106978, 0.606934, 0.624512, 0.106088, 0.60791, 0.624512, 0.105195, 0.608887, 0.624512, 0.104297
    ]
}
