{
    "level": 0,
    "idx": {"x": 77, "y": 115},
    "dim": {"x": 8, "y": 8},
    "offset": {"x": 0.602051, "y": 0.898926},
    "cellSize": {"x": 0.000976562, "y": 0.000976562},
    "vertices": [
        0.602051, 0.898926, 0.00518018, 0.603027, 0.898926, 0.00498285, 0.604004, 0.898926, 0.00480206, 0.60498, 0.898926, 0.00463909, 0.605957, 0.898926, 0.00449501, 0.606934, 0.898926, 0.00437069, 0.60791, 0.898926, 0.00426678, 0.608887, 0.898926, 0.00418373, 
        0.602051, 0.899902, 0.00543034, 0.603027, 0.899902, 0.00525088, 0.604004, 0.899902, 0.00508566, 0.60498, 0.899902, 0.0049358, 0.605957, 0.899902, 0.00480224, 0.606934, 0.899902, 0.00468575, 0.60791, 0.899902, 0.0045869, 0.608887, 0.899902, 0.00450608, 
        0.602051, 0.900879, 0.00569378, 0.603027, 0.900879, 0.00553346, 0.604004, 0.900879, 0.00538492, 0.60498, 0.900879, 0.00524911, 0.605957, 0.900879, 0.00512684, 0.606934, 0.900879, 0.00501875, 0.60791, 0.900879, 0.00492535, 0.608887, 0.900879, 0.00484696, 
        0.602051, 0.901855, 0.00596817, 0.603027, 0.901855, 0.00582808, 0.604004, 0.901855, 0.00569717, 0.60498, 0.901855, 0.00557621, 0.605957, 0.901855, 0.00546586, 0.606934, 0.901855, 0.00536668, 0.60791, 0.901855, 0.00527906, 0.608887, 0.901855, 0.00520327, 
        0.602051, 0.902832, 0.00625115, 0.603027, 0.902832, 0.00613217, 0.604004, 0.902832, 0.00601965, 0.60498, 0.902832, 0.00591421, 0.605957, 0.902832, 0.00581634, 0.606934, 0.902832, 0.00572646, 0.60791, 0.902832, 0.00564489, 0.608887, 0.902832, 0.00557185, 
        0.602051, 0.903809, 0.00654017, 0.603027, 0.903809, 0.00644299, 0.604004, 0.903809, 0.00634947, 0.60498, 0.903809, 0.00626004, 0.605957, 0.903809, 0.00617506, 0.606934, 0.903809, 0.00609481, 0.60791, 0.903809, 0.00601951, 0.608887, 0.903809, 0.00594932, 
        0.602051, 0.904785, 0.00683264, 0.603027, 0.904785, 0.00675771, 0.604004, 0.904785, 0.0066836, 0.60498, 0.904785, 0.00661055, 0.605957, 0.904785, 0.00653874, 0.606934, 0.904785, 0.00646833, 0.60791, 0.904785, 0.00639945, 0.608887, 0.904785, 0.00633219, 
        0.602051, 0.905762, 0.00712594, 0.603027, 0.905762, 0.00707353, 0.604004, 0.905762, 0.00701906, 0.60498, 0.905762, 0.00696257, 0.605957, 0.905762, 0.00690409, 0.606934, 0.905762, 0.00684365, 0.60791, 0.905762, 0.00678128, 0.608887, 0.905762, 0.00671701
    ]
}
