{
    "level": 0,
    "idx": {"x": 77, "y": 65},
    "dim": {"x": 8, "y": 8},
    "offset": {"x": 0.602051, "y": 0.508301},
    "cellSize": {"x": 0.000976562, "y": 0.000976562},
    "vertices": [
        0.602051, 0.508301, 0.195515, 0.603027, 0.508301, 0.193754, 0.604004, 0.508301, 0.192013, 0.60498, 0.508301, 0.190292, 0.605957, 0.508301, 0.188594, 0.606934, 0.508301, 0.186919, 0.60791, 0.508301, 0.185269, 0.608887, 0.508301, 0.183644, 
        0.602051, 0.509277, 0.195332, 0.603027, 0.509277, 0.193557, 0.604004, 0.509277, 0.191803, 0.60498, 0.509277, 0.190072, 0.605957, 0.509277, 0.188365, 0.606934, 0.509277, 0.186684, 0.60791, 0.509277, 0.18503, 0.608887, 0.509277, 0.183403, 
        0.602051, 0.510254, 0.195156, 0.603027, 0.510254, 0.193369, 0.604004, 0.510254, 0.191604, 0.60498, 0.510254, 0.189864, 0.605957, 0.510254, 0.18815, 0.606934, 0.510254, 0.186463, 0.60791, 0.510254, 0.184805, 0.608887, 0.510254, 0.183177, 
        0.602051, 0.51123, 0.194987, 0.603027, 0.51123, 0.19319, 0.604004, 0.51123, 0.191416, 0.60498, 0.51123, 0.189668, 0.605957, 0.51123, 0.187948, 0.606934, 0.51123, 0.186257, 0.60791, 0.51123, 0.184596, 0.608887, 0.51123, 0.182967, 
        0.602051, 0.512207, 0.194827, 0.603027, 0.512207, 0.193022, 0.604004, 0.512207, 0.191241, 0.60498, 0.512207, 0.189488, 0.605957, 0.512207, 0.187763, 0.606934, 0.512207, 0.186068, 0.60791, 0.512207, 0.184405, 0.608887, 0.512207, 0.182775, 
        0.602051, 0.513184, 0.194678, 0.603027, 0.513184, 0.192866, 0.604004, 0.513184, 0.191081, 0.60498, 0.513184, 0.189323, 0.605957, 0.513184, 0.187595, 0.606934, 0.513184, 0.185898, 0.60791, 0.513184, 0.184233, 0.608887, 0.513184, 0.182602, 
        0.602051, 0.51416, 0.194539, 0.603027, 0.51416, 0.192724, 0.604004, 0.51416, 0.190935, 0.60498, 0.51416, 0.189175, 0.605957, 0.51416, 0.187445, 0.606934, 0.51416, 0.185747, 0.60791, 0.51416, 0.184082, 0.608887, 0.51416, 0.18245, 
        0.602051, 0.515137, 0.194411, 0.603027, 0.515137, 0.192595, 0.604004, 0.515137, 0.190806, 0.60498, 0.515137, 0.189044, 0.605957, 0.515137, 0.187314, 0.606934, 0.515137, 0.185615, 0.60791, 0.515137, 0.18395, 0.608887, 0.515137, 0.18232
    ]
}
