{
    "level": 0,
    "idx": {"x": 78, "y": 61},
    "dim": {"x": 8, "y": 8},
    "offset": {"x": 0.609863, "y": 0.477051},
    "cellSize": {"x": 0.000976562, "y": 0.000976562},
    "vertices": [
        0.609863, 0.477051, 0.18044, 0.61084, 0.477051, 0.178876, 0.611816, 0.477051, 0.177286, 0.612793, 0.477051, 0.175672, 0.61377, 0.477051, 0.174033, 0.614746, 0.477051, 0.172372, 0.615723, 0.477051, 0.17069, 0.616699, 0.477051, 0.168989, 
        0.609863, 0.478027, 0.181104, 0.61084, 0.478027, 0.179534, 0.611816, 0.478027, 0.177935, 0.612793, 0.478027, 0.17631, 0.61377, 0.478027, 0.174658, 0.614746, 0.478027, 0.172982, 0.615723, 0.478027, 0.171283, 0.616699, 0.478027, 0.169563, 
        0.609863, 0.479004, 0.181727, 0.61084, 0.479004, 0.18015, 0.611816, 0.479004, 0.178544, 0.612793, 0.479004, 0.176909, 0.61377, 0.479004, 0.175245, 0.614746, 0.479004, 0.173556, 0.615723, 0.479004, 0.171841, 0.616699, 0.479004, 0.170104, 
        0.609863, 0.47998, 0.182306, 0.61084, 0.47998, 0.180724, 0.611816, 0.47998, 0.17911, 0.612793, 0.47998, 0.177466, 0.61377, 0.47998, 0.175792, 0.614746, 0.47998, 0.17409, 0.615723, 0.47998, 0.172362, 0.616699, 0.47998, 0.17061, 
        0.609863, 0.480957, 0.18284, 0.61084, 0.480957, 0.181253, 0.611816, 0.480957, 0.179632, 0.612793, 0.480957, 0.17798, 0.61377, 0.480957, 0.176297, 0.614746, 0.480957, 0.174585, 0.615723, 0.480957, 0.172846, 0.616699, 0.480957, 0.171081, 
        0.609863, 0.481934, 0.183327, 0.61084, 0.481934, 0.181735, 0.611816, 0.481934, 0.180109, 0.612793, 0.481934, 0.17845, 0.61377, 0.481934, 0.17676, 0.614746, 0.481934, 0.175039, 0.615723, 0.481934, 0.173289, 0.616699, 0.481934, 0.171514, 
        0.609863, 0.48291, 0.183766, 0.61084, 0.48291, 0.18217, 0.611816, 0.48291, 0.180539, 0.612793, 0.48291, 0.178875, 0.61377, 0.48291, 0.177178, 0.614746, 0.48291, 0.17545, 0.615723, 0.48291, 0.173693, 0.616699, 0.48291, 0.17191, 
        0.609863, 0.483887, 0.184156, 0.61084, 0.483887, 0.182557, 0.611816, 0.483887, 0.180922, 0.612793, 0.483887, 0.179253, 0.61377, 0.483887, 0.177551, 0.614746, 0.483887, 0.175818, 0.615723, 0.483887, 0.174056, 0.616699, 0.483887, 0.172267
    ]
}
