{
    "level": 0,
    "idx": {"x": 78, "y": 123},
    "dim": {"x": 8, "y": 8},
    "offset": {"x": 0.609863, "y": 0.961426},
    "cellSize": {"x": 0.000976562, "y": 0.000976562},
    "vertices": [
        0.609863, 0.961426, 0.0019767, 0.61084, 0.961426, 0.00195743, 0.611816, 0.961426, 0.00195948, 0.612793, 0.961426, 0.00198239, 0.61377, 0.961426, 0.00202551, 0.614746, 0.961426, 0.00208796, 0.615723, 0.961426, 0.00216866, 0.616699, 0.961426, 0.00226635, 
        0.609863, 0.962402, 0.00217811, 0.61084, 0.962402, 0.00215664, 0.611816, 0.962402, 0.00215371, 0.612793, 0.962402, 0.00216892, 0.61377, 0.962402, 0.0022017, 0.614746, 0.962402, 0.00225127, 0.615723, 0.962402, 0.00231671, 0.616699, 0.962402, 0.00239689, 
        0.609863, 0.963379, 0.0023983, 0.61084, 0.963379, 0.00237443, 0.611816, 0.963379, 0.00236613, 0.612793, 0.963379, 0.00237306, 0.61377, 0.963379, 0.00239472, 0.614746, 0.963379, 0.00243049, 0.615723, 0.963379, 0.00247955, 0.616699, 0.963379, 0.00254097, 
        0.609863, 0.964355, 0.00263424, 0.61084, 0.964355, 0.00260781, 0.611816, 0.964355, 0.0025938, 0.612793, 0.964355, 0.00259195, 0.61377, 0.964355, 0.00260187, 0.614746, 0.964355, 0.00262302, 0.615723, 0.964355, 0.00265478, 0.616699, 0.964355, 0.00269636, 
        0.609863, 0.965332, 0.00288281, 0.61084, 0.965332, 0.00285367, 0.611816, 0.965332, 0.00283369, 0.612793, 0.965332, 0.00282266, 0.61377, 0.965332, 0.0028203, 0.614746, 0.965332, 0.00282621, 0.615723, 0.965332, 0.00283989, 0.616699, 0.965332, 0.00286078, 
        0.609863, 0.966309, 0.00314065, 0.61084, 0.966309, 0.0031087, 0.611816, 0.966309, 0.00308255, 0.612793, 0.966309, 0.00306206, 0.61377, 0.966309, 0.00304702, 0.614746, 0.966309, 0.00303719, 0.615723, 0.966309, 0.00303223, 0.616699, 0.966309, 0.00303177, 
        0.609863, 0.967285, 0.0034044, 0.61084, 0.967285, 0.00336959, 0.611816, 0.967285, 0.00333713, 0.612793, 0.967285, 0.00330696, 0.61377, 0.967285, 0.003279, 0.614746, 0.967285, 0.0032531, 0.615723, 0.967285, 0.00322912, 0.616699, 0.967285, 0.00320686, 
        0.609863, 0.968262, 0.00367055, 0.61084, 0.968262, 0.00363284, 0.611816, 0.968262, 0.00359402, 0.612793, 0.968262, 0.00355408, 0.61377, 0.968262, 0.00351306, 0.614746, 0.968262, 0.00347094, 0.615723, 0.968262, 0.00342774, 0.616699, 0.968262, 0.00338348
    ]
}
