{
    "level": 0,
    "idx": {"x": 78, "y": 75},
    "dim": {"x": 8, "y": 8},
    "offset": {"x": 0.609863, "y": 0.586426},
    "cellSize": {"x": 0.000976562, "y": 0.000976562},
    "vertices": [
        0.609863, 0.586426, 0.140408, 0.61084, 0.586426, 0.139186, 0.611816, 0.586426, 0.137986, 0.612793, 0.586426, 0.136807, 0.61377, 0.586426, 0.135648, 0.614746, 0.586426, 0.13451, 0.615723, 0.586426, 0.133391, 0.616699, 0.586426, 0.132289, 
        0.609863, 0.587402, 0.139755, 0.61084, 0.587402, 0.138538, 0.611816, 0.587402, 0.13734, 0.612793, 0.587402, 0.136161, 0.61377, 0.587402, 0.134999, 0.614746, 0.587402, 0.133856, 0.615723, 0.587402, 0.132729, 0.616699, 0.587402, 0.131617, 
        0.609863, 0.588379, 0.139117, 0.61084, 0.588379, 0.137905, 0.611816, 0.588379, 0.136709, 0.612793, 0.588379, 0.135529, 0.61377, 0.588379, 0.134364, 0.614746, 0.588379, 0.133214, 0.615723, 0.588379, 0.132078, 0.616699, 0.588379, 0.130955, 
        0.609863, 0.589355, 0.138491, 0.61084, 0.589355, 0.137284, 0.611816, 0.589355, 0.13609, 0.612793, 0.589355, 0.134908, 0.61377, 0.589355, 0.133739, 0.614746, 0.589355, 0.132581, 0.615723, 0.589355, 0.131436, 0.616699, 0.589355, 0.130301, 
        0.609863, 0.590332, 0.137874, 0.61084, 0.590332, 0.136672, 0.611816, 0.590332, 0.135479, 0.612793, 0.590332, 0.134296, 0.61377, 0.590332, 0.133122, 0.614746, 0.590332, 0.131957, 0.615723, 0.590332, 0.1308, 0.616699, 0.590332, 0.129652, 
        0.609863, 0.591309, 0.137264, 0.61084, 0.591309, 0.136066, 0.611816, 0.591309, 0.134875, 0.612793, 0.591309, 0.133689, 0.61377, 0.591309, 0.13251, 0.614746, 0.591309, 0.131336, 0.615723, 0.591309, 0.130169, 0.616699, 0.591309, 0.129006, 
        0.609863, 0.592285, 0.136657, 0.61084, 0.592285, 0.135463, 0.611816, 0.592285, 0.134273, 0.612793, 0.592285, 0.133085, 0.61377, 0.592285, 0.1319, 0.614746, 0.592285, 0.130718, 0.615723, 0.592285, 0.129539, 0.616699, 0.592285, 0.128362, 
        0.609863, 0.593262, 0.136049, 0.61084, 0.593262, 0.13486, 0.611816, 0.593262, 0.133671, 0.612793, 0.593262, 0.132481, 0.61377, 0.593262, 0.13129, 0.614746, 0.593262, 0.130099, 0.615723, 0.593262, 0.128908, 0.616699, 0.593262, 0.127717
    ]
}
