{
    "level": 0,
    "idx": {"x": 78, "y": 14},
    "dim": {"x": 8, "y": 8},
    "offset": {"x": 0.609863, "y": 0.109863},
    "cellSize": {"x": 0.000976562, "y": 0.000976562},
    "vertices": [
        0.609863, 0.109863, -0.00165291, 0.61084, 0.109863, -0.00163685, 0.611816, 0.109863, -0.00165457, 0.612793, 0.109863, -0.00170536, 0.61377, 0.109863, -0.00178818, 0.614746, 0.109863, -0.00190165, 0.615723, 0.109863, -0.00204409, 0.616699, 0.109863, -0.0022135, 
        0.609863, 0.11084, -0.00160427, 0.61084, 0.11084, -0.00158868, 0.611816, 0.11084, -0.00160668, 0.612793, 0.11084, -0.00165757, 0.61377, 0.11084, -0.0017403, 0.614746, 0.11084, -0.00185351, 0.615723, 0.11084, -0.00199553, 0.616699, 0.11084, -0.00216437, 
        0.609863, 0.111816, -0.00158924, 0.61084, 0.111816, -0.00157376, 0.611816, 0.111816, -0.00159134, 0.612793, 0.111816, -0.00164128, 0.61377, 0.111816, -0.00172256, 0.614746, 0.111816, -0.00183384, 0.615723, 0.111816, -0.00197346, 0.616699, 0.111816, -0.00213949, 
        0.609863, 0.112793, -0.00160727, 0.61084, 0.112793, -0.00159154, 0.611816, 0.112793, -0.001608, 0.612793, 0.112793, -0.00165598, 0.61377, 0.112793, -0.00173447, 0.614746, 0.112793, -0.00184217, 0.615723, 0.112793, -0.00197746, 0.616699, 0.112793, -0.00213845, 
        0.609863, 0.11377, -0.00165747, 0.61084, 0.11377, -0.00164115, 0.611816, 0.11377, -0.00165582, 0.612793, 0.11377, -0.00170083, 0.61377, 0.11377, -0.00177523, 0.614746, 0.11377, -0.00187774, 0.615723, 0.11377, -0.00200681, 0.616699, 0.11377, -0.00216062, 
        0.609863, 0.114746, -0.00173862, 0.61084, 0.114746, -0.00172137, 0.611816, 0.114746, -0.00173361, 0.612793, 0.114746, -0.0017747, 0.61377, 0.114746, -0.00184373, 0.614746, 0.114746, -0.00193951, 0.615723, 0.114746, -0.00206054, 0.616699, 0.114746, -0.00220509, 
        0.609863, 0.115723, -0.00184918, 0.61084, 0.115723, -0.00183069, 0.611816, 0.115723, -0.00183987, 0.612793, 0.115723, -0.00187613, 0.61377, 0.115723, -0.0019386, 0.614746, 0.115723, -0.00202617, 0.615723, 0.115723, -0.00213742, 0.616699, 0.115723, -0.00227074, 
        0.609863, 0.116699, -0.00198731, 0.61084, 0.116699, -0.00196728, 0.611816, 0.116699, -0.00197282, 0.612793, 0.116699, -0.00200339, 0.61377, 0.116699, -0.00205817, 0.614746, 0.116699, -0.00213614, 0.615723, 0.116699, -0.00223599, 0.616699, 0.116699, -0.00235621
    ]
}
