{
    "level": 0,
    "idx": {"x": 79, "y": 101},
    "dim": {"x": 8, "y": 8},
    "offset": {"x": 0.617676, "y": 0.789551},
    "cellSize": {"x": 0.000976562, "y": 0.000976562},
    "vertices": [
        0.617676, 0.789551, 0.00333932, 0.618652, 0.789551, 0.00312884, 0.619629, 0.789551, 0.00290376, 0.620605, 0.789551, 0.00266632, 0.621582, 0.789551, 0.00241893, 0.622559, 0.789551, 0.00216406, 0.623535, 0.789551, 0.0019043, 0.624512, 0.789551, 0.00164228, 
        0.617676, 0.790527, 0.00343312, 0.618652, 0.790527, 0.0032055, 0.619629, 0.790527, 0.00296198, 0.620605, 0.790527, 0.00270498, 0.621582, 0.790527, 0.00243709, 0.622559, 0.790527, 0.00216099, 0.623535, 0.790527, 0.00187947, 0.624512, 0.790527, 0.00159537, 
        0.617676, 0.791504, 0.00351125, 0.618652, 0.791504, 0.00326872, 0.619629, 0.791504, 0.00300916, 0.620605, 0.791504, 0.00273513, 0.621582, 0.791504, 0.00244941, 0.622559, 0.791504, 0.00215483, 0.623535, 0.791504, 0.00185437, 0.624512, 0.791504, 0.00155105, 
        0.617676, 0.79248, 0.00357241, 0.618652, 0.79248, 0.00331734, 0.619629, 0.79248, 0.00304429, 0.620605, 0.79248, 0.00275595, 0.621582, 0.79248, 0.00245522, 0.622559, 0.79248, 0.0021451, 0.623535, 0.79248, 0.00182869, 0.624512, 0.79248, 0.00150919, 
        0.617676, 0.793457, 0.00361545, 0.618652, 0.793457, 0.00335036, 0.619629, 0.793457, 0.0030665, 0.620605, 0.793457, 0.00276669, 0.621582, 0.793457, 0.00245393, 0.622559, 0.793457, 0.00213135, 0.623535, 0.793457, 0.00180216, 0.624512, 0.793457, 0.00146968, 
        0.617676, 0.794434, 0.00363951, 0.618652, 0.794434, 0.00336697, 0.619629, 0.794434, 0.00307509, 0.620605, 0.794434, 0.00276677, 0.621582, 0.794434, 0.00244508, 0.622559, 0.794434, 0.00211323, 0.623535, 0.794434, 0.00177454, 0.624512, 0.794434, 0.0014324, 
        0.617676, 0.79541, 0.00364387, 0.618652, 0.79541, 0.00336656, 0.619629, 0.79541, 0.00306954, 0.620605, 0.79541, 0.00275574, 0.621582, 0.79541, 0.0024283, 0.622559, 0.79541, 0.00209048, 0.623535, 0.79541, 0.00174565, 0.624512, 0.79541, 0.00139727, 
        0.617676, 0.796387, 0.00362809, 0.618652, 0.796387, 0.00334872, 0.619629, 0.796387, 0.00304947, 0.620605, 0.796387, 0.00273328, 0.621582, 0.796387, 0.00240333, 0.622559, 0.796387, 0.00206289, 0.623535, 0.796387, 0.00171535, 0.624512, 0.796387, 0.0013642
    ]
}
