{
    "level": 0,
    "idx": {"x": 79, "y": 47},
    "dim": {"x": 8, "y": 8},
    "offset": {"x": 0.617676, "y": 0.367676},
    "cellSize": {"x": 0.000976562, "y": 0.000976562},
    "vertices": [
        0.617676, 0.367676, 0.0827179, 0.618652, 0.367676, 0.0817885, 0.619629, 0.367676, 0.0808466, 0.620605, 0.367676, 0.0798944, 0.621582, 0.367676, 0.0789343, 0.622559, 0.367676, 0.0779686, 0.623535, 0.367676, 0.0769995, 0.624512, 0.367676, 0.0760297, 
        0.617676, 0.368652, 0.0833279, 0.618652, 0.368652, 0.082413, 0.619629, 0.368652, 0.0814874, 0.620605, 0.368652, 0.0805529, 0.621582, 0.368652, 0.0796117, 0.622559, 0.368652, 0.0786657, 0.623535, 0.368652, 0.0777171, 0.624512, 0.368652, 0.0767681, 
        0.617676, 0.369629, 0.0839271, 0.618652, 0.369629, 0.0830285, 0.619629, 0.369629, 0.0821209, 0.620605, 0.369629, 0.081206, 0.621582, 0.369629, 0.0802855, 0.622559, 0.369629, 0.0793613, 0.623535, 0.369629, 0.0784352, 0.624512, 0.369629, 0.0775092, 
        0.617676, 0.370605, 0.0845174, 0.618652, 0.370605, 0.0836365, 0.619629, 0.370605, 0.0827485, 0.620605, 0.370605, 0.0818547, 0.621582, 0.370605, 0.0809568, 0.622559, 0.370605, 0.0800561, 0.623535, 0.370605, 0.0791543, 0.624512, 0.370605, 0.0782531, 
        0.617676, 0.371582, 0.0851009, 0.618652, 0.371582, 0.0842389, 0.619629, 0.371582, 0.0833717, 0.620605, 0.371582, 0.0825004, 0.621582, 0.371582, 0.0816264, 0.622559, 0.371582, 0.0807507, 0.623535, 0.371582, 0.0798747, 0.624512, 0.371582, 0.0789998, 
        0.617676, 0.372559, 0.0856796, 0.618652, 0.372559, 0.0848374, 0.619629, 0.372559, 0.083992, 0.620605, 0.372559, 0.0831443, 0.621582, 0.372559, 0.0822953, 0.622559, 0.372559, 0.0814458, 0.623535, 0.372559, 0.0805968, 0.624512, 0.372559, 0.0797493, 
        0.617676, 0.373535, 0.0862557, 0.618652, 0.373535, 0.085434, 0.619629, 0.373535, 0.0846111, 0.620605, 0.373535, 0.0837877, 0.621582, 0.373535, 0.0829645, 0.622559, 0.373535, 0.082142, 0.623535, 0.373535, 0.0813208, 0.624512, 0.373535, 0.0805017, 
        0.617676, 0.374512, 0.0868314, 0.618652, 0.374512, 0.0860305, 0.619629, 0.374512, 0.0852306, 0.620605, 0.374512, 0.084432, 0.621582, 0.374512, 0.0836351, 0.622559, 0.374512, 0.0828401, 0.623535, 0.374512, 0.0820472, 0.624512, 0.374512, 0.081257
    ]
}
