{
    "level": 0,
    "idx": {"x": 79, "y": 43},
    "dim": {"x": 8, "y": 8},
    "offset": {"x": 0.617676, "y": 0.336426},
    "cellSize": {"x": 0.000976562, "y": 0.000976562},
    "vertices": [
        0.617676, 0.336426, 0.0562292, 0.618652, 0.336426, 0.0558901, 0.619629, 0.336426, 0.0555663, 0.620605, 0.336426, 0.0552557, 0.621582, 0.336426, 0.0549562, 0.622559, 0.336426, 0.0546658, 0.623535, 0.336426, 0.0543821, 0.624512, 0.336426, 0.0541028, 
        0.617676, 0.337402, 0.0570594, 0.618652, 0.337402, 0.0566934, 0.619629, 0.337402, 0.0563411, 0.620605, 0.337402, 0.0560006, 0.621582, 0.337402, 0.0556703, 0.622559, 0.337402, 0.0553481, 0.623535, 0.337402, 0.055032, 0.624512, 0.337402, 0.0547201, 
        0.617676, 0.338379, 0.0579096, 0.618652, 0.338379, 0.0575149, 0.619629, 0.338379, 0.0571322, 0.620605, 0.338379, 0.0567599, 0.621582, 0.338379, 0.0563966, 0.622559, 0.338379, 0.0560405, 0.623535, 0.338379, 0.05569, 0.624512, 0.338379, 0.0553432, 
        0.617676, 0.339355, 0.0587778, 0.618652, 0.339355, 0.0583528, 0.619629, 0.339355, 0.0579381, 0.620605, 0.339355, 0.0575323, 0.621582, 0.339355, 0.0571342, 0.622559, 0.339355, 0.0567424, 0.623535, 0.339355, 0.0563554, 0.624512, 0.339355, 0.0559718, 
        0.617676, 0.340332, 0.0596618, 0.618652, 0.340332, 0.0592053, 0.619629, 0.340332, 0.0587572, 0.620605, 0.340332, 0.0583164, 0.621582, 0.340332, 0.0578821, 0.622559, 0.340332, 0.057453, 0.623535, 0.340332, 0.057028, 0.624512, 0.340332, 0.056606, 
        0.617676, 0.341309, 0.0605594, 0.618652, 0.341309, 0.0600705, 0.619629, 0.341309, 0.0595879, 0.620605, 0.341309, 0.059111, 0.621582, 0.341309, 0.0586392, 0.622559, 0.341309, 0.0581715, 0.623535, 0.341309, 0.0577073, 0.624512, 0.341309, 0.0572456, 
        0.617676, 0.342285, 0.0614686, 0.618652, 0.342285, 0.0609463, 0.619629, 0.342285, 0.0604285, 0.620605, 0.342285, 0.0599146, 0.621582, 0.342285, 0.0594044, 0.622559, 0.342285, 0.0588972, 0.623535, 0.342285, 0.0583927, 0.624512, 0.342285, 0.0578904, 
        0.617676, 0.343262, 0.0623868, 0.618652, 0.343262, 0.0618307, 0.619629, 0.343262, 0.0612771, 0.620605, 0.343262, 0.0607257, 0.621582, 0.343262, 0.0601764, 0.622559, 0.343262, 0.0596292, 0.623535, 0.343262, 0.0590839, 0.624512, 0.343262, 0.0585403
    ]
}
