{
    "level": 0,
    "idx": {"x": 79, "y": 55},
    "dim": {"x": 8, "y": 8},
    "offset": {"x": 0.617676, "y": 0.430176},
    "cellSize": {"x": 0.000976562, "y": 0.000976562},
    "vertices": [
        0.617676, 0.430176, 0.136802, 0.618652, 0.430176, 0.135383, 0.619629, 0.430176, 0.133953, 0.620605, 0.430176, 0.132514, 0.621582, 0.430176, 0.131069, 0.622559, 0.430176, 0.12962, 0.623535, 0.430176, 0.128169, 0.624512, 0.430176, 0.126719, 
        0.617676, 0.431152, 0.137415, 0.618652, 0.431152, 0.136011, 0.619629, 0.431152, 0.134596, 0.620605, 0.431152, 0.133175, 0.621582, 0.431152, 0.131748, 0.622559, 0.431152, 0.130317, 0.623535, 0.431152, 0.128886, 0.624512, 0.431152, 0.127456, 
        0.617676, 0.432129, 0.138009, 0.618652, 0.432129, 0.13662, 0.619629, 0.432129, 0.135224, 0.620605, 0.432129, 0.133821, 0.621582, 0.432129, 0.132414, 0.622559, 0.432129, 0.131005, 0.623535, 0.432129, 0.129596, 0.624512, 0.432129, 0.128188, 
        0.617676, 0.433105, 0.138586, 0.618652, 0.433105, 0.137214, 0.619629, 0.433105, 0.135837, 0.620605, 0.433105, 0.134455, 0.621582, 0.433105, 0.13307, 0.622559, 0.433105, 0.131684, 0.623535, 0.433105, 0.130298, 0.624512, 0.433105, 0.128915, 
        0.617676, 0.434082, 0.139147, 0.618652, 0.434082, 0.137794, 0.619629, 0.434082, 0.136437, 0.620605, 0.434082, 0.135077, 0.621582, 0.434082, 0.133716, 0.622559, 0.434082, 0.132354, 0.623535, 0.434082, 0.130994, 0.624512, 0.434082, 0.129636, 
        0.617676, 0.435059, 0.139694, 0.618652, 0.435059, 0.138361, 0.619629, 0.435059, 0.137025, 0.620605, 0.435059, 0.135689, 0.621582, 0.435059, 0.134352, 0.622559, 0.435059, 0.133016, 0.623535, 0.435059, 0.131683, 0.624512, 0.435059, 0.130352, 
        0.617676, 0.436035, 0.140231, 0.618652, 0.436035, 0.138917, 0.619629, 0.436035, 0.137604, 0.620605, 0.436035, 0.136291, 0.621582, 0.436035, 0.13498, 0.622559, 0.436035, 0.133671, 0.623535, 0.436035, 0.132365, 0.624512, 0.436035, 0.131062, 
        0.617676, 0.437012, 0.140757, 0.618652, 0.437012, 0.139465, 0.619629, 0.437012, 0.138174, 0.620605, 0.437012, 0.136886, 0.621582, 0.437012, 0.135601, 0.622559, 0.437012, 0.13432, 0.623535, 0.437012, 0.133041, 0.624512, 0.437012, 0.131767
    ]
}
