{
    "level": 0,
    "idx": {"x": 7, "y": 10},
    "dim": {"x": 16, "y": 16},
    "offset": {"x": 0.109863, "y": 0.156738},
    "cellSize": {"x": 0.000976562, "y": 0.000976562},
    "vertices": [
        0.109863, 0.156738, -1.42597e-05, 0.11084, 0.156738, -0.000193543, 0.111816, 0.156738, -0.00036515, 0.112793, 0.156738, -0.000522466, 0.11377, 0.156738, -0.000659425, 0.114746, 0.156738, -0.000770746, 0.115723, 0.156738, -0.000852138, 0.116699, 0.156738, -0.000900455, 0.117676, 0.156738, -0.000913832, 0.118652, 0.156738, -0.000891744, 0.119629, 0.156738, -0.000835033, 0.120605, 0.156738, -0.000745875, 0.121582, 0.156738, -0.000627693, 0.122559, 0.156738, -0.000485029, 0.123535, 0.156738, -0.000323366, 0.124512, 0.156738, -0.00014892, 
        0.109863, 0.157715, -0.000139595, 0.11084, 0.157715, -0.0014562, 0.111816, 0.157715, -0.0027165, 0.112793, 0.157715, -0.00387197, 0.11377, 0.157715, -0.00487811, 0.114746, 0.157715, -0.00569616, 0.115723, 0.157715, -0.00629463, 0.116699, 0.157715, -0.00665045, 0.117676, 0.157715, -0.00674993, 0.118652, 0.157715, -0.00658922, 0.119629, 0.157715, -0.0061745, 0.120605, 0.157715, -0.00552174, 0.121582, 0.157715, -0.00465605, 0.122559, 0.157715, -0.00361076, 0.123535, 0.157715, -0.0024261, 0.124512, 0.157715, -0.00114769, 
        0.109863, 0.158691, -0.000259334, 0.11084, 0.158691, -0.00266256, 0.111816, 0.158691, -0.00496303, 0.112793, 0.158691, -0.00707218, 0.11377, 0.158691, -0.00890875, 0.114746, 0.158691, -0.010402, 0.115723, 0.158691, -0.0114945, 0.116699, 0.158691, -0.0121442, 0.117676, 0.158691, -0.0123259, 0.118652, 0.158691, -0.0120327, 0.119629, 0.158691, -0.011276, 0.120605, 0.158691, -0.0100847, 0.121582, 0.158691, -0.00850484, 0.122559, 0.158691, -0.00659716, 0.123535, 0.158691, -0.0044351, 0.124512, 0.158691, -0.00210194, 
        0.109863, 0.159668, -0.000368856, 0.11084, 0.159668, -0.00376615, 0.111816, 0.159668, -0.00701819, 0.112793, 0.159668, -0.00999977, 0.11377, 0.159668, -0.012596, 0.114746, 0.159668, -0.014707, 0.115723, 0.159668, -0.0162515, 0.116699, 0.159668, -0.0171699, 0.117676, 0.159668, -0.0174269, 0.118652, 0.159668, -0.0170126, 0.119629, 0.159668, -0.0159429, 0.120605, 0.159668, -0.014259, 0.121582, 0.159668, -0.0120258, 0.122559, 0.159668, -0.00932914, 0.123535, 0.159668, -0.00627294, 0.124512, 0.159668, -0.00297487, 
        0.109863, 0.160645, -0.000463943, 0.11084, 0.160645, -0.00472451, 0.111816, 0.160645, -0.00880291, 0.112793, 0.160645, -0.0125421, 0.11377, 0.160645, -0.0157981, 0.114746, 0.160645, -0.0184456, 0.115723, 0.160645, -0.0203825, 0.116699, 0.160645, -0.0215343, 0.117676, 0.160645, -0.0218567, 0.118652, 0.160645, -0.0213371, 0.119629, 0.160645, -0.0199957, 0.120605, 0.160645, -0.017884, 0.121582, 0.160645, -0.0150834, 0.122559, 0.160645, -0.0117016, 0.123535, 0.160645, -0.00786893, 0.124512, 0.160645, -0.00373291, 
        0.109863, 0.161621, -0.000540924, 0.11084, 0.161621, -0.00550069, 0.111816, 0.161621, -0.0102484, 0.112793, 0.161621, -0.0146013, 0.11377, 0.161621, -0.0183916, 0.114746, 0.161621, -0.0214735, 0.115723, 0.161621, -0.0237284, 0.116699, 0.161621, -0.0250692, 0.117676, 0.161621, -0.0254445, 0.118652, 0.161621, -0.0248397, 0.119629, 0.161621, -0.0232782, 0.120605, 0.161621, -0.02082, 0.121582, 0.161621, -0.0175598, 0.122559, 0.161621, -0.0136232, 0.123535, 0.161621, -0.00916154, 0.124512, 0.161621, -0.00434682, 
        0.109863, 0.162598, -0.000596828, 0.11084, 0.162598, -0.00606481, 0.111816, 0.162598, -0.011299, 0.112793, 0.162598, -0.0160979, 0.11377, 0.162598, -0.0202767, 0.114746, 0.162598, -0.0236744, 0.115723, 0.162598, -0.0261603, 0.116699, 0.162598, -0.0276385, 0.117676, 0.162598, -0.0280523, 0.118652, 0.162598, -0.0273856, 0.119629, 0.162598, -0.0256641, 0.120605, 0.162598, -0.022954, 0.121582, 0.162598, -0.0193598, 0.122559, 0.162598, -0.0150198, 0.123535, 0.162598, -0.010101, 0.124512, 0.162598, -0.00479297, 
        0.109863, 0.163574, -0.000629497, 0.11084, 0.163574, -0.00639515, 0.111816, 0.163574, -0.0119143, 0.112793, 0.163574, -0.0169745, 0.11377, 0.163574, -0.0213807, 0.114746, 0.163574, -0.0249634, 0.115723, 0.163574, -0.0275846, 0.116699, 0.163574, -0.0291433, 0.117676, 0.163574, -0.0295796, 0.118652, 0.163574, -0.0288766, 0.119629, 0.163574, -0.0270614, 0.120605, 0.163574, -0.0242039, 0.121582, 0.163574, -0.020414, 0.122559, 0.163574, -0.0158377, 0.123535, 0.163574, -0.0106512, 0.124512, 0.163574, -0.00505417, 
        0.109863, 0.164551, -0.000637666, 0.11084, 0.164551, -0.00647898, 0.111816, 0.164551, -0.0120706, 0.112793, 0.164551, -0.0171971, 0.11377, 0.164551, -0.0216612, 0.114746, 0.164551, -0.0252909, 0.115723, 0.164551, -0.0279465, 0.116699, 0.164551, -0.0295257, 0.117676, 0.164551, -0.0299677, 0.118652, 0.164551, -0.0292555, 0.119629, 0.164551, -0.0274164, 0.120605, 0.164551, -0.0245214, 0.121582, 0.164551, -0.0206817, 0.122559, 0.164551, -0.0160454, 0.123535, 0.164551, -0.0107908, 0.124512, 0.164551, -0.00512035, 
        0.109863, 0.165527, -0.000621014, 0.11084, 0.165527, -0.00631307, 0.111816, 0.165527, -0.0117618, 0.112793, 0.165527, -0.0167573, 0.11377, 0.165527, -0.0211073, 0.114746, 0.165527, -0.0246442, 0.115723, 0.165527, -0.027232, 0.116699, 0.165527, -0.0287708, 0.117676, 0.165527, -0.0292015, 0.118652, 0.165527, -0.0285075, 0.119629, 0.165527, -0.0267154, 0.120605, 0.165527, -0.0238943, 0.121582, 0.165527, -0.0201528, 0.122559, 0.165527, -0.0156349, 0.123535, 0.165527, -0.0105145, 0.124512, 0.165527, -0.00498895, 
        0.109863, 0.166504, -0.000580174, 0.11084, 0.166504, -0.00590378, 0.111816, 0.166504, -0.0109998, 0.112793, 0.166504, -0.015672, 0.11377, 0.166504, -0.0197404, 0.114746, 0.166504, -0.0230484, 0.115723, 0.166504, -0.0254686, 0.116699, 0.166504, -0.0269078, 0.117676, 0.166504, -0.0273106, 0.118652, 0.166504, -0.0266615, 0.119629, 0.166504, -0.0249854, 0.120605, 0.166504, -0.0223468, 0.121582, 0.166504, -0.0188474, 0.122559, 0.166504, -0.014622, 0.123535, 0.166504, -0.00983299, 0.124512, 0.166504, -0.00466503, 
        0.109863, 0.16748, -0.000516713, 0.11084, 0.16748, -0.00526689, 0.111816, 0.16748, -0.00981397, 0.112793, 0.16748, -0.0139829, 0.11377, 0.16748, -0.0176131, 0.114746, 0.16748, -0.0205647, 0.115723, 0.16748, -0.0227242, 0.116699, 0.16748, -0.0240084, 0.117676, 0.16748, -0.0243678, 0.118652, 0.16748, -0.0237885, 0.119629, 0.16748, -0.0222929, 0.120605, 0.16748, -0.0199385, 0.121582, 0.16748, -0.016816, 0.122559, 0.16748, -0.0130456, 0.123535, 0.16748, -0.0087724, 0.124512, 0.16748, -0.00416103, 
        0.109863, 0.168457, -0.000433065, 0.11084, 0.168457, -0.0044269, 0.111816, 0.168457, -0.00824998, 0.112793, 0.168457, -0.0117551, 0.11377, 0.168457, -0.0148072, 0.114746, 0.168457, -0.0172889, 0.115723, 0.168457, -0.0191045, 0.116699, 0.168457, -0.0201842, 0.117676, 0.168457, -0.0204863, 0.118652, 0.168457, -0.0199992, 0.119629, 0.168457, -0.0187417, 0.120605, 0.168457, -0.0167621, 0.121582, 0.168457, -0.0141367, 0.122559, 0.168457, -0.0109665, 0.123535, 0.168457, -0.0073736, 0.124512, 0.168457, -0.00349637, 
        0.109863, 0.169434, -0.000332444, 0.11084, 0.169434, -0.00341615, 0.111816, 0.169434, -0.006368, 0.112793, 0.169434, -0.00907436, 0.11377, 0.169434, -0.011431, 0.114746, 0.169434, -0.0133471, 0.115723, 0.169434, -0.0147489, 0.116699, 0.169434, -0.0155825, 0.117676, 0.169434, -0.0158156, 0.118652, 0.169434, -0.0154395, 0.119629, 0.169434, -0.0144684, 0.120605, 0.169434, -0.0129398, 0.121582, 0.169434, -0.0109126, 0.122559, 0.169434, -0.00846471, 0.123535, 0.169434, -0.00569043, 0.124512, 0.169434, -0.00269661, 
