{
    "level": 0,
    "idx": {"x": 7, "y": 30},
    "dim": {"x": 8, "y": 8},
    "offset": {"x": 0.0551758, "y": 0.234863},
    "cellSize": {"x": 0.000976562, "y": 0.000976562},
    "vertices": [
        0.0551758, 0.234863, -0.00352505, 0.0561523, 0.234863, -0.00386595, 0.0571289, 0.234863, -0.00422753, 0.0581055, 0.234863, -0.00460689, 0.059082, 0.234863, -0.00500095, 0.0600586, 0.234863, -0.00540648, 0.0610352, 0.234863, -0.0058201, 0.0620117, 0.234863, -0.00623834, 
        0.0551758, 0.23584, -0.0035765, 0.0561523, 0.23584, -0.00391581, 0.0571289, 0.23584, -0.00427562, 0.0581055, 0.23584, -0.00465307, 0.059082, 0.23584, -0.00504508, 0.0600586, 0.23584, -0.00544845, 0.0610352, 0.23584, -0.00585983, 0.0620117, 0.23584, -0.00627577, 
        0.0551758, 0.236816, -0.0036511, 0.0561523, 0.236816, -0.00398617, 0.0571289, 0.236816, -0.00434135, 0.0581055, 0.236816, -0.00471382, 0.059082, 0.236816, -0.00510057, 0.0600586, 0.236816, -0.00549844, 0.0610352, 0.236816, -0.00590413, 0.0620117, 0.236816, -0.00631425, 
        0.0551758, 0.237793, -0.00374841, 0.0561523, 0.237793, -0.00407664, 0.0571289, 0.237793, -0.00442437, 0.0581055, 0.237793, -0.00478886, 0.059082, 0.237793, -0.00516718, 0.0600586, 0.237793, -0.00555625, 0.0610352, 0.237793, -0.00595286, 0.0620117, 0.237793, -0.00635371, 
        0.0551758, 0.23877, -0.00386778, 0.0561523, 0.23877, -0.00418662, 0.0571289, 0.23877, -0.00452415, 0.0581055, 0.23877, -0.00487773, 0.059082, 0.23877, -0.00524454, 0.0600586, 0.23877, -0.0056216, 0.0610352, 0.23877, -0.00600584, 0.0620117, 0.23877, -0.00639407, 
        0.0551758, 0.239746, -0.00400828, 0.0561523, 0.239746, -0.0043153, 0.0571289, 0.239746, -0.00463999, 0.0581055, 0.239746, -0.00497984, 0.059082, 0.239746, -0.00533217, 0.0600586, 0.239746, -0.00569414, 0.0610352, 0.239746, -0.00606282, 0.0620117, 0.239746, -0.00643519, 
        0.0551758, 0.240723, -0.0041688, 0.0561523, 0.240723, -0.00446166, 0.0571289, 0.240723, -0.00477099, 0.0581055, 0.240723, -0.00509443, 0.059082, 0.240723, -0.00542945, 0.0600586, 0.240723, -0.00577339, 0.0610352, 0.240723, -0.00612349, 0.0620117, 0.240723, -0.00647691, 
        0.0551758, 0.241699, -0.00434799, 0.0561523, 0.241699, -0.0046245, 0.0571289, 0.241699, -0.00491611, 0.0581055, 0.241699, -0.00522061, 0.059082, 0.241699, -0.00553566, 0.0600586, 0.241699, -0.00585881, 0.0610352, 0.241699, -0.00618748, 0.0620117, 0.241699, -0.00651905
    ]
}
