{
    "level": 0,
    "idx": {"x": 7, "y": 54},
    "dim": {"x": 16, "y": 16},
    "offset": {"x": 0.109863, "y": 0.844238},
    "cellSize": {"x": 0.000976562, "y": 0.000976562},
    "vertices": [
        0.109863, 0.844238, -0.000101053, 0.11084, 0.844238, -0.00106563, 0.111816, 0.844238, -0.00198895, 0.112793, 0.844238, -0.00283547, 0.11377, 0.844238, -0.00357258, 0.114746, 0.844238, -0.00417188, 0.115723, 0.844238, -0.00461031, 0.116699, 0.844238, -0.00487096, 0.117676, 0.844238, -0.0049438, 0.118652, 0.844238, -0.00482601, 0.119629, 0.844238, -0.00452211, 0.120605, 0.844238, -0.00404381, 0.121582, 0.844238, -0.00340951, 0.122559, 0.844238, -0.00264362, 0.123535, 0.844238, -0.00177562, 0.124512, 0.844238, -0.00083894, 
        0.109863, 0.845215, -0.000223353, 0.11084, 0.845215, -0.00229506, 0.111816, 0.845215, -0.00427818, 0.112793, 0.845215, -0.00609638, 0.11377, 0.845215, -0.00767959, 0.114746, 0.845215, -0.00896687, 0.115723, 0.845215, -0.00990866, 0.116699, 0.845215, -0.0104687, 0.117676, 0.845215, -0.0106253, 0.118652, 0.845215, -0.0103726, 0.119629, 0.845215, -0.00972022, 0.120605, 0.845215, -0.00869329, 0.121582, 0.845215, -0.00733133, 0.122559, 0.845215, -0.0056868, 0.123535, 0.845215, -0.00382298, 0.124512, 0.845215, -0.00181166, 
        0.109863, 0.846191, -0.000336847, 0.11084, 0.846191, -0.0034359, 0.111816, 0.846191, -0.00640246, 0.112793, 0.846191, -0.0091223, 0.11377, 0.846191, -0.0114906, 0.114746, 0.846191, -0.0134163, 0.115723, 0.846191, -0.0148252, 0.116699, 0.846191, -0.015663, 0.117676, 0.846191, -0.0158974, 0.118652, 0.846191, -0.0155195, 0.119629, 0.846191, -0.0145438, 0.120605, 0.846191, -0.0130077, 0.121582, 0.846191, -0.0109706, 0.122559, 0.846191, -0.00851069, 0.123535, 0.846191, -0.00572281, 0.124512, 0.846191, -0.00271429, 
        0.109863, 0.847168, -0.000437163, 0.11084, 0.847168, -0.00444416, 0.111816, 0.847168, -0.00827984, 0.112793, 0.847168, -0.0117965, 0.11377, 0.847168, -0.0148588, 0.114746, 0.847168, -0.0173487, 0.115723, 0.847168, -0.0191703, 0.116699, 0.847168, -0.0202536, 0.117676, 0.847168, -0.0205568, 0.118652, 0.847168, -0.0200682, 0.119629, 0.847168, -0.0188067, 0.120605, 0.847168, -0.0168207, 0.121582, 0.847168, -0.0141868, 0.122559, 0.847168, -0.0110064, 0.123535, 0.847168, -0.00740184, 0.124512, 0.847168, -0.00351203, 
        0.109863, 0.848145, -0.000520459, 0.11084, 0.848145, -0.00528117, 0.111816, 0.848145, -0.00983835, 0.112793, 0.848145, -0.0140165, 0.11377, 0.848145, -0.0176548, 0.114746, 0.848145, -0.020613, 0.115723, 0.848145, -0.0227774, 0.116699, 0.848145, -0.0240645, 0.117676, 0.848145, -0.0244247, 0.118652, 0.848145, -0.0238443, 0.119629, 0.848145, -0.0223455, 0.120605, 0.848145, -0.0199861, 0.121582, 0.848145, -0.0168568, 0.122559, 0.848145, -0.0130782, 0.123535, 0.848145, -0.0087957, 0.124512, 0.848145, -0.00417429, 
        0.109863, 0.849121, -0.000583519, 0.11084, 0.849121, -0.00591459, 0.111816, 0.849121, -0.0110177, 0.112793, 0.849121, -0.0156965, 0.11377, 0.849121, -0.0197706, 0.114746, 0.849121, -0.0230833, 0.115723, 0.849121, -0.025507, 0.116699, 0.849121, -0.0269483, 0.117676, 0.849121, -0.0273517, 0.118652, 0.849121, -0.0267018, 0.119629, 0.849121, -0.0250234, 0.120605, 0.849121, -0.0223814, 0.121582, 0.849121, -0.0188772, 0.122559, 0.849121, -0.014646, 0.123535, 0.849121, -0.0098505, 0.124512, 0.849121, -0.00467549, 
        0.109863, 0.850098, -0.000623932, 0.11084, 0.850098, -0.00632011, 0.111816, 0.850098, -0.0117728, 0.112793, 0.850098, -0.016772, 0.11377, 0.850098, -0.0211251, 0.114746, 0.850098, -0.0246647, 0.115723, 0.850098, -0.0272543, 0.116699, 0.850098, -0.0287944, 0.117676, 0.850098, -0.0292255, 0.118652, 0.850098, -0.028531, 0.119629, 0.850098, -0.0267378, 0.120605, 0.850098, -0.0239148, 0.121582, 0.850098, -0.0201707, 0.122559, 0.850098, -0.0156497, 0.123535, 0.850098, -0.0105258, 0.124512, 0.850098, -0.0049964, 
        0.109863, 0.851074, -0.000640139, 0.11084, 0.851074, -0.00648208, 0.111816, 0.851074, -0.0120743, 0.112793, 0.851074, -0.0172014, 0.11377, 0.851074, -0.0216659, 0.114746, 0.851074, -0.0252961, 0.115723, 0.851074, -0.027952, 0.116699, 0.851074, -0.0295315, 0.117676, 0.851074, -0.0299736, 0.118652, 0.851074, -0.0292614, 0.119629, 0.851074, -0.0274223, 0.120605, 0.851074, -0.0245271, 0.121582, 0.851074, -0.0206871, 0.122559, 0.851074, -0.0160505, 0.123535, 0.851074, -0.0107955, 0.124512, 0.851074, -0.00512463, 
        0.109863, 0.852051, -0.000631524, 0.11084, 0.852051, -0.00639429, 0.111816, 0.852051, -0.0119107, 0.112793, 0.852051, -0.0169683, 0.11377, 0.852051, -0.0213724, 0.114746, 0.852051, -0.0249533, 0.115723, 0.852051, -0.0275732, 0.116699, 0.852051, -0.0291313, 0.117676, 0.852051, -0.0295674, 0.118652, 0.852051, -0.0288649, 0.119629, 0.852051, -0.0270507, 0.120605, 0.852051, -0.0241947, 0.121582, 0.852051, -0.0204068, 0.122559, 0.852051, -0.015833, 0.123535, 0.852051, -0.0106493, 0.124512, 0.852051, -0.00505526, 
        0.109863, 0.853027, -0.000598424, 0.11084, 0.853027, -0.00606013, 0.111816, 0.853027, -0.0112883, 0.112793, 0.853027, -0.0160817, 0.11377, 0.853027, -0.0202557, 0.114746, 0.853027, -0.0236496, 0.115723, 0.853027, -0.0261326, 0.116699, 0.853027, -0.0276093, 0.117676, 0.853027, -0.0280226, 0.118652, 0.853027, -0.0273568, 0.119629, 0.853027, -0.0256374, 0.120605, 0.853027, -0.0229306, 0.121582, 0.853027, -0.0193406, 0.122559, 0.853027, -0.0150057, 0.123535, 0.853027, -0.0100928, 0.124512, 0.853027, -0.004791, 
        0.109863, 0.854004, -0.000542115, 0.11084, 0.854004, -0.00549242, 0.111816, 0.854004, -0.0102311, 0.112793, 0.854004, -0.0145757, 0.11377, 0.854004, -0.0183588, 0.114746, 0.854004, -0.0214349, 0.115723, 0.854004, -0.0236855, 0.116699, 0.854004, -0.0250238, 0.117676, 0.854004, -0.0253985, 0.118652, 0.854004, -0.024795, 0.119629, 0.854004, -0.0232365, 0.120605, 0.854004, -0.0207832, 0.121582, 0.854004, -0.0175293, 0.122559, 0.854004, -0.0136003, 0.123535, 0.854004, -0.00914735, 0.124512, 0.854004, -0.00434197, 
        0.109863, 0.85498, -0.000464776, 0.11084, 0.85498, -0.00471312, 0.111816, 0.85498, -0.00877983, 0.112793, 0.85498, -0.0125084, 0.11377, 0.85498, -0.015755, 0.114746, 0.85498, -0.0183949, 0.115723, 0.85498, -0.0203263, 0.116699, 0.85498, -0.0214749, 0.117676, 0.85498, -0.0217964, 0.118652, 0.85498, -0.0212785, 0.119629, 0.85498, -0.019941, 0.120605, 0.85498, -0.0178355, 0.121582, 0.85498, -0.015043, 0.122559, 0.85498, -0.0116711, 0.123535, 0.85498, -0.00784955, 0.124512, 0.85498, -0.00372555, 
        0.109863, 0.855957, -0.000369378, 0.11084, 0.855957, -0.00375212, 0.111816, 0.855957, -0.00699024, 0.112793, 0.855957, -0.00995906, 0.11377, 0.855957, -0.0125442, 0.114746, 0.855957, -0.0146462, 0.115723, 0.855957, -0.0161841, 0.116699, 0.855957, -0.0170986, 0.117676, 0.855957, -0.0173546, 0.118652, 0.855957, -0.0169421, 0.119629, 0.855957, -0.0158771, 0.120605, 0.855957, -0.0142006, 0.121582, 0.855957, -0.0119771, 0.122559, 0.855957, -0.00929213, 0.123535, 0.855957, -0.00624917, 0.124512, 0.855957, -0.00296538, 
        0.109863, 0.856934, -0.000259614, 0.11084, 0.856934, -0.00264657, 0.111816, 0.856934, -0.00493147, 0.112793, 0.856934, -0.00702635, 0.11377, 0.856934, -0.0088505, 0.114746, 0.856934, -0.0103337, 0.115723, 0.856934, -0.0114189, 0.116699, 0.856934, -0.0120641, 0.117676, 0.856934, -0.0122447, 0.118652, 0.856934, -0.0119536, 0.119629, 0.856934, -0.0112021, 0.120605, 0.856934, -0.010019, 0.121582, 0.856934, -0.00844997, 0.122559, 0.856934, -0.00655534, 0.123535, 0.856934, -0.00440807, 0.124512, 0.856934, -0.00209086, 
