{
    "level": 0,
    "idx": {"x": 7, "y": 40},
    "dim": {"x": 8, "y": 8},
    "offset": {"x": 0.0551758, "y": 0.312988},
    "cellSize": {"x": 0.000976562, "y": 0.000976562},
    "vertices": [
        0.0551758, 0.312988, -0.00248511, 0.0561523, 0.312988, -0.00250215, 0.0571289, 0.312988, -0.00251763, 0.0581055, 0.312988, -0.00253163, 0.059082, 0.312988, -0.00254422, 0.0600586, 0.312988, -0.0025555, 0.0610352, 0.312988, -0.00256557, 0.0620117, 0.312988, -0.00257452, 
        0.0551758, 0.313965, -0.00263274, 0.0561523, 0.313965, -0.00262172, 0.0571289, 0.313965, -0.00260694, 0.0581055, 0.313965, -0.00258876, 0.059082, 0.313965, -0.00256756, 0.0600586, 0.313965, -0.00254376, 0.0610352, 0.313965, -0.00251777, 0.0620117, 0.313965, -0.00249003, 
        0.0551758, 0.314941, -0.00277632, 0.0561523, 0.314941, -0.00273756, 0.0571289, 0.314941, -0.00269288, 0.0581055, 0.314941, -0.0026429, 0.059082, 0.314941, -0.00258833, 0.0600586, 0.314941, -0.00252986, 0.0610352, 0.314941, -0.00246824, 0.0620117, 0.314941, -0.00240426, 
        0.0551758, 0.315918, -0.0029134, 0.0561523, 0.315918, -0.0028475, 0.0571289, 0.315918, -0.00277355, 0.0581055, 0.315918, -0.00269247, 0.059082, 0.315918, -0.00260523, 0.0600586, 0.315918, -0.00251284, 0.0610352, 0.315918, -0.00241638, 0.0620117, 0.315918, -0.00231694, 
        0.0551758, 0.316895, -0.00304164, 0.0561523, 0.316895, -0.00294942, 0.0571289, 0.316895, -0.00284712, 0.0581055, 0.316895, -0.0027359, 0.059082, 0.316895, -0.00261702, 0.0600586, 0.316895, -0.00249178, 0.0610352, 0.316895, -0.00236157, 0.0620117, 0.316895, -0.00222778, 
        0.0551758, 0.317871, -0.00315873, 0.0561523, 0.317871, -0.00304129, 0.0571289, 0.317871, -0.0029118, 0.0581055, 0.317871, -0.0027717, 0.059082, 0.317871, -0.00262249, 0.0600586, 0.317871, -0.00246577, 0.0610352, 0.317871, -0.00230322, 0.0620117, 0.317871, -0.00213654, 
        0.0551758, 0.318848, -0.00326248, 0.0561523, 0.318848, -0.00312113, 0.0571289, 0.318848, -0.00296589, 0.0581055, 0.318848, -0.00279842, 0.059082, 0.318848, -0.00262048, 0.0600586, 0.318848, -0.00243396, 0.0610352, 0.318848, -0.00224078, 0.0620117, 0.318848, -0.00204295, 
        0.0551758, 0.319824, -0.00335085, 0.0561523, 0.319824, -0.00318712, 0.0571289, 0.319824, -0.00300778, 0.0581055, 0.319824, -0.00281471, 0.059082, 0.319824, -0.00260992, 0.0600586, 0.319824, -0.00239552, 0.0610352, 0.319824, -0.00217372, 0.0620117, 0.319824, -0.00194678
    ]
}
