{
    "level": 0,
    "idx": {"x": 7, "y": 31},
    "dim": {"x": 16, "y": 16},
    "offset": {"x": 0.109863, "y": 0.484863},
    "cellSize": {"x": 0.000976562, "y": 0.000976562},
    "vertices": [
        0.109863, 0.484863, 0.000699586, 0.11084, 0.484863, 0.00127507, 0.111816, 0.484863, 0.00182736, 0.112793, 0.484863, 0.00233602, 0.11377, 0.484863, 0.00278226, 0.114746, 0.484863, 0.00314977, 0.115723, 0.484863, 0.00342526, 0.116699, 0.484863, 0.00359903, 0.117676, 0.484863, 0.0036653, 0.118652, 0.484863, 0.00362247, 0.119629, 0.484863, 0.00347317, 0.120605, 0.484863, 0.00322415, 0.121582, 0.484863, 0.00288602, 0.122559, 0.484863, 0.00247287, 0.123535, 0.484863, 0.00200168, 0.124512, 0.484863, 0.00149172, 
        0.109863, 0.48584, 0.000824501, 0.11084, 0.48584, 0.00252546, 0.111816, 0.48584, 0.00415511, 0.112793, 0.48584, 0.00565154, 0.11377, 0.48584, 0.00695792, 0.114746, 0.48584, 0.00802481, 0.115723, 0.48584, 0.00881202, 0.116699, 0.48584, 0.00929011, 0.117676, 0.48584, 0.00944162, 0.118652, 0.48584, 0.00926165, 0.119629, 0.48584, 0.00875812, 0.120605, 0.48584, 0.00795141, 0.121582, 0.48584, 0.0068736, 0.122559, 0.48584, 0.00556729, 0.123535, 0.48584, 0.00408382, 0.124512, 0.48584, 0.00248147, 
        0.109863, 0.486816, 0.000942226, 0.11084, 0.486816, 0.00370393, 0.111816, 0.486816, 0.00634898, 0.112793, 0.486816, 0.00877637, 0.11377, 0.486816, 0.0108934, 0.114746, 0.486816, 0.0126195, 0.115723, 0.486816, 0.013889, 0.116699, 0.486816, 0.0146539, 0.117676, 0.486816, 0.0148857, 0.118652, 0.486816, 0.0145765, 0.119629, 0.486816, 0.0137391, 0.120605, 0.486816, 0.0124068, 0.121582, 0.486816, 0.0106318, 0.122559, 0.486816, 0.00848373, 0.123535, 0.486816, 0.00604621, 0.124512, 0.486816, 0.00341428, 
        0.109863, 0.487793, 0.00104825, 0.11084, 0.487793, 0.00476513, 0.111816, 0.487793, 0.00832453, 0.112793, 0.487793, 0.0115902, 0.11377, 0.487793, 0.0144373, 0.114746, 0.487793, 0.0167569, 0.115723, 0.487793, 0.0184606, 0.116699, 0.487793, 0.0194839, 0.117676, 0.487793, 0.019788, 0.118652, 0.487793, 0.0193624, 0.119629, 0.487793, 0.0182244, 0.120605, 0.487793, 0.0164188, 0.121582, 0.487793, 0.0140161, 0.122559, 0.487793, 0.01111, 0.123535, 0.487793, 0.00781332, 0.124512, 0.487793, 0.00425429, 
        0.109863, 0.48877, 0.00113853, 0.11084, 0.48877, 0.00566824, 0.111816, 0.48877, 0.0100057, 0.112793, 0.48877, 0.0139848, 0.11377, 0.48877, 0.017453, 0.114746, 0.48877, 0.0202777, 0.115723, 0.48877, 0.0223511, 0.116699, 0.48877, 0.0235941, 0.117676, 0.48877, 0.0239598, 0.118652, 0.48877, 0.0234352, 0.119629, 0.48877, 0.0220413, 0.120605, 0.48877, 0.0198329, 0.121582, 0.48877, 0.016896, 0.122559, 0.48877, 0.0133449, 0.123535, 0.48877, 0.00931715, 0.124512, 0.48877, 0.00496919, 
        0.109863, 0.489746, 0.00120959, 0.11084, 0.489746, 0.00637849, 0.111816, 0.489746, 0.0113278, 0.112793, 0.489746, 0.0158679, 0.11377, 0.489746, 0.0198246, 0.114746, 0.489746, 0.0230465, 0.115723, 0.489746, 0.0254105, 0.116699, 0.489746, 0.0268263, 0.117676, 0.489746, 0.0272405, 0.118652, 0.489746, 0.0266379, 0.119629, 0.489746, 0.0250429, 0.120605, 0.489746, 0.0225178, 0.121582, 0.489746, 0.0191608, 0.122559, 0.489746, 0.0151024, 0.123535, 0.489746, 0.0104998, 0.124512, 0.489746, 0.00553148, 
        0.109863, 0.490723, 0.00125874, 0.11084, 0.490723, 0.00686856, 0.111816, 0.490723, 0.01224, 0.112793, 0.490723, 0.017167, 0.11377, 0.490723, 0.0214607, 0.114746, 0.490723, 0.0249566, 0.115723, 0.490723, 0.0275211, 0.116699, 0.490723, 0.0290561, 0.117676, 0.490723, 0.0295037, 0.118652, 0.490723, 0.0288475, 0.119629, 0.490723, 0.0271137, 0.120605, 0.490723, 0.0243701, 0.121582, 0.490723, 0.0207233, 0.122559, 0.490723, 0.016315, 0.123535, 0.490723, 0.0113159, 0.124512, 0.490723, 0.00591955, 
        0.109863, 0.491699, 0.00128408, 0.11084, 0.491699, 0.00711961, 0.111816, 0.491699, 0.0127071, 0.112793, 0.491699, 0.0178322, 0.11377, 0.491699, 0.0222984, 0.114746, 0.491699, 0.0259346, 0.115723, 0.491699, 0.0286016, 0.116699, 0.491699, 0.0301977, 0.117676, 0.491699, 0.0306624, 0.118652, 0.491699, 0.0299787, 0.119629, 0.491699, 0.0281738, 0.120605, 0.491699, 0.0253184, 0.121582, 0.491699, 0.0215234, 0.122559, 0.491699, 0.016936, 0.123535, 0.491699, 0.0117338, 0.124512, 0.491699, 0.00611849, 
        0.109863, 0.492676, 0.00128467, 0.11084, 0.492676, 0.00712197, 0.111816, 0.492676, 0.0127111, 0.112793, 0.492676, 0.0178378, 0.11377, 0.492676, 0.0223054, 0.114746, 0.492676, 0.0259427, 0.115723, 0.492676, 0.0286105, 0.116699, 0.492676, 0.0302071, 0.117676, 0.492676, 0.0306719, 0.118652, 0.492676, 0.029988, 0.119629, 0.492676, 0.0281826, 0.120605, 0.492676, 0.0253264, 0.121582, 0.492676, 0.0215302, 0.122559, 0.492676, 0.0169414, 0.123535, 0.492676, 0.0117377, 0.124512, 0.492676, 0.00612066, 
        0.109863, 0.493652, 0.0012605, 0.11084, 0.493652, 0.00687557, 0.111816, 0.493652, 0.012252, 0.112793, 0.493652, 0.0171837, 0.11377, 0.493652, 0.0214814, 0.114746, 0.493652, 0.0249806, 0.115723, 0.493652, 0.0275475, 0.116699, 0.493652, 0.029084, 0.117676, 0.493652, 0.029532, 0.118652, 0.493652, 0.0288751, 0.119629, 0.493652, 0.0271397, 0.120605, 0.493652, 0.0243936, 0.121582, 0.493652, 0.0207435, 0.122559, 0.493652, 0.0163311, 0.123535, 0.493652, 0.0113273, 0.124512, 0.493652, 0.005926, 
        0.109863, 0.494629, 0.00121251, 0.11084, 0.494629, 0.00638993, 0.111816, 0.494629, 0.0113474, 0.112793, 0.494629, 0.015895, 0.11377, 0.494629, 0.0198582, 0.114746, 0.494629, 0.0230855, 0.115723, 0.494629, 0.0254534, 0.116699, 0.494629, 0.0268716, 0.117676, 0.494629, 0.0272864, 0.118652, 0.494629, 0.026683, 0.119629, 0.494629, 0.0250853, 0.120605, 0.494629, 0.0225561, 0.121582, 0.494629, 0.0191937, 0.122559, 0.494629, 0.0151286, 0.123535, 0.494629, 0.0105185, 0.124512, 0.494629, 0.00554203, 
        0.109863, 0.495605, 0.00114255, 0.11084, 0.495605, 0.00568374, 0.111816, 0.495605, 0.0100322, 0.112793, 0.495605, 0.0140214, 0.11377, 0.495605, 0.0174984, 0.114746, 0.495605, 0.0203303, 0.115723, 0.495605, 0.0224089, 0.116699, 0.495605, 0.0236551, 0.117676, 0.495605, 0.0240218, 0.118652, 0.495605, 0.0234959, 0.119629, 0.495605, 0.0220985, 0.120605, 0.495605, 0.0198846, 0.121582, 0.495605, 0.0169404, 0.122559, 0.495605, 0.0133803, 0.123535, 0.495605, 0.00934244, 0.124512, 0.495605, 0.00498355, 
        0.109863, 0.496582, 0.00105335, 0.11084, 0.496582, 0.00478422, 0.111816, 0.496582, 0.00835701, 0.112793, 0.496582, 0.011635, 0.11377, 0.496582, 0.0144928, 0.114746, 0.496582, 0.0168211, 0.115723, 0.496582, 0.0185314, 0.116699, 0.496582, 0.0195584, 0.117676, 0.496582, 0.0198638, 0.118652, 0.496582, 0.0194366, 0.119629, 0.496582, 0.0182944, 0.120605, 0.496582, 0.016482, 0.121582, 0.496582, 0.0140704, 0.122559, 0.496582, 0.0111534, 0.123535, 0.496582, 0.00784442, 0.124512, 0.496582, 0.00427208, 
        0.109863, 0.497559, 0.000948321, 0.11084, 0.497559, 0.00372599, 0.111816, 0.497559, 0.00638635, 0.112793, 0.497559, 0.00882778, 0.11377, 0.497559, 0.0109571, 0.114746, 0.497559, 0.0126931, 0.115723, 0.497559, 0.01397, 0.116699, 0.497559, 0.0147393, 0.117676, 0.497559, 0.0149725, 0.118652, 0.497559, 0.0146615, 0.119629, 0.497559, 0.0138193, 0.120605, 0.497559, 0.0124794, 0.121582, 0.497559, 0.0106942, 0.122559, 0.497559, 0.0085337, 0.123535, 0.497559, 0.00608212, 0.124512, 0.497559, 0.00343503, 
        0.109863, 0.498535, 0.000831533, 0.11084, 0.498535, 0.00254983, 0.111816, 0.498535, 0.00419609, 0.112793, 0.498535, 0.00570777, 0.11377, 0.498535, 0.00702745, 0.114746, 0.498535, 0.00810519, 0.115723, 0.498535, 0.00890039, 0.116699, 0.498535, 0.00938332, 0.117676, 0.498535, 0.00953633, 0.118652, 0.498535, 0.00935446, 0.119629, 0.498535, 0.00884573, 0.120605, 0.498535, 0.00803072, 0.121582, 0.498535, 0.00694184, 0.122559, 0.498535, 0.00562212, 0.123535, 0.498535, 0.00412343, 0.124512, 0.498535, 0.00250464, 
