{
    "level": 0,
    "idx": {"x": 7, "y": 22},
    "dim": {"x": 16, "y": 16},
    "offset": {"x": 0.109863, "y": 0.344238},
    "cellSize": {"x": 0.000976562, "y": 0.000976562},
    "vertices": [
        0.109863, 0.344238, 0.000198421, 0.11084, 0.344238, -0.00018861, 0.111816, 0.344238, -0.000558558, 0.112793, 0.344238, -0.000896874, 0.11377, 0.344238, -0.00119021, 0.114746, 0.344238, -0.00142696, 0.115723, 0.344238, -0.00159768, 0.116699, 0.344238, -0.00169544, 0.117676, 0.344238, -0.00171613, 0.118652, 0.344238, -0.00165861, 0.119629, 0.344238, -0.00152471, 0.120605, 0.344238, -0.00131921, 0.121582, 0.344238, -0.00104963, 0.122559, 0.344238, -0.000725954, 0.123535, 0.344238, -0.000360226, 0.124512, 0.344238, 3.38882e-05, 
        0.109863, 0.345215, 7.65989e-05, 0.11084, 0.345215, -0.00144145, 0.111816, 0.345215, -0.00289406, 0.112793, 0.345215, -0.004225, 0.11377, 0.345215, -0.00538267, 0.114746, 0.345215, -0.0063222, 0.115723, 0.345215, -0.00700707, 0.116699, 0.345215, -0.00741055, 0.117676, 0.345215, -0.00751677, 0.118652, 0.345215, -0.00732127, 0.119629, 0.345215, -0.00683121, 0.120605, 0.345215, -0.00606506, 0.121582, 0.345215, -0.00505193, 0.122559, 0.345215, -0.00383043, 0.123535, 0.345215, -0.00244716, 0.124512, 0.345215, -0.000954986, 
        0.109863, 0.346191, -3.87242e-05, 0.11084, 0.346191, -0.00262905, 0.111816, 0.346191, -0.00510809, 0.112793, 0.346191, -0.00738009, 0.11377, 0.346191, -0.0093572, 0.114746, 0.346191, -0.010963, 0.115723, 0.346191, -0.0121353, 0.116699, 0.346191, -0.0128286, 0.117676, 0.346191, -0.0130159, 0.118652, 0.346191, -0.0126896, 0.119629, 0.346191, -0.0118619, 0.120605, 0.346191, -0.0105642, 0.121582, 0.346191, -0.00884611, 0.122559, 0.346191, -0.00677342, 0.123535, 0.346191, -0.00442545, 0.124512, 0.346191, -0.00189223, 
        0.109863, 0.347168, -0.000142992, 0.11084, 0.347168, -0.00370556, 0.111816, 0.347168, -0.00711526, 0.112793, 0.347168, -0.0102405, 0.11377, 0.347168, -0.0129606, 0.114746, 0.347168, -0.0151705, 0.115723, 0.347168, -0.0167848, 0.116699, 0.347168, -0.0177409, 0.117676, 0.347168, -0.0180017, 0.118652, 0.347168, -0.0175568, 0.119629, 0.347168, -0.0164228, 0.120605, 0.347168, -0.0146432, 0.121582, 0.347168, -0.0122859, 0.122559, 0.347168, -0.00944143, 0.123535, 0.347168, -0.00621874, 0.124512, 0.347168, -0.00274158, 
        0.109863, 0.348145, -0.000232075, 0.11084, 0.348145, -0.00462941, 0.111816, 0.348145, -0.00883818, 0.112793, 0.348145, -0.012696, 0.11377, 0.348145, -0.0160541, 0.114746, 0.348145, -0.0187826, 0.115723, 0.348145, -0.0207764, 0.116699, 0.348145, -0.0219581, 0.117676, 0.348145, -0.022282, 0.118652, 0.348145, -0.0217352, 0.119629, 0.348145, -0.0203384, 0.120605, 0.348145, -0.0181449, 0.121582, 0.348145, -0.0152388, 0.122559, 0.348145, -0.0117316, 0.123535, 0.348145, -0.00775781, 0.124512, 0.348145, -0.00347014, 
        0.109863, 0.349121, -0.000302426, 0.11084, 0.349121, -0.0053649, 0.111816, 0.349121, -0.0102104, 0.112793, 0.349121, -0.014652, 0.11377, 0.349121, -0.0185183, 0.114746, 0.349121, -0.0216602, 0.115723, 0.349121, -0.0239562, 0.116699, 0.349121, -0.0253177, 0.117676, 0.349121, -0.0256919, 0.118652, 0.349121, -0.0250639, 0.119629, 0.349121, -0.0234575, 0.120605, 0.349121, -0.0209342, 0.121582, 0.349121, -0.0175908, 0.122559, 0.349121, -0.0135555, 0.123535, 0.349121, -0.00898321, 0.124512, 0.349121, -0.00404969, 
        0.109863, 0.350098, -0.000351218, 0.11084, 0.350098, -0.0058836, 0.111816, 0.350098, -0.0111789, 0.112793, 0.350098, -0.0160329, 0.11377, 0.350098, -0.0202583, 0.114746, 0.350098, -0.0236921, 0.115723, 0.350098, -0.0262018, 0.116699, 0.350098, -0.0276902, 0.117676, 0.350098, -0.0280998, 0.118652, 0.350098, -0.0274144, 0.119629, 0.350098, -0.02566, 0.120605, 0.350098, -0.0229037, 0.121582, 0.350098, -0.0192512, 0.122559, 0.350098, -0.0148427, 0.123535, 0.350098, -0.00984759, 0.124512, 0.350098, -0.00445771, 
        0.109863, 0.351074, -0.000376457, 0.11084, 0.351074, -0.00616541, 0.111816, 0.351074, -0.0117063, 0.112793, 0.351074, -0.0167855, 0.11377, 0.351074, -0.0212069, 0.114746, 0.351074, -0.0248001, 0.115723, 0.351074, -0.0274264, 0.116699, 0.351074, -0.0289841, 0.117676, 0.351074, -0.029413, 0.118652, 0.351074, -0.0286962, 0.119629, 0.351074, -0.0268609, 0.120605, 0.351074, -0.0239772, 0.121582, 0.351074, -0.0201559, 0.122559, 0.351074, -0.0155436, 0.123535, 0.351074, -0.0103175, 0.124512, 0.351074, -0.00467832, 
        0.109863, 0.352051, -0.00037705, 0.11084, 0.352051, -0.00619937, 0.111816, 0.352051, -0.0117722, 0.112793, 0.352051, -0.0168806, 0.11377, 0.352051, -0.0213275, 0.114746, 0.352051, -0.0249414, 0.115723, 0.352051, -0.0275827, 0.116699, 0.352051, -0.0291494, 0.117676, 0.352051, -0.0295808, 0.118652, 0.352051, -0.0288597, 0.119629, 0.352051, -0.0270137, 0.120605, 0.352051, -0.0241134, 0.121582, 0.352051, -0.02027, 0.122559, 0.352051, -0.015631, 0.123535, 0.352051, -0.0103746, 0.124512, 0.352051, -0.00470284, 
        0.109863, 0.353027, -0.000352858, 0.11084, 0.353027, -0.00598403, 0.111816, 0.353027, -0.0113739, 0.112793, 0.353027, -0.0163145, 0.11377, 0.353027, -0.0206153, 0.114746, 0.353027, -0.0241104, 0.115723, 0.353027, -0.0266647, 0.116699, 0.353027, -0.0281797, 0.117676, 0.353027, -0.0285964, 0.118652, 0.353027, -0.0278986, 0.119629, 0.353027, -0.0261126, 0.120605, 0.353027, -0.0233068, 0.121582, 0.353027, -0.0195888, 0.122559, 0.353027, -0.0151013, 0.123535, 0.353027, -0.0100166, 0.124512, 0.353027, -0.00453013, 
        0.109863, 0.354004, -0.000304688, 0.11084, 0.354004, -0.00552755, 0.111816, 0.354004, -0.0105265, 0.112793, 0.354004, -0.0151088, 0.11377, 0.354004, -0.0190975, 0.114746, 0.354004, -0.0223388, 0.115723, 0.354004, -0.0247075, 0.116699, 0.354004, -0.0261119, 0.117676, 0.354004, -0.0264976, 0.118652, 0.354004, -0.0258494, 0.119629, 0.354004, -0.0241918, 0.120605, 0.354004, -0.0215882, 0.121582, 0.354004, -0.0181383, 0.122559, 0.354004, -0.0139747, 0.123535, 0.354004, -0.00925703, 0.124512, 0.354004, -0.00416664, 
        0.109863, 0.35498, -0.00023428, 0.11084, 0.35498, -0.00484741, 0.111816, 0.35498, -0.00926271, 0.112793, 0.35498, -0.0133099, 0.11377, 0.35498, -0.0168326, 0.114746, 0.35498, -0.0196949, 0.115723, 0.35498, -0.0217863, 0.116699, 0.35498, -0.0230258, 0.117676, 0.35498, -0.0233652, 0.118652, 0.35498, -0.0227912, 0.119629, 0.35498, -0.0213253, 0.120605, 0.35498, -0.0190237, 0.121582, 0.35498, -0.0159744, 0.122559, 0.35498, -0.0122944, 0.123535, 0.35498, -0.00812499, 0.124512, 0.35498, -0.0036262, 
        0.109863, 0.355957, -0.000144222, 0.11084, 0.355957, -0.00396967, 0.111816, 0.355957, -0.00763095, 0.112793, 0.355957, -0.0109868, 0.11377, 0.355957, -0.0139075, 0.114746, 0.355957, -0.0162803, 0.115723, 0.355957, -0.0180135, 0.116699, 0.355957, -0.0190399, 0.117676, 0.355957, -0.0193196, 0.118652, 0.355957, -0.0188414, 0.119629, 0.355957, -0.0176234, 0.120605, 0.355957, -0.0157119, 0.121582, 0.355957, -0.0131801, 0.122559, 0.355957, -0.010125, 0.123535, 0.355957, -0.00666388, 0.124512, 0.355957, -0.00292942, 
        0.109863, 0.356934, -3.7861e-05, 0.11084, 0.356934, -0.00292799, 0.111816, 0.356934, -0.00569394, 0.112793, 0.356934, -0.00822886, 0.11377, 0.356934, -0.0104348, 0.114746, 0.356934, -0.0122263, 0.115723, 0.356934, -0.0135342, 0.116699, 0.356934, -0.0143076, 0.117676, 0.356934, -0.0145164, 0.118652, 0.356934, -0.0141521, 0.119629, 0.356934, -0.0132283, 0.120605, 0.356934, -0.0117801, 0.121582, 0.356934, -0.00986283, 0.122559, 0.356934, -0.00754988, 0.123535, 0.356934, -0.00492977, 0.124512, 0.356934, -0.00210295, 
