{
    "level": 0,
    "idx": {"x": 7, "y": 13},
    "dim": {"x": 16, "y": 16},
    "offset": {"x": 0.109863, "y": 0.203613},
    "cellSize": {"x": 0.000976562, "y": 0.000976562},
    "vertices": [
        0.109863, 0.203613, 4.43225e-05, 0.11084, 0.203613, 0.000278168, 0.111816, 0.203613, 0.000502058, 0.112793, 0.203613, 0.000707396, 0.11377, 0.203613, 0.000886296, 0.114746, 0.203613, 0.0010319, 0.115723, 0.203613, 0.00113862, 0.116699, 0.203613, 0.00120238, 0.117676, 0.203613, 0.00122074, 0.118652, 0.203613, 0.00119304, 0.119629, 0.203613, 0.00112035, 0.120605, 0.203613, 0.00100552, 0.121582, 0.203613, 0.000852997, 0.122559, 0.203613, 0.000668677, 0.123535, 0.203613, 0.000459692, 0.124512, 0.203613, 0.000234124, 
        0.109863, 0.20459, 0.000170093, 0.11084, 0.20459, 0.00153987, 0.111816, 0.20459, 0.00285112, 0.112793, 0.20459, 0.00405341, 0.11377, 0.20459, 0.00510043, 0.114746, 0.20459, 0.0059519, 0.115723, 0.20459, 0.00657508, 0.116699, 0.20459, 0.00694599, 0.117676, 0.20459, 0.00705037, 0.118652, 0.20459, 0.00688424, 0.119629, 0.20459, 0.00645402, 0.120605, 0.20459, 0.0057763, 0.121582, 0.20459, 0.00487721, 0.122559, 0.20459, 0.00379141, 0.123535, 0.20459, 0.00256072, 0.124512, 0.20459, 0.00123259, 
        0.109863, 0.205566, 0.000290056, 0.11084, 0.205566, 0.00274304, 0.111816, 0.205566, 0.0050912, 0.112793, 0.205566, 0.00724416, 0.11377, 0.205566, 0.009119, 0.114746, 0.205566, 0.0106436, 0.115723, 0.205566, 0.0117593, 0.116699, 0.205566, 0.0124231, 0.117676, 0.205566, 0.0126095, 0.118652, 0.205566, 0.0123113, 0.119629, 0.205566, 0.0115402, 0.120605, 0.205566, 0.0103257, 0.121582, 0.205566, 0.0087147, 0.122559, 0.205566, 0.00676926, 0.123535, 0.205566, 0.00456429, 0.124512, 0.205566, 0.00218476, 
        0.109863, 0.206543, 0.000399611, 0.11084, 0.206543, 0.0038414, 0.111816, 0.206543, 0.00713608, 0.112793, 0.206543, 0.0101569, 0.11377, 0.206543, 0.0127874, 0.114746, 0.206543, 0.0149264, 0.115723, 0.206543, 0.0164917, 0.116699, 0.206543, 0.0174228, 0.117676, 0.206543, 0.0176841, 0.118652, 0.206543, 0.0172655, 0.119629, 0.206543, 0.0161831, 0.120605, 0.206543, 0.0144787, 0.121582, 0.206543, 0.0122178, 0.122559, 0.206543, 0.00948764, 0.123535, 0.206543, 0.0063933, 0.124512, 0.206543, 0.00305402, 
        0.109863, 0.20752, 0.000494553, 0.11084, 0.20752, 0.00479262, 0.111816, 0.20752, 0.00890698, 0.112793, 0.20752, 0.0126793, 0.11377, 0.20752, 0.0159642, 0.114746, 0.20752, 0.0186354, 0.115723, 0.20752, 0.0205899, 0.116699, 0.20752, 0.0217526, 0.117676, 0.20752, 0.0220788, 0.118652, 0.20752, 0.0215558, 0.119629, 0.20752, 0.0202039, 0.120605, 0.20752, 0.0180751, 0.121582, 0.20752, 0.0152515, 0.122559, 0.20752, 0.0118418, 0.123535, 0.20752, 0.0079773, 0.124512, 0.20752, 0.00380689, 
        0.109863, 0.208496, 0.000571248, 0.11084, 0.208496, 0.00556013, 0.111816, 0.208496, 0.0103358, 0.112793, 0.208496, 0.0147144, 0.11377, 0.208496, 0.0185272, 0.114746, 0.208496, 0.0216277, 0.115723, 0.208496, 0.0238963, 0.116699, 0.208496, 0.0252458, 0.117676, 0.208496, 0.0256243, 0.118652, 0.208496, 0.0250171, 0.119629, 0.208496, 0.0234478, 0.120605, 0.208496, 0.0209767, 0.121582, 0.208496, 0.0176991, 0.122559, 0.208496, 0.0137412, 0.123535, 0.208496, 0.00925534, 0.124512, 0.208496, 0.00441443, 
        0.109863, 0.209473, 0.00062676, 0.11084, 0.209473, 0.00611439, 0.111816, 0.209473, 0.0113675, 0.112793, 0.209473, 0.0161838, 0.11377, 0.209473, 0.0203778, 0.114746, 0.209473, 0.0237882, 0.115723, 0.209473, 0.0262836, 0.116699, 0.209473, 0.027768, 0.117676, 0.209473, 0.0281842, 0.118652, 0.209473, 0.0275163, 0.119629, 0.209473, 0.02579, 0.120605, 0.209473, 0.0230718, 0.121582, 0.209473, 0.0194664, 0.122559, 0.209473, 0.0151127, 0.123535, 0.209473, 0.0101783, 0.124512, 0.209473, 0.00485327, 
        0.109863, 0.210449, 0.000658971, 0.11084, 0.210449, 0.00643408, 0.111816, 0.210449, 0.0119623, 0.112793, 0.210449, 0.017031, 0.11377, 0.210449, 0.0214447, 0.114746, 0.210449, 0.0250337, 0.115723, 0.210449, 0.0276598, 0.116699, 0.210449, 0.029222, 0.117676, 0.210449, 0.02966, 0.118652, 0.210449, 0.028957, 0.119629, 0.210449, 0.0271403, 0.120605, 0.210449, 0.0242797, 0.121582, 0.210449, 0.0204853, 0.122559, 0.210449, 0.0159035, 0.123535, 0.210449, 0.0107105, 0.124512, 0.210449, 0.00510655, 
        0.109863, 0.211426, 0.00066666, 0.11084, 0.211426, 0.00650691, 0.111816, 0.211426, 0.0120975, 0.112793, 0.211426, 0.0172233, 0.11377, 0.211426, 0.0216868, 0.114746, 0.211426, 0.0253163, 0.115723, 0.211426, 0.0279721, 0.116699, 0.211426, 0.0295518, 0.117676, 0.211426, 0.0299948, 0.118652, 0.211426, 0.0292839, 0.119629, 0.211426, 0.0274467, 0.120605, 0.211426, 0.0245538, 0.121582, 0.211426, 0.0207167, 0.122559, 0.211426, 0.0160832, 0.123535, 0.211426, 0.0108317, 0.124512, 0.211426, 0.00516455, 
        0.109863, 0.212402, 0.00064955, 0.11084, 0.212402, 0.00633008, 0.111816, 0.212402, 0.0117678, 0.112793, 0.212402, 0.0167534, 0.11377, 0.212402, 0.0210949, 0.114746, 0.212402, 0.0246252, 0.115723, 0.212402, 0.0272083, 0.116699, 0.212402, 0.0287449, 0.117676, 0.212402, 0.0291758, 0.118652, 0.212402, 0.0284844, 0.119629, 0.212402, 0.0266975, 0.120605, 0.212402, 0.0238838, 0.121582, 0.212402, 0.0201517, 0.122559, 0.212402, 0.015645, 0.123535, 0.212402, 0.0105372, 0.124512, 0.212402, 0.00502505, 
        0.109863, 0.213379, 0.000608319, 0.11084, 0.213379, 0.00591044, 0.111816, 0.213379, 0.0109859, 0.112793, 0.213379, 0.0156395, 0.11377, 0.213379, 0.0196917, 0.114746, 0.213379, 0.0229869, 0.115723, 0.213379, 0.025398, 0.116699, 0.213379, 0.0268323, 0.117676, 0.213379, 0.0272345, 0.118652, 0.213379, 0.0265893, 0.119629, 0.213379, 0.0249215, 0.120605, 0.213379, 0.0222953, 0.121582, 0.213379, 0.018812, 0.122559, 0.213379, 0.0146056, 0.123535, 0.213379, 0.00983824, 0.124512, 0.213379, 0.00469347, 
        0.109863, 0.214355, 0.000544577, 0.11084, 0.214355, 0.00526417, 0.111816, 0.214355, 0.00978203, 0.112793, 0.214355, 0.0139243, 0.11377, 0.214355, 0.0175314, 0.114746, 0.214355, 0.0204645, 0.115723, 0.214355, 0.0226108, 0.116699, 0.214355, 0.0238876, 0.117676, 0.214355, 0.0242458, 0.118652, 0.214355, 0.0236716, 0.119629, 0.214355, 0.0221872, 0.120605, 0.214355, 0.0198497, 0.121582, 0.214355, 0.0167493, 0.122559, 0.214355, 0.0130053, 0.123535, 0.214355, 0.00876189, 0.124512, 0.214355, 0.0041826, 
        0.109863, 0.215332, 0.000460797, 0.11084, 0.215332, 0.00441616, 0.111816, 0.215332, 0.00820247, 0.112793, 0.215332, 0.011674, 0.11377, 0.215332, 0.0146971, 0.114746, 0.215332, 0.0171553, 0.115723, 0.215332, 0.0189542, 0.116699, 0.215332, 0.0200243, 0.117676, 0.215332, 0.0203247, 0.118652, 0.215332, 0.0198436, 0.119629, 0.215332, 0.0185998, 0.120605, 0.215332, 0.0166411, 0.121582, 0.215332, 0.014043, 0.122559, 0.215332, 0.0109055, 0.123535, 0.215332, 0.00734959, 0.124512, 0.215332, 0.00351215, 
        0.109863, 0.216309, 0.000360227, 0.11084, 0.216309, 0.00339909, 0.111816, 0.216309, 0.00630809, 0.112793, 0.216309, 0.00897528, 0.11377, 0.216309, 0.0112979, 0.114746, 0.216309, 0.0131867, 0.115723, 0.216309, 0.0145688, 0.116699, 0.216309, 0.0153912, 0.117676, 0.216309, 0.0156222, 0.118652, 0.216309, 0.0152529, 0.119629, 0.216309, 0.0142976, 0.120605, 0.216309, 0.0127931, 0.121582, 0.216309, 0.0107973, 0.122559, 0.216309, 0.00838731, 0.123535, 0.216309, 0.00565576, 0.124512, 0.216309, 0.00270796, 
        0.109863, 0.217285, 0.000246761, 0.11084, 0.217285, 0.00225215, 0.111816, 0.217285, 0.00417186, 0.112793, 0.217285, 0.00593202, 0.11377, 0.217285, 0.00746487, 0.114746, 0.217285, 0.00871142, 0.115723, 0.217285, 0.00962372, 0.116699, 0.217285, 0.0101667, 0.117676, 0.217285, 0.0103194, 0.118652, 0.217285, 0.0100761, 0.119629, 0.217285, 0.00944612, 0.120605, 0.217285, 0.0084538, 0.121582, 0.217285, 0.00713737, 0.122559, 0.217285, 0.00554757, 0.123535, 0.217285, 0.00374564, 0.124512, 0.217285, 0.00180104, 
