{
    "level": 0,
    "idx": {"x": 80, "y": 19},
    "dim": {"x": 8, "y": 8},
    "offset": {"x": 0.625488, "y": 0.148926},
    "cellSize": {"x": 0.000976562, "y": 0.000976562},
    "vertices": [
        0.625488, 0.148926, -0.000494245, 0.626465, 0.148926, -0.000216676, 0.627441, 0.148926, 5.74928e-05, 0.628418, 0.148926, 0.000325828, 0.629395, 0.148926, 0.000585958, 0.630371, 0.148926, 0.000835598, 0.631348, 0.148926, 0.00107257, 0.632324, 0.148926, 0.00129482, 
        0.625488, 0.149902, -0.000389133, 0.626465, 0.149902, -0.000140604, 0.627441, 0.149902, 0.000104919, 0.628418, 0.149902, 0.000345261, 0.629395, 0.149902, 0.0005783, 0.630371, 0.149902, 0.000801991, 0.631348, 0.149902, 0.00101439, 0.632324, 0.149902, 0.00121366, 
        0.625488, 0.150879, -0.000284069, 0.626465, 0.150879, -6.67981e-05, 0.627441, 0.150879, 0.000147896, 0.628418, 0.150879, 0.000358114, 0.629395, 0.150879, 0.000562008, 0.630371, 0.150879, 0.000757794, 0.631348, 0.150879, 0.000943772, 0.632324, 0.150879, 0.00111835, 
        0.625488, 0.151855, -0.000178889, 0.626465, 0.151855, 5.18596e-06, 0.627441, 0.151855, 0.000187143, 0.628418, 0.151855, 0.00036538, 0.629395, 0.151855, 0.000538336, 0.630371, 0.151855, 0.000704507, 0.631348, 0.151855, 0.000862456, 0.632324, 0.151855, 0.00101084, 
        0.625488, 0.152832, -7.34187e-05, 0.626465, 0.152832, 7.58242e-05, 0.627441, 0.152832, 0.000223433, 0.628418, 0.152832, 0.000368118, 0.629395, 0.152832, 0.000508622, 0.630371, 0.152832, 0.000643732, 0.631348, 0.152832, 0.000772292, 0.632324, 0.152832, 0.000893218, 
        0.625488, 0.153809, 3.25257e-05, 0.626465, 0.153809, 0.000145617, 0.627441, 0.153809, 0.000257578, 0.628418, 0.153809, 0.000367444, 0.629395, 0.153809, 0.000474274, 0.630371, 0.153809, 0.000577158, 0.631348, 0.153809, 0.000675231, 0.632324, 0.153809, 0.00076768, 
        0.625488, 0.154785, 0.000139137, 0.626465, 0.154785, 0.000215085, 0.627441, 0.154785, 0.000290423, 0.628418, 0.154785, 0.000364519, 0.629395, 0.154785, 0.000436756, 0.630371, 0.154785, 0.000506538, 0.631348, 0.154785, 0.000573298, 0.632324, 0.154785, 0.000636504, 
        0.625488, 0.155762, 0.000246615, 0.626465, 0.155762, 0.000284766, 0.627441, 0.155762, 0.000322838, 0.628418, 0.155762, 0.000360536, 0.629395, 0.155762, 0.000397575, 0.630371, 0.155762, 0.000433677, 0.631348, 0.155762, 0.00046858, 0.632324, 0.155762, 0.000502036
    ]
}
