{
    "level": 0,
    "idx": {"x": 80, "y": 62},
    "dim": {"x": 8, "y": 8},
    "offset": {"x": 0.625488, "y": 0.484863},
    "cellSize": {"x": 0.000976562, "y": 0.000976562},
    "vertices": [
        0.625488, 0.484863, 0.155715, 0.626465, 0.484863, 0.153822, 0.627441, 0.484863, 0.151938, 0.628418, 0.484863, 0.150068, 0.629395, 0.484863, 0.148215, 0.630371, 0.484863, 0.146382, 0.631348, 0.484863, 0.144573, 0.632324, 0.484863, 0.142791, 
        0.625488, 0.48584, 0.155992, 0.626465, 0.48584, 0.154099, 0.627441, 0.48584, 0.152215, 0.628418, 0.48584, 0.150344, 0.629395, 0.48584, 0.148491, 0.630371, 0.48584, 0.146658, 0.631348, 0.48584, 0.144848, 0.632324, 0.48584, 0.143064, 
        0.625488, 0.486816, 0.15626, 0.626465, 0.486816, 0.15437, 0.627441, 0.486816, 0.152489, 0.628418, 0.486816, 0.150622, 0.629395, 0.486816, 0.148772, 0.630371, 0.486816, 0.146941, 0.631348, 0.486816, 0.145133, 0.632324, 0.486816, 0.143352, 
        0.625488, 0.487793, 0.156518, 0.626465, 0.487793, 0.154635, 0.627441, 0.487793, 0.152762, 0.628418, 0.487793, 0.150901, 0.629395, 0.487793, 0.149057, 0.630371, 0.487793, 0.147232, 0.631348, 0.487793, 0.145429, 0.632324, 0.487793, 0.143652, 
        0.625488, 0.48877, 0.156767, 0.626465, 0.48877, 0.154895, 0.627441, 0.48877, 0.153031, 0.628418, 0.48877, 0.15118, 0.629395, 0.48877, 0.149345, 0.630371, 0.48877, 0.147529, 0.631348, 0.48877, 0.145735, 0.632324, 0.48877, 0.143965, 
        0.625488, 0.489746, 0.157006, 0.626465, 0.489746, 0.155147, 0.627441, 0.489746, 0.153298, 0.628418, 0.489746, 0.15146, 0.629395, 0.489746, 0.149637, 0.630371, 0.489746, 0.147833, 0.631348, 0.489746, 0.146049, 0.632324, 0.489746, 0.144289, 
        0.625488, 0.490723, 0.157235, 0.626465, 0.490723, 0.155394, 0.627441, 0.490723, 0.153561, 0.628418, 0.490723, 0.151739, 0.629395, 0.490723, 0.149932, 0.630371, 0.490723, 0.148141, 0.631348, 0.490723, 0.146371, 0.632324, 0.490723, 0.144623, 
        0.625488, 0.491699, 0.157455, 0.626465, 0.491699, 0.155633, 0.627441, 0.491699, 0.153819, 0.628418, 0.491699, 0.152017, 0.629395, 0.491699, 0.150227, 0.630371, 0.491699, 0.148454, 0.631348, 0.491699, 0.1467, 0.632324, 0.491699, 0.144966
    ]
}
