{
    "level": 0,
    "idx": {"x": 80, "y": 104},
    "dim": {"x": 8, "y": 8},
    "offset": {"x": 0.625488, "y": 0.812988},
    "cellSize": {"x": 0.000976562, "y": 0.000976562},
    "vertices": [
        0.625488, 0.812988, 0.00113211, 0.626465, 0.812988, 0.00116798, 0.627441, 0.812988, 0.0012041, 0.628418, 0.812988, 0.00124019, 0.629395, 0.812988, 0.00127596, 0.630371, 0.812988, 0.00131115, 0.631348, 0.812988, 0.0013455, 0.632324, 0.812988, 0.00137877, 
        0.625488, 0.813965, 0.00117026, 0.626465, 0.813965, 0.00124081, 0.627441, 0.813965, 0.00131103, 0.628418, 0.813965, 0.00138028, 0.629395, 0.813965, 0.00144796, 0.630371, 0.813965, 0.00151348, 0.631348, 0.813965, 0.00157628, 0.632324, 0.813965, 0.00163583, 
        0.625488, 0.814941, 0.00121023, 0.626465, 0.814941, 0.00131481, 0.627441, 0.814941, 0.00141848, 0.628418, 0.814941, 0.00152027, 0.629395, 0.814941, 0.00161924, 0.630371, 0.814941, 0.0017145, 0.631348, 0.814941, 0.0018052, 0.632324, 0.814941, 0.00189052, 
        0.625488, 0.815918, 0.00125175, 0.626465, 0.815918, 0.00138938, 0.627441, 0.815918, 0.00152552, 0.628418, 0.815918, 0.00165889, 0.629395, 0.815918, 0.00178825, 0.630371, 0.815918, 0.00191238, 0.631348, 0.815918, 0.00203015, 0.632324, 0.815918, 0.00214047, 
        0.625488, 0.816895, 0.00129456, 0.626465, 0.816895, 0.00146391, 0.627441, 0.816895, 0.00163123, 0.628418, 0.816895, 0.00179492, 0.629395, 0.816895, 0.00195343, 0.630371, 0.816895, 0.00210526, 0.631348, 0.816895, 0.002249, 0.632324, 0.816895, 0.00238331, 
        0.625488, 0.817871, 0.00133841, 0.626465, 0.817871, 0.00153785, 0.627441, 0.817871, 0.00173473, 0.628418, 0.817871, 0.00192717, 0.629395, 0.817871, 0.00211332, 0.630371, 0.817871, 0.00229142, 0.631348, 0.817871, 0.00245977, 0.632324, 0.817871, 0.00261679, 
        0.625488, 0.818848, 0.00138303, 0.626465, 0.818848, 0.00161062, 0.627441, 0.818848, 0.00183517, 0.628418, 0.818848, 0.0020545, 0.629395, 0.818848, 0.0022665, 0.630371, 0.818848, 0.00246915, 0.631348, 0.818848, 0.00266051, 0.632324, 0.818848, 0.00283875, 
        0.625488, 0.819824, 0.0014282, 0.626465, 0.819824, 0.00168174, 0.627441, 0.819824, 0.00193177, 0.628418, 0.819824, 0.00217586, 0.629395, 0.819824, 0.00241167, 0.630371, 0.819824, 0.00263692, 0.631348, 0.819824, 0.00284943, 0.632324, 0.819824, 0.00304719
    ]
}
