{
    "level": 0,
    "idx": {"x": 80, "y": 124},
    "dim": {"x": 8, "y": 8},
    "offset": {"x": 0.625488, "y": 0.969238},
    "cellSize": {"x": 0.000976562, "y": 0.000976562},
    "vertices": [
        0.625488, 0.969238, 0.00283404, 0.626465, 0.969238, 0.00274511, 0.627441, 0.969238, 0.00265578, 0.628418, 0.969238, 0.0025664, 0.629395, 0.969238, 0.00247732, 0.630371, 0.969238, 0.00238886, 0.631348, 0.969238, 0.00230135, 0.632324, 0.969238, 0.00221506, 
        0.625488, 0.970215, 0.00272914, 0.626465, 0.970215, 0.00260618, 0.627441, 0.970215, 0.00248342, 0.628418, 0.970215, 0.00236152, 0.629395, 0.970215, 0.00224118, 0.630371, 0.970215, 0.00212303, 0.631348, 0.970215, 0.00200769, 0.632324, 0.970215, 0.00189574, 
        0.625488, 0.971191, 0.00262375, 0.626465, 0.971191, 0.00246746, 0.627441, 0.971191, 0.00231194, 0.628418, 0.971191, 0.0021582, 0.629395, 0.971191, 0.00200724, 0.630371, 0.971191, 0.00186001, 0.631348, 0.971191, 0.00171743, 0.632324, 0.971191, 0.00158035, 
        0.625488, 0.972168, 0.00251813, 0.626465, 0.972168, 0.00232955, 0.627441, 0.972168, 0.00214229, 0.628418, 0.972168, 0.0019577, 0.629395, 0.972168, 0.00177707, 0.630371, 0.972168, 0.00160168, 0.631348, 0.972168, 0.00143272, 0.632324, 0.972168, 0.00127132, 
        0.625488, 0.973145, 0.0024125, 0.626465, 0.973145, 0.00219297, 0.627441, 0.973145, 0.00197532, 0.628418, 0.973145, 0.00176117, 0.629395, 0.973145, 0.00155215, 0.630371, 0.973145, 0.00134979, 0.631348, 0.973145, 0.00115559, 0.632324, 0.973145, 0.000970911, 
        0.625488, 0.974121, 0.00230708, 0.626465, 0.974121, 0.00205829, 0.627441, 0.974121, 0.00181188, 0.628418, 0.974121, 0.00156979, 0.629395, 0.974121, 0.00133391, 0.630371, 0.974121, 0.00110607, 0.631348, 0.974121, 0.00088801, 0.632324, 0.974121, 0.000681354, 
        0.625488, 0.975098, 0.00220211, 0.626465, 0.975098, 0.00192602, 0.627441, 0.975098, 0.0016528, 0.628418, 0.975098, 0.00138466, 0.629395, 0.975098, 0.00112376, 0.630371, 0.975098, 0.000872172, 0.631348, 0.975098, 0.000631892, 0.632324, 0.975098, 0.000404778, 
        0.625488, 0.976074, 0.00209776, 0.626465, 0.976074, 0.00179663, 0.627441, 0.976074, 0.00149881, 0.628418, 0.976074, 0.00120678, 0.629395, 0.976074, 0.000922924, 0.630371, 0.976074, 0.000649579, 0.631348, 0.976074, 0.000388951, 0.632324, 0.976074, 0.000143113
    ]
}
