{
    "level": 0,
    "idx": {"x": 80, "y": 17},
    "dim": {"x": 8, "y": 8},
    "offset": {"x": 0.625488, "y": 0.133301},
    "cellSize": {"x": 0.000976562, "y": 0.000976562},
    "vertices": [
        0.625488, 0.133301, -0.00224927, 0.626465, 0.133301, -0.00193472, 0.627441, 0.133301, -0.00162325, 0.628418, 0.133301, -0.00131735, 0.629395, 0.133301, -0.00101947, 0.630371, 0.133301, -0.000731985, 0.631348, 0.133301, -0.000457135, 0.632324, 0.133301, -0.000197031, 
        0.625488, 0.134277, -0.00213562, 0.626465, 0.134277, -0.00179896, 0.627441, 0.134277, -0.00146577, 0.628418, 0.134277, -0.00113878, 0.629395, 0.134277, -0.00082067, 0.630371, 0.134277, -0.000513999, 0.631348, 0.134277, -0.000221223, 0.632324, 0.134277, 5.53582e-05, 
        0.625488, 0.135254, -0.00202213, 0.626465, 0.135254, -0.00166614, 0.627441, 0.135254, -0.00131398, 0.628418, 0.135254, -0.000968585, 0.629395, 0.135254, -0.000632808, 0.630371, 0.135254, -0.000309412, 0.631348, 0.135254, -1.02583e-06, 0.632324, 0.135254, 0.000289883, 
        0.625488, 0.13623, -0.00190894, 0.626465, 0.13623, -0.00153662, 0.627441, 0.13623, -0.00116843, 0.628418, 0.13623, -0.000807489, 0.629395, 0.13623, -0.000456815, 0.630371, 0.13623, -0.000119329, 0.631348, 0.13623, 0.000202183, 0.632324, 0.13623, 0.000505112, 
        0.625488, 0.137207, -0.00179618, 0.626465, 0.137207, -0.00141069, 0.627441, 0.137207, -0.00102959, 0.628418, 0.137207, -0.00065613, 0.629395, 0.137207, -0.000293485, 0.630371, 0.137207, 5.52988e-05, 0.631348, 0.137207, 0.00038731, 0.632324, 0.137207, 0.00069982, 
        0.625488, 0.138184, -0.00168396, 0.626465, 0.138184, -0.00128859, 0.627441, 0.138184, -0.000897832, 0.628418, 0.138184, -0.000515037, 0.629395, 0.138184, -0.000143479, 0.630371, 0.138184, 0.000213686, 0.631348, 0.138184, 0.000553449, 0.632324, 0.138184, 0.000872989, 
        0.625488, 0.13916, -0.00157236, 0.626465, 0.13916, -0.00117054, 0.627441, 0.13916, -0.000773482, 0.628418, 0.13916, -0.000384626, 0.629395, 0.13916, -7.31789e-06, 0.630371, 0.13916, 0.000355213, 0.631348, 0.13916, 0.000699888, 0.632324, 0.13916, 0.00102382, 
        0.625488, 0.140137, -0.00146144, 0.626465, 0.140137, -0.00105666, 0.627441, 0.140137, -0.000656756, 0.628418, 0.140137, -0.000265194, 0.629395, 0.140137, 0.000114628, 0.630371, 0.140137, 0.000479439, 0.631348, 0.140137, 0.00082612, 0.632324, 0.140137, 0.00115175
    ]
}
