{
    "level": 0,
    "idx": {"x": 80, "y": 8},
    "dim": {"x": 8, "y": 8},
    "offset": {"x": 0.625488, "y": 0.0629883},
    "cellSize": {"x": 0.000976562, "y": 0.000976562},
    "vertices": [
        0.625488, 0.0629883, -0.00477242, 0.626465, 0.0629883, -0.0046787, 0.627441, 0.0629883, -0.0045834, 0.628418, 0.0629883, -0.00448658, 0.629395, 0.0629883, -0.00438828, 0.630371, 0.0629883, -0.00428856, 0.631348, 0.0629883, -0.00418748, 0.632324, 0.0629883, -0.00408507, 
        0.625488, 0.0639648, -0.00478338, 0.626465, 0.0639648, -0.00465309, 0.627441, 0.0639648, -0.00452178, 0.628418, 0.0639648, -0.00438983, 0.629395, 0.0639648, -0.00425763, 0.630371, 0.0639648, -0.00412556, 0.631348, 0.0639648, -0.00399398, 0.632324, 0.0639648, -0.00386321, 
        0.625488, 0.0649414, -0.00479283, 0.626465, 0.0649414, -0.00462637, 0.627441, 0.0649414, -0.00445944, 0.628418, 0.0649414, -0.00429275, 0.629395, 0.0649414, -0.00412703, 0.630371, 0.0649414, -0.00396297, 0.631348, 0.0649414, -0.00380123, 0.632324, 0.0649414, -0.00364242, 
        0.625488, 0.065918, -0.00480098, 0.626465, 0.065918, -0.0045991, 0.627441, 0.065918, -0.00439727, 0.628418, 0.065918, -0.00419656, 0.629395, 0.065918, -0.00399801, 0.630371, 0.065918, -0.00380262, 0.631348, 0.065918, -0.00361134, 0.632324, 0.065918, -0.00342508, 
        0.625488, 0.0668945, -0.00480802, 0.626465, 0.0668945, -0.00457179, 0.627441, 0.0668945, -0.00433614, 0.628418, 0.0668945, -0.00410245, 0.629395, 0.0668945, -0.00387207, 0.630371, 0.0668945, -0.0036463, 0.631348, 0.0668945, -0.00342639, 0.632324, 0.0668945, -0.00321351, 
        0.625488, 0.0678711, -0.00481414, 0.626465, 0.0678711, -0.00454497, 0.627441, 0.0678711, -0.00427688, 0.628418, 0.0678711, -0.00401156, 0.629395, 0.0678711, -0.00375065, 0.630371, 0.0678711, -0.00349576, 0.631348, 0.0678711, -0.0032484, 0.632324, 0.0678711, -0.00300999, 
        0.625488, 0.0688477, -0.00481953, 0.626465, 0.0688477, -0.00451914, 0.627441, 0.0688477, -0.00422031, 0.628418, 0.0688477, -0.003925, 0.629395, 0.0688477, -0.00363517, 0.630371, 0.0688477, -0.00335267, 0.631348, 0.0688477, -0.00307928, 0.632324, 0.0688477, -0.00281669, 
        0.625488, 0.0698242, -0.00482436, 0.626465, 0.0698242, -0.00449477, 0.627441, 0.0698242, -0.00416717, 0.628418, 0.0698242, -0.00384382, 0.629395, 0.0698242, -0.00352692, 0.630371, 0.0698242, -0.0032186, 0.631348, 0.0698242, -0.00292088, 0.632324, 0.0698242, -0.00263565
    ]
}
