{
    "level": 0,
    "idx": {"x": 80, "y": 81},
    "dim": {"x": 8, "y": 8},
    "offset": {"x": 0.625488, "y": 0.633301},
    "cellSize": {"x": 0.000976562, "y": 0.000976562},
    "vertices": [
        0.625488, 0.633301, 0.080799, 0.626465, 0.633301, 0.0802486, 0.627441, 0.633301, 0.0796946, 0.628418, 0.633301, 0.0791345, 0.629395, 0.633301, 0.0785659, 0.630371, 0.633301, 0.0779864, 0.631348, 0.633301, 0.0773939, 0.632324, 0.633301, 0.0767862, 
        0.625488, 0.634277, 0.0799207, 0.626465, 0.634277, 0.0794023, 0.627441, 0.634277, 0.0788799, 0.628418, 0.634277, 0.0783509, 0.629395, 0.634277, 0.0778126, 0.630371, 0.634277, 0.0772625, 0.631348, 0.634277, 0.0766981, 0.632324, 0.634277, 0.0761172, 
        0.625488, 0.635254, 0.0790422, 0.626465, 0.635254, 0.078553, 0.627441, 0.635254, 0.0780594, 0.628418, 0.635254, 0.0775587, 0.629395, 0.635254, 0.0770481, 0.630371, 0.635254, 0.0765248, 0.631348, 0.635254, 0.0759862, 0.632324, 0.635254, 0.07543, 
        0.625488, 0.63623, 0.0781637, 0.626465, 0.63623, 0.0777005, 0.627441, 0.63623, 0.0772327, 0.628418, 0.63623, 0.0767574, 0.629395, 0.63623, 0.0762716, 0.630371, 0.63623, 0.0757724, 0.631348, 0.63623, 0.0752571, 0.632324, 0.63623, 0.0747231, 
        0.625488, 0.637207, 0.0772851, 0.626465, 0.637207, 0.0768447, 0.627441, 0.637207, 0.0763996, 0.628418, 0.637207, 0.0759466, 0.629395, 0.637207, 0.0754826, 0.630371, 0.637207, 0.0750047, 0.631348, 0.637207, 0.0745099, 0.632324, 0.637207, 0.0739957, 
        0.625488, 0.638184, 0.0764063, 0.626465, 0.638184, 0.0759854, 0.627441, 0.638184, 0.0755596, 0.628418, 0.638184, 0.0751257, 0.629395, 0.638184, 0.0746805, 0.630371, 0.638184, 0.0742209, 0.631348, 0.638184, 0.0737439, 0.632324, 0.638184, 0.073247, 
        0.625488, 0.63916, 0.0755275, 0.626465, 0.63916, 0.0751226, 0.627441, 0.63916, 0.0747128, 0.628418, 0.63916, 0.0742947, 0.629395, 0.63916, 0.073865, 0.630371, 0.63916, 0.0734207, 0.631348, 0.63916, 0.0729587, 0.632324, 0.63916, 0.0724763, 
        0.625488, 0.640137, 0.0746489, 0.626465, 0.640137, 0.0742565, 0.627441, 0.640137, 0.0738592, 0.628418, 0.640137, 0.0734534, 0.629395, 0.640137, 0.0730361, 0.630371, 0.640137, 0.0726039, 0.631348, 0.640137, 0.072154, 0.632324, 0.640137, 0.0716834
    ]
}
