{
    "level": 0,
    "idx": {"x": 81, "y": 72},
    "dim": {"x": 8, "y": 8},
    "offset": {"x": 0.633301, "y": 0.562988},
    "cellSize": {"x": 0.000976562, "y": 0.000976562},
    "vertices": [
        0.633301, 0.562988, 0.129, 0.634277, 0.562988, 0.127599, 0.635254, 0.562988, 0.126199, 0.63623, 0.562988, 0.124801, 0.637207, 0.562988, 0.123405, 0.638184, 0.562988, 0.12201, 0.63916, 0.562988, 0.120617, 0.640137, 0.562988, 0.119226, 
        0.633301, 0.563965, 0.128681, 0.634277, 0.563965, 0.127309, 0.635254, 0.563965, 0.125934, 0.63623, 0.563965, 0.124559, 0.637207, 0.563965, 0.123181, 0.638184, 0.563965, 0.121802, 0.63916, 0.563965, 0.120421, 0.640137, 0.563965, 0.119038, 
        0.633301, 0.564941, 0.128351, 0.634277, 0.564941, 0.127006, 0.635254, 0.564941, 0.125657, 0.63623, 0.564941, 0.124303, 0.637207, 0.564941, 0.122945, 0.638184, 0.564941, 0.121581, 0.63916, 0.564941, 0.120212, 0.640137, 0.564941, 0.118839, 
        0.633301, 0.565918, 0.128006, 0.634277, 0.565918, 0.126689, 0.635254, 0.565918, 0.125364, 0.63623, 0.565918, 0.124033, 0.637207, 0.565918, 0.122693, 0.638184, 0.565918, 0.121344, 0.63916, 0.565918, 0.119988, 0.640137, 0.565918, 0.118623, 
        0.633301, 0.566895, 0.127644, 0.634277, 0.566895, 0.126354, 0.635254, 0.566895, 0.125054, 0.63623, 0.566895, 0.123743, 0.637207, 0.566895, 0.122422, 0.638184, 0.566895, 0.121089, 0.63916, 0.566895, 0.119744, 0.640137, 0.566895, 0.118387, 
        0.633301, 0.567871, 0.127263, 0.634277, 0.567871, 0.125999, 0.635254, 0.567871, 0.124722, 0.63623, 0.567871, 0.123432, 0.637207, 0.567871, 0.122129, 0.638184, 0.567871, 0.120811, 0.63916, 0.567871, 0.119478, 0.640137, 0.567871, 0.11813, 
        0.633301, 0.568848, 0.12686, 0.634277, 0.568848, 0.125621, 0.635254, 0.568848, 0.124367, 0.63623, 0.568848, 0.123097, 0.637207, 0.568848, 0.121811, 0.638184, 0.568848, 0.120507, 0.63916, 0.568848, 0.119186, 0.640137, 0.568848, 0.117847, 
        0.633301, 0.569824, 0.126434, 0.634277, 0.569824, 0.125219, 0.635254, 0.569824, 0.123987, 0.63623, 0.569824, 0.122736, 0.637207, 0.569824, 0.121466, 0.638184, 0.569824, 0.120176, 0.63916, 0.569824, 0.118866, 0.640137, 0.569824, 0.117536
    ]
}
