{
    "level": 0,
    "idx": {"x": 81, "y": 90},
    "dim": {"x": 8, "y": 8},
    "offset": {"x": 0.633301, "y": 0.703613},
    "cellSize": {"x": 0.000976562, "y": 0.000976562},
    "vertices": [
        0.633301, 0.703613, 0.0274439, 0.634277, 0.703613, 0.0274577, 0.635254, 0.703613, 0.027444, 0.63623, 0.703613, 0.0274011, 0.637207, 0.703613, 0.0273272, 0.638184, 0.703613, 0.0272211, 0.63916, 0.703613, 0.0270818, 0.640137, 0.703613, 0.0269087, 
        0.633301, 0.70459, 0.0269113, 0.634277, 0.70459, 0.0269286, 0.635254, 0.70459, 0.0269188, 0.63623, 0.70459, 0.0268801, 0.637207, 0.70459, 0.0268109, 0.638184, 0.70459, 0.0267098, 0.63916, 0.70459, 0.0265759, 0.640137, 0.70459, 0.0264085, 
        0.633301, 0.705566, 0.026358, 0.634277, 0.705566, 0.0263765, 0.635254, 0.705566, 0.0263686, 0.63623, 0.705566, 0.0263324, 0.637207, 0.705566, 0.0262664, 0.638184, 0.705566, 0.0261693, 0.63916, 0.705566, 0.0260401, 0.640137, 0.705566, 0.0258782, 
        0.633301, 0.706543, 0.0257844, 0.634277, 0.706543, 0.0258019, 0.635254, 0.706543, 0.0257939, 0.63623, 0.706543, 0.0257587, 0.637207, 0.706543, 0.0256945, 0.638184, 0.706543, 0.0256003, 0.63916, 0.706543, 0.0254751, 0.640137, 0.706543, 0.0253183, 
        0.633301, 0.70752, 0.0251914, 0.634277, 0.70752, 0.0252058, 0.635254, 0.70752, 0.0251958, 0.63623, 0.70752, 0.0251598, 0.637207, 0.70752, 0.0250963, 0.638184, 0.70752, 0.025004, 0.63916, 0.70752, 0.0248821, 0.640137, 0.70752, 0.02473, 
        0.633301, 0.708496, 0.0245801, 0.634277, 0.708496, 0.0245893, 0.635254, 0.708496, 0.0245756, 0.63623, 0.708496, 0.0245373, 0.637207, 0.708496, 0.0244731, 0.638184, 0.708496, 0.0243817, 0.63916, 0.708496, 0.0242625, 0.640137, 0.708496, 0.0241148, 
        0.633301, 0.709473, 0.0239517, 0.634277, 0.709473, 0.0239538, 0.635254, 0.709473, 0.0239346, 0.63623, 0.709473, 0.0238926, 0.637207, 0.709473, 0.0238264, 0.638184, 0.709473, 0.0237352, 0.63916, 0.709473, 0.023618, 0.640137, 0.709473, 0.0234744, 
        0.633301, 0.710449, 0.0233079, 0.634277, 0.710449, 0.023301, 0.635254, 0.710449, 0.0232747, 0.63623, 0.710449, 0.0232276, 0.637207, 0.710449, 0.0231585, 0.638184, 0.710449, 0.0230664, 0.63916, 0.710449, 0.0229506, 0.640137, 0.710449, 0.0228107
    ]
}
