{
    "level": 0,
    "idx": {"x": 81, "y": 31},
    "dim": {"x": 8, "y": 8},
    "offset": {"x": 0.633301, "y": 0.242676},
    "cellSize": {"x": 0.000976562, "y": 0.000976562},
    "vertices": [
        0.633301, 0.242676, 0.0125263, 0.634277, 0.242676, 0.01215, 0.635254, 0.242676, 0.0117928, 0.63623, 0.242676, 0.0114562, 0.637207, 0.242676, 0.0111414, 0.638184, 0.242676, 0.0108491, 0.63916, 0.242676, 0.0105804, 0.640137, 0.242676, 0.0103355, 
        0.633301, 0.243652, 0.0129529, 0.634277, 0.243652, 0.0125913, 0.635254, 0.243652, 0.0122466, 0.63623, 0.243652, 0.0119201, 0.637207, 0.243652, 0.0116129, 0.638184, 0.243652, 0.0113259, 0.63916, 0.243652, 0.0110597, 0.640137, 0.243652, 0.0108147, 
        0.633301, 0.244629, 0.0133982, 0.634277, 0.244629, 0.0130526, 0.635254, 0.244629, 0.0127215, 0.63623, 0.244629, 0.0124062, 0.637207, 0.244629, 0.0121076, 0.638184, 0.244629, 0.0118263, 0.63916, 0.244629, 0.011563, 0.640137, 0.244629, 0.0113181, 
        0.633301, 0.245605, 0.01386, 0.634277, 0.245605, 0.0135316, 0.635254, 0.245605, 0.0132152, 0.63623, 0.245605, 0.012912, 0.637207, 0.245605, 0.0126225, 0.638184, 0.245605, 0.0123476, 0.63916, 0.245605, 0.0120876, 0.640137, 0.245605, 0.0118429, 
        0.633301, 0.246582, 0.014336, 0.634277, 0.246582, 0.0140258, 0.635254, 0.246582, 0.013725, 0.63623, 0.246582, 0.0134345, 0.637207, 0.246582, 0.0131549, 0.638184, 0.246582, 0.0128867, 0.63916, 0.246582, 0.0126303, 0.640137, 0.246582, 0.0123861, 
        0.633301, 0.247559, 0.0148238, 0.634277, 0.247559, 0.0145326, 0.635254, 0.247559, 0.0142481, 0.63623, 0.247559, 0.013971, 0.637207, 0.247559, 0.0137016, 0.638184, 0.247559, 0.0134406, 0.63916, 0.247559, 0.013188, 0.640137, 0.247559, 0.0129443, 
        0.633301, 0.248535, 0.015321, 0.634277, 0.248535, 0.0150493, 0.635254, 0.248535, 0.0147816, 0.63623, 0.248535, 0.0145183, 0.637207, 0.248535, 0.0142596, 0.638184, 0.248535, 0.0140059, 0.63916, 0.248535, 0.0137574, 0.640137, 0.248535, 0.0135142, 
        0.633301, 0.249512, 0.0158248, 0.634277, 0.249512, 0.0155732, 0.635254, 0.249512, 0.0153226, 0.63623, 0.249512, 0.0150733, 0.637207, 0.249512, 0.0148256, 0.638184, 0.249512, 0.0145794, 0.63916, 0.249512, 0.014335, 0.640137, 0.249512, 0.0140925
    ]
}
