{
    "level": 0,
    "idx": {"x": 82, "y": 29},
    "dim": {"x": 8, "y": 8},
    "offset": {"x": 0.641113, "y": 0.227051},
    "cellSize": {"x": 0.000976562, "y": 0.000976562},
    "vertices": [
        0.641113, 0.227051, 0.00706564, 0.64209, 0.227051, 0.00691012, 0.643066, 0.227051, 0.00677969, 0.644043, 0.227051, 0.00667389, 0.64502, 0.227051, 0.00659196, 0.645996, 0.227051, 0.00653294, 0.646973, 0.227051, 0.00649563, 0.647949, 0.227051, 0.00647862, 
        0.641113, 0.228027, 0.00699549, 0.64209, 0.228027, 0.00684008, 0.643066, 0.228027, 0.00671205, 0.644043, 0.228027, 0.0066109, 0.64502, 0.228027, 0.0065358, 0.645996, 0.228027, 0.0064857, 0.646973, 0.228027, 0.0064593, 0.647949, 0.228027, 0.00645504, 
        0.641113, 0.229004, 0.00695529, 0.64209, 0.229004, 0.00679968, 0.643066, 0.229004, 0.00667349, 0.644043, 0.229004, 0.00657615, 0.64502, 0.229004, 0.00650678, 0.645996, 0.229004, 0.00646426, 0.646973, 0.229004, 0.00644717, 0.647949, 0.229004, 0.00645387, 
        0.641113, 0.22998, 0.0069471, 0.64209, 0.22998, 0.00679097, 0.643066, 0.22998, 0.00666599, 0.644043, 0.22998, 0.00657156, 0.64502, 0.22998, 0.00650676, 0.645996, 0.22998, 0.00647037, 0.646973, 0.22998, 0.00646092, 0.647949, 0.22998, 0.00647665, 
        0.641113, 0.230957, 0.00697272, 0.64209, 0.230957, 0.00681572, 0.643066, 0.230957, 0.0066913, 0.644043, 0.230957, 0.00659883, 0.64502, 0.230957, 0.00653733, 0.645996, 0.230957, 0.00650556, 0.646973, 0.230957, 0.00650196, 0.647949, 0.230957, 0.00652469, 
        0.641113, 0.231934, 0.0070336, 0.64209, 0.231934, 0.00687537, 0.643066, 0.231934, 0.00675083, 0.644043, 0.231934, 0.00665932, 0.64502, 0.231934, 0.00659984, 0.645996, 0.231934, 0.00657109, 0.646973, 0.231934, 0.00657146, 0.647949, 0.231934, 0.00659906, 
        0.641113, 0.23291, 0.0071309, 0.64209, 0.23291, 0.00697106, 0.643066, 0.23291, 0.00684569, 0.644043, 0.23291, 0.00675412, 0.64502, 0.23291, 0.0066953, 0.645996, 0.23291, 0.00666793, 0.646973, 0.23291, 0.00667035, 0.647949, 0.23291, 0.00670062, 
        0.641113, 0.233887, 0.00726541, 0.64209, 0.233887, 0.0071036, 0.643066, 0.233887, 0.00697667, 0.644043, 0.233887, 0.00688398, 0.64502, 0.233887, 0.00682446, 0.645996, 0.233887, 0.00679678, 0.646973, 0.233887, 0.00679926, 0.647949, 0.233887, 0.00682996
    ]
}
