{
    "level": 0,
    "idx": {"x": 82, "y": 21},
    "dim": {"x": 8, "y": 8},
    "offset": {"x": 0.641113, "y": 0.164551},
    "cellSize": {"x": 0.000976562, "y": 0.000976562},
    "vertices": [
        0.641113, 0.164551, -0.00141723, 0.64209, 0.164551, -0.00139783, 0.643066, 0.164551, -0.00135266, 0.644043, 0.164551, -0.00128224, 0.64502, 0.164551, -0.00118735, 0.645996, 0.164551, -0.00106901, 0.646973, 0.164551, -0.000928432, 0.647949, 0.164551, -0.000767095, 
        0.641113, 0.165527, -0.00155774, 0.64209, 0.165527, -0.00153837, 0.643066, 0.165527, -0.00149093, 0.644043, 0.165527, -0.001416, 0.64502, 0.165527, -0.00131441, 0.645996, 0.165527, -0.00118728, 0.646973, 0.165527, -0.00103594, 0.647949, 0.165527, -0.000861997, 
        0.641113, 0.166504, -0.00166903, 0.64209, 0.166504, -0.00165001, 0.643066, 0.166504, -0.00160089, 0.644043, 0.166504, -0.00152229, 0.64502, 0.166504, -0.00141512, 0.645996, 0.166504, -0.00128057, 0.646973, 0.166504, -0.00112006, 0.647949, 0.166504, -0.000935313, 
        0.641113, 0.16748, -0.00174903, 0.64209, 0.16748, -0.0017307, 0.643066, 0.16748, -0.00168054, 0.644043, 0.16748, -0.0015992, 0.64502, 0.16748, -0.00148764, 0.645996, 0.16748, -0.00134712, 0.646973, 0.16748, -0.00117914, 0.647949, 0.16748, -0.000985534, 
        0.641113, 0.168457, -0.00179598, 0.64209, 0.168457, -0.0017787, 0.643066, 0.168457, -0.00172816, 0.644043, 0.168457, -0.00164505, 0.64502, 0.168457, -0.00153036, 0.645996, 0.168457, -0.00138541, 0.646973, 0.168457, -0.00121177, 0.647949, 0.168457, -0.00101135, 
        0.641113, 0.169434, -0.0018084, 0.64209, 0.169434, -0.00179256, 0.643066, 0.169434, -0.00174235, 0.644043, 0.169434, -0.00165848, 0.64502, 0.169434, -0.00154198, 0.645996, 0.169434, -0.00139421, 0.646973, 0.169434, -0.0012168, 0.647949, 0.169434, -0.00101171, 
        0.641113, 0.17041, -0.00178517, 0.64209, 0.17041, -0.00177116, 0.643066, 0.17041, -0.00172199, 0.644043, 0.17041, -0.00163841, 0.64502, 0.17041, -0.00152146, 0.645996, 0.17041, -0.00137253, 0.646973, 0.17041, -0.00119329, 0.647949, 0.17041, -0.000985752, 
        0.641113, 0.171387, -0.00172548, 0.64209, 0.171387, -0.00171369, 0.643066, 0.171387, -0.00166632, 0.644043, 0.171387, -0.0015841, 0.64502, 0.171387, -0.00146809, 0.645996, 0.171387, -0.0013197, 0.646973, 0.171387, -0.00114063, 0.647949, 0.171387, -0.000932899
    ]
}
