{
    "level": 0,
    "idx": {"x": 83, "y": 49},
    "dim": {"x": 8, "y": 8},
    "offset": {"x": 0.648926, "y": 0.383301},
    "cellSize": {"x": 0.000976562, "y": 0.000976562},
    "vertices": [
        0.648926, 0.383301, 0.070576, 0.649902, 0.383301, 0.0696422, 0.650879, 0.383301, 0.0686981, 0.651855, 0.383301, 0.0677457, 0.652832, 0.383301, 0.0667874, 0.653809, 0.383301, 0.0658256, 0.654785, 0.383301, 0.064863, 0.655762, 0.383301, 0.063902, 
        0.648926, 0.384277, 0.0713573, 0.649902, 0.384277, 0.0703991, 0.650879, 0.384277, 0.0694293, 0.651855, 0.384277, 0.06845, 0.652832, 0.384277, 0.067464, 0.653809, 0.384277, 0.0664738, 0.654785, 0.384277, 0.0654824, 0.655762, 0.384277, 0.0644922, 
        0.648926, 0.385254, 0.0721206, 0.649902, 0.385254, 0.0711402, 0.650879, 0.385254, 0.070147, 0.651855, 0.385254, 0.0691434, 0.652832, 0.385254, 0.0681323, 0.653809, 0.385254, 0.0671164, 0.654785, 0.385254, 0.0660988, 0.655762, 0.385254, 0.0650824, 
        0.648926, 0.38623, 0.0728647, 0.649902, 0.38623, 0.0718643, 0.650879, 0.38623, 0.0708502, 0.651855, 0.38623, 0.069825, 0.652832, 0.38623, 0.0687916, 0.653809, 0.38623, 0.0677528, 0.654785, 0.38623, 0.066712, 0.655762, 0.38623, 0.0656722, 
        0.648926, 0.387207, 0.0735881, 0.649902, 0.387207, 0.0725704, 0.650879, 0.387207, 0.071538, 0.651855, 0.387207, 0.0704939, 0.652832, 0.387207, 0.0694411, 0.653809, 0.387207, 0.0683825, 0.654785, 0.387207, 0.0673216, 0.655762, 0.387207, 0.0662616, 
        0.648926, 0.388184, 0.0742901, 0.649902, 0.388184, 0.0732574, 0.650879, 0.388184, 0.0722096, 0.651855, 0.388184, 0.0711495, 0.652832, 0.388184, 0.0700803, 0.653809, 0.388184, 0.0690051, 0.654785, 0.388184, 0.0679274, 0.655762, 0.388184, 0.0668504, 
        0.648926, 0.38916, 0.0749697, 0.649902, 0.38916, 0.0739247, 0.650879, 0.38916, 0.0728643, 0.651855, 0.38916, 0.0717913, 0.652832, 0.38916, 0.0707089, 0.653809, 0.38916, 0.0696203, 0.654785, 0.38916, 0.0685291, 0.655762, 0.38916, 0.0674386, 
        0.648926, 0.390137, 0.0756263, 0.649902, 0.390137, 0.0745718, 0.650879, 0.390137, 0.0735017, 0.651855, 0.390137, 0.0724188, 0.652832, 0.390137, 0.0713265, 0.653809, 0.390137, 0.0702278, 0.654785, 0.390137, 0.0691265, 0.655762, 0.390137, 0.0680259
    ]
}
