{
    "level": 0,
    "idx": {"x": 83, "y": 107},
    "dim": {"x": 8, "y": 8},
    "offset": {"x": 0.648926, "y": 0.836426},
    "cellSize": {"x": 0.000976562, "y": 0.000976562},
    "vertices": [
        0.648926, 0.836426, 0.00303105, 0.649902, 0.836426, 0.00282136, 0.650879, 0.836426, 0.00259805, 0.651855, 0.836426, 0.00236302, 0.652832, 0.836426, 0.00211837, 0.653809, 0.836426, 0.00186618, 0.654785, 0.836426, 0.00160871, 0.655762, 0.836426, 0.00134819, 
        0.648926, 0.837402, 0.00284946, 0.649902, 0.837402, 0.00266022, 0.650879, 0.837402, 0.00245898, 0.651855, 0.837402, 0.00224743, 0.652832, 0.837402, 0.0020274, 0.653809, 0.837402, 0.00180074, 0.654785, 0.837402, 0.00156943, 0.655762, 0.837402, 0.00133542, 
        0.648926, 0.838379, 0.00265501, 0.649902, 0.838379, 0.00248778, 0.650879, 0.838379, 0.00231031, 0.651855, 0.838379, 0.00212403, 0.652832, 0.838379, 0.0019305, 0.653809, 0.838379, 0.00173129, 0.654785, 0.838379, 0.00152811, 0.655762, 0.838379, 0.00132263, 
        0.648926, 0.839355, 0.00244962, 0.649902, 0.839355, 0.00230576, 0.650879, 0.839355, 0.0021535, 0.651855, 0.839355, 0.00199401, 0.652832, 0.839355, 0.00182858, 0.653809, 0.839355, 0.00165849, 0.654785, 0.839355, 0.00148514, 0.655762, 0.839355, 0.0013099, 
        0.648926, 0.840332, 0.0022354, 0.649902, 0.840332, 0.00211601, 0.650879, 0.840332, 0.00199014, 0.651855, 0.840332, 0.0018587, 0.652832, 0.840332, 0.00172267, 0.653809, 0.840332, 0.00158305, 0.654785, 0.840332, 0.00144091, 0.655762, 0.840332, 0.00129731, 
        0.648926, 0.841309, 0.00201449, 0.649902, 0.841309, 0.00192041, 0.650879, 0.841309, 0.00182185, 0.651855, 0.841309, 0.00171941, 0.652832, 0.841309, 0.0016138, 0.653809, 0.841309, 0.00150569, 0.654785, 0.841309, 0.00139583, 0.655762, 0.841309, 0.00128495, 
        0.648926, 0.842285, 0.00178916, 0.649902, 0.842285, 0.00172098, 0.650879, 0.842285, 0.00165034, 0.651855, 0.842285, 0.00157757, 0.652832, 0.842285, 0.00150306, 0.653809, 0.842285, 0.00142718, 0.654785, 0.842285, 0.00135034, 0.655762, 0.842285, 0.00127292, 
        0.648926, 0.843262, 0.00156166, 0.649902, 0.843262, 0.00151969, 0.650879, 0.843262, 0.00147732, 0.651855, 0.843262, 0.00143458, 0.652832, 0.843262, 0.00139156, 0.653809, 0.843262, 0.00134829, 0.654785, 0.843262, 0.00130486, 0.655762, 0.843262, 0.00126131
    ]
}
