{
    "level": 0,
    "idx": {"x": 83, "y": 50},
    "dim": {"x": 8, "y": 8},
    "offset": {"x": 0.648926, "y": 0.391113},
    "cellSize": {"x": 0.000976562, "y": 0.000976562},
    "vertices": [
        0.648926, 0.391113, 0.0762596, 0.649902, 0.391113, 0.0751984, 0.650879, 0.391113, 0.0741215, 0.651855, 0.391113, 0.0730319, 0.652832, 0.391113, 0.0719328, 0.653809, 0.391113, 0.0708275, 0.654785, 0.391113, 0.0697195, 0.655762, 0.391113, 0.0686123, 
        0.648926, 0.39209, 0.0768696, 0.649902, 0.39209, 0.0758043, 0.650879, 0.39209, 0.0747236, 0.651855, 0.39209, 0.0736303, 0.652832, 0.39209, 0.0725278, 0.653809, 0.39209, 0.0714192, 0.654785, 0.39209, 0.0703081, 0.655762, 0.39209, 0.0691978, 
        0.648926, 0.393066, 0.0774562, 0.649902, 0.393066, 0.0763896, 0.650879, 0.393066, 0.075308, 0.651855, 0.393066, 0.0742142, 0.652832, 0.393066, 0.0731114, 0.653809, 0.393066, 0.0720029, 0.654785, 0.393066, 0.070892, 0.655762, 0.393066, 0.0697821, 
        0.648926, 0.394043, 0.0780199, 0.649902, 0.394043, 0.0769546, 0.650879, 0.394043, 0.075875, 0.651855, 0.394043, 0.0747837, 0.652832, 0.394043, 0.0736839, 0.653809, 0.394043, 0.0725787, 0.654785, 0.394043, 0.0714714, 0.655762, 0.394043, 0.0703653, 
        0.648926, 0.39502, 0.0785612, 0.649902, 0.39502, 0.0774998, 0.650879, 0.39502, 0.0764249, 0.651855, 0.39502, 0.0753391, 0.652832, 0.39502, 0.0742454, 0.653809, 0.39502, 0.0731467, 0.654785, 0.39502, 0.0720463, 0.655762, 0.39502, 0.0709473, 
        0.648926, 0.395996, 0.0790809, 0.649902, 0.395996, 0.0780259, 0.650879, 0.395996, 0.0769584, 0.651855, 0.395996, 0.0758809, 0.652832, 0.395996, 0.0747962, 0.653809, 0.395996, 0.0737071, 0.654785, 0.395996, 0.0726168, 0.655762, 0.395996, 0.071528, 
        0.648926, 0.396973, 0.0795799, 0.649902, 0.396973, 0.0785337, 0.650879, 0.396973, 0.0774762, 0.651855, 0.396973, 0.0764097, 0.652832, 0.396973, 0.0753368, 0.653809, 0.396973, 0.0742603, 0.654785, 0.396973, 0.0731829, 0.655762, 0.396973, 0.0721075, 
        0.648926, 0.397949, 0.0800595, 0.649902, 0.397949, 0.0790243, 0.650879, 0.397949, 0.0779792, 0.651855, 0.397949, 0.0769261, 0.652832, 0.397949, 0.0758678, 0.653809, 0.397949, 0.0748064, 0.654785, 0.397949, 0.0737449, 0.655762, 0.397949, 0.0726856
    ]
}
