{
    "level": 0,
    "idx": {"x": 83, "y": 67},
    "dim": {"x": 8, "y": 8},
    "offset": {"x": 0.648926, "y": 0.523926},
    "cellSize": {"x": 0.000976562, "y": 0.000976562},
    "vertices": [
        0.648926, 0.523926, 0.122483, 0.649902, 0.523926, 0.12083, 0.650879, 0.523926, 0.119171, 0.651855, 0.523926, 0.117506, 0.652832, 0.523926, 0.115839, 0.653809, 0.523926, 0.114171, 0.654785, 0.523926, 0.112506, 0.655762, 0.523926, 0.110845, 
        0.648926, 0.524902, 0.122104, 0.649902, 0.524902, 0.120474, 0.650879, 0.524902, 0.118839, 0.651855, 0.524902, 0.1172, 0.652832, 0.524902, 0.115559, 0.653809, 0.524902, 0.113919, 0.654785, 0.524902, 0.112281, 0.655762, 0.524902, 0.110649, 
        0.648926, 0.525879, 0.121703, 0.649902, 0.525879, 0.120097, 0.650879, 0.525879, 0.118487, 0.651855, 0.525879, 0.116875, 0.652832, 0.525879, 0.115263, 0.653809, 0.525879, 0.113653, 0.654785, 0.525879, 0.112045, 0.655762, 0.525879, 0.110443, 
        0.648926, 0.526855, 0.12128, 0.649902, 0.526855, 0.119699, 0.650879, 0.526855, 0.118117, 0.651855, 0.526855, 0.116535, 0.652832, 0.526855, 0.114953, 0.653809, 0.526855, 0.113374, 0.654785, 0.526855, 0.111799, 0.655762, 0.526855, 0.110229, 
        0.648926, 0.527832, 0.120837, 0.649902, 0.527832, 0.119284, 0.650879, 0.527832, 0.117731, 0.651855, 0.527832, 0.116179, 0.652832, 0.527832, 0.114629, 0.653809, 0.527832, 0.113083, 0.654785, 0.527832, 0.111542, 0.655762, 0.527832, 0.110006, 
        0.648926, 0.528809, 0.120378, 0.649902, 0.528809, 0.118853, 0.650879, 0.528809, 0.11733, 0.651855, 0.528809, 0.11581, 0.652832, 0.528809, 0.114293, 0.653809, 0.528809, 0.112781, 0.654785, 0.528809, 0.111275, 0.655762, 0.528809, 0.109775, 
        0.648926, 0.529785, 0.119904, 0.649902, 0.529785, 0.118408, 0.650879, 0.529785, 0.116916, 0.651855, 0.529785, 0.115428, 0.652832, 0.529785, 0.113946, 0.653809, 0.529785, 0.112469, 0.654785, 0.529785, 0.110998, 0.655762, 0.529785, 0.109535, 
        0.648926, 0.530762, 0.119418, 0.649902, 0.530762, 0.117951, 0.650879, 0.530762, 0.116491, 0.651855, 0.530762, 0.115036, 0.652832, 0.530762, 0.113588, 0.653809, 0.530762, 0.112147, 0.654785, 0.530762, 0.110713, 0.655762, 0.530762, 0.109286
    ]
}
