{
    "level": 0,
    "idx": {"x": 83, "y": 40},
    "dim": {"x": 8, "y": 8},
    "offset": {"x": 0.648926, "y": 0.312988},
    "cellSize": {"x": 0.000976562, "y": 0.000976562},
    "vertices": [
        0.648926, 0.312988, 0.0308705, 0.649902, 0.312988, 0.0304624, 0.650879, 0.312988, 0.0300552, 0.651855, 0.312988, 0.029649, 0.652832, 0.312988, 0.0292441, 0.653809, 0.312988, 0.0288404, 0.654785, 0.312988, 0.0284383, 0.655762, 0.312988, 0.0280378, 
        0.648926, 0.313965, 0.0315138, 0.649902, 0.313965, 0.0310745, 0.650879, 0.313965, 0.0306341, 0.651855, 0.313965, 0.030193, 0.652832, 0.313965, 0.0297517, 0.653809, 0.313965, 0.0293106, 0.654785, 0.313965, 0.0288703, 0.655762, 0.313965, 0.0284311, 
        0.648926, 0.314941, 0.0321578, 0.649902, 0.314941, 0.0316877, 0.650879, 0.314941, 0.0312145, 0.651855, 0.314941, 0.0307389, 0.652832, 0.314941, 0.0302617, 0.653809, 0.314941, 0.0297835, 0.654785, 0.314941, 0.0293054, 0.655762, 0.314941, 0.028828, 
        0.648926, 0.315918, 0.0328004, 0.649902, 0.315918, 0.0323001, 0.650879, 0.315918, 0.0317947, 0.651855, 0.315918, 0.0312852, 0.652832, 0.315918, 0.0307727, 0.653809, 0.315918, 0.0302583, 0.654785, 0.315918, 0.0297431, 0.655762, 0.315918, 0.0292283, 
        0.648926, 0.316895, 0.0334393, 0.649902, 0.316895, 0.0329096, 0.650879, 0.316895, 0.0323729, 0.651855, 0.316895, 0.0318305, 0.652832, 0.316895, 0.0312838, 0.653809, 0.316895, 0.0307341, 0.654785, 0.316895, 0.030183, 0.655762, 0.316895, 0.0296318, 
        0.648926, 0.317871, 0.0340722, 0.649902, 0.317871, 0.0335142, 0.650879, 0.317871, 0.0329475, 0.651855, 0.317871, 0.0323735, 0.652832, 0.317871, 0.0317939, 0.653809, 0.317871, 0.0312103, 0.654785, 0.317871, 0.0306247, 0.655762, 0.317871, 0.0300385, 
        0.648926, 0.318848, 0.0346971, 0.649902, 0.318848, 0.0341122, 0.650879, 0.318848, 0.0335168, 0.651855, 0.318848, 0.0329127, 0.652832, 0.318848, 0.0323019, 0.653809, 0.318848, 0.0316861, 0.654785, 0.318848, 0.0310676, 0.655762, 0.318848, 0.0304483, 
        0.648926, 0.319824, 0.035312, 0.649902, 0.319824, 0.0347018, 0.650879, 0.319824, 0.0340795, 0.651855, 0.319824, 0.0334471, 0.652832, 0.319824, 0.0328069, 0.653809, 0.319824, 0.0321609, 0.654785, 0.319824, 0.0315115, 0.655762, 0.319824, 0.030861
    ]
}
