{
    "level": 0,
    "idx": {"x": 84, "y": 63},
    "dim": {"x": 8, "y": 8},
    "offset": {"x": 0.656738, "y": 0.492676},
    "cellSize": {"x": 0.000976562, "y": 0.000976562},
    "vertices": [
        0.656738, 0.492676, 0.111028, 0.657715, 0.492676, 0.109925, 0.658691, 0.492676, 0.108826, 0.659668, 0.492676, 0.10773, 0.660645, 0.492676, 0.106634, 0.661621, 0.492676, 0.105536, 0.662598, 0.492676, 0.104434, 0.663574, 0.492676, 0.103327, 
        0.656738, 0.493652, 0.111095, 0.657715, 0.493652, 0.109961, 0.658691, 0.493652, 0.108831, 0.659668, 0.493652, 0.107705, 0.660645, 0.493652, 0.10658, 0.661621, 0.493652, 0.105455, 0.662598, 0.493652, 0.104327, 0.663574, 0.493652, 0.103194, 
        0.656738, 0.494629, 0.111152, 0.657715, 0.494629, 0.109984, 0.658691, 0.494629, 0.108823, 0.659668, 0.494629, 0.107665, 0.660645, 0.494629, 0.106509, 0.661621, 0.494629, 0.105354, 0.662598, 0.494629, 0.104198, 0.663574, 0.494629, 0.10304, 
        0.656738, 0.495605, 0.111199, 0.657715, 0.495605, 0.109997, 0.658691, 0.495605, 0.108801, 0.659668, 0.495605, 0.107609, 0.660645, 0.495605, 0.106421, 0.661621, 0.495605, 0.105235, 0.662598, 0.495605, 0.10405, 0.663574, 0.495605, 0.102865, 
        0.656738, 0.496582, 0.111236, 0.657715, 0.496582, 0.109998, 0.658691, 0.496582, 0.108767, 0.659668, 0.496582, 0.107541, 0.660645, 0.496582, 0.106319, 0.661621, 0.496582, 0.105101, 0.662598, 0.496582, 0.103885, 0.663574, 0.496582, 0.102671, 
        0.656738, 0.497559, 0.111265, 0.657715, 0.497559, 0.109989, 0.658691, 0.497559, 0.108721, 0.659668, 0.497559, 0.107459, 0.660645, 0.497559, 0.106203, 0.661621, 0.497559, 0.104952, 0.662598, 0.497559, 0.103705, 0.663574, 0.497559, 0.102461, 
        0.656738, 0.498535, 0.111284, 0.657715, 0.498535, 0.10997, 0.658691, 0.498535, 0.108665, 0.659668, 0.498535, 0.107366, 0.660645, 0.498535, 0.106075, 0.661621, 0.498535, 0.10479, 0.662598, 0.498535, 0.103511, 0.663574, 0.498535, 0.102238, 
        0.656738, 0.499512, 0.111294, 0.657715, 0.499512, 0.109942, 0.658691, 0.499512, 0.108599, 0.659668, 0.499512, 0.107263, 0.660645, 0.499512, 0.105936, 0.661621, 0.499512, 0.104617, 0.662598, 0.499512, 0.103306, 0.663574, 0.499512, 0.102003
    ]
}
