{
    "level": 0,
    "idx": {"x": 85, "y": 31},
    "dim": {"x": 8, "y": 8},
    "offset": {"x": 0.664551, "y": 0.242676},
    "cellSize": {"x": 0.000976562, "y": 0.000976562},
    "vertices": [
        0.664551, 0.242676, 0.00916515, 0.665527, 0.242676, 0.00909669, 0.666504, 0.242676, 0.00900852, 0.66748, 0.242676, 0.00889937, 0.668457, 0.242676, 0.00876817, 0.669434, 0.242676, 0.00861407, 0.67041, 0.242676, 0.00843645, 0.671387, 0.242676, 0.00823493, 
        0.664551, 0.243652, 0.00909836, 0.665527, 0.243652, 0.00901069, 0.666504, 0.243652, 0.00890552, 0.66748, 0.243652, 0.00878171, 0.668457, 0.243652, 0.00863831, 0.669434, 0.243652, 0.00847458, 0.67041, 0.243652, 0.00828996, 0.671387, 0.243652, 0.00808412, 
        0.664551, 0.244629, 0.00901708, 0.665527, 0.244629, 0.00890886, 0.666504, 0.244629, 0.00878551, 0.66748, 0.244629, 0.00864607, 0.668457, 0.244629, 0.00848968, 0.669434, 0.244629, 0.00831574, 0.67041, 0.244629, 0.00812373, 0.671387, 0.244629, 0.00791341, 
        0.664551, 0.245605, 0.00892351, 0.665527, 0.245605, 0.00879358, 0.666504, 0.245605, 0.00865104, 0.66748, 0.245605, 0.0084951, 0.668457, 0.245605, 0.00832505, 0.669434, 0.245605, 0.00814038, 0.67041, 0.245605, 0.00794068, 0.671387, 0.245605, 0.00772574, 
        0.664551, 0.246582, 0.00882, 0.665527, 0.246582, 0.00866738, 0.666504, 0.246582, 0.00850481, 0.66748, 0.246582, 0.00833165, 0.668457, 0.246582, 0.00814736, 0.669434, 0.246582, 0.00795155, 0.67041, 0.246582, 0.00774388, 0.671387, 0.246582, 0.00752421, 
        0.664551, 0.247559, 0.00870903, 0.665527, 0.247559, 0.00853294, 0.666504, 0.247559, 0.00834965, 0.66748, 0.247559, 0.00815871, 0.668457, 0.247559, 0.00795973, 0.669434, 0.247559, 0.00775244, 0.67041, 0.247559, 0.00753659, 0.671387, 0.247559, 0.0073121, 
        0.664551, 0.248535, 0.00859315, 0.665527, 0.248535, 0.00839302, 0.666504, 0.248535, 0.00818851, 0.66748, 0.248535, 0.00797938, 0.668457, 0.248535, 0.00776537, 0.669434, 0.248535, 0.00754635, 0.67041, 0.248535, 0.00732217, 0.671387, 0.248535, 0.0070928, 
        0.664551, 0.249512, 0.008475, 0.665527, 0.249512, 0.00825046, 0.666504, 0.249512, 0.00802442, 0.66748, 0.249512, 0.00779683, 0.668457, 0.249512, 0.00756759, 0.669434, 0.249512, 0.00733669, 0.67041, 0.249512, 0.00710408, 0.671387, 0.249512, 0.0068698
    ]
}
