{
    "level": 0,
    "idx": {"x": 85, "y": 62},
    "dim": {"x": 8, "y": 8},
    "offset": {"x": 0.664551, "y": 0.484863},
    "cellSize": {"x": 0.000976562, "y": 0.000976562},
    "vertices": [
        0.664551, 0.484863, 0.102384, 0.665527, 0.484863, 0.101364, 0.666504, 0.484863, 0.100324, 0.66748, 0.484863, 0.099261, 0.668457, 0.484863, 0.0981747, 0.669434, 0.484863, 0.0970637, 0.67041, 0.484863, 0.0959268, 0.671387, 0.484863, 0.0947636, 
        0.664551, 0.48584, 0.102478, 0.665527, 0.48584, 0.101451, 0.666504, 0.48584, 0.100405, 0.66748, 0.48584, 0.0993368, 0.668457, 0.48584, 0.0982454, 0.669434, 0.48584, 0.0971295, 0.67041, 0.48584, 0.0959881, 0.671387, 0.48584, 0.0948208, 
        0.664551, 0.486816, 0.102537, 0.665527, 0.486816, 0.101502, 0.666504, 0.486816, 0.100448, 0.66748, 0.486816, 0.0993728, 0.668457, 0.486816, 0.098275, 0.669434, 0.486816, 0.0971533, 0.67041, 0.486816, 0.0960069, 0.671387, 0.486816, 0.0948352, 
        0.664551, 0.487793, 0.102562, 0.665527, 0.487793, 0.101517, 0.666504, 0.487793, 0.100453, 0.66748, 0.487793, 0.0993695, 0.668457, 0.487793, 0.0982641, 0.669434, 0.487793, 0.0971358, 0.67041, 0.487793, 0.0959838, 0.671387, 0.487793, 0.0948076, 
        0.664551, 0.48877, 0.102553, 0.665527, 0.48877, 0.101496, 0.666504, 0.48877, 0.100421, 0.66748, 0.48877, 0.0993278, 0.668457, 0.48877, 0.0982136, 0.669434, 0.48877, 0.097078, 0.67041, 0.48877, 0.0959199, 0.671387, 0.48877, 0.0947389, 
        0.664551, 0.489746, 0.102513, 0.665527, 0.489746, 0.101441, 0.666504, 0.489746, 0.100354, 0.66748, 0.489746, 0.0992489, 0.668457, 0.489746, 0.098125, 0.669434, 0.489746, 0.0969811, 0.67041, 0.489746, 0.0958164, 0.671387, 0.489746, 0.0946305, 
        0.664551, 0.490723, 0.102441, 0.665527, 0.490723, 0.101354, 0.666504, 0.490723, 0.100252, 0.66748, 0.490723, 0.0991344, 0.668457, 0.490723, 0.0979996, 0.669434, 0.490723, 0.0968468, 0.67041, 0.490723, 0.095675, 0.671387, 0.490723, 0.094484, 
        0.664551, 0.491699, 0.10234, 0.665527, 0.491699, 0.101235, 0.666504, 0.491699, 0.100118, 0.66748, 0.491699, 0.0989861, 0.668457, 0.491699, 0.0978394, 0.669434, 0.491699, 0.0966769, 0.67041, 0.491699, 0.0954977, 0.671387, 0.491699, 0.0943015
    ]
}
