{
    "level": 0,
    "idx": {"x": 85, "y": 80},
    "dim": {"x": 8, "y": 8},
    "offset": {"x": 0.664551, "y": 0.625488},
    "cellSize": {"x": 0.000976562, "y": 0.000976562},
    "vertices": [
        0.664551, 0.625488, 0.0532846, 0.665527, 0.625488, 0.0524856, 0.666504, 0.625488, 0.0516931, 0.66748, 0.625488, 0.0509075, 0.668457, 0.625488, 0.050129, 0.669434, 0.625488, 0.0493577, 0.67041, 0.625488, 0.0485936, 0.671387, 0.625488, 0.047837, 
        0.664551, 0.626465, 0.0524794, 0.665527, 0.626465, 0.0516666, 0.666504, 0.626465, 0.0508632, 0.66748, 0.626465, 0.0500698, 0.668457, 0.626465, 0.0492865, 0.669434, 0.626465, 0.0485138, 0.67041, 0.626465, 0.0477517, 0.671387, 0.626465, 0.0470005, 
        0.664551, 0.627441, 0.0516796, 0.665527, 0.627441, 0.0508534, 0.666504, 0.627441, 0.0500395, 0.66748, 0.627441, 0.0492384, 0.668457, 0.627441, 0.0484507, 0.669434, 0.627441, 0.0476767, 0.67041, 0.627441, 0.0469167, 0.671387, 0.627441, 0.046171, 
        0.664551, 0.628418, 0.0508879, 0.665527, 0.628418, 0.050049, 0.666504, 0.628418, 0.049225, 0.66748, 0.628418, 0.0484167, 0.668457, 0.628418, 0.0476248, 0.669434, 0.628418, 0.0468498, 0.67041, 0.628418, 0.0460921, 0.671387, 0.628418, 0.045352, 
        0.664551, 0.629395, 0.050107, 0.665527, 0.629395, 0.049256, 0.666504, 0.629395, 0.0484226, 0.66748, 0.629395, 0.0476078, 0.668457, 0.629395, 0.0468122, 0.669434, 0.629395, 0.0460366, 0.67041, 0.629395, 0.0452814, 0.671387, 0.629395, 0.0445469, 
        0.664551, 0.630371, 0.0493393, 0.665527, 0.630371, 0.0484774, 0.666504, 0.630371, 0.0476354, 0.66748, 0.630371, 0.0468147, 0.668457, 0.630371, 0.0460161, 0.669434, 0.630371, 0.0452403, 0.67041, 0.630371, 0.0444878, 0.671387, 0.630371, 0.0437592, 
        0.664551, 0.631348, 0.0485873, 0.665527, 0.631348, 0.0477155, 0.666504, 0.631348, 0.0468661, 0.66748, 0.631348, 0.0460404, 0.668457, 0.631348, 0.0452393, 0.669434, 0.631348, 0.0444638, 0.67041, 0.631348, 0.0437145, 0.671387, 0.631348, 0.0429919, 
        0.664551, 0.632324, 0.0478532, 0.665527, 0.632324, 0.046973, 0.666504, 0.632324, 0.0461172, 0.66748, 0.632324, 0.0452875, 0.668457, 0.632324, 0.0444848, 0.669434, 0.632324, 0.0437103, 0.67041, 0.632324, 0.0429645, 0.671387, 0.632324, 0.042248
    ]
}
