{
    "level": 0,
    "idx": {"x": 86, "y": 43},
    "dim": {"x": 8, "y": 8},
    "offset": {"x": 0.672363, "y": 0.336426},
    "cellSize": {"x": 0.000976562, "y": 0.000976562},
    "vertices": [
        0.672363, 0.336426, 0.028201, 0.67334, 0.336426, 0.0278218, 0.674316, 0.336426, 0.0274704, 0.675293, 0.336426, 0.0271461, 0.67627, 0.336426, 0.0268484, 0.677246, 0.336426, 0.0265761, 0.678223, 0.336426, 0.0263282, 0.679199, 0.336426, 0.0261032, 
        0.672363, 0.337402, 0.028894, 0.67334, 0.337402, 0.0285088, 0.674316, 0.337402, 0.0281487, 0.675293, 0.337402, 0.0278132, 0.67627, 0.337402, 0.0275017, 0.677246, 0.337402, 0.0272132, 0.678223, 0.337402, 0.0269469, 0.679199, 0.337402, 0.0267014, 
        0.672363, 0.338379, 0.0296116, 0.67334, 0.338379, 0.0292201, 0.674316, 0.338379, 0.0288509, 0.675293, 0.338379, 0.0285034, 0.67627, 0.338379, 0.0281772, 0.677246, 0.338379, 0.0278716, 0.678223, 0.338379, 0.0275856, 0.679199, 0.338379, 0.0273181, 
        0.672363, 0.339355, 0.030351, 0.67334, 0.339355, 0.0299529, 0.674316, 0.339355, 0.029574, 0.675293, 0.339355, 0.029214, 0.67627, 0.339355, 0.0288724, 0.677246, 0.339355, 0.0285486, 0.678223, 0.339355, 0.0282418, 0.679199, 0.339355, 0.0279511, 
        0.672363, 0.340332, 0.0311089, 0.67334, 0.340332, 0.0307041, 0.674316, 0.340332, 0.0303152, 0.675293, 0.340332, 0.0299421, 0.67627, 0.340332, 0.0295844, 0.677246, 0.340332, 0.0292416, 0.678223, 0.340332, 0.0289131, 0.679199, 0.340332, 0.0285981, 
        0.672363, 0.341309, 0.0318822, 0.67334, 0.341309, 0.0314703, 0.674316, 0.341309, 0.0310712, 0.675293, 0.341309, 0.0306846, 0.67627, 0.341309, 0.0303102, 0.677246, 0.341309, 0.0299477, 0.678223, 0.341309, 0.0295968, 0.679199, 0.341309, 0.0292567, 
        0.672363, 0.342285, 0.0326673, 0.67334, 0.342285, 0.0322483, 0.674316, 0.342285, 0.0318387, 0.675293, 0.342285, 0.0314382, 0.67627, 0.342285, 0.0310468, 0.677246, 0.342285, 0.0306642, 0.678223, 0.342285, 0.0302902, 0.679199, 0.342285, 0.0299244, 
        0.672363, 0.343262, 0.0334608, 0.67334, 0.343262, 0.0330346, 0.674316, 0.343262, 0.0326143, 0.675293, 0.343262, 0.0321997, 0.67627, 0.343262, 0.031791, 0.677246, 0.343262, 0.031388, 0.678223, 0.343262, 0.0309906, 0.679199, 0.343262, 0.0305986
    ]
}
