{
    "level": 0,
    "idx": {"x": 87, "y": 31},
    "dim": {"x": 8, "y": 8},
    "offset": {"x": 0.680176, "y": 0.242676},
    "cellSize": {"x": 0.000976562, "y": 0.000976562},
    "vertices": [
        0.680176, 0.242676, 0.00539886, 0.681152, 0.242676, 0.00498854, 0.682129, 0.242676, 0.00456513, 0.683105, 0.242676, 0.00413066, 0.684082, 0.242676, 0.00368741, 0.685059, 0.242676, 0.00323773, 0.686035, 0.242676, 0.00278396, 0.687012, 0.242676, 0.00232863, 
        0.680176, 0.243652, 0.00532496, 0.681152, 0.243652, 0.00493417, 0.682129, 0.243652, 0.00453186, 0.683105, 0.243652, 0.00411987, 0.684082, 0.243652, 0.0037002, 0.685059, 0.243652, 0.00327499, 0.686035, 0.243652, 0.00284631, 0.687012, 0.243652, 0.00241643, 
        0.680176, 0.244629, 0.00523892, 0.681152, 0.244629, 0.0048694, 0.682129, 0.244629, 0.00449006, 0.683105, 0.244629, 0.0041025, 0.684082, 0.244629, 0.00370848, 0.685059, 0.244629, 0.00330985, 0.686035, 0.244629, 0.00290843, 0.687012, 0.244629, 0.0025062, 
        0.680176, 0.245605, 0.00514269, 0.681152, 0.245605, 0.00479594, 0.682129, 0.245605, 0.00444119, 0.683105, 0.245605, 0.00407977, 0.684082, 0.245605, 0.00371319, 0.685059, 0.245605, 0.003343, 0.686035, 0.245605, 0.00297073, 0.687012, 0.245605, 0.00259807, 
        0.680176, 0.246582, 0.00503832, 0.681152, 0.246582, 0.00471562, 0.682129, 0.246582, 0.00438681, 0.683105, 0.246582, 0.00405298, 0.684082, 0.246582, 0.00371534, 0.685059, 0.246582, 0.00337514, 0.686035, 0.246582, 0.00303362, 0.687012, 0.246582, 0.00269213, 
        0.680176, 0.247559, 0.00492796, 0.681152, 0.247559, 0.00463033, 0.682129, 0.247559, 0.00432857, 0.683105, 0.247559, 0.00402349, 0.684082, 0.247559, 0.00371599, 0.685059, 0.247559, 0.00340704, 0.686035, 0.247559, 0.00309754, 0.687012, 0.247559, 0.00278852, 
        0.680176, 0.248535, 0.00481387, 0.681152, 0.248535, 0.00454206, 0.682129, 0.248535, 0.00426816, 0.683105, 0.248535, 0.00399269, 0.684082, 0.248535, 0.00371624, 0.685059, 0.248535, 0.00343946, 0.686035, 0.248535, 0.00316293, 0.687012, 0.248535, 0.00288734, 
        0.680176, 0.249512, 0.00469834, 0.681152, 0.249512, 0.00445286, 0.682129, 0.249512, 0.00420735, 0.683105, 0.249512, 0.00396204, 0.684082, 0.249512, 0.00371722, 0.685059, 0.249512, 0.00347322, 0.686035, 0.249512, 0.00323028, 0.687012, 0.249512, 0.00298874
    ]
}
