{
    "level": 0,
    "idx": {"x": 87, "y": 121},
    "dim": {"x": 8, "y": 8},
    "offset": {"x": 0.680176, "y": 0.945801},
    "cellSize": {"x": 0.000976562, "y": 0.000976562},
    "vertices": [
        0.680176, 0.945801, -0.00349725, 0.681152, 0.945801, -0.00338842, 0.682129, 0.945801, -0.00326281, 0.683105, 0.945801, -0.00312268, 0.684082, 0.945801, -0.00297042, 0.685059, 0.945801, -0.00280856, 0.686035, 0.945801, -0.00263967, 0.687012, 0.945801, -0.00246643, 
        0.680176, 0.946777, -0.00362472, 0.681152, 0.946777, -0.00349753, 0.682129, 0.946777, -0.00335235, 0.683105, 0.946777, -0.00319157, 0.684082, 0.946777, -0.0030178, 0.685059, 0.946777, -0.00283376, 0.686035, 0.946777, -0.00264222, 0.687012, 0.946777, -0.00244606, 
        0.680176, 0.947754, -0.00373189, 0.681152, 0.947754, -0.00358862, 0.682129, 0.947754, -0.00342628, 0.683105, 0.947754, -0.00324745, 0.684082, 0.947754, -0.00305488, 0.685059, 0.947754, -0.00285145, 0.686035, 0.947754, -0.00264011, 0.687012, 0.947754, -0.00242393, 
        0.680176, 0.94873, -0.00381753, 0.681152, 0.94873, -0.00366059, 0.682129, 0.94873, -0.00348371, 0.683105, 0.94873, -0.00328956, 0.684082, 0.94873, -0.00308106, 0.685059, 0.94873, -0.00286121, 0.686035, 0.94873, -0.00263312, 0.687012, 0.94873, -0.0024, 
        0.680176, 0.949707, -0.00388065, 0.681152, 0.949707, -0.00371258, 0.682129, 0.949707, -0.00352386, 0.683105, 0.949707, -0.00331729, 0.684082, 0.949707, -0.00309586, 0.685059, 0.949707, -0.00286272, 0.686035, 0.949707, -0.00262106, 0.687012, 0.949707, -0.00237424, 
        0.680176, 0.950684, -0.00392046, 0.681152, 0.950684, -0.00374388, 0.682129, 0.950684, -0.00354616, 0.683105, 0.950684, -0.00333014, 0.684082, 0.950684, -0.00309892, 0.685059, 0.950684, -0.00285571, 0.686035, 0.950684, -0.0026038, 0.687012, 0.950684, -0.00234661, 
        0.680176, 0.95166, -0.00393638, 0.681152, 0.95166, -0.00375399, 0.682129, 0.95166, -0.00355015, 0.683105, 0.95166, -0.00332776, 0.684082, 0.95166, -0.00308995, 0.685059, 0.95166, -0.00283999, 0.686035, 0.95166, -0.00258121, 0.687012, 0.95166, -0.00231711, 
        0.680176, 0.952637, -0.00392807, 0.681152, 0.952637, -0.00374261, 0.682129, 0.952637, -0.00353559, 0.683105, 0.952637, -0.00330993, 0.684082, 0.952637, -0.00306879, 0.685059, 0.952637, -0.00281545, 0.686035, 0.952637, -0.00255326, 0.687012, 0.952637, -0.00228572
    ]
}
