{
    "level": 0,
    "idx": {"x": 87, "y": 62},
    "dim": {"x": 8, "y": 8},
    "offset": {"x": 0.680176, "y": 0.484863},
    "cellSize": {"x": 0.000976562, "y": 0.000976562},
    "vertices": [
        0.680176, 0.484863, 0.0831808, 0.681152, 0.484863, 0.081796, 0.682129, 0.484863, 0.0804001, 0.683105, 0.484863, 0.0789959, 0.684082, 0.484863, 0.0775868, 0.685059, 0.484863, 0.076176, 0.686035, 0.484863, 0.0747669, 0.687012, 0.484863, 0.0733632, 
        0.680176, 0.48584, 0.0832161, 0.681152, 0.48584, 0.0818304, 0.682129, 0.48584, 0.0804338, 0.683105, 0.48584, 0.0790291, 0.684082, 0.48584, 0.0776196, 0.685059, 0.48584, 0.0762086, 0.686035, 0.48584, 0.0747994, 0.687012, 0.48584, 0.0733956, 
        0.680176, 0.486816, 0.0832216, 0.681152, 0.486816, 0.0818377, 0.682129, 0.486816, 0.0804435, 0.683105, 0.486816, 0.0790415, 0.684082, 0.486816, 0.077635, 0.685059, 0.486816, 0.0762273, 0.686035, 0.486816, 0.0748215, 0.687012, 0.486816, 0.0734212, 
        0.680176, 0.487793, 0.0831977, 0.681152, 0.487793, 0.0818185, 0.682129, 0.487793, 0.0804295, 0.683105, 0.487793, 0.0790334, 0.684082, 0.487793, 0.0776332, 0.685059, 0.487793, 0.0762321, 0.686035, 0.487793, 0.0748332, 0.687012, 0.487793, 0.07344, 
        0.680176, 0.48877, 0.0831451, 0.681152, 0.48877, 0.0817733, 0.682129, 0.48877, 0.0803925, 0.683105, 0.48877, 0.0790053, 0.684082, 0.48877, 0.0776145, 0.685059, 0.48877, 0.0762234, 0.686035, 0.48877, 0.0748347, 0.687012, 0.48877, 0.073452, 
        0.680176, 0.489746, 0.0830647, 0.681152, 0.489746, 0.0817029, 0.682129, 0.489746, 0.0803331, 0.683105, 0.489746, 0.0789576, 0.684082, 0.489746, 0.0775794, 0.685059, 0.489746, 0.0762014, 0.686035, 0.489746, 0.0748262, 0.687012, 0.489746, 0.0734572, 
        0.680176, 0.490723, 0.0829576, 0.681152, 0.490723, 0.0816082, 0.682129, 0.490723, 0.080252, 0.683105, 0.490723, 0.0788912, 0.684082, 0.490723, 0.0775284, 0.685059, 0.490723, 0.0761665, 0.686035, 0.490723, 0.0748079, 0.687012, 0.490723, 0.0734558, 
        0.680176, 0.491699, 0.082825, 0.681152, 0.491699, 0.0814904, 0.682129, 0.491699, 0.0801503, 0.683105, 0.491699, 0.0788067, 0.684082, 0.491699, 0.0774621, 0.685059, 0.491699, 0.0761191, 0.686035, 0.491699, 0.07478, 0.687012, 0.491699, 0.0734477
    ]
}
