{
    "level": 0,
    "idx": {"x": 88, "y": 3},
    "dim": {"x": 8, "y": 8},
    "offset": {"x": 0.687988, "y": 0.0239258},
    "cellSize": {"x": 0.000976562, "y": 0.000976562},
    "vertices": [
        0.687988, 0.0239258, 0.001452, 0.688965, 0.0239258, 0.0017641, 0.689941, 0.0239258, 0.00207158, 0.690918, 0.0239258, 0.0023719, 0.691895, 0.0239258, 0.00266271, 0.692871, 0.0239258, 0.00294164, 0.693848, 0.0239258, 0.00320655, 0.694824, 0.0239258, 0.0034553, 
        0.687988, 0.0249023, 0.00148286, 0.688965, 0.0249023, 0.00177038, 0.689941, 0.0249023, 0.00205367, 0.690918, 0.0249023, 0.00233049, 0.691895, 0.0249023, 0.00259871, 0.692871, 0.0249023, 0.00285622, 0.693848, 0.0249023, 0.00310107, 0.694824, 0.0249023, 0.00333136, 
        0.687988, 0.0258789, 0.00151174, 0.688965, 0.0258789, 0.00177242, 0.689941, 0.0258789, 0.00202932, 0.690918, 0.0258789, 0.00228048, 0.691895, 0.0258789, 0.00252403, 0.692871, 0.0258789, 0.00275813, 0.693848, 0.0258789, 0.00298106, 0.694824, 0.0258789, 0.00319116, 
        0.687988, 0.0268555, 0.00153882, 0.688965, 0.0268555, 0.00177068, 0.689941, 0.0268555, 0.00199925, 0.690918, 0.0268555, 0.00222285, 0.691895, 0.0268555, 0.00243992, 0.692871, 0.0268555, 0.00264886, 0.693848, 0.0268555, 0.00284824, 0.694824, 0.0268555, 0.00303664, 
        0.687988, 0.027832, 0.00156429, 0.688965, 0.027832, 0.00176565, 0.689941, 0.027832, 0.00196424, 0.690918, 0.027832, 0.00215868, 0.691895, 0.027832, 0.00234771, 0.692871, 0.027832, 0.00253003, 0.693848, 0.027832, 0.00270447, 0.694824, 0.027832, 0.00286987, 
        0.687988, 0.0288086, 0.00158834, 0.688965, 0.0288086, 0.00175784, 0.689941, 0.0288086, 0.00192511, 0.690918, 0.0288086, 0.00208909, 0.691895, 0.0288086, 0.00224882, 0.692871, 0.0288086, 0.00240331, 0.693848, 0.0288086, 0.00255168, 0.694824, 0.0288086, 0.00269305, 
        0.687988, 0.0297852, 0.00161119, 0.688965, 0.0297852, 0.0017478, 0.689941, 0.0297852, 0.00188272, 0.690918, 0.0297852, 0.00201524, 0.691895, 0.0297852, 0.00214471, 0.692871, 0.0297852, 0.00227047, 0.693848, 0.0297852, 0.00239191, 0.694824, 0.0297852, 0.00250843, 
        0.687988, 0.0307617, 0.00163306, 0.688965, 0.0307617, 0.00173607, 0.689941, 0.0307617, 0.00183795, 0.690918, 0.0307617, 0.00193834, 0.691895, 0.0307617, 0.00203691, 0.692871, 0.0307617, 0.00213331, 0.693848, 0.0307617, 0.00222724, 0.694824, 0.0307617, 0.00231838
    ]
}
