{
    "level": 0,
    "idx": {"x": 88, "y": 72},
    "dim": {"x": 8, "y": 8},
    "offset": {"x": 0.687988, "y": 0.562988},
    "cellSize": {"x": 0.000976562, "y": 0.000976562},
    "vertices": [
        0.687988, 0.562988, 0.058659, 0.688965, 0.562988, 0.0576565, 0.689941, 0.562988, 0.0566634, 0.690918, 0.562988, 0.0556795, 0.691895, 0.562988, 0.0547048, 0.692871, 0.562988, 0.053739, 0.693848, 0.562988, 0.0527821, 0.694824, 0.562988, 0.0518339, 
        0.687988, 0.563965, 0.0583575, 0.688965, 0.563965, 0.0573944, 0.689941, 0.563965, 0.05644, 0.690918, 0.563965, 0.055494, 0.691895, 0.563965, 0.0545558, 0.692871, 0.563965, 0.053625, 0.693848, 0.563965, 0.0527011, 0.694824, 0.563965, 0.0517838, 
        0.687988, 0.564941, 0.0580533, 0.688965, 0.564941, 0.0571292, 0.689941, 0.564941, 0.0562132, 0.690918, 0.564941, 0.0553046, 0.691895, 0.564941, 0.0544025, 0.692871, 0.564941, 0.0535062, 0.693848, 0.564941, 0.052615, 0.694824, 0.564941, 0.0517282, 
        0.687988, 0.565918, 0.0577464, 0.688965, 0.565918, 0.0568605, 0.689941, 0.565918, 0.055982, 0.690918, 0.565918, 0.0551101, 0.691895, 0.565918, 0.0542434, 0.692871, 0.565918, 0.053381, 0.693848, 0.565918, 0.0525217, 0.694824, 0.565918, 0.0516648, 
        0.687988, 0.566895, 0.0574366, 0.688965, 0.566895, 0.0565877, 0.689941, 0.566895, 0.0557457, 0.690918, 0.566895, 0.0549093, 0.691895, 0.566895, 0.054077, 0.692871, 0.566895, 0.0532475, 0.693848, 0.566895, 0.0524193, 0.694824, 0.566895, 0.0515915, 
        0.687988, 0.567871, 0.0571238, 0.688965, 0.567871, 0.0563104, 0.689941, 0.567871, 0.0555035, 0.690918, 0.567871, 0.0547013, 0.691895, 0.567871, 0.053902, 0.692871, 0.567871, 0.0531041, 0.693848, 0.567871, 0.0523058, 0.694824, 0.567871, 0.051506, 
        0.687988, 0.568848, 0.0568077, 0.688965, 0.568848, 0.0560282, 0.689941, 0.568848, 0.0552546, 0.690918, 0.568848, 0.0544849, 0.691895, 0.568848, 0.053717, 0.692871, 0.568848, 0.0529492, 0.693848, 0.568848, 0.0521794, 0.694824, 0.568848, 0.0514062, 
        0.687988, 0.569824, 0.0564883, 0.688965, 0.569824, 0.0557406, 0.689941, 0.569824, 0.0549983, 0.690918, 0.569824, 0.0542592, 0.691895, 0.569824, 0.0535208, 0.692871, 0.569824, 0.0527813, 0.693848, 0.569824, 0.0520384, 0.694824, 0.569824, 0.0512902
    ]
}
