{
    "level": 0,
    "idx": {"x": 88, "y": 108},
    "dim": {"x": 8, "y": 8},
    "offset": {"x": 0.687988, "y": 0.844238},
    "cellSize": {"x": 0.000976562, "y": 0.000976562},
    "vertices": [
        0.687988, 0.844238, -3.98788e-05, 0.688965, 0.844238, -0.000105672, 0.689941, 0.844238, -0.00017067, 0.690918, 0.844238, -0.000234565, 0.691895, 0.844238, -0.000297079, 0.692871, 0.844238, -0.000357922, 0.693848, 0.844238, -0.000416839, 0.694824, 0.844238, -0.000473571, 
        0.687988, 0.845215, -0.000133875, 0.688965, 0.845215, -0.000237329, 0.689941, 0.845215, -0.000339393, 0.690918, 0.845215, -0.000439414, 0.691895, 0.845215, -0.000536789, 0.692871, 0.845215, -0.000630906, 0.693848, 0.845215, -0.000721212, 0.694824, 0.845215, -0.000807156, 
        0.687988, 0.846191, -0.000226811, 0.688965, 0.846191, -0.000367287, 0.689941, 0.846191, -0.000505787, 0.690918, 0.846191, -0.000641321, 0.691895, 0.846191, -0.000772966, 0.692871, 0.846191, -0.000899794, 0.693848, 0.846191, -0.00102096, 0.694824, 0.846191, -0.00113562, 
        0.687988, 0.847168, -0.000318439, 0.688965, 0.847168, -0.000494954, 0.689941, 0.847168, -0.000668924, 0.690918, 0.847168, -0.00083903, 0.691895, 0.847168, -0.00100404, 0.692871, 0.847168, -0.00116272, 0.693848, 0.847168, -0.00131393, 0.694824, 0.847168, -0.00145656, 
        0.687988, 0.848145, -0.000408533, 0.688965, 0.848145, -0.000619783, 0.689941, 0.848145, -0.00082794, 0.690918, 0.848145, -0.00103137, 0.691895, 0.848145, -0.00122854, 0.692871, 0.848145, -0.00141791, 0.693848, 0.848145, -0.00159809, 0.694824, 0.848145, -0.0017677, 
        0.687988, 0.849121, -0.000496853, 0.688965, 0.849121, -0.00074121, 0.689941, 0.849121, -0.000981953, 0.690918, 0.849121, -0.00121714, 0.691895, 0.849121, -0.00144497, 0.692871, 0.849121, -0.00166362, 0.693848, 0.849121, -0.00187142, 0.694824, 0.849121, -0.00206674, 
        0.687988, 0.850098, -0.000583194, 0.688965, 0.850098, -0.000858736, 0.689941, 0.850098, -0.00113017, 0.690918, 0.850098, -0.00139529, 0.691895, 0.850098, -0.001652, 0.692871, 0.850098, -0.00189822, 0.693848, 0.850098, -0.00213205, 0.694824, 0.850098, -0.00235163, 
        0.687988, 0.851074, -0.000667337, 0.688965, 0.851074, -0.000971854, 0.689941, 0.851074, -0.00127181, 0.690918, 0.851074, -0.00156473, 0.691895, 0.851074, -0.00184828, 0.692871, 0.851074, -0.00212014, 0.693848, 0.851074, -0.00237818, 0.694824, 0.851074, -0.00262031
    ]
}
