{
    "level": 0,
    "idx": {"x": 88, "y": 102},
    "dim": {"x": 8, "y": 8},
    "offset": {"x": 0.687988, "y": 0.797363},
    "cellSize": {"x": 0.000976562, "y": 0.000976562},
    "vertices": [
        0.687988, 0.797363, 0.00362068, 0.688965, 0.797363, 0.0033048, 0.689941, 0.797363, 0.00299449, 0.690918, 0.797363, 0.00269323, 0.691895, 0.797363, 0.00240433, 0.692871, 0.797363, 0.00213104, 0.693848, 0.797363, 0.00187639, 0.694824, 0.797363, 0.0016433, 
        0.687988, 0.79834, 0.00353377, 0.688965, 0.79834, 0.00322132, 0.689941, 0.79834, 0.00291437, 0.690918, 0.79834, 0.00261637, 0.691895, 0.79834, 0.00233056, 0.692871, 0.79834, 0.00206018, 0.693848, 0.79834, 0.00180821, 0.694824, 0.79834, 0.00157755, 
        0.687988, 0.799316, 0.00344961, 0.688965, 0.799316, 0.00314402, 0.689941, 0.799316, 0.00284381, 0.690918, 0.799316, 0.00255235, 0.691895, 0.799316, 0.00227281, 0.692871, 0.799316, 0.00200836, 0.693848, 0.799316, 0.00176191, 0.694824, 0.799316, 0.00153628, 
        0.687988, 0.800293, 0.00336813, 0.688965, 0.800293, 0.00307276, 0.689941, 0.800293, 0.00278259, 0.690918, 0.800293, 0.00250089, 0.691895, 0.800293, 0.00223072, 0.692871, 0.800293, 0.00197514, 0.693848, 0.800293, 0.00173697, 0.694824, 0.800293, 0.00151895, 
        0.687988, 0.80127, 0.00328926, 0.688965, 0.80127, 0.00300736, 0.689941, 0.80127, 0.00273043, 0.690918, 0.80127, 0.00246159, 0.691895, 0.80127, 0.00220378, 0.692871, 0.80127, 0.00195993, 0.693848, 0.80127, 0.00173273, 0.694824, 0.80127, 0.00152481, 
        0.687988, 0.802246, 0.0032129, 0.688965, 0.802246, 0.00294757, 0.689941, 0.802246, 0.00268694, 0.690918, 0.802246, 0.00243395, 0.691895, 0.802246, 0.00219137, 0.692871, 0.802246, 0.00196197, 0.693848, 0.802246, 0.0017483, 0.694824, 0.802246, 0.00155284, 
        0.687988, 0.803223, 0.00313893, 0.688965, 0.803223, 0.00289312, 0.689941, 0.803223, 0.00265167, 0.690918, 0.803223, 0.00241733, 0.691895, 0.803223, 0.00219269, 0.692871, 0.803223, 0.00198032, 0.693848, 0.803223, 0.00178261, 0.694824, 0.803223, 0.00160185, 
        0.687988, 0.804199, 0.00306722, 0.688965, 0.804199, 0.00284365, 0.689941, 0.804199, 0.00262408, 0.690918, 0.804199, 0.00241102, 0.691895, 0.804199, 0.00220684, 0.692871, 0.804199, 0.0020139, 0.693848, 0.804199, 0.00183439, 0.694824, 0.804199, 0.00167043
    ]
}
