{
    "level": 0,
    "idx": {"x": 89, "y": 87},
    "dim": {"x": 8, "y": 8},
    "offset": {"x": 0.695801, "y": 0.680176},
    "cellSize": {"x": 0.000976562, "y": 0.000976562},
    "vertices": [
        0.695801, 0.680176, 0.0163632, 0.696777, 0.680176, 0.0159785, 0.697754, 0.680176, 0.0156155, 0.69873, 0.680176, 0.0152756, 0.699707, 0.680176, 0.0149599, 0.700684, 0.680176, 0.0146691, 0.70166, 0.680176, 0.0144039, 0.702637, 0.680176, 0.0141647, 
        0.695801, 0.681152, 0.0164074, 0.696777, 0.681152, 0.016046, 0.697754, 0.681152, 0.0157042, 0.69873, 0.681152, 0.0153829, 0.699707, 0.681152, 0.0150831, 0.700684, 0.681152, 0.0148056, 0.70166, 0.681152, 0.0145509, 0.702637, 0.681152, 0.0143193, 
        0.695801, 0.682129, 0.0164693, 0.696777, 0.682129, 0.0161325, 0.697754, 0.682129, 0.0158128, 0.69873, 0.682129, 0.0155109, 0.699707, 0.682129, 0.0152278, 0.700684, 0.682129, 0.0149641, 0.70166, 0.682129, 0.0147202, 0.702637, 0.682129, 0.0144964, 
        0.695801, 0.683105, 0.0165465, 0.696777, 0.683105, 0.0162354, 0.697754, 0.683105, 0.0159387, 0.69873, 0.683105, 0.0156571, 0.699707, 0.683105, 0.0153913, 0.700684, 0.683105, 0.0151418, 0.70166, 0.683105, 0.0149089, 0.702637, 0.683105, 0.014693, 
        0.695801, 0.684082, 0.0166367, 0.696777, 0.684082, 0.0163521, 0.697754, 0.684082, 0.0160792, 0.69873, 0.684082, 0.0158185, 0.699707, 0.684082, 0.0155704, 0.700684, 0.684082, 0.0153355, 0.70166, 0.684082, 0.0151139, 0.702637, 0.684082, 0.0149059, 
        0.695801, 0.685059, 0.0167373, 0.696777, 0.685059, 0.01648, 0.697754, 0.685059, 0.0162314, 0.69873, 0.685059, 0.015992, 0.699707, 0.685059, 0.0157621, 0.700684, 0.685059, 0.0155419, 0.70166, 0.685059, 0.0153318, 0.702637, 0.685059, 0.0151318, 
        0.695801, 0.686035, 0.0168458, 0.696777, 0.686035, 0.0166161, 0.697754, 0.686035, 0.0163923, 0.69873, 0.686035, 0.0161745, 0.699707, 0.686035, 0.015963, 0.700684, 0.686035, 0.0157579, 0.70166, 0.686035, 0.0155593, 0.702637, 0.686035, 0.0153673, 
        0.695801, 0.687012, 0.0169595, 0.696777, 0.687012, 0.0167577, 0.697754, 0.687012, 0.0165588, 0.69873, 0.687012, 0.0163628, 0.699707, 0.687012, 0.0161698, 0.700684, 0.687012, 0.0159798, 0.70166, 0.687012, 0.0157928, 0.702637, 0.687012, 0.0156087
    ]
}
