{
    "level": 0,
    "idx": {"x": 89, "y": 12},
    "dim": {"x": 8, "y": 8},
    "offset": {"x": 0.695801, "y": 0.0942383},
    "cellSize": {"x": 0.000976562, "y": 0.000976562},
    "vertices": [
        0.695801, 0.0942383, 0.00391782, 0.696777, 0.0942383, 0.0040291, 0.697754, 0.0942383, 0.0041393, 0.69873, 0.0942383, 0.00424843, 0.699707, 0.0942383, 0.00435644, 0.700684, 0.0942383, 0.00446333, 0.70166, 0.0942383, 0.00456904, 0.702637, 0.0942383, 0.00467357, 
        0.695801, 0.0952148, 0.0036284, 0.696777, 0.0952148, 0.00371682, 0.697754, 0.0952148, 0.00380706, 0.69873, 0.0952148, 0.00389931, 0.699707, 0.0952148, 0.00399369, 0.700684, 0.0952148, 0.00409031, 0.70166, 0.0952148, 0.00418922, 0.702637, 0.0952148, 0.00429047, 
        0.695801, 0.0961914, 0.00334068, 0.696777, 0.0961914, 0.00340644, 0.697754, 0.0961914, 0.00347689, 0.69873, 0.0961914, 0.00355239, 0.699707, 0.0961914, 0.00363323, 0.700684, 0.0961914, 0.00371965, 0.70166, 0.0961914, 0.0038118, 0.702637, 0.0961914, 0.00390977, 
        0.695801, 0.097168, 0.00305732, 0.696777, 0.097168, 0.00310082, 0.697754, 0.097168, 0.00315183, 0.69873, 0.097168, 0.00321088, 0.699707, 0.097168, 0.00327842, 0.700684, 0.097168, 0.00335479, 0.70166, 0.097168, 0.00344026, 0.702637, 0.097168, 0.00353497, 
        0.695801, 0.0981445, 0.00278091, 0.696777, 0.0981445, 0.00280278, 0.697754, 0.0981445, 0.00283488, 0.69873, 0.0981445, 0.00287792, 0.699707, 0.0981445, 0.0029325, 0.700684, 0.0981445, 0.00299909, 0.70166, 0.0981445, 0.00307802, 0.702637, 0.0981445, 0.00316951, 
        0.695801, 0.0991211, 0.00251399, 0.696777, 0.0991211, 0.00251504, 0.697754, 0.0991211, 0.00252894, 0.69873, 0.0991211, 0.00255657, 0.699707, 0.0991211, 0.00259866, 0.700684, 0.0991211, 0.00265579, 0.70166, 0.0991211, 0.0027284, 0.702637, 0.0991211, 0.00281675, 
        0.695801, 0.100098, 0.00225896, 0.696777, 0.100098, 0.00224022, 0.697754, 0.100098, 0.00223681, 0.69873, 0.100098, 0.00224975, 0.699707, 0.100098, 0.00227993, 0.700684, 0.100098, 0.00232805, 0.70166, 0.100098, 0.00239459, 0.702637, 0.100098, 0.0024799, 
        0.695801, 0.101074, 0.00201812, 0.696777, 0.101074, 0.00198079, 0.697754, 0.101074, 0.0019611, 0.69873, 0.101074, 0.00196024, 0.699707, 0.101074, 0.00197921, 0.700684, 0.101074, 0.0020188, 0.70166, 0.101074, 0.0020796, 0.702637, 0.101074, 0.00216198
    ]
}
