{
    "level": 0,
    "idx": {"x": 8, "y": 0},
    "dim": {"x": 16, "y": 16},
    "offset": {"x": 0.125488, "y": 0.000488281},
    "cellSize": {"x": 0.000976562, "y": 0.000976562},
    "vertices": [
        0.125488, 0.000488281, 4.41241e-08, 0.126465, 0.000488281, 4.54445e-08, 0.127441, 0.000488281, 4.68008e-08, 0.128418, 0.000488281, 4.81939e-08, 0.129395, 0.000488281, 4.96246e-08, 0.130371, 0.000488281, 5.10939e-08, 0.131348, 0.000488281, 5.26026e-08, 0.132324, 0.000488281, 5.41517e-08, 0.133301, 0.000488281, 5.57421e-08, 0.134277, 0.000488281, 5.73749e-08, 0.135254, 0.000488281, 5.90508e-08, 0.13623, 0.000488281, 6.07711e-08, 0.137207, 0.000488281, 6.25367e-08, 0.138184, 0.000488281, 6.43486e-08, 0.13916, 0.000488281, 6.62079e-08, 0.140137, 0.000488281, 6.81157e-08, 
        0.125488, 0.00146484, 0.000143956, 0.126465, 0.00146484, 0.00128486, 0.127441, 0.00146484, 0.00237628, 0.128418, 0.00146484, 0.00337621, 0.129395, 0.00146484, 0.00424615, 0.130371, 0.00146484, 0.00495259, 0.131348, 0.00146484, 0.00546833, 0.132324, 0.00146484, 0.00577353, 0.133301, 0.00146484, 0.00585642, 0.134277, 0.00146484, 0.00571381, 0.135254, 0.00146484, 0.0053512, 0.13623, 0.00146484, 0.00478255, 0.137207, 0.00146484, 0.00402976, 0.138184, 0.00146484, 0.00312179, 0.13916, 0.00146484, 0.00209364, 0.140137, 0.00146484, 0.000984869, 
        0.125488, 0.00244141, 0.000282326, 0.126465, 0.00244141, 0.0025202, 0.127441, 0.00244141, 0.00466102, 0.128418, 0.00244141, 0.00662238, 0.129395, 0.00244141, 0.00832876, 0.130371, 0.00244141, 0.00971443, 0.131348, 0.00244141, 0.0107261, 0.132324, 0.00244141, 0.0113247, 0.133301, 0.00244141, 0.0114873, 0.134277, 0.00244141, 0.0112076, 0.135254, 0.00244141, 0.0104963, 0.13623, 0.00244141, 0.0093809, 0.137207, 0.00244141, 0.00790429, 0.138184, 0.00244141, 0.00612332, 0.13916, 0.00244141, 0.00410659, 0.140137, 0.00244141, 0.00193175, 
        0.125488, 0.00341797, 0.000409828, 0.126465, 0.00341797, 0.00365851, 0.127441, 0.00341797, 0.0067663, 0.128418, 0.00341797, 0.00961355, 0.129395, 0.00341797, 0.0120907, 0.130371, 0.00341797, 0.0141022, 0.131348, 0.00341797, 0.0155708, 0.132324, 0.00341797, 0.0164398, 0.133301, 0.00341797, 0.0166758, 0.134277, 0.00341797, 0.0162698, 0.135254, 0.00341797, 0.0152373, 0.13623, 0.00341797, 0.013618, 0.137207, 0.00341797, 0.0114745, 0.138184, 0.00341797, 0.00888907, 0.13916, 0.00341797, 0.00596143, 0.140137, 0.00341797, 0.00280425, 
        0.125488, 0.00439453, 0.000521551, 0.126465, 0.00439453, 0.00465595, 0.127441, 0.00439453, 0.00861104, 0.128418, 0.00439453, 0.0122346, 0.129395, 0.00439453, 0.015387, 0.130371, 0.00439453, 0.017947, 0.131348, 0.00439453, 0.019816, 0.132324, 0.00439453, 0.0209219, 0.133301, 0.00439453, 0.0212223, 0.134277, 0.00439453, 0.0207055, 0.135254, 0.00439453, 0.0193915, 0.13623, 0.00439453, 0.0173308, 0.137207, 0.00439453, 0.0146028, 0.138184, 0.00439453, 0.0113126, 0.13916, 0.00439453, 0.00758673, 0.140137, 0.00439453, 0.00356878, 
        0.125488, 0.00537109, 0.000613195, 0.126465, 0.00537109, 0.00547412, 0.127441, 0.00537109, 0.0101242, 0.128418, 0.00537109, 0.0143845, 0.129395, 0.00537109, 0.018091, 0.130371, 0.00537109, 0.0211008, 0.131348, 0.00537109, 0.0232982, 0.132324, 0.00537109, 0.0245985, 0.133301, 0.00537109, 0.0249516, 0.134277, 0.00537109, 0.0243441, 0.135254, 0.00537109, 0.0227991, 0.13623, 0.00537109, 0.0203763, 0.137207, 0.00537109, 0.017169, 0.138184, 0.00537109, 0.0133005, 0.13916, 0.00537109, 0.00891992, 0.140137, 0.00537109, 0.0041959, 
        0.125488, 0.00634766, 0.00068123, 0.126465, 0.00634766, 0.00608151, 0.127441, 0.00634766, 0.0112476, 0.128418, 0.00634766, 0.0159806, 0.129395, 0.00634766, 0.0200983, 0.130371, 0.00634766, 0.0234421, 0.131348, 0.00634766, 0.0258833, 0.132324, 0.00634766, 0.0273279, 0.133301, 0.00634766, 0.0277202, 0.134277, 0.00634766, 0.0270452, 0.135254, 0.00634766, 0.0253288, 0.13623, 0.00634766, 0.0226372, 0.137207, 0.00634766, 0.019074, 0.138184, 0.00634766, 0.0147763, 0.13916, 0.00634766, 0.00990964, 0.140137, 0.00634766, 0.00466147, 
        0.125488, 0.00732422, 0.000723037, 0.126465, 0.00732422, 0.00645474, 0.127441, 0.00732422, 0.0119379, 0.128418, 0.00732422, 0.0169613, 0.129395, 0.00732422, 0.0213317, 0.130371, 0.00732422, 0.0248808, 0.131348, 0.00732422, 0.0274718, 0.132324, 0.00732422, 0.029005, 0.133301, 0.00732422, 0.0294214, 0.134277, 0.00732422, 0.028705, 0.135254, 0.00732422, 0.0268833, 0.13623, 0.00732422, 0.0240265, 0.137207, 0.00732422, 0.0202446, 0.138184, 0.00732422, 0.0156831, 0.13916, 0.00732422, 0.0105178, 0.140137, 0.00732422, 0.00494755, 
        0.125488, 0.00830078, 0.000737006, 0.126465, 0.00830078, 0.00657944, 0.127441, 0.00830078, 0.0121685, 0.128418, 0.00830078, 0.017289, 0.129395, 0.00830078, 0.0217438, 0.130371, 0.00830078, 0.0253614, 0.131348, 0.00830078, 0.0280025, 0.132324, 0.00830078, 0.0295654, 0.133301, 0.00830078, 0.0299898, 0.134277, 0.00830078, 0.0292596, 0.135254, 0.00830078, 0.0274027, 0.13623, 0.00830078, 0.0244907, 0.137207, 0.00830078, 0.0206357, 0.138184, 0.00830078, 0.0159861, 0.13916, 0.00830078, 0.010721, 0.140137, 0.00830078, 0.00504313, 
        0.125488, 0.00927734, 0.000722599, 0.126465, 0.00927734, 0.0064508, 0.127441, 0.00927734, 0.0119306, 0.128418, 0.00927734, 0.016951, 0.129395, 0.00927734, 0.0213187, 0.130371, 0.00927734, 0.0248656, 0.131348, 0.00927734, 0.027455, 0.132324, 0.00927734, 0.0289873, 0.133301, 0.00927734, 0.0294035, 0.134277, 0.00927734, 0.0286875, 0.135254, 0.00927734, 0.0268669, 0.13623, 0.00927734, 0.0240118, 0.137207, 0.00927734, 0.0202322, 0.138184, 0.00927734, 0.0156735, 0.13916, 0.00927734, 0.0105114, 0.140137, 0.00927734, 0.00494453, 
        0.125488, 0.0102539, 0.000680372, 0.126465, 0.0102539, 0.00607378, 0.127441, 0.0102539, 0.0112333, 0.128418, 0.0102539, 0.0159602, 0.129395, 0.0102539, 0.0200727, 0.130371, 0.0102539, 0.0234123, 0.131348, 0.0102539, 0.0258504, 0.132324, 0.0102539, 0.0272931, 0.133301, 0.0102539, 0.0276849, 0.134277, 0.0102539, 0.0270108, 0.135254, 0.0102539, 0.0252966, 0.13623, 0.0102539, 0.0226084, 0.137207, 0.0102539, 0.0190497, 0.138184, 0.0102539, 0.0147575, 0.13916, 0.0102539, 0.00989705, 0.140137, 0.0102539, 0.00465555, 
        0.125488, 0.0112305, 0.00061195, 0.126465, 0.0112305, 0.0054629, 0.127441, 0.0112305, 0.0101035, 0.128418, 0.0112305, 0.014355, 0.129395, 0.0112305, 0.0180538, 0.130371, 0.0112305, 0.0210575, 0.131348, 0.0112305, 0.0232504, 0.132324, 0.0112305, 0.024548, 0.133301, 0.0112305, 0.0249004, 0.134277, 0.0112305, 0.0242941, 0.135254, 0.0112305, 0.0227523, 0.13623, 0.0112305, 0.0203345, 0.137207, 0.0112305, 0.0171337, 0.138184, 0.0112305, 0.0132732, 0.13916, 0.0112305, 0.00890163, 0.140137, 0.0112305, 0.00418731, 
        0.125488, 0.012207, 0.000519969, 0.126465, 0.012207, 0.00464167, 0.127441, 0.012207, 0.00858462, 0.128418, 0.012207, 0.012197, 0.129395, 0.012207, 0.0153398, 0.130371, 0.012207, 0.0178919, 0.131348, 0.012207, 0.0197552, 0.132324, 0.012207, 0.0208577, 0.133301, 0.012207, 0.0211572, 0.134277, 0.012207, 0.020642, 0.135254, 0.012207, 0.019332, 0.13623, 0.012207, 0.0172776, 0.137207, 0.012207, 0.014558, 0.138184, 0.012207, 0.0112779, 0.13916, 0.012207, 0.00756346, 0.140137, 0.012207, 0.00355785, 
        0.125488, 0.0131836, 0.000407968, 0.126465, 0.0131836, 0.00364172, 0.127441, 0.0131836, 0.00673523, 0.128418, 0.0131836, 0.00956941, 0.129395, 0.0131836, 0.0120351, 0.130371, 0.0131836, 0.0140375, 0.131348, 0.0131836, 0.0154993, 0.132324, 0.0131836, 0.0163643, 0.133301, 0.0131836, 0.0165993, 0.134277, 0.0131836, 0.0161951, 0.135254, 0.0131836, 0.0151673, 0.13623, 0.0131836, 0.0135555, 0.137207, 0.0131836, 0.0114218, 0.138184, 0.0131836, 0.00884826, 0.13916, 0.0131836, 0.00593408, 0.140137, 0.0131836, 0.0027914, 
