{
    "level": 0,
    "idx": {"x": 8, "y": 37},
    "dim": {"x": 8, "y": 8},
    "offset": {"x": 0.0629883, "y": 0.289551},
    "cellSize": {"x": 0.000976562, "y": 0.000976562},
    "vertices": [
        0.0629883, 0.289551, -0.0051059, 0.0639648, 0.289551, -0.00541048, 0.0649414, 0.289551, -0.00571056, 0.065918, 0.289551, -0.00600354, 0.0668945, 0.289551, -0.00628694, 0.0678711, 0.289551, -0.00655829, 0.0688477, 0.289551, -0.00681527, 0.0698242, 0.289551, -0.00705566, 
        0.0629883, 0.290527, -0.00501985, 0.0639648, 0.290527, -0.00534726, 0.0649414, 0.290527, -0.00566995, 0.065918, 0.290527, -0.00598512, 0.0668945, 0.290527, -0.00629004, 0.0678711, 0.290527, -0.00658206, 0.0688477, 0.290527, -0.00685863, 0.0698242, 0.290527, -0.00711733, 
        0.0629883, 0.291504, -0.00493191, 0.0639648, 0.291504, -0.00527934, 0.0649414, 0.291504, -0.00562186, 0.065918, 0.291504, -0.00595648, 0.0668945, 0.291504, -0.00628027, 0.0678711, 0.291504, -0.00659041, 0.0688477, 0.291504, -0.00688415, 0.0698242, 0.291504, -0.00715892, 
        0.0629883, 0.29248, -0.0048421, 0.0639648, 0.29248, -0.00520652, 0.0649414, 0.29248, -0.00556588, 0.065918, 0.29248, -0.00591703, 0.0668945, 0.29248, -0.00625686, 0.0678711, 0.29248, -0.00658239, 0.0688477, 0.29248, -0.00689072, 0.0698242, 0.29248, -0.00717914, 
        0.0629883, 0.293457, -0.00475044, 0.0639648, 0.293457, -0.00512867, 0.0649414, 0.293457, -0.00550172, 0.065918, 0.293457, -0.00586629, 0.0668945, 0.293457, -0.00621916, 0.0678711, 0.293457, -0.0065572, 0.0688477, 0.293457, -0.00687741, 0.0698242, 0.293457, -0.00717692, 
        0.0629883, 0.294434, -0.00465696, 0.0639648, 0.294434, -0.00504566, 0.0649414, 0.294434, -0.0054291, 0.065918, 0.294434, -0.00580388, 0.0668945, 0.294434, -0.00616666, 0.0678711, 0.294434, -0.00651421, 0.0688477, 0.294434, -0.00684343, 0.0698242, 0.294434, -0.00715138, 
        0.0629883, 0.29541, -0.00456168, 0.0639648, 0.29541, -0.00495742, 0.0649414, 0.29541, -0.00534785, 0.065918, 0.29541, -0.00572949, 0.0668945, 0.29541, -0.00609895, 0.0678711, 0.29541, -0.00645291, 0.0688477, 0.29541, -0.00678821, 0.0698242, 0.29541, -0.00710185, 
        0.0629883, 0.296387, -0.00446463, 0.0639648, 0.296387, -0.00486389, 0.0649414, 0.296387, -0.00525784, 0.065918, 0.296387, -0.00564294, 0.0668945, 0.296387, -0.00601577, 0.0678711, 0.296387, -0.00637298, 0.0688477, 0.296387, -0.00671136, 0.0698242, 0.296387, -0.00702787
    ]
}
