{
    "level": 0,
    "idx": {"x": 90, "y": 9},
    "dim": {"x": 8, "y": 8},
    "offset": {"x": 0.703613, "y": 0.0708008},
    "cellSize": {"x": 0.000976562, "y": 0.000976562},
    "vertices": [
        0.703613, 0.0708008, 0.00738609, 0.70459, 0.0708008, 0.00745637, 0.705566, 0.0708008, 0.00749963, 0.706543, 0.0708008, 0.00751637, 0.70752, 0.0708008, 0.00750735, 0.708496, 0.0708008, 0.00747354, 0.709473, 0.0708008, 0.00741616, 0.710449, 0.0708008, 0.00733663, 
        0.703613, 0.0717773, 0.00765285, 0.70459, 0.0717773, 0.00772072, 0.705566, 0.0717773, 0.00775922, 0.706543, 0.0717773, 0.00776891, 0.70752, 0.0717773, 0.00775062, 0.708496, 0.0717773, 0.00770542, 0.709473, 0.0717773, 0.00763463, 0.710449, 0.0717773, 0.0075398, 
        0.703613, 0.0727539, 0.00788998, 0.70459, 0.0727539, 0.00795573, 0.705566, 0.0727539, 0.00799003, 0.706543, 0.0727539, 0.0079935, 0.70752, 0.0727539, 0.00796701, 0.708496, 0.0727539, 0.00791173, 0.709473, 0.0727539, 0.00782908, 0.710449, 0.0727539, 0.00772073, 
        0.703613, 0.0737305, 0.00809539, 0.70459, 0.0737305, 0.00815933, 0.705566, 0.0737305, 0.00819004, 0.706543, 0.0737305, 0.00818816, 0.70752, 0.0737305, 0.00815464, 0.708496, 0.0737305, 0.0080907, 0.709473, 0.0737305, 0.00799786, 0.710449, 0.0737305, 0.00787788, 
        0.703613, 0.074707, 0.00826726, 0.70459, 0.074707, 0.00832973, 0.705566, 0.074707, 0.00835749, 0.706543, 0.074707, 0.00835121, 0.70752, 0.074707, 0.00831188, 0.708496, 0.074707, 0.0082408, 0.709473, 0.074707, 0.00813953, 0.710449, 0.074707, 0.00800994, 
        0.703613, 0.0756836, 0.00840411, 0.70459, 0.0756836, 0.00846546, 0.705566, 0.0756836, 0.00849094, 0.706543, 0.0756836, 0.00848124, 0.70752, 0.0756836, 0.0084374, 0.708496, 0.0756836, 0.00836074, 0.709473, 0.0756836, 0.0082529, 0.710449, 0.0756836, 0.0081158, 
        0.703613, 0.0766602, 0.00850476, 0.70459, 0.0766602, 0.00856535, 0.705566, 0.0766602, 0.00858925, 0.706543, 0.0766602, 0.00857716, 0.70752, 0.0766602, 0.00853013, 0.708496, 0.0766602, 0.00844953, 0.709473, 0.0766602, 0.00833704, 0.710449, 0.0766602, 0.00819462, 
        0.703613, 0.0776367, 0.00856836, 0.70459, 0.0776367, 0.00862858, 0.705566, 0.0776367, 0.00865161, 0.706543, 0.0776367, 0.00863816, 0.70752, 0.0776367, 0.00858932, 0.708496, 0.0776367, 0.00850646, 0.709473, 0.0776367, 0.00839128, 0.710449, 0.0776367, 0.00824579
    ]
}
