{
    "level": 0,
    "idx": {"x": 91, "y": 57},
    "dim": {"x": 8, "y": 8},
    "offset": {"x": 0.711426, "y": 0.445801},
    "cellSize": {"x": 0.000976562, "y": 0.000976562},
    "vertices": [
        0.711426, 0.445801, 0.0504708, 0.712402, 0.445801, 0.049608, 0.713379, 0.445801, 0.0487367, 0.714355, 0.445801, 0.0478594, 0.715332, 0.445801, 0.0469781, 0.716309, 0.445801, 0.0460953, 0.717285, 0.445801, 0.0452134, 0.718262, 0.445801, 0.044335, 
        0.711426, 0.446777, 0.0507564, 0.712402, 0.446777, 0.0498714, 0.713379, 0.446777, 0.0489768, 0.714355, 0.446777, 0.048075, 0.715332, 0.446777, 0.0471684, 0.716309, 0.446777, 0.0462596, 0.717285, 0.446777, 0.0453513, 0.718262, 0.446777, 0.0444462, 
        0.711426, 0.447754, 0.0510188, 0.712402, 0.447754, 0.0501139, 0.713379, 0.447754, 0.0491983, 0.714355, 0.447754, 0.0482747, 0.715332, 0.447754, 0.0473454, 0.716309, 0.447754, 0.0464134, 0.717285, 0.447754, 0.0454814, 0.718262, 0.447754, 0.0445525, 
        0.711426, 0.44873, 0.0512566, 0.712402, 0.44873, 0.0503343, 0.713379, 0.44873, 0.0494003, 0.714355, 0.44873, 0.0484575, 0.715332, 0.44873, 0.0475083, 0.716309, 0.44873, 0.0465561, 0.717285, 0.44873, 0.0456035, 0.718262, 0.44873, 0.0446539, 
        0.711426, 0.449707, 0.0514687, 0.712402, 0.449707, 0.0505315, 0.713379, 0.449707, 0.0495819, 0.714355, 0.449707, 0.0486227, 0.715332, 0.449707, 0.0476568, 0.716309, 0.449707, 0.0466874, 0.717285, 0.449707, 0.0457174, 0.718262, 0.449707, 0.0447502, 
        0.711426, 0.450684, 0.0516543, 0.712402, 0.450684, 0.0507048, 0.713379, 0.450684, 0.0497423, 0.714355, 0.450684, 0.0487699, 0.715332, 0.450684, 0.0477903, 0.716309, 0.450684, 0.0468069, 0.717285, 0.450684, 0.0458228, 0.718262, 0.450684, 0.0448414, 
        0.711426, 0.45166, 0.0518126, 0.712402, 0.45166, 0.0508535, 0.713379, 0.45166, 0.0498811, 0.714355, 0.45166, 0.0488985, 0.715332, 0.45166, 0.0479085, 0.716309, 0.45166, 0.0469145, 0.717285, 0.45166, 0.0459196, 0.718262, 0.45166, 0.0449276, 
        0.711426, 0.452637, 0.051943, 0.712402, 0.452637, 0.0509772, 0.713379, 0.452637, 0.0499979, 0.714355, 0.452637, 0.0490082, 0.715332, 0.452637, 0.0480111, 0.716309, 0.452637, 0.0470099, 0.717285, 0.452637, 0.0460078, 0.718262, 0.452637, 0.0450085
    ]
}
