{
    "level": 0,
    "idx": {"x": 91, "y": 80},
    "dim": {"x": 8, "y": 8},
    "offset": {"x": 0.711426, "y": 0.625488},
    "cellSize": {"x": 0.000976562, "y": 0.000976562},
    "vertices": [
        0.711426, 0.625488, 0.0223731, 0.712402, 0.625488, 0.0218588, 0.713379, 0.625488, 0.0213498, 0.714355, 0.625488, 0.0208463, 0.715332, 0.625488, 0.0203485, 0.716309, 0.625488, 0.0198566, 0.717285, 0.625488, 0.0193707, 0.718262, 0.625488, 0.0188911, 
        0.711426, 0.626465, 0.0224296, 0.712402, 0.626465, 0.0218925, 0.713379, 0.626465, 0.0213586, 0.714355, 0.626465, 0.0208284, 0.715332, 0.626465, 0.0203023, 0.716309, 0.626465, 0.0197809, 0.717285, 0.626465, 0.0192647, 0.718262, 0.626465, 0.0187543, 
        0.711426, 0.627441, 0.0224842, 0.712402, 0.627441, 0.0219248, 0.713379, 0.627441, 0.0213665, 0.714355, 0.627441, 0.0208101, 0.715332, 0.627441, 0.0202562, 0.716309, 0.627441, 0.019706, 0.717285, 0.627441, 0.01916, 0.718262, 0.627441, 0.0186193, 
        0.711426, 0.628418, 0.0225347, 0.712402, 0.628418, 0.0219537, 0.713379, 0.628418, 0.0213717, 0.714355, 0.628418, 0.0207899, 0.715332, 0.628418, 0.0202092, 0.716309, 0.628418, 0.0196309, 0.717285, 0.628418, 0.0190561, 0.718262, 0.628418, 0.0184861, 
        0.711426, 0.629395, 0.0225787, 0.712402, 0.629395, 0.0219771, 0.713379, 0.629395, 0.0213726, 0.714355, 0.629395, 0.0207665, 0.715332, 0.629395, 0.0201601, 0.716309, 0.629395, 0.0195549, 0.717285, 0.629395, 0.0189525, 0.718262, 0.629395, 0.0183544, 
        0.711426, 0.630371, 0.0226143, 0.712402, 0.630371, 0.0219933, 0.713379, 0.630371, 0.0213675, 0.714355, 0.630371, 0.0207385, 0.715332, 0.630371, 0.0201078, 0.716309, 0.630371, 0.0194774, 0.717285, 0.630371, 0.0188489, 0.718262, 0.630371, 0.0182242, 
        0.711426, 0.631348, 0.0226393, 0.712402, 0.631348, 0.0220005, 0.713379, 0.631348, 0.0213549, 0.714355, 0.631348, 0.0207047, 0.715332, 0.631348, 0.0200516, 0.716309, 0.631348, 0.0193976, 0.717285, 0.631348, 0.0187449, 0.718262, 0.631348, 0.0180955, 
        0.711426, 0.632324, 0.0226519, 0.712402, 0.632324, 0.0219968, 0.713379, 0.632324, 0.0213334, 0.714355, 0.632324, 0.0206639, 0.715332, 0.632324, 0.0199903, 0.716309, 0.632324, 0.0193149, 0.717285, 0.632324, 0.0186401, 0.718262, 0.632324, 0.0179682
    ]
}
