{
    "level": 0,
    "idx": {"x": 91, "y": 68},
    "dim": {"x": 8, "y": 8},
    "offset": {"x": 0.711426, "y": 0.531738},
    "cellSize": {"x": 0.000976562, "y": 0.000976562},
    "vertices": [
        0.711426, 0.531738, 0.0441139, 0.712402, 0.531738, 0.0432925, 0.713379, 0.531738, 0.0424828, 0.714355, 0.531738, 0.0416846, 0.715332, 0.531738, 0.0408977, 0.716309, 0.531738, 0.0401219, 0.717285, 0.531738, 0.0393569, 0.718262, 0.531738, 0.0386027, 
        0.711426, 0.532715, 0.0436681, 0.712402, 0.532715, 0.0428757, 0.713379, 0.532715, 0.042097, 0.714355, 0.532715, 0.0413315, 0.715332, 0.532715, 0.0405787, 0.716309, 0.532715, 0.0398383, 0.717285, 0.532715, 0.0391094, 0.718262, 0.532715, 0.0383918, 
        0.711426, 0.533691, 0.0432237, 0.712402, 0.533691, 0.0424599, 0.713379, 0.533691, 0.0417117, 0.714355, 0.533691, 0.0409786, 0.715332, 0.533691, 0.0402596, 0.716309, 0.533691, 0.039554, 0.717285, 0.533691, 0.0388608, 0.718262, 0.533691, 0.0381792, 
        0.711426, 0.534668, 0.042783, 0.712402, 0.534668, 0.0420471, 0.713379, 0.534668, 0.0413289, 0.714355, 0.534668, 0.0406274, 0.715332, 0.534668, 0.0399414, 0.716309, 0.534668, 0.0392699, 0.717285, 0.534668, 0.0386115, 0.718262, 0.534668, 0.0379653, 
        0.711426, 0.535645, 0.0423482, 0.712402, 0.535645, 0.0416394, 0.713379, 0.535645, 0.0409502, 0.714355, 0.535645, 0.0402793, 0.715332, 0.535645, 0.0396253, 0.716309, 0.535645, 0.0389867, 0.717285, 0.535645, 0.0383621, 0.718262, 0.535645, 0.03775, 
        0.711426, 0.536621, 0.0419217, 0.712402, 0.536621, 0.0412388, 0.713379, 0.536621, 0.0405773, 0.714355, 0.536621, 0.0399357, 0.715332, 0.536621, 0.0393123, 0.716309, 0.536621, 0.0387054, 0.717285, 0.536621, 0.0381131, 0.718262, 0.536621, 0.0375336, 
        0.711426, 0.537598, 0.0415053, 0.712402, 0.537598, 0.0408471, 0.713379, 0.537598, 0.0402119, 0.714355, 0.537598, 0.039598, 0.715332, 0.537598, 0.0390036, 0.716309, 0.537598, 0.0384265, 0.717285, 0.537598, 0.0378648, 0.718262, 0.537598, 0.0373163, 
        0.711426, 0.538574, 0.0411013, 0.712402, 0.538574, 0.040466, 0.713379, 0.538574, 0.0398554, 0.714355, 0.538574, 0.0392675, 0.715332, 0.538574, 0.0387, 0.716309, 0.538574, 0.0381509, 0.717285, 0.538574, 0.0376177, 0.718262, 0.538574, 0.037098
    ]
}
