{
    "level": 0,
    "idx": {"x": 91, "y": 77},
    "dim": {"x": 8, "y": 8},
    "offset": {"x": 0.711426, "y": 0.602051},
    "cellSize": {"x": 0.000976562, "y": 0.000976562},
    "vertices": [
        0.711426, 0.602051, 0.025321, 0.712402, 0.602051, 0.0249153, 0.713379, 0.602051, 0.0245335, 0.714355, 0.602051, 0.0241735, 0.715332, 0.602051, 0.0238329, 0.716309, 0.602051, 0.0235091, 0.717285, 0.602051, 0.0231996, 0.718262, 0.602051, 0.0229019, 
        0.711426, 0.603027, 0.0249453, 0.712402, 0.603027, 0.0245624, 0.713379, 0.603027, 0.0242046, 0.714355, 0.603027, 0.0238696, 0.715332, 0.603027, 0.0235548, 0.716309, 0.603027, 0.0232575, 0.717285, 0.603027, 0.022975, 0.718262, 0.603027, 0.0227043, 
        0.711426, 0.604004, 0.0245903, 0.712402, 0.604004, 0.0242279, 0.713379, 0.604004, 0.0238917, 0.714355, 0.604004, 0.0235791, 0.715332, 0.604004, 0.0232875, 0.716309, 0.604004, 0.023014, 0.717285, 0.604004, 0.0227556, 0.718262, 0.604004, 0.0225093, 
        0.711426, 0.60498, 0.0242572, 0.712402, 0.60498, 0.0239129, 0.713379, 0.60498, 0.0235957, 0.714355, 0.60498, 0.023303, 0.715332, 0.60498, 0.0230317, 0.716309, 0.60498, 0.0227791, 0.717285, 0.60498, 0.0225418, 0.718262, 0.60498, 0.0223167, 
        0.711426, 0.605957, 0.0239472, 0.712402, 0.605957, 0.0236185, 0.713379, 0.605957, 0.0233176, 0.714355, 0.605957, 0.0230418, 0.715332, 0.605957, 0.022788, 0.716309, 0.605957, 0.0225531, 0.717285, 0.605957, 0.0223337, 0.718262, 0.605957, 0.0221268, 
        0.711426, 0.606934, 0.0236611, 0.712402, 0.606934, 0.0233454, 0.713379, 0.606934, 0.0230581, 0.714355, 0.606934, 0.0227962, 0.715332, 0.606934, 0.0225567, 0.716309, 0.606934, 0.0223363, 0.717285, 0.606934, 0.0221317, 0.718262, 0.606934, 0.0219395, 
        0.711426, 0.60791, 0.0233996, 0.712402, 0.60791, 0.0230943, 0.713379, 0.60791, 0.0228176, 0.714355, 0.60791, 0.0225667, 0.715332, 0.60791, 0.0223382, 0.716309, 0.60791, 0.0221291, 0.717285, 0.60791, 0.0219358, 0.718262, 0.60791, 0.0217549, 
        0.711426, 0.608887, 0.0231632, 0.712402, 0.608887, 0.0228655, 0.713379, 0.608887, 0.0225965, 0.714355, 0.608887, 0.0223534, 0.715332, 0.608887, 0.0221328, 0.716309, 0.608887, 0.0219315, 0.717285, 0.608887, 0.0217461, 0.718262, 0.608887, 0.0215731
    ]
}
