{
    "level": 0,
    "idx": {"x": 91, "y": 71},
    "dim": {"x": 8, "y": 8},
    "offset": {"x": 0.711426, "y": 0.555176},
    "cellSize": {"x": 0.000976562, "y": 0.000976562},
    "vertices": [
        0.711426, 0.555176, 0.0371752, 0.712402, 0.555176, 0.0365669, 0.713379, 0.555176, 0.035983, 0.714355, 0.555176, 0.0354215, 0.715332, 0.555176, 0.0348802, 0.716309, 0.555176, 0.034357, 0.717285, 0.555176, 0.0338495, 0.718262, 0.555176, 0.0333554, 
        0.711426, 0.556152, 0.0371201, 0.712402, 0.556152, 0.0364921, 0.713379, 0.556152, 0.0358868, 0.714355, 0.556152, 0.0353026, 0.715332, 0.556152, 0.0347374, 0.716309, 0.556152, 0.0341894, 0.717285, 0.556152, 0.0336564, 0.718262, 0.556152, 0.0331365, 
        0.711426, 0.557129, 0.0370782, 0.712402, 0.557129, 0.0364289, 0.713379, 0.557129, 0.0358005, 0.714355, 0.557129, 0.0351917, 0.715332, 0.557129, 0.0346007, 0.716309, 0.557129, 0.034026, 0.717285, 0.557129, 0.0334656, 0.718262, 0.557129, 0.0329178, 
        0.711426, 0.558105, 0.0370476, 0.712402, 0.558105, 0.0363756, 0.713379, 0.558105, 0.0357227, 0.714355, 0.558105, 0.0350878, 0.715332, 0.558105, 0.0344694, 0.716309, 0.558105, 0.0338662, 0.717285, 0.558105, 0.0332767, 0.718262, 0.558105, 0.0326994, 
        0.711426, 0.559082, 0.0370264, 0.712402, 0.559082, 0.0363306, 0.713379, 0.559082, 0.0356519, 0.714355, 0.559082, 0.0349897, 0.715332, 0.559082, 0.0343425, 0.716309, 0.559082, 0.0337095, 0.717285, 0.559082, 0.0330894, 0.718262, 0.559082, 0.0324811, 
        0.711426, 0.560059, 0.0370123, 0.712402, 0.560059, 0.0362918, 0.713379, 0.560059, 0.0355866, 0.714355, 0.560059, 0.0348959, 0.715332, 0.560059, 0.034219, 0.716309, 0.560059, 0.0335551, 0.717285, 0.560059, 0.0329033, 0.718262, 0.560059, 0.0322629, 
        0.711426, 0.561035, 0.0370033, 0.712402, 0.561035, 0.0362576, 0.713379, 0.561035, 0.035525, 0.714355, 0.561035, 0.0348053, 0.715332, 0.561035, 0.0340978, 0.716309, 0.561035, 0.0334023, 0.717285, 0.561035, 0.0327181, 0.718262, 0.561035, 0.0320447, 
        0.711426, 0.562012, 0.0369971, 0.712402, 0.562012, 0.0362258, 0.713379, 0.562012, 0.0354655, 0.714355, 0.562012, 0.0347164, 0.715332, 0.562012, 0.033978, 0.716309, 0.562012, 0.0332504, 0.717285, 0.562012, 0.0325333, 0.718262, 0.562012, 0.0318267
    ]
}
