{
    "level": 0,
    "idx": {"x": 91, "y": 56},
    "dim": {"x": 8, "y": 8},
    "offset": {"x": 0.711426, "y": 0.437988},
    "cellSize": {"x": 0.000976562, "y": 0.000976562},
    "vertices": [
        0.711426, 0.437988, 0.0475628, 0.712402, 0.437988, 0.0469332, 0.713379, 0.437988, 0.0463094, 0.714355, 0.437988, 0.0456915, 0.715332, 0.437988, 0.0450794, 0.716309, 0.437988, 0.0444733, 0.717285, 0.437988, 0.0438733, 0.718262, 0.437988, 0.0432795, 
        0.711426, 0.438965, 0.0479677, 0.712402, 0.438965, 0.0473057, 0.713379, 0.438965, 0.0466475, 0.714355, 0.438965, 0.0459935, 0.715332, 0.438965, 0.0453439, 0.716309, 0.438965, 0.0446993, 0.717285, 0.438965, 0.04406, 0.718262, 0.438965, 0.0434265, 
        0.711426, 0.439941, 0.0483652, 0.712402, 0.439941, 0.0476713, 0.713379, 0.439941, 0.0469791, 0.714355, 0.439941, 0.0462894, 0.715332, 0.439941, 0.0456029, 0.716309, 0.439941, 0.0449202, 0.717285, 0.439941, 0.0442422, 0.718262, 0.439941, 0.0435695, 
        0.711426, 0.440918, 0.048753, 0.712402, 0.440918, 0.0480278, 0.713379, 0.440918, 0.0473024, 0.714355, 0.440918, 0.0465779, 0.715332, 0.440918, 0.0458551, 0.716309, 0.440918, 0.0451352, 0.717285, 0.440918, 0.0444192, 0.718262, 0.440918, 0.0437083, 
        0.711426, 0.441895, 0.0491289, 0.712402, 0.441895, 0.0483733, 0.713379, 0.441895, 0.0476157, 0.714355, 0.441895, 0.0468573, 0.715332, 0.441895, 0.0460995, 0.716309, 0.441895, 0.0453435, 0.717285, 0.441895, 0.0445908, 0.718262, 0.441895, 0.0438427, 
        0.711426, 0.442871, 0.0494907, 0.712402, 0.442871, 0.0487059, 0.713379, 0.442871, 0.0479173, 0.714355, 0.442871, 0.0471265, 0.715332, 0.442871, 0.0463349, 0.716309, 0.442871, 0.0455444, 0.717285, 0.442871, 0.0447563, 0.718262, 0.442871, 0.0439727, 
        0.711426, 0.443848, 0.0498362, 0.712402, 0.443848, 0.0490236, 0.713379, 0.443848, 0.0482056, 0.714355, 0.443848, 0.047384, 0.715332, 0.443848, 0.0465605, 0.716309, 0.443848, 0.0457371, 0.717285, 0.443848, 0.0449156, 0.718262, 0.443848, 0.0440981, 
        0.711426, 0.444824, 0.0501635, 0.712402, 0.444824, 0.0493249, 0.713379, 0.444824, 0.0484792, 0.714355, 0.444824, 0.0476287, 0.715332, 0.444824, 0.0467752, 0.716309, 0.444824, 0.0459209, 0.717285, 0.444824, 0.045068, 0.718262, 0.444824, 0.0442189
    ]
}
