{
    "level": 0,
    "idx": {"x": 91, "y": 49},
    "dim": {"x": 8, "y": 8},
    "offset": {"x": 0.711426, "y": 0.383301},
    "cellSize": {"x": 0.000976562, "y": 0.000976562},
    "vertices": [
        0.711426, 0.383301, 0.0348414, 0.712402, 0.383301, 0.0342301, 0.713379, 0.383301, 0.0336075, 0.714355, 0.383301, 0.0329758, 0.715332, 0.383301, 0.0323373, 0.716309, 0.383301, 0.0316945, 0.717285, 0.383301, 0.0310496, 0.718262, 0.383301, 0.0304054, 
        0.711426, 0.384277, 0.0353195, 0.712402, 0.384277, 0.0346865, 0.713379, 0.384277, 0.0340409, 0.714355, 0.384277, 0.0333852, 0.715332, 0.384277, 0.0327217, 0.716309, 0.384277, 0.0320532, 0.717285, 0.384277, 0.0313822, 0.718262, 0.384277, 0.0307116, 
        0.711426, 0.385254, 0.0357773, 0.712402, 0.385254, 0.0351248, 0.713379, 0.385254, 0.0344586, 0.714355, 0.385254, 0.0337813, 0.715332, 0.385254, 0.0330955, 0.716309, 0.385254, 0.0324041, 0.717285, 0.385254, 0.0317097, 0.718262, 0.385254, 0.0310154, 
        0.711426, 0.38623, 0.0362134, 0.712402, 0.38623, 0.0355438, 0.713379, 0.38623, 0.0348595, 0.714355, 0.38623, 0.0341634, 0.715332, 0.38623, 0.033458, 0.716309, 0.38623, 0.0327464, 0.717285, 0.38623, 0.0320316, 0.718262, 0.38623, 0.0313168, 
        0.711426, 0.387207, 0.0366266, 0.712402, 0.387207, 0.0359424, 0.713379, 0.387207, 0.0352427, 0.714355, 0.387207, 0.0345305, 0.715332, 0.387207, 0.0338085, 0.716309, 0.387207, 0.03308, 0.717285, 0.387207, 0.0323479, 0.718262, 0.387207, 0.0316156, 
        0.711426, 0.388184, 0.0370161, 0.712402, 0.388184, 0.0363198, 0.713379, 0.388184, 0.0356075, 0.714355, 0.388184, 0.0348822, 0.715332, 0.388184, 0.0341467, 0.716309, 0.388184, 0.0334043, 0.717285, 0.388184, 0.0326581, 0.718262, 0.388184, 0.0319117, 
        0.711426, 0.38916, 0.037381, 0.712402, 0.38916, 0.0366753, 0.713379, 0.38916, 0.0359533, 0.714355, 0.38916, 0.0352179, 0.715332, 0.38916, 0.034472, 0.716309, 0.38916, 0.0337191, 0.717285, 0.38916, 0.0329622, 0.718262, 0.38916, 0.0322051, 
        0.711426, 0.390137, 0.0377207, 0.712402, 0.390137, 0.0370084, 0.713379, 0.390137, 0.0362796, 0.714355, 0.390137, 0.0355372, 0.715332, 0.390137, 0.0347842, 0.716309, 0.390137, 0.0340241, 0.717285, 0.390137, 0.03326, 0.718262, 0.390137, 0.0324956
    ]
}
