{
    "level": 0,
    "idx": {"x": 92, "y": 79},
    "dim": {"x": 8, "y": 8},
    "offset": {"x": 0.719238, "y": 0.617676},
    "cellSize": {"x": 0.000976562, "y": 0.000976562},
    "vertices": [
        0.719238, 0.617676, 0.0198161, 0.720215, 0.617676, 0.0195762, 0.721191, 0.617676, 0.0193394, 0.722168, 0.617676, 0.0191034, 0.723145, 0.617676, 0.018866, 0.724121, 0.617676, 0.0186249, 0.725098, 0.617676, 0.0183782, 0.726074, 0.617676, 0.0181239, 
        0.719238, 0.618652, 0.0196382, 0.720215, 0.618652, 0.019375, 0.721191, 0.618652, 0.0191153, 0.722168, 0.618652, 0.0188571, 0.723145, 0.618652, 0.0185984, 0.724121, 0.618652, 0.0183372, 0.725098, 0.618652, 0.0180718, 0.726074, 0.618652, 0.0178003, 
        0.719238, 0.619629, 0.0194608, 0.720215, 0.619629, 0.0191722, 0.721191, 0.619629, 0.0188877, 0.722168, 0.619629, 0.0186052, 0.723145, 0.619629, 0.0183233, 0.724121, 0.619629, 0.0180402, 0.725098, 0.619629, 0.0177543, 0.726074, 0.619629, 0.0174642, 
        0.719238, 0.620605, 0.0192839, 0.720215, 0.620605, 0.0189683, 0.721191, 0.620605, 0.0186571, 0.722168, 0.620605, 0.0183488, 0.723145, 0.620605, 0.0180421, 0.724121, 0.620605, 0.0177354, 0.725098, 0.620605, 0.0174277, 0.726074, 0.620605, 0.0171175, 
        0.719238, 0.621582, 0.019108, 0.720215, 0.621582, 0.0187638, 0.721191, 0.621582, 0.0184246, 0.722168, 0.621582, 0.018089, 0.723145, 0.621582, 0.0177561, 0.724121, 0.621582, 0.0174247, 0.725098, 0.621582, 0.0170938, 0.726074, 0.621582, 0.0167625, 
        0.719238, 0.622559, 0.0189332, 0.720215, 0.622559, 0.0185594, 0.721191, 0.622559, 0.0181909, 0.722168, 0.622559, 0.017827, 0.723145, 0.622559, 0.0174668, 0.724121, 0.622559, 0.0171097, 0.725098, 0.622559, 0.0167548, 0.726074, 0.622559, 0.0164015, 
        0.719238, 0.623535, 0.0187598, 0.720215, 0.623535, 0.0183554, 0.721191, 0.623535, 0.017957, 0.722168, 0.623535, 0.0175639, 0.723145, 0.623535, 0.0171758, 0.724121, 0.623535, 0.0167922, 0.725098, 0.623535, 0.0164126, 0.726074, 0.623535, 0.0160367, 
        0.719238, 0.624512, 0.018588, 0.720215, 0.624512, 0.0181527, 0.721191, 0.624512, 0.0177238, 0.722168, 0.624512, 0.0173012, 0.723145, 0.624512, 0.0168847, 0.724121, 0.624512, 0.0164741, 0.725098, 0.624512, 0.0160695, 0.726074, 0.624512, 0.0156706
    ]
}
