{
    "level": 0,
    "idx": {"x": 92, "y": 63},
    "dim": {"x": 8, "y": 8},
    "offset": {"x": 0.719238, "y": 0.492676},
    "cellSize": {"x": 0.000976562, "y": 0.000976562},
    "vertices": [
        0.719238, 0.492676, 0.0440598, 0.720215, 0.492676, 0.0435771, 0.721191, 0.492676, 0.0430996, 0.722168, 0.492676, 0.0426247, 0.723145, 0.492676, 0.0421503, 0.724121, 0.492676, 0.0416739, 0.725098, 0.492676, 0.0411936, 0.726074, 0.492676, 0.0407072, 
        0.719238, 0.493652, 0.043948, 0.720215, 0.493652, 0.0434358, 0.721191, 0.493652, 0.0429292, 0.722168, 0.493652, 0.0424261, 0.723145, 0.493652, 0.0419245, 0.724121, 0.493652, 0.0414222, 0.725098, 0.493652, 0.0409174, 0.726074, 0.493652, 0.0404084, 
        0.719238, 0.494629, 0.043831, 0.720215, 0.494629, 0.0432873, 0.721191, 0.494629, 0.0427497, 0.722168, 0.494629, 0.0422164, 0.723145, 0.494629, 0.0416857, 0.724121, 0.494629, 0.0411557, 0.725098, 0.494629, 0.0406248, 0.726074, 0.494629, 0.0400915, 
        0.719238, 0.495605, 0.0437093, 0.720215, 0.495605, 0.0431322, 0.721191, 0.495605, 0.0425619, 0.722168, 0.495605, 0.0419967, 0.723145, 0.495605, 0.0414352, 0.724121, 0.495605, 0.040876, 0.725098, 0.495605, 0.0403176, 0.726074, 0.495605, 0.0397587, 
        0.719238, 0.496582, 0.0435829, 0.720215, 0.496582, 0.0429711, 0.721191, 0.496582, 0.0423666, 0.722168, 0.496582, 0.0417681, 0.723145, 0.496582, 0.0411746, 0.724121, 0.496582, 0.0405848, 0.725098, 0.496582, 0.0399976, 0.726074, 0.496582, 0.0394121, 
        0.719238, 0.497559, 0.0434523, 0.720215, 0.497559, 0.0428045, 0.721191, 0.497559, 0.0421647, 0.722168, 0.497559, 0.0415319, 0.723145, 0.497559, 0.0409053, 0.724121, 0.497559, 0.0402839, 0.725098, 0.497559, 0.0396671, 0.726074, 0.497559, 0.039054, 
        0.719238, 0.498535, 0.0433176, 0.720215, 0.498535, 0.0426331, 0.721191, 0.498535, 0.0419572, 0.722168, 0.498535, 0.0412893, 0.723145, 0.498535, 0.0406288, 0.724121, 0.498535, 0.0399752, 0.725098, 0.498535, 0.0393281, 0.726074, 0.498535, 0.0386868, 
        0.719238, 0.499512, 0.0431792, 0.720215, 0.499512, 0.0424575, 0.721191, 0.499512, 0.0417451, 0.722168, 0.499512, 0.0410416, 0.723145, 0.499512, 0.0403469, 0.724121, 0.499512, 0.0396606, 0.725098, 0.499512, 0.0389828, 0.726074, 0.499512, 0.038313
    ]
}
