{
    "level": 0,
    "idx": {"x": 93, "y": 120},
    "dim": {"x": 8, "y": 8},
    "offset": {"x": 0.727051, "y": 0.937988},
    "cellSize": {"x": 0.000976562, "y": 0.000976562},
    "vertices": [
        0.727051, 0.937988, -0.00650137, 0.728027, 0.937988, -0.00657415, 0.729004, 0.937988, -0.00664206, 0.72998, 0.937988, -0.00670493, 0.730957, 0.937988, -0.00676257, 0.731934, 0.937988, -0.00681486, 0.73291, 0.937988, -0.0068617, 0.733887, 0.937988, -0.00690301, 
        0.727051, 0.938965, -0.00672638, 0.728027, 0.938965, -0.00682084, 0.729004, 0.938965, -0.00690757, 0.72998, 0.938965, -0.00698621, 0.730957, 0.938965, -0.00705643, 0.731934, 0.938965, -0.00711798, 0.73291, 0.938965, -0.00717066, 0.733887, 0.938965, -0.00721434, 
        0.727051, 0.939941, -0.0069441, 0.728027, 0.939941, -0.00705979, 0.729004, 0.939941, -0.00716496, 0.72998, 0.939941, -0.00725906, 0.730957, 0.939941, -0.0073416, 0.731934, 0.939941, -0.00741221, 0.73291, 0.939941, -0.0074706, 0.733887, 0.939941, -0.00751659, 
        0.727051, 0.940918, -0.00715191, 0.728027, 0.940918, -0.0072882, 0.729004, 0.940918, -0.00741124, 0.72998, 0.940918, -0.00752032, 0.730957, 0.940918, -0.00761481, 0.731934, 0.940918, -0.00769419, 0.73291, 0.940918, -0.00775811, 0.733887, 0.940918, -0.00780631, 
        0.727051, 0.941895, -0.00734732, 0.728027, 0.941895, -0.00750337, 0.729004, 0.941895, -0.00764356, 0.72998, 0.941895, -0.007767, 0.730957, 0.941895, -0.00787293, 0.731934, 0.941895, -0.00796071, 0.73291, 0.941895, -0.00802991, 0.733887, 0.941895, -0.00808022, 
        0.727051, 0.942871, -0.00752791, 0.728027, 0.942871, -0.00770267, 0.729004, 0.942871, -0.00785909, 0.72998, 0.942871, -0.00799613, 0.730957, 0.942871, -0.00811288, 0.731934, 0.942871, -0.00820861, 0.73291, 0.942871, -0.00828279, 0.733887, 0.942871, -0.00833506, 
        0.727051, 0.943848, -0.00769139, 0.728027, 0.943848, -0.00788364, 0.729004, 0.943848, -0.00805523, 0.72998, 0.943848, -0.00820498, 0.730957, 0.943848, -0.00833183, 0.731934, 0.943848, -0.00843496, 0.73291, 0.943848, -0.00851377, 0.733887, 0.943848, -0.00856785, 
        0.727051, 0.944824, -0.00783561, 0.728027, 0.944824, -0.00804395, 0.729004, 0.944824, -0.00822949, 0.72998, 0.944824, -0.00839091, 0.730957, 0.944824, -0.00852704, 0.731934, 0.944824, -0.00863696, 0.73291, 0.944824, -0.00872, 0.733887, 0.944824, -0.00877571
    ]
}
