{
    "level": 0,
    "idx": {"x": 93, "y": 8},
    "dim": {"x": 8, "y": 8},
    "offset": {"x": 0.727051, "y": 0.0629883},
    "cellSize": {"x": 0.000976562, "y": 0.000976562},
    "vertices": [
        0.727051, 0.0629883, 0.00630534, 0.728027, 0.0629883, 0.00635563, 0.729004, 0.0629883, 0.00640395, 0.72998, 0.0629883, 0.0064503, 0.730957, 0.0629883, 0.00649466, 0.731934, 0.0629883, 0.00653702, 0.73291, 0.0629883, 0.00657739, 0.733887, 0.0629883, 0.00661574, 
        0.727051, 0.0639648, 0.00607486, 0.728027, 0.0639648, 0.00610324, 0.729004, 0.0639648, 0.00613253, 0.72998, 0.0639648, 0.00616291, 0.730957, 0.0639648, 0.00619453, 0.731934, 0.0639648, 0.00622751, 0.73291, 0.0639648, 0.00626193, 0.733887, 0.0639648, 0.00629785, 
        0.727051, 0.0649414, 0.00584509, 0.728027, 0.0649414, 0.00585177, 0.729004, 0.0649414, 0.0058622, 0.72998, 0.0649414, 0.00587677, 0.730957, 0.0649414, 0.00589577, 0.731934, 0.0649414, 0.00591944, 0.73291, 0.0649414, 0.00594798, 0.733887, 0.0649414, 0.00598147, 
        0.727051, 0.065918, 0.00561867, 0.728027, 0.065918, 0.00560407, 0.729004, 0.065918, 0.00559602, 0.72998, 0.065918, 0.00559508, 0.730957, 0.065918, 0.0056017, 0.731934, 0.065918, 0.00561625, 0.73291, 0.065918, 0.005639, 0.733887, 0.065918, 0.00567011, 
        0.727051, 0.0668945, 0.0053982, 0.728027, 0.0668945, 0.00536295, 0.729004, 0.0668945, 0.00533696, 0.72998, 0.0668945, 0.00532097, 0.730957, 0.0668945, 0.00531558, 0.731934, 0.0668945, 0.00532127, 0.73291, 0.0668945, 0.0053384, 0.733887, 0.0668945, 0.0053672, 
        0.727051, 0.0678711, 0.00518618, 0.728027, 0.0678711, 0.00513111, 0.729004, 0.0678711, 0.00508791, 0.72998, 0.0678711, 0.00505748, 0.730957, 0.0678711, 0.00504055, 0.731934, 0.0678711, 0.00503774, 0.73291, 0.0678711, 0.00504948, 0.733887, 0.0678711, 0.00507605, 
        0.727051, 0.0688477, 0.00498501, 0.728027, 0.0688477, 0.00491115, 0.729004, 0.0688477, 0.00485164, 0.72998, 0.0688477, 0.00480751, 0.730957, 0.0688477, 0.00477966, 0.731934, 0.0688477, 0.00476878, 0.73291, 0.0688477, 0.00477541, 0.733887, 0.0688477, 0.00479986, 
        0.727051, 0.0698242, 0.00479699, 0.728027, 0.0698242, 0.00470556, 0.729004, 0.0698242, 0.00463077, 0.72998, 0.0698242, 0.00457383, 0.730957, 0.0698242, 0.00453575, 0.731934, 0.0698242, 0.00451734, 0.73291, 0.0698242, 0.00451918, 0.733887, 0.0698242, 0.00454165
    ]
}
