{
    "level": 0,
    "idx": {"x": 93, "y": 61},
    "dim": {"x": 8, "y": 8},
    "offset": {"x": 0.727051, "y": 0.477051},
    "cellSize": {"x": 0.000976562, "y": 0.000976562},
    "vertices": [
        0.727051, 0.477051, 0.04162, 0.728027, 0.477051, 0.0411599, 0.729004, 0.477051, 0.0406858, 0.72998, 0.477051, 0.0401963, 0.730957, 0.477051, 0.0396901, 0.731934, 0.477051, 0.0391662, 0.73291, 0.477051, 0.0386237, 0.733887, 0.477051, 0.0380623, 
        0.727051, 0.478027, 0.0417475, 0.728027, 0.478027, 0.0412994, 0.729004, 0.478027, 0.0408357, 0.72998, 0.478027, 0.0403546, 0.730957, 0.478027, 0.0398547, 0.731934, 0.478027, 0.0393351, 0.73291, 0.478027, 0.0387949, 0.733887, 0.478027, 0.0382334, 
        0.727051, 0.479004, 0.0418494, 0.728027, 0.479004, 0.0414117, 0.729004, 0.479004, 0.0409568, 0.72998, 0.479004, 0.0404828, 0.730957, 0.479004, 0.0399884, 0.731934, 0.479004, 0.0394724, 0.73291, 0.479004, 0.0389338, 0.733887, 0.479004, 0.0383721, 
        0.727051, 0.47998, 0.0419242, 0.728027, 0.47998, 0.0414951, 0.729004, 0.47998, 0.0410474, 0.72998, 0.47998, 0.0405793, 0.730957, 0.47998, 0.0400892, 0.731934, 0.47998, 0.0395759, 0.73291, 0.47998, 0.0390386, 0.733887, 0.47998, 0.0384765, 
        0.727051, 0.480957, 0.0419708, 0.728027, 0.480957, 0.0415483, 0.729004, 0.480957, 0.0411061, 0.72998, 0.480957, 0.0406424, 0.730957, 0.480957, 0.0401555, 0.731934, 0.480957, 0.0396442, 0.73291, 0.480957, 0.0391076, 0.733887, 0.480957, 0.0385449, 
        0.727051, 0.481934, 0.041988, 0.728027, 0.481934, 0.0415701, 0.729004, 0.481934, 0.0411317, 0.72998, 0.481934, 0.0406709, 0.730957, 0.481934, 0.0401861, 0.731934, 0.481934, 0.039676, 0.73291, 0.481934, 0.0391395, 0.733887, 0.481934, 0.038576, 
        0.727051, 0.48291, 0.0419752, 0.728027, 0.48291, 0.0415598, 0.729004, 0.48291, 0.0411234, 0.72998, 0.48291, 0.040664, 0.730957, 0.48291, 0.04018, 0.731934, 0.48291, 0.0396701, 0.73291, 0.48291, 0.0391332, 0.733887, 0.48291, 0.0385687, 
        0.727051, 0.483887, 0.0419318, 0.728027, 0.483887, 0.0415168, 0.729004, 0.483887, 0.0410805, 0.72998, 0.483887, 0.0406211, 0.730957, 0.483887, 0.0401367, 0.731934, 0.483887, 0.0396261, 0.73291, 0.483887, 0.0390882, 0.733887, 0.483887, 0.0385225
    ]
}
