{
    "level": 0,
    "idx": {"x": 93, "y": 50},
    "dim": {"x": 8, "y": 8},
    "offset": {"x": 0.727051, "y": 0.391113},
    "cellSize": {"x": 0.000976562, "y": 0.000976562},
    "vertices": [
        0.727051, 0.391113, 0.0264143, 0.728027, 0.391113, 0.0258244, 0.729004, 0.391113, 0.0252677, 0.72998, 0.391113, 0.0247457, 0.730957, 0.391113, 0.0242603, 0.731934, 0.391113, 0.0238126, 0.73291, 0.391113, 0.0234034, 0.733887, 0.391113, 0.0230335, 
        0.727051, 0.39209, 0.0266952, 0.728027, 0.39209, 0.0261042, 0.729004, 0.39209, 0.0255461, 0.72998, 0.39209, 0.0250226, 0.730957, 0.39209, 0.0245353, 0.731934, 0.39209, 0.0240855, 0.73291, 0.39209, 0.023674, 0.733887, 0.39209, 0.0233013, 
        0.727051, 0.393066, 0.0270011, 0.728027, 0.393066, 0.0264111, 0.729004, 0.393066, 0.0258535, 0.72998, 0.393066, 0.02533, 0.730957, 0.393066, 0.0248422, 0.731934, 0.393066, 0.0243912, 0.73291, 0.393066, 0.0239778, 0.733887, 0.393066, 0.0236028, 
        0.727051, 0.394043, 0.0273313, 0.728027, 0.394043, 0.0267445, 0.729004, 0.394043, 0.0261893, 0.72998, 0.394043, 0.0256673, 0.730957, 0.394043, 0.0251801, 0.731934, 0.394043, 0.0247289, 0.73291, 0.394043, 0.0243143, 0.733887, 0.394043, 0.0239371, 
        0.727051, 0.39502, 0.0276851, 0.728027, 0.39502, 0.0271035, 0.729004, 0.39502, 0.0265524, 0.72998, 0.39502, 0.0260335, 0.730957, 0.39502, 0.0255482, 0.731934, 0.39502, 0.0250975, 0.73291, 0.39502, 0.0246824, 0.733887, 0.39502, 0.0243033, 
        0.727051, 0.395996, 0.0280613, 0.728027, 0.395996, 0.0274869, 0.729004, 0.395996, 0.0269418, 0.72998, 0.395996, 0.0264274, 0.730957, 0.395996, 0.025945, 0.731934, 0.395996, 0.0254959, 0.73291, 0.395996, 0.0250807, 0.733887, 0.395996, 0.0246998, 
        0.727051, 0.396973, 0.0284588, 0.728027, 0.396973, 0.0278935, 0.729004, 0.396973, 0.0273559, 0.72998, 0.396973, 0.0268473, 0.730957, 0.396973, 0.0263691, 0.731934, 0.396973, 0.0259223, 0.73291, 0.396973, 0.0255075, 0.733887, 0.396973, 0.0251252, 
        0.727051, 0.397949, 0.028876, 0.728027, 0.397949, 0.0283216, 0.729004, 0.397949, 0.027793, 0.72998, 0.397949, 0.0272916, 0.730957, 0.397949, 0.0268185, 0.731934, 0.397949, 0.0263747, 0.73291, 0.397949, 0.0259608, 0.733887, 0.397949, 0.0255773
    ]
}
