{
    "level": 0,
    "idx": {"x": 93, "y": 94},
    "dim": {"x": 8, "y": 8},
    "offset": {"x": 0.727051, "y": 0.734863},
    "cellSize": {"x": 0.000976562, "y": 0.000976562},
    "vertices": [
        0.727051, 0.734863, 0.0134226, 0.728027, 0.734863, 0.0136314, 0.729004, 0.734863, 0.0138096, 0.72998, 0.734863, 0.0139551, 0.730957, 0.734863, 0.0140663, 0.731934, 0.734863, 0.0141419, 0.73291, 0.734863, 0.0141809, 0.733887, 0.734863, 0.0141828, 
        0.727051, 0.73584, 0.0133483, 0.728027, 0.73584, 0.0135561, 0.729004, 0.73584, 0.0137335, 0.72998, 0.73584, 0.0138785, 0.730957, 0.73584, 0.0139896, 0.731934, 0.73584, 0.0140656, 0.73291, 0.73584, 0.0141053, 0.733887, 0.73584, 0.0141083, 
        0.727051, 0.736816, 0.013246, 0.728027, 0.736816, 0.0134505, 0.729004, 0.736816, 0.0136251, 0.72998, 0.736816, 0.0137681, 0.730957, 0.736816, 0.0138779, 0.731934, 0.736816, 0.0139531, 0.73291, 0.736816, 0.0139929, 0.733887, 0.736816, 0.0139967, 
        0.727051, 0.737793, 0.0131161, 0.728027, 0.737793, 0.0133151, 0.729004, 0.737793, 0.0134852, 0.72998, 0.737793, 0.0136245, 0.730957, 0.737793, 0.0137317, 0.731934, 0.737793, 0.0138053, 0.73291, 0.737793, 0.0138445, 0.733887, 0.737793, 0.0138488, 
        0.727051, 0.73877, 0.0129594, 0.728027, 0.73877, 0.0131509, 0.729004, 0.73877, 0.0133146, 0.72998, 0.73877, 0.0134488, 0.730957, 0.73877, 0.013552, 0.731934, 0.73877, 0.0136231, 0.73291, 0.73877, 0.0136612, 0.733887, 0.73877, 0.0136657, 
        0.727051, 0.739746, 0.0127771, 0.728027, 0.739746, 0.0129591, 0.729004, 0.739746, 0.0131146, 0.72998, 0.739746, 0.0132422, 0.730957, 0.739746, 0.0133404, 0.731934, 0.739746, 0.013408, 0.73291, 0.739746, 0.0134443, 0.733887, 0.739746, 0.0134488, 
        0.727051, 0.740723, 0.0125705, 0.728027, 0.740723, 0.012741, 0.729004, 0.740723, 0.0128868, 0.72998, 0.740723, 0.0130063, 0.730957, 0.740723, 0.0130983, 0.731934, 0.740723, 0.0131616, 0.73291, 0.740723, 0.0131957, 0.733887, 0.740723, 0.0131998, 
        0.727051, 0.741699, 0.0123409, 0.728027, 0.741699, 0.0124983, 0.729004, 0.741699, 0.0126327, 0.72998, 0.741699, 0.0127429, 0.730957, 0.741699, 0.0128277, 0.731934, 0.741699, 0.012886, 0.73291, 0.741699, 0.0129172, 0.733887, 0.741699, 0.0129208
    ]
}
