{
    "level": 0,
    "idx": {"x": 94, "y": 13},
    "dim": {"x": 8, "y": 8},
    "offset": {"x": 0.734863, "y": 0.102051},
    "cellSize": {"x": 0.000976562, "y": 0.000976562},
    "vertices": [
        0.734863, 0.102051, 0.00950531, 0.73584, 0.102051, 0.00950739, 0.736816, 0.102051, 0.00948169, 0.737793, 0.102051, 0.00942878, 0.73877, 0.102051, 0.00934943, 0.739746, 0.102051, 0.00924465, 0.740723, 0.102051, 0.00911568, 0.741699, 0.102051, 0.00896398, 
        0.734863, 0.103027, 0.00970492, 0.73584, 0.103027, 0.00970381, 0.736816, 0.103027, 0.00967264, 0.737793, 0.103027, 0.00961198, 0.73877, 0.103027, 0.00952269, 0.739746, 0.103027, 0.00940589, 0.740723, 0.103027, 0.00926291, 0.741699, 0.103027, 0.00909536, 
        0.734863, 0.104004, 0.00987416, 0.73584, 0.104004, 0.00987021, 0.736816, 0.104004, 0.00983413, 0.737793, 0.104004, 0.00976658, 0.73877, 0.104004, 0.00966847, 0.739746, 0.104004, 0.00954099, 0.740723, 0.104004, 0.0093856, 0.741699, 0.104004, 0.00920399, 
        0.734863, 0.10498, 0.010011, 0.73584, 0.10498, 0.0100045, 0.736816, 0.10498, 0.00996418, 0.737793, 0.10498, 0.00989066, 0.73877, 0.10498, 0.00978491, 0.739746, 0.10498, 0.00964822, 0.740723, 0.10498, 0.0094821, 0.741699, 0.10498, 0.00928837, 
        0.734863, 0.105957, 0.0101136, 0.73584, 0.105957, 0.010105, 0.736816, 0.105957, 0.0100611, 0.737793, 0.105957, 0.00998255, 0.73877, 0.105957, 0.00987043, 0.739746, 0.105957, 0.00972606, 0.740723, 0.105957, 0.00955103, 0.741699, 0.105957, 0.00934723, 
        0.734863, 0.106934, 0.0101805, 0.73584, 0.106934, 0.0101702, 0.736816, 0.106934, 0.0101234, 0.737793, 0.106934, 0.0100409, 0.73877, 0.106934, 0.00992373, 0.739746, 0.106934, 0.00977329, 0.740723, 0.106934, 0.00959123, 0.741699, 0.106934, 0.00937951, 
        0.734863, 0.10791, 0.0102107, 0.73584, 0.10791, 0.010199, 0.736816, 0.10791, 0.01015, 0.737793, 0.10791, 0.0100646, 0.73877, 0.10791, 0.00994377, 0.739746, 0.10791, 0.00978894, 0.740723, 0.10791, 0.00960181, 0.741699, 0.10791, 0.00938438, 
        0.734863, 0.108887, 0.0102032, 0.73584, 0.108887, 0.0101906, 0.736816, 0.108887, 0.0101402, 0.737793, 0.108887, 0.010053, 0.73877, 0.108887, 0.00992985, 0.739746, 0.108887, 0.00977234, 0.740723, 0.108887, 0.00958213, 0.741699, 0.108887, 0.00936127
    ]
}
