{
    "level": 0,
    "idx": {"x": 94, "y": 24},
    "dim": {"x": 8, "y": 8},
    "offset": {"x": 0.734863, "y": 0.187988},
    "cellSize": {"x": 0.000976562, "y": 0.000976562},
    "vertices": [
        0.734863, 0.187988, -0.00221313, 0.73584, 0.187988, -0.00223832, 0.736816, 0.187988, -0.00226174, 0.737793, 0.187988, -0.00228339, 0.73877, 0.187988, -0.0023033, 0.739746, 0.187988, -0.00232149, 0.740723, 0.187988, -0.00233799, 0.741699, 0.187988, -0.00235283, 
        0.734863, 0.188965, -0.0026859, 0.73584, 0.188965, -0.00270764, 0.736816, 0.188965, -0.00272407, 0.737793, 0.188965, -0.00273526, 0.73877, 0.188965, -0.00274136, 0.739746, 0.188965, -0.00274252, 0.740723, 0.188965, -0.00273895, 0.741699, 0.188965, -0.00273087, 
        0.734863, 0.189941, -0.00315313, 0.73584, 0.189941, -0.00317147, 0.736816, 0.189941, -0.003181, 0.737793, 0.189941, -0.00318187, 0.73877, 0.189941, -0.00317433, 0.739746, 0.189941, -0.00315867, 0.740723, 0.189941, -0.00313526, 0.741699, 0.189941, -0.00310454, 
        0.734863, 0.190918, -0.00361128, 0.73584, 0.190918, -0.00362632, 0.736816, 0.190918, -0.00362912, 0.737793, 0.190918, -0.00361991, 0.73877, 0.190918, -0.00359902, 0.739746, 0.190918, -0.00356692, 0.740723, 0.190918, -0.00352412, 0.741699, 0.190918, -0.00347125, 
        0.734863, 0.191895, -0.0040569, 0.73584, 0.191895, -0.00406876, 0.736816, 0.191895, -0.00406507, 0.737793, 0.191895, -0.00404611, 0.73877, 0.191895, -0.00401234, 0.739746, 0.191895, -0.00396433, 0.740723, 0.191895, -0.00390277, 0.741699, 0.191895, -0.00382847, 
        0.734863, 0.192871, -0.00448661, 0.73584, 0.192871, -0.00449548, 0.736816, 0.192871, -0.0044856, 0.737793, 0.192871, -0.00445735, 0.73877, 0.192871, -0.00441126, 0.739746, 0.192871, -0.00434805, 0.740723, 0.192871, -0.00426854, 0.741699, 0.192871, -0.00417375, 
        0.734863, 0.193848, -0.0048972, 0.73584, 0.193848, -0.00490327, 0.736816, 0.193848, -0.00488759, 0.737793, 0.193848, -0.00485059, 0.73877, 0.193848, -0.00479289, 0.739746, 0.193848, -0.00471533, 0.740723, 0.193848, -0.00461889, 0.741699, 0.193848, -0.00450473, 
        0.734863, 0.194824, -0.00528561, 0.73584, 0.194824, -0.00528915, 0.736816, 0.194824, -0.00526811, 0.737793, 0.194824, -0.00522299, 0.73877, 0.194824, -0.0051545, 0.739746, 0.194824, -0.00506359, 0.740723, 0.194824, -0.00495138, 0.741699, 0.194824, -0.00481918
    ]
}
