{
    "level": 0,
    "idx": {"x": 94, "y": 5},
    "dim": {"x": 8, "y": 8},
    "offset": {"x": 0.734863, "y": 0.0395508},
    "cellSize": {"x": 0.000976562, "y": 0.000976562},
    "vertices": [
        0.734863, 0.0395508, 0.0075041, 0.73584, 0.0395508, 0.00749728, 0.736816, 0.0395508, 0.00746349, 0.737793, 0.0395508, 0.00740329, 0.73877, 0.0395508, 0.00731744, 0.739746, 0.0395508, 0.00720696, 0.740723, 0.0395508, 0.00707309, 0.741699, 0.0395508, 0.00691727, 
        0.734863, 0.0405273, 0.00784749, 0.73584, 0.0405273, 0.00783824, 0.736816, 0.0405273, 0.00779965, 0.737793, 0.0405273, 0.00773231, 0.73877, 0.0405273, 0.00763708, 0.739746, 0.0405273, 0.00751507, 0.740723, 0.0405273, 0.00736761, 0.741699, 0.0405273, 0.0071963, 
        0.734863, 0.0415039, 0.00816123, 0.73584, 0.0415039, 0.00814987, 0.736816, 0.0415039, 0.00810706, 0.737793, 0.0415039, 0.00803345, 0.73877, 0.0415039, 0.00792994, 0.739746, 0.0415039, 0.00779774, 0.740723, 0.0415039, 0.00763828, 0.741699, 0.0415039, 0.00745326, 
        0.734863, 0.0424805, 0.00844317, 0.73584, 0.0424805, 0.00843006, 0.736816, 0.0424805, 0.00838368, 0.737793, 0.0424805, 0.00830471, 0.73877, 0.0424805, 0.00819411, 0.739746, 0.0424805, 0.00805317, 0.740723, 0.0424805, 0.0078834, 0.741699, 0.0424805, 0.00768662, 
        0.734863, 0.043457, 0.00869148, 0.73584, 0.043457, 0.00867698, 0.736816, 0.043457, 0.0086277, 0.737793, 0.043457, 0.00854435, 0.73877, 0.043457, 0.00842793, 0.739746, 0.043457, 0.00827979, 0.740723, 0.043457, 0.00810152, 0.741699, 0.043457, 0.007895, 
        0.734863, 0.0444336, 0.00890463, 0.73584, 0.0444336, 0.00888913, 0.736816, 0.0444336, 0.00883766, 0.737793, 0.0444336, 0.00875094, 0.73877, 0.0444336, 0.00863002, 0.739746, 0.0444336, 0.00847629, 0.740723, 0.0444336, 0.0082914, 0.741699, 0.0444336, 0.0080773, 
        0.734863, 0.0454102, 0.0090814, 0.73584, 0.0454102, 0.00906531, 0.736816, 0.0454102, 0.00901237, 0.737793, 0.0454102, 0.00892335, 0.73877, 0.0454102, 0.0087993, 0.739746, 0.0454102, 0.00864165, 0.740723, 0.0454102, 0.00845209, 0.741699, 0.0454102, 0.00823262, 
        0.734863, 0.0463867, 0.00922091, 0.73584, 0.0463867, 0.00920464, 0.736816, 0.0463867, 0.009151, 0.737793, 0.0463867, 0.00906075, 0.73877, 0.0463867, 0.00893497, 0.739746, 0.0463867, 0.00877511, 0.740723, 0.0463867, 0.00858288, 0.741699, 0.0463867, 0.00836032
    ]
}
