{
    "level": 0,
    "idx": {"x": 95, "y": 51},
    "dim": {"x": 8, "y": 8},
    "offset": {"x": 0.742676, "y": 0.398926},
    "cellSize": {"x": 0.000976562, "y": 0.000976562},
    "vertices": [
        0.742676, 0.398926, 0.0237904, 0.743652, 0.398926, 0.0236536, 0.744629, 0.398926, 0.0235338, 0.745605, 0.398926, 0.023429, 0.746582, 0.398926, 0.0233369, 0.747559, 0.398926, 0.0232553, 0.748535, 0.398926, 0.0231817, 0.749512, 0.398926, 0.0231138, 
        0.742676, 0.399902, 0.0241659, 0.743652, 0.399902, 0.0240045, 0.744629, 0.399902, 0.0238586, 0.745605, 0.399902, 0.0237263, 0.746582, 0.399902, 0.0236058, 0.747559, 0.399902, 0.0234948, 0.748535, 0.399902, 0.0233914, 0.749512, 0.399902, 0.0232933, 
        0.742676, 0.400879, 0.0245529, 0.743652, 0.400879, 0.0243652, 0.744629, 0.400879, 0.0241915, 0.745605, 0.400879, 0.0240299, 0.746582, 0.400879, 0.0238788, 0.747559, 0.400879, 0.0237365, 0.748535, 0.400879, 0.0236011, 0.749512, 0.400879, 0.0234706, 
        0.742676, 0.401855, 0.0249495, 0.743652, 0.401855, 0.0247342, 0.744629, 0.401855, 0.024531, 0.745605, 0.401855, 0.0243384, 0.746582, 0.401855, 0.0241551, 0.747559, 0.401855, 0.0239796, 0.748535, 0.401855, 0.0238104, 0.749512, 0.401855, 0.0236457, 
        0.742676, 0.402832, 0.0253538, 0.743652, 0.402832, 0.0251095, 0.744629, 0.402832, 0.0248755, 0.745605, 0.402832, 0.0246506, 0.746582, 0.402832, 0.0244337, 0.747559, 0.402832, 0.0242235, 0.748535, 0.402832, 0.0240189, 0.749512, 0.402832, 0.0238185, 
        0.742676, 0.403809, 0.0257634, 0.743652, 0.403809, 0.0254893, 0.744629, 0.403809, 0.0252234, 0.745605, 0.403809, 0.0249651, 0.746582, 0.403809, 0.0247133, 0.747559, 0.403809, 0.0244673, 0.748535, 0.403809, 0.0242262, 0.749512, 0.403809, 0.0239889, 
        0.742676, 0.404785, 0.0261762, 0.743652, 0.404785, 0.0258714, 0.744629, 0.404785, 0.025573, 0.745605, 0.404785, 0.0252804, 0.746582, 0.404785, 0.024993, 0.747559, 0.404785, 0.0247103, 0.748535, 0.404785, 0.0244317, 0.749512, 0.404785, 0.0241566, 
        0.742676, 0.405762, 0.0265898, 0.743652, 0.405762, 0.026254, 0.744629, 0.405762, 0.0259226, 0.745605, 0.405762, 0.0255952, 0.746582, 0.405762, 0.0252717, 0.747559, 0.405762, 0.0249518, 0.748535, 0.405762, 0.0246352, 0.749512, 0.405762, 0.0243217
    ]
}
