{
    "level": 0,
    "idx": {"x": 96, "y": 78},
    "dim": {"x": 8, "y": 8},
    "offset": {"x": 0.750488, "y": 0.609863},
    "cellSize": {"x": 0.000976562, "y": 0.000976562},
    "vertices": [
        0.750488, 0.609863, 0.00779514, 0.751465, 0.609863, 0.00714607, 0.752441, 0.609863, 0.00651, 0.753418, 0.609863, 0.00589025, 0.754395, 0.609863, 0.00529018, 0.755371, 0.609863, 0.00471303, 0.756348, 0.609863, 0.00416174, 0.757324, 0.609863, 0.00363927, 
        0.750488, 0.61084, 0.00773886, 0.751465, 0.61084, 0.00709616, 0.752441, 0.61084, 0.00646632, 0.753418, 0.61084, 0.00585264, 0.754395, 0.61084, 0.00525844, 0.755371, 0.61084, 0.00468692, 0.756348, 0.61084, 0.00414101, 0.757324, 0.61084, 0.0036236, 
        0.750488, 0.611816, 0.00768741, 0.751465, 0.611816, 0.00705455, 0.752441, 0.611816, 0.00643438, 0.753418, 0.611816, 0.00583009, 0.754395, 0.611816, 0.00524497, 0.755371, 0.611816, 0.00468214, 0.756348, 0.611816, 0.00414445, 0.757324, 0.611816, 0.00363476, 
        0.750488, 0.612793, 0.00764073, 0.751465, 0.612793, 0.00702114, 0.752441, 0.612793, 0.00641397, 0.753418, 0.612793, 0.00582235, 0.754395, 0.612793, 0.00524944, 0.755371, 0.612793, 0.00469828, 0.756348, 0.612793, 0.00417163, 0.757324, 0.612793, 0.00367225, 
        0.750488, 0.61377, 0.00759875, 0.751465, 0.61377, 0.00699571, 0.752441, 0.61377, 0.00640481, 0.753418, 0.61377, 0.00582901, 0.754395, 0.61377, 0.00527136, 0.755371, 0.61377, 0.00473476, 0.756348, 0.61377, 0.00422187, 0.757324, 0.61377, 0.00373533, 
        0.750488, 0.614746, 0.00756134, 0.751465, 0.614746, 0.00697804, 0.752441, 0.614746, 0.00640651, 0.753418, 0.614746, 0.00584957, 0.754395, 0.614746, 0.00531009, 0.755371, 0.614746, 0.00479084, 0.756348, 0.614746, 0.00429431, 0.757324, 0.614746, 0.00382301, 
        0.750488, 0.615723, 0.00752838, 0.751465, 0.615723, 0.00696782, 0.752441, 0.615723, 0.00641861, 0.753418, 0.615723, 0.0058834, 0.754395, 0.615723, 0.00536486, 0.755371, 0.615723, 0.00486558, 0.756348, 0.615723, 0.00438788, 0.757324, 0.615723, 0.00393411, 
        0.750488, 0.616699, 0.00749971, 0.751465, 0.616699, 0.00696469, 0.752441, 0.616699, 0.00644057, 0.753418, 0.616699, 0.00592977, 0.754395, 0.616699, 0.00543476, 0.755371, 0.616699, 0.00495789, 0.756348, 0.616699, 0.00450133, 0.757324, 0.616699, 0.00406723
    ]
}
