{
    "level": 0,
    "idx": {"x": 96, "y": 1},
    "dim": {"x": 8, "y": 8},
    "offset": {"x": 0.750488, "y": 0.00830078},
    "cellSize": {"x": 0.000976562, "y": 0.000976562},
    "vertices": [
        0.750488, 0.00830078, 0.00129822, 0.751465, 0.00830078, 0.00155644, 0.752441, 0.00830078, 0.00180989, 0.753418, 0.00830078, 0.00205616, 0.754395, 0.00830078, 0.00229282, 0.755371, 0.00830078, 0.00251757, 0.756348, 0.00830078, 0.00272825, 0.757324, 0.00830078, 0.00292278, 
        0.750488, 0.00927734, 0.00145296, 0.751465, 0.00927734, 0.00173522, 0.752441, 0.00927734, 0.00201225, 0.753418, 0.00927734, 0.00228141, 0.754395, 0.00927734, 0.00254007, 0.755371, 0.00927734, 0.0027857, 0.756348, 0.00927734, 0.00301593, 0.757324, 0.00927734, 0.0032285, 
        0.750488, 0.0102539, 0.00160522, 0.751465, 0.0102539, 0.00190879, 0.752441, 0.0102539, 0.00220672, 0.753418, 0.0102539, 0.00249617, 0.754395, 0.0102539, 0.00277431, 0.755371, 0.0102539, 0.00303842, 0.756348, 0.0102539, 0.00328596, 0.757324, 0.0102539, 0.00351448, 
        0.750488, 0.0112305, 0.0017548, 0.751465, 0.0112305, 0.00207675, 0.752441, 0.0112305, 0.00239269, 0.753418, 0.0112305, 0.00269962, 0.754395, 0.0112305, 0.00299454, 0.755371, 0.0112305, 0.00327456, 0.756348, 0.0112305, 0.00353699, 0.757324, 0.0112305, 0.00377923, 
        0.750488, 0.012207, 0.00190152, 0.751465, 0.012207, 0.00223872, 0.752441, 0.012207, 0.00256962, 0.753418, 0.012207, 0.00289106, 0.754395, 0.012207, 0.00319989, 0.755371, 0.012207, 0.00349309, 0.756348, 0.012207, 0.00376785, 0.757324, 0.012207, 0.00402144, 
        0.750488, 0.0131836, 0.00204522, 0.751465, 0.0131836, 0.00239442, 0.752441, 0.0131836, 0.00273707, 0.753418, 0.0131836, 0.0030699, 0.754395, 0.0131836, 0.00338964, 0.755371, 0.0131836, 0.00369317, 0.756348, 0.0131836, 0.00397757, 0.757324, 0.0131836, 0.00424002, 
        0.750488, 0.0141602, 0.00218576, 0.751465, 0.0141602, 0.00254359, 0.752441, 0.0141602, 0.00289467, 0.753418, 0.0141602, 0.00323565, 0.754395, 0.0141602, 0.00356319, 0.755371, 0.0141602, 0.00387409, 0.756348, 0.0141602, 0.00416536, 0.757324, 0.0141602, 0.0044341, 
        0.750488, 0.0151367, 0.00232305, 0.751465, 0.0151367, 0.00268604, 0.752441, 0.0151367, 0.00304215, 0.753418, 0.0151367, 0.00338797, 0.754395, 0.0151367, 0.00372013, 0.755371, 0.0151367, 0.00403536, 0.756348, 0.0151367, 0.00433064, 0.757324, 0.0151367, 0.00460304
    ]
}
