{
    "level": 0,
    "idx": {"x": 97, "y": 115},
    "dim": {"x": 8, "y": 8},
    "offset": {"x": 0.758301, "y": 0.898926},
    "cellSize": {"x": 0.000976562, "y": 0.000976562},
    "vertices": [
        0.758301, 0.898926, -0.00515307, 0.759277, 0.898926, -0.00498621, 0.760254, 0.898926, -0.00483596, 0.76123, 0.898926, -0.00470358, 0.762207, 0.898926, -0.00459007, 0.763184, 0.898926, -0.00449627, 0.76416, 0.898926, -0.0044228, 0.765137, 0.898926, -0.00437006, 
        0.758301, 0.899902, -0.00541926, 0.759277, 0.899902, -0.00526998, 0.760254, 0.899902, -0.00513497, 0.76123, 0.899902, -0.00501534, 0.762207, 0.899902, -0.00491199, 0.763184, 0.899902, -0.00482564, 0.76416, 0.899902, -0.00475684, 0.765137, 0.899902, -0.00470593, 
        0.758301, 0.900879, -0.00569851, 0.759277, 0.900879, -0.00556804, 0.760254, 0.900879, -0.00544935, 0.76123, 0.900879, -0.00534339, 0.762207, 0.900879, -0.00525092, 0.763184, 0.900879, -0.00517257, 0.76416, 0.900879, -0.00510878, 0.765137, 0.900879, -0.00505988, 
        0.758301, 0.901855, -0.00598845, 0.759277, 0.901855, -0.00587785, 0.760254, 0.901855, -0.00577641, 0.76123, 0.901855, -0.00568489, 0.762207, 0.901855, -0.00560392, 0.763184, 0.901855, -0.00553402, 0.76416, 0.901855, -0.00547556, 0.765137, 0.901855, -0.00542879, 
        0.758301, 0.902832, -0.00628671, 0.759277, 0.902832, -0.00619684, 0.760254, 0.902832, -0.00611339, 0.76123, 0.902832, -0.00603696, 0.762207, 0.902832, -0.005968, 0.763184, 0.902832, -0.00590694, 0.76416, 0.902832, -0.00585405, 0.765137, 0.902832, -0.00580953, 
        0.758301, 0.903809, -0.00659071, 0.759277, 0.903809, -0.00652224, 0.760254, 0.903809, -0.00645737, 0.76123, 0.903809, -0.00639649, 0.762207, 0.903809, -0.00633995, 0.763184, 0.903809, -0.00628802, 0.76416, 0.903809, -0.00624089, 0.765137, 0.903809, -0.00619871, 
        0.758301, 0.904785, -0.00689783, 0.759277, 0.904785, -0.0068512, 0.760254, 0.904785, -0.0068053, 0.76123, 0.904785, -0.00676032, 0.762207, 0.904785, -0.00671646, 0.763184, 0.904785, -0.00667386, 0.76416, 0.904785, -0.00663263, 0.765137, 0.904785, -0.00659285, 
        0.758301, 0.905762, -0.00720543, 0.759277, 0.905762, -0.00718089, 0.760254, 0.905762, -0.00715417, 0.76123, 0.905762, -0.00712528, 0.762207, 0.905762, -0.00709424, 0.763184, 0.905762, -0.00706109, 0.76416, 0.905762, -0.00702584, 0.765137, 0.905762, -0.0069885
    ]
}
