{
    "level": 0,
    "idx": {"x": 97, "y": 107},
    "dim": {"x": 8, "y": 8},
    "offset": {"x": 0.758301, "y": 0.836426},
    "cellSize": {"x": 0.000976562, "y": 0.000976562},
    "vertices": [
        0.758301, 0.836426, 0.00157124, 0.759277, 0.836426, 0.00171488, 0.760254, 0.836426, 0.00183963, 0.76123, 0.836426, 0.00194422, 0.762207, 0.836426, 0.00202764, 0.763184, 0.836426, 0.00208906, 0.76416, 0.836426, 0.00212787, 0.765137, 0.836426, 0.00214367, 
        0.758301, 0.837402, 0.00120816, 0.759277, 0.837402, 0.0013347, 0.760254, 0.837402, 0.00144469, 0.76123, 0.837402, 0.00153703, 0.762207, 0.837402, 0.00161082, 0.763184, 0.837402, 0.00166534, 0.76416, 0.837402, 0.00170004, 0.765137, 0.837402, 0.00171457, 
        0.758301, 0.838379, 0.000829849, 0.759277, 0.838379, 0.000938042, 0.760254, 0.838379, 0.0010322, 0.76123, 0.838379, 0.00111137, 0.762207, 0.838379, 0.00117481, 0.763184, 0.838379, 0.00122188, 0.76416, 0.838379, 0.00125212, 0.765137, 0.838379, 0.00126525, 
        0.758301, 0.839355, 0.000438586, 0.759277, 0.839355, 0.000527365, 0.760254, 0.839355, 0.000604757, 0.76123, 0.839355, 0.000669994, 0.762207, 0.839355, 0.000722451, 0.763184, 0.839355, 0.000761611, 0.76416, 0.839355, 0.000787104, 0.765137, 0.839355, 0.000798683, 
        0.758301, 0.840332, 3.68872e-05, 0.759277, 0.840332, 0.000105383, 0.760254, 0.840332, 0.000165257, 0.76123, 0.840332, 0.000215918, 0.762207, 0.840332, 0.000256884, 0.763184, 0.840332, 0.000287759, 0.76416, 0.840332, 0.000308257, 0.765137, 0.840332, 0.000318188, 
        0.758301, 0.841309, -0.000372744, 0.759277, 0.841309, -0.000325203, 0.760254, 0.841309, -0.000283432, 0.76123, 0.841309, -0.000247839, 0.762207, 0.841309, -0.000218757, 0.763184, 0.841309, -0.000196459, 0.76416, 0.841309, -0.000181144, 0.765137, 0.841309, -0.000172944, 
        0.758301, 0.842285, -0.000787598, 0.759277, 0.842285, -0.000761473, 0.760254, 0.842285, -0.000738207, 0.76123, 0.842285, -0.00071802, 0.762207, 0.842285, -0.000701093, 0.763184, 0.842285, -0.000687575, 0.76416, 0.842285, -0.000677574, 0.765137, 0.842285, -0.000671162, 
        0.758301, 0.843262, -0.00120504, 0.759277, 0.843262, -0.00120058, 0.760254, 0.843262, -0.00119604, 0.76123, 0.843262, -0.00119145, 0.762207, 0.843262, -0.00118683, 0.763184, 0.843262, -0.0011822, 0.76416, 0.843262, -0.00117758, 0.765137, 0.843262, -0.001173
    ]
}
