{
    "level": 0,
    "idx": {"x": 97, "y": 67},
    "dim": {"x": 8, "y": 8},
    "offset": {"x": 0.758301, "y": 0.523926},
    "cellSize": {"x": 0.000976562, "y": 0.000976562},
    "vertices": [
        0.758301, 0.523926, 0.0185137, 0.759277, 0.523926, 0.0182749, 0.760254, 0.523926, 0.018024, 0.76123, 0.523926, 0.0177596, 0.762207, 0.523926, 0.0174807, 0.763184, 0.523926, 0.0171861, 0.76416, 0.523926, 0.0168754, 0.765137, 0.523926, 0.0165478, 
        0.758301, 0.524902, 0.0181372, 0.759277, 0.524902, 0.0178823, 0.760254, 0.524902, 0.0176176, 0.76123, 0.524902, 0.0173419, 0.762207, 0.524902, 0.0170541, 0.763184, 0.524902, 0.0167534, 0.76416, 0.524902, 0.0164392, 0.765137, 0.524902, 0.016111, 
        0.758301, 0.525879, 0.0177441, 0.759277, 0.525879, 0.0174719, 0.760254, 0.525879, 0.0171923, 0.76123, 0.525879, 0.0169043, 0.762207, 0.525879, 0.0166069, 0.763184, 0.525879, 0.0162995, 0.76416, 0.525879, 0.0159815, 0.765137, 0.525879, 0.0156525, 
        0.758301, 0.526855, 0.0173367, 0.759277, 0.526855, 0.0170461, 0.760254, 0.526855, 0.0167506, 0.76123, 0.526855, 0.0164495, 0.762207, 0.526855, 0.016142, 0.763184, 0.526855, 0.0158274, 0.76416, 0.526855, 0.0155053, 0.765137, 0.526855, 0.0151754, 
        0.758301, 0.527832, 0.0169174, 0.759277, 0.527832, 0.0166074, 0.760254, 0.527832, 0.0162954, 0.76123, 0.527832, 0.0159806, 0.762207, 0.527832, 0.0156623, 0.763184, 0.527832, 0.0153402, 0.76416, 0.527832, 0.0150138, 0.765137, 0.527832, 0.0146828, 
        0.758301, 0.528809, 0.0164888, 0.759277, 0.528809, 0.0161588, 0.760254, 0.528809, 0.0158295, 0.76123, 0.528809, 0.0155004, 0.762207, 0.528809, 0.0151711, 0.763184, 0.528809, 0.0148412, 0.76416, 0.528809, 0.0145102, 0.765137, 0.528809, 0.0141782, 
        0.758301, 0.529785, 0.0160535, 0.759277, 0.529785, 0.0157029, 0.760254, 0.529785, 0.015356, 0.76123, 0.529785, 0.0150123, 0.762207, 0.529785, 0.0146716, 0.763184, 0.529785, 0.0143336, 0.76416, 0.529785, 0.0139981, 0.765137, 0.529785, 0.0136649, 
        0.758301, 0.530762, 0.0156142, 0.759277, 0.530762, 0.0152428, 0.760254, 0.530762, 0.0148779, 0.76123, 0.530762, 0.0145195, 0.762207, 0.530762, 0.0141672, 0.763184, 0.530762, 0.0138211, 0.76416, 0.530762, 0.0134808, 0.765137, 0.530762, 0.0131464
    ]
}
