{
    "level": 0,
    "idx": {"x": 97, "y": 86},
    "dim": {"x": 8, "y": 8},
    "offset": {"x": 0.758301, "y": 0.672363},
    "cellSize": {"x": 0.000976562, "y": 0.000976562},
    "vertices": [
        0.758301, 0.672363, 0.00410189, 0.759277, 0.672363, 0.00374984, 0.760254, 0.672363, 0.00342907, 0.76123, 0.672363, 0.0031415, 0.762207, 0.672363, 0.00288866, 0.763184, 0.672363, 0.00267183, 0.76416, 0.672363, 0.00249191, 0.765137, 0.672363, 0.00234949, 
        0.758301, 0.67334, 0.00418656, 0.759277, 0.67334, 0.0038383, 0.760254, 0.67334, 0.00352092, 0.76123, 0.67334, 0.00323631, 0.762207, 0.67334, 0.00298599, 0.763184, 0.67334, 0.00277122, 0.76416, 0.67334, 0.00259289, 0.765137, 0.67334, 0.00245158, 
        0.758301, 0.674316, 0.0042986, 0.759277, 0.674316, 0.00395629, 0.760254, 0.674316, 0.00364416, 0.76123, 0.674316, 0.00336408, 0.762207, 0.674316, 0.00311752, 0.763184, 0.674316, 0.00290573, 0.76416, 0.674316, 0.00272956, 0.765137, 0.674316, 0.00258961, 
        0.758301, 0.675293, 0.00443743, 0.759277, 0.675293, 0.00410316, 0.760254, 0.675293, 0.00379811, 0.76123, 0.675293, 0.00352408, 0.762207, 0.675293, 0.0032825, 0.763184, 0.675293, 0.00307459, 0.76416, 0.675293, 0.00290117, 0.765137, 0.675293, 0.0027628, 
        0.758301, 0.67627, 0.00460216, 0.759277, 0.67627, 0.00427796, 0.760254, 0.67627, 0.00398175, 0.76123, 0.67627, 0.00371525, 0.762207, 0.67627, 0.00347984, 0.763184, 0.67627, 0.00327667, 0.76416, 0.67627, 0.00310655, 0.765137, 0.67627, 0.00297, 
        0.758301, 0.677246, 0.0047917, 0.759277, 0.677246, 0.00447951, 0.760254, 0.677246, 0.00419383, 0.76123, 0.677246, 0.00393628, 0.762207, 0.677246, 0.00370817, 0.763184, 0.677246, 0.00351059, 0.76416, 0.677246, 0.00334429, 0.765137, 0.677246, 0.00320978, 
        0.758301, 0.678223, 0.00500466, 0.759277, 0.678223, 0.00470633, 0.760254, 0.678223, 0.00443277, 0.76123, 0.678223, 0.00418552, 0.762207, 0.678223, 0.00396577, 0.763184, 0.678223, 0.00377457, 0.76416, 0.678223, 0.0036126, 0.765137, 0.678223, 0.00348034, 
        0.758301, 0.679199, 0.00523949, 0.759277, 0.679199, 0.00495674, 0.760254, 0.679199, 0.00469681, 0.76123, 0.679199, 0.0044611, 0.762207, 0.679199, 0.00425073, 0.763184, 0.679199, 0.00406664, 0.76416, 0.679199, 0.00390946, 0.765137, 0.679199, 0.00377964
    ]
}
