{
    "level": 0,
    "idx": {"x": 97, "y": 75},
    "dim": {"x": 8, "y": 8},
    "offset": {"x": 0.758301, "y": 0.586426},
    "cellSize": {"x": 0.000976562, "y": 0.000976562},
    "vertices": [
        0.758301, 0.586426, 0.0095198, 0.759277, 0.586426, 0.0093905, 0.760254, 0.586426, 0.00924901, 0.76123, 0.586426, 0.00909401, 0.762207, 0.586426, 0.00892438, 0.763184, 0.586426, 0.00873921, 0.76416, 0.586426, 0.00853779, 0.765137, 0.586426, 0.00831965, 
        0.758301, 0.587402, 0.00920939, 0.759277, 0.587402, 0.00906482, 0.760254, 0.587402, 0.00891028, 0.76123, 0.587402, 0.00874462, 0.762207, 0.587402, 0.00856681, 0.763184, 0.587402, 0.00837606, 0.76416, 0.587402, 0.00817172, 0.765137, 0.587402, 0.00795337, 
        0.758301, 0.588379, 0.0088849, 0.759277, 0.588379, 0.00872377, 0.760254, 0.588379, 0.00855508, 0.76123, 0.588379, 0.00837781, 0.762207, 0.588379, 0.00819107, 0.763184, 0.588379, 0.00799417, 0.76416, 0.588379, 0.00778655, 0.765137, 0.588379, 0.00756784, 
        0.758301, 0.589355, 0.00854859, 0.759277, 0.589355, 0.00836981, 0.760254, 0.589355, 0.00818599, 0.76123, 0.589355, 0.0079963, 0.762207, 0.589355, 0.00779999, 0.763184, 0.589355, 0.00759647, 0.76416, 0.589355, 0.00738526, 0.765137, 0.589355, 0.00716605, 
        0.758301, 0.590332, 0.00820288, 0.759277, 0.590332, 0.00800552, 0.760254, 0.590332, 0.00780578, 0.76123, 0.590332, 0.007603, 0.762207, 0.590332, 0.00739657, 0.763184, 0.590332, 0.00718603, 0.76416, 0.590332, 0.00697097, 0.765137, 0.590332, 0.00675115, 
        0.758301, 0.591309, 0.00785026, 0.759277, 0.591309, 0.00763361, 0.760254, 0.591309, 0.00741733, 0.76123, 0.591309, 0.00720093, 0.762207, 0.591309, 0.00698396, 0.763184, 0.591309, 0.00676609, 0.76416, 0.591309, 0.00654698, 0.765137, 0.591309, 0.00632645, 
        0.758301, 0.592285, 0.00749334, 0.759277, 0.592285, 0.00725689, 0.760254, 0.592285, 0.00702361, 0.76123, 0.592285, 0.00679323, 0.762207, 0.592285, 0.00656542, 0.763184, 0.592285, 0.00633998, 0.76416, 0.592285, 0.00611667, 0.765137, 0.592285, 0.00589538, 
        0.758301, 0.593262, 0.00713478, 0.759277, 0.593262, 0.00687821, 0.760254, 0.593262, 0.00662769, 0.76123, 0.593262, 0.00638309, 0.762207, 0.593262, 0.00614426, 0.763184, 0.593262, 0.00591112, 0.76416, 0.593262, 0.00568353, 0.765137, 0.593262, 0.00546143
    ]
}
