{
    "level": 0,
    "idx": {"x": 98, "y": 99},
    "dim": {"x": 8, "y": 8},
    "offset": {"x": 0.766113, "y": 0.773926},
    "cellSize": {"x": 0.000976562, "y": 0.000976562},
    "vertices": [
        0.766113, 0.773926, 0.00968372, 0.76709, 0.773926, 0.00959786, 0.768066, 0.773926, 0.00948692, 0.769043, 0.773926, 0.00935142, 0.77002, 0.773926, 0.00919211, 0.770996, 0.773926, 0.00900992, 0.771973, 0.773926, 0.00880603, 0.772949, 0.773926, 0.00858178, 
        0.766113, 0.774902, 0.00931669, 0.76709, 0.774902, 0.0092351, 0.768066, 0.774902, 0.00913122, 0.769043, 0.774902, 0.00900549, 0.77002, 0.774902, 0.00885858, 0.770996, 0.774902, 0.00869131, 0.771973, 0.774902, 0.00850472, 0.772949, 0.774902, 0.00829999, 
        0.766113, 0.775879, 0.00892715, 0.76709, 0.775879, 0.0088501, 0.768066, 0.775879, 0.00875372, 0.769043, 0.775879, 0.00863841, 0.77002, 0.775879, 0.00850474, 0.770996, 0.775879, 0.00835341, 0.771973, 0.775879, 0.00818531, 0.772949, 0.775879, 0.00800145, 
        0.766113, 0.776855, 0.00851806, 0.76709, 0.776855, 0.00844576, 0.768066, 0.776855, 0.00835729, 0.769043, 0.776855, 0.00825295, 0.77002, 0.776855, 0.00813324, 0.770996, 0.776855, 0.00799872, 0.771973, 0.776855, 0.00785013, 0.772949, 0.776855, 0.0076883, 
        0.766113, 0.777832, 0.00809262, 0.76709, 0.777832, 0.00802526, 0.768066, 0.777832, 0.00794502, 0.769043, 0.777832, 0.00785212, 0.77002, 0.777832, 0.00774696, 0.770996, 0.777832, 0.00762997, 0.771973, 0.777832, 0.00750172, 0.772949, 0.777832, 0.00736286, 
        0.766113, 0.778809, 0.00765421, 0.76709, 0.778809, 0.00759193, 0.768066, 0.778809, 0.00752016, 0.769043, 0.778809, 0.00743906, 0.77002, 0.778809, 0.00734891, 0.770996, 0.778809, 0.00725, 0.771973, 0.778809, 0.00714275, 0.772949, 0.778809, 0.0070276, 
        0.766113, 0.779785, 0.00720619, 0.76709, 0.779785, 0.0071491, 0.768066, 0.779785, 0.00708598, 0.769043, 0.779785, 0.00701693, 0.77002, 0.779785, 0.0069421, 0.770996, 0.779785, 0.00686167, 0.771973, 0.779785, 0.00677587, 0.772949, 0.779785, 0.00668494, 
        0.766113, 0.780762, 0.00675215, 0.76709, 0.780762, 0.0067003, 0.768066, 0.780762, 0.00664593, 0.769043, 0.780762, 0.00658907, 0.77002, 0.780762, 0.00652976, 0.770996, 0.780762, 0.00646802, 0.771973, 0.780762, 0.00640392, 0.772949, 0.780762, 0.0063375
    ]
}
