{
    "level": 0,
    "idx": {"x": 99, "y": 83},
    "dim": {"x": 8, "y": 8},
    "offset": {"x": 0.773926, "y": 0.648926},
    "cellSize": {"x": 0.000976562, "y": 0.000976562},
    "vertices": [
        0.773926, 0.648926, 0.00535065, 0.774902, 0.648926, 0.00505172, 0.775879, 0.648926, 0.00474211, 0.776855, 0.648926, 0.00442373, 0.777832, 0.648926, 0.00409866, 0.778809, 0.648926, 0.00376908, 0.779785, 0.648926, 0.00343717, 0.780762, 0.648926, 0.00310526, 
        0.773926, 0.649902, 0.00521119, 0.774902, 0.649902, 0.00493502, 0.775879, 0.649902, 0.0046497, 0.776855, 0.649902, 0.00435691, 0.777832, 0.649902, 0.00405848, 0.778809, 0.649902, 0.00375635, 0.779785, 0.649902, 0.00345242, 0.780762, 0.649902, 0.00314876, 
        0.773926, 0.650879, 0.00505906, 0.774902, 0.650879, 0.00480727, 0.775879, 0.650879, 0.00454798, 0.776855, 0.650879, 0.00428261, 0.777832, 0.650879, 0.00401275, 0.778809, 0.650879, 0.00374004, 0.779785, 0.650879, 0.00346613, 0.780762, 0.650879, 0.00319278, 
        0.773926, 0.651855, 0.00489613, 0.774902, 0.651855, 0.00467012, 0.775879, 0.651855, 0.00443835, 0.776855, 0.651855, 0.004202, 0.777832, 0.651855, 0.00396235, 0.778809, 0.651855, 0.00372078, 0.779785, 0.651855, 0.00347862, 0.780762, 0.651855, 0.00323734, 
        0.773926, 0.652832, 0.00472446, 0.774902, 0.652832, 0.00452538, 0.775879, 0.652832, 0.00432236, 0.776855, 0.652832, 0.00411632, 0.777832, 0.652832, 0.00390825, 0.778809, 0.652832, 0.00369921, 0.779785, 0.652832, 0.00349025, 0.780762, 0.652832, 0.00328248, 
        0.773926, 0.653809, 0.00454614, 0.774902, 0.653809, 0.00437488, 0.775879, 0.653809, 0.00420157, 0.776855, 0.653809, 0.00402685, 0.777832, 0.653809, 0.00385142, 0.778809, 0.653809, 0.00367602, 0.779785, 0.653809, 0.00350136, 0.780762, 0.653809, 0.00332825, 
        0.773926, 0.654785, 0.00436339, 0.774902, 0.654785, 0.00422057, 0.775879, 0.654785, 0.00407765, 0.776855, 0.654785, 0.00393496, 0.777832, 0.654785, 0.00379291, 0.778809, 0.654785, 0.0036519, 0.779785, 0.654785, 0.00351234, 0.780762, 0.654785, 0.00337467, 
        0.773926, 0.655762, 0.00417842, 0.774902, 0.655762, 0.0040644, 0.775879, 0.655762, 0.00395225, 0.776855, 0.655762, 0.003842, 0.777832, 0.655762, 0.00373375, 0.778809, 0.655762, 0.00362759, 0.779785, 0.655762, 0.00352357, 0.780762, 0.655762, 0.00342181
    ]
}
