{
    "level": 0,
    "idx": {"x": 9, "y": 69},
    "dim": {"x": 8, "y": 8},
    "offset": {"x": 0.0708008, "y": 0.539551},
    "cellSize": {"x": 0.000976562, "y": 0.000976562},
    "vertices": [
        0.0708008, 0.539551, -0.0067597, 0.0717773, 0.539551, -0.00695835, 0.0727539, 0.539551, -0.00713422, 0.0737305, 0.539551, -0.00728572, 0.074707, 0.539551, -0.00741152, 0.0756836, 0.539551, -0.00751049, 0.0766602, 0.539551, -0.00758173, 0.0776367, 0.539551, -0.00762463, 
        0.0708008, 0.540527, -0.00702342, 0.0717773, 0.540527, -0.00723774, 0.0727539, 0.540527, -0.0074275, 0.0737305, 0.540527, -0.007591, 0.074707, 0.540527, -0.00772677, 0.0756836, 0.540527, -0.00783359, 0.0766602, 0.540527, -0.0079105, 0.0776367, 0.540527, -0.00795683, 
        0.0708008, 0.541504, -0.00726469, 0.0717773, 0.541504, -0.00749277, 0.0727539, 0.541504, -0.00769473, 0.0737305, 0.541504, -0.00786875, 0.074707, 0.541504, -0.00801328, 0.0756836, 0.541504, -0.008127, 0.0766602, 0.541504, -0.00820891, 0.0776367, 0.541504, -0.00825827, 
        0.0708008, 0.54248, -0.00748207, 0.0717773, 0.54248, -0.00772186, 0.0727539, 0.54248, -0.00793421, 0.0737305, 0.54248, -0.00811721, 0.074707, 0.54248, -0.0082692, 0.0756836, 0.54248, -0.00838882, 0.0766602, 0.54248, -0.00847499, 0.0776367, 0.54248, -0.00852695, 
        0.0708008, 0.543457, -0.00767435, 0.0717773, 0.543457, -0.00792371, 0.0727539, 0.543457, -0.00814454, 0.0737305, 0.543457, -0.00833486, 0.074707, 0.543457, -0.00849296, 0.0756836, 0.543457, -0.0086174, 0.0766602, 0.543457, -0.00870708, 0.0776367, 0.543457, -0.00876119, 
        0.0708008, 0.544434, -0.00784054, 0.0717773, 0.544434, -0.00809722, 0.0727539, 0.544434, -0.00832455, 0.0737305, 0.544434, -0.0085205, 0.074707, 0.544434, -0.00868328, 0.0756836, 0.544434, -0.00881144, 0.0766602, 0.544434, -0.00890382, 0.0776367, 0.544434, -0.00895961, 
        0.0708008, 0.54541, -0.00797989, 0.0717773, 0.54541, -0.00824158, 0.0727539, 0.54541, -0.00847337, 0.0737305, 0.54541, -0.00867317, 0.074707, 0.54541, -0.00883918, 0.0756836, 0.54541, -0.00896991, 0.0766602, 0.54541, -0.00906419, 0.0776367, 0.54541, -0.00912117, 
        0.0708008, 0.546387, -0.00809189, 0.0717773, 0.546387, -0.00835623, 0.0727539, 0.546387, -0.00859039, 0.0737305, 0.546387, -0.00879226, 0.074707, 0.546387, -0.00896001, 0.0756836, 0.546387, -0.00909215, 0.0766602, 0.546387, -0.00918748, 0.0776367, 0.546387, -0.00924517
    ]
}
