{
    "level": 0,
    "idx": {"x": 9, "y": 1},
    "dim": {"x": 8, "y": 8},
    "offset": {"x": 0.0708008, "y": 0.00830078},
    "cellSize": {"x": 0.000976562, "y": 0.000976562},
    "vertices": [
        0.0708008, 0.00830078, 0.00295825, 0.0717773, 0.00830078, 0.00313669, 0.0727539, 0.00830078, 0.00329485, 0.0737305, 0.00830078, 0.00343126, 0.074707, 0.00830078, 0.00354462, 0.0756836, 0.00830078, 0.0036339, 0.0766602, 0.00830078, 0.00369824, 0.0776367, 0.00830078, 0.00373707, 
        0.0708008, 0.00927734, 0.00326667, 0.0717773, 0.00927734, 0.00346187, 0.0727539, 0.00927734, 0.0036349, 0.0737305, 0.00927734, 0.00378413, 0.074707, 0.00927734, 0.00390817, 0.0756836, 0.00927734, 0.00400586, 0.0766602, 0.00927734, 0.00407629, 0.0776367, 0.00927734, 0.00411881, 
        0.0708008, 0.0102539, 0.00355476, 0.0717773, 0.0102539, 0.00376489, 0.0727539, 0.0102539, 0.00395116, 0.0737305, 0.0102539, 0.00411182, 0.074707, 0.0102539, 0.00424537, 0.0756836, 0.0102539, 0.00435057, 0.0766602, 0.0102539, 0.00442643, 0.0776367, 0.0102539, 0.00447225, 
        0.0708008, 0.0112305, 0.00382096, 0.0717773, 0.0112305, 0.00404404, 0.0727539, 0.0112305, 0.00424181, 0.0737305, 0.0112305, 0.0044124, 0.074707, 0.0112305, 0.00455421, 0.0756836, 0.0112305, 0.00466594, 0.0766602, 0.0112305, 0.00474653, 0.0776367, 0.0112305, 0.00479525, 
        0.0708008, 0.012207, 0.00406392, 0.0717773, 0.012207, 0.00429788, 0.0727539, 0.012207, 0.00450528, 0.0737305, 0.012207, 0.0046842, 0.074707, 0.012207, 0.00483296, 0.0756836, 0.012207, 0.00495018, 0.0766602, 0.012207, 0.00503476, 0.0776367, 0.012207, 0.00508594, 
        0.0708008, 0.0131836, 0.00428254, 0.0717773, 0.0131836, 0.00452516, 0.0727539, 0.0131836, 0.00474027, 0.0737305, 0.0131836, 0.00492585, 0.074707, 0.0131836, 0.00508016, 0.0756836, 0.0131836, 0.00520179, 0.0766602, 0.0131836, 0.00528959, 0.0776367, 0.0131836, 0.00534277, 
        0.0708008, 0.0141602, 0.0044759, 0.0717773, 0.0141602, 0.00472493, 0.0727539, 0.0141602, 0.00494573, 0.0737305, 0.0141602, 0.00513623, 0.074707, 0.0141602, 0.00529467, 0.0756836, 0.0141602, 0.00541958, 0.0766602, 0.0141602, 0.0055098, 0.0776367, 0.0141602, 0.0055645, 
        0.0708008, 0.0151367, 0.00464336, 0.0717773, 0.0151367, 0.00489646, 0.0727539, 0.0151367, 0.00512089, 0.0737305, 0.0151367, 0.00531455, 0.074707, 0.0151367, 0.00547565, 0.0756836, 0.0151367, 0.00560268, 0.0766602, 0.0151367, 0.00569449, 0.0776367, 0.0151367, 0.00575023
    ]
}
