{
    "level": 1,
    "idx": {"x": 0, "y": 24},
    "dim": {"x": 16, "y": 16},
    "offset": {"x": 0.000976562, "y": 0.750977},
    "cellSize": {"x": 0.00195312, "y": 0.00195312},
    "vertices": [
        0.000976562, 0.750977, 0.000709988, 0.00292969, 0.750977, 0.00341051, 0.00488281, 0.750977, 0.00559099, 0.00683594, 0.750977, 0.00691883, 0.00878906, 0.750977, 0.00719151, 0.0107422, 0.750977, 0.00636746, 0.0126953, 0.750977, 0.00457239, 0.0146484, 0.750977, 0.00208012, 0.0166016, 0.750977, -0.000729159, 0.0185547, 0.750977, -0.00342692, 0.0205078, 0.750977, -0.00560163, 0.0224609, 0.750977, -0.00692155, 0.0244141, 0.750977, -0.00718532, 0.0263672, 0.750977, -0.00635267, 0.0283203, 0.750977, -0.00455058, 0.0302734, 0.750977, -0.0020539, 
        0.000976562, 0.75293, 0.00173892, 0.00292969, 0.75293, 0.00835875, 0.00488281, 0.75293, 0.0137038, 0.00683594, 0.75293, 0.0169586, 0.00878906, 0.75293, 0.0176269, 0.0107422, 0.75293, 0.0156067, 0.0126953, 0.75293, 0.0112062, 0.0146484, 0.75293, 0.00509652, 0.0166016, 0.75293, -0.00179025, 0.0185547, 0.75293, -0.00840366, 0.0205078, 0.75293, -0.0137349, 0.0224609, 0.75293, -0.0169708, 0.0244141, 0.75293, -0.0176176, 0.0263672, 0.75293, -0.0155768, 0.0283203, 0.75293, -0.0111596, 0.0302734, 0.75293, -0.00503963, 
        0.000976562, 0.754883, 0.00250277, 0.00292969, 0.754883, 0.0120322, 0.00488281, 0.754883, 0.0197265, 0.00683594, 0.754883, 0.024412, 0.00878906, 0.754883, 0.025374, 0.0107422, 0.754883, 0.0224658, 0.0126953, 0.754883, 0.0161309, 0.0146484, 0.754883, 0.00733582, 0.0166016, 0.754883, -0.002578, 0.0185547, 0.754883, -0.0120983, 0.0205078, 0.754883, -0.0197729, 0.0224609, 0.754883, -0.0244311, 0.0244141, 0.754883, -0.0253624, 0.0263672, 0.754883, -0.0224247, 0.0283203, 0.754883, -0.016066, 0.0302734, 0.754883, -0.00725621, 
        0.000976562, 0.756836, 0.00288499, 0.00292969, 0.756836, 0.0138704, 0.00488281, 0.756836, 0.0227403, 0.00683594, 0.756836, 0.0281417, 0.00878906, 0.756836, 0.0292506, 0.0107422, 0.756836, 0.025898, 0.0126953, 0.756836, 0.0185953, 0.0146484, 0.756836, 0.00845635, 0.0166016, 0.756836, -0.00297223, 0.0185547, 0.756836, -0.0139472, 0.0205078, 0.756836, -0.0227944, 0.0224609, 0.756836, -0.0281644, 0.0244141, 0.756836, -0.029238, 0.0263672, 0.756836, -0.0258514, 0.0283203, 0.756836, -0.0185212, 0.0302734, 0.756836, -0.00836547, 
        0.000976562, 0.758789, 0.00282729, 0.00292969, 0.758789, 0.0135931, 0.00488281, 0.758789, 0.0222856, 0.00683594, 0.758789, 0.027579, 0.00878906, 0.758789, 0.0286658, 0.0107422, 0.758789, 0.0253802, 0.0126953, 0.758789, 0.0182235, 0.0146484, 0.758789, 0.00828725, 0.0166016, 0.758789, -0.00291284, 0.0185547, 0.758789, -0.0136684, 0.0205078, 0.758789, -0.0223387, 0.0224609, 0.758789, -0.0276013, 0.0244141, 0.758789, -0.0286535, 0.0263672, 0.758789, -0.0253346, 0.0283203, 0.758789, -0.018151, 0.0302734, 0.758789, -0.00819826, 
        0.000976562, 0.760742, 0.00233847, 0.00292969, 0.760742, 0.0112425, 0.00488281, 0.760742, 0.0184318, 0.00683594, 0.760742, 0.0228098, 0.00878906, 0.760742, 0.0237086, 0.0107422, 0.760742, 0.0209912, 0.0126953, 0.760742, 0.0150722, 0.0146484, 0.760742, 0.00685428, 0.0166016, 0.760742, -0.00240889, 0.0185547, 0.760742, -0.0113044, 0.0205078, 0.760742, -0.0184753, 0.0224609, 0.760742, -0.0228278, 0.0244141, 0.760742, -0.023698, 0.0263672, 0.760742, -0.020953, 0.0283203, 0.760742, -0.0150117, 0.0302734, 0.760742, -0.00678013, 
        0.000976562, 0.762695, 0.00149307, 0.00292969, 0.762695, 0.00717716, 0.00488281, 0.762695, 0.0117666, 0.00683594, 0.762695, 0.0145614, 0.00878906, 0.762695, 0.0151352, 0.0107422, 0.762695, 0.0134006, 0.0126953, 0.762695, 0.00962205, 0.0146484, 0.762695, 0.00437603, 0.0166016, 0.762695, -0.00153727, 0.0185547, 0.762695, -0.00721585, 0.0205078, 0.762695, -0.0117935, 0.0224609, 0.762695, -0.014572, 0.0244141, 0.762695, -0.0151274, 0.0263672, 0.762695, -0.0133751, 0.0283203, 0.762695, -0.00958222, 0.0302734, 0.762695, -0.00432739, 
        0.000976562, 0.764648, 0.000420039, 0.00292969, 0.764648, 0.0020171, 0.00488281, 0.764648, 0.00330661, 0.00683594, 0.764648, 0.00409188, 0.00878906, 0.764648, 0.00425316, 0.0107422, 0.764648, 0.00376585, 0.0126953, 0.764648, 0.00270429, 0.0146484, 0.764648, 0.00123043, 0.0166016, 0.764648, -0.000430908, 0.0185547, 0.764648, -0.00202629, 0.0205078, 0.764648, -0.00331235, 0.0224609, 0.764648, -0.0040929, 0.0244141, 0.764648, -0.00424886, 0.0263672, 0.764648, -0.00375642, 0.0283203, 0.764648, -0.00269066, 0.0302734, 0.764648, -0.00121413, 
        0.000976562, 0.766602, -0.000716929, 0.00292969, 0.766602, -0.00345042, 0.00488281, 0.766602, -0.00565748, 0.00683594, 0.766602, -0.00700144, 0.00878906, 0.766602, -0.00727729, 0.0107422, 0.766602, -0.00644294, 0.0126953, 0.766602, -0.00462564, 0.0146484, 0.766602, -0.00210259, 0.0166016, 0.766602, 0.00074138, 0.0185547, 0.766602, 0.00347248, 0.0205078, 0.766602, 0.00567414, 0.0224609, 0.766602, 0.00701054, 0.0244141, 0.766602, 0.00727787, 0.0263672, 0.766602, 0.00643535, 0.0283203, 0.766602, 0.00461154, 0.0302734, 0.766602, 0.00208464, 
        0.000976562, 0.768555, -0.00174443, 0.00292969, 0.768555, -0.00839151, 0.00488281, 0.768555, -0.0137585, 0.00683594, 0.768555, -0.0170267, 0.00878906, 0.768555, -0.0176976, 0.0107422, 0.768555, -0.0156688, 0.0126953, 0.768555, -0.0112498, 0.0146484, 0.768555, -0.0051147, 0.0166016, 0.768555, 0.00180079, 0.0185547, 0.768555, 0.00844181, 0.0205078, 0.768555, 0.0137954, 0.0224609, 0.768555, 0.0170449, 0.0244141, 0.768555, 0.0176948, 0.0263672, 0.768555, 0.0156458, 0.0283203, 0.768555, 0.0112106, 0.0302734, 0.768555, 0.00506579, 
        0.000976562, 0.770508, -0.00250573, 0.00292969, 0.770508, -0.0120525, 0.00488281, 0.770508, -0.0197607, 0.00683594, 0.770508, -0.0244546, 0.00878906, 0.770508, -0.0254182, 0.0107422, 0.770508, -0.0225045, 0.0126953, 0.770508, -0.0161579, 0.0146484, 0.770508, -0.00734646, 0.0166016, 0.770508, 0.00258572, 0.0185547, 0.770508, 0.0121237, 0.0205078, 0.770508, 0.0198126, 0.0224609, 0.770508, 0.0244796, 0.0244141, 0.770508, 0.0254129, 0.0263672, 0.770508, 0.0224701, 0.0283203, 0.770508, 0.0161001, 0.0302734, 0.770508, 0.00727457, 
        0.000976562, 0.772461, -0.00288473, 0.00292969, 0.772461, -0.0138749, 0.00488281, 0.772461, -0.0227486, 0.00683594, 0.772461, -0.0281523, 0.00878906, 0.772461, -0.0292615, 0.0107422, 0.772461, -0.0259073, 0.0126953, 0.772461, -0.0186011, 0.0146484, 0.772461, -0.00845745, 0.0166016, 0.772461, 0.00297644, 0.0185547, 0.772461, 0.0139565, 0.0205078, 0.772461, 0.0228079, 0.0224609, 0.772461, 0.0281806, 0.0244141, 0.772461, 0.0292549, 0.0263672, 0.772461, 0.0258671, 0.0283203, 0.772461, 0.018534, 0.0302734, 0.772461, 0.00837406, 
        0.000976562, 0.774414, -0.0028236, 0.00292969, 0.774414, -0.0135809, 0.00488281, 0.774414, -0.0222665, 0.00683594, 0.774414, -0.0275556, 0.00878906, 0.774414, -0.0286414, 0.0107422, 0.774414, -0.0253582, 0.0126953, 0.774414, -0.0182069, 0.0146484, 0.774414, -0.00827823, 0.0166016, 0.774414, 0.00291333, 0.0185547, 0.774414, 0.0136607, 0.0205078, 0.774414, 0.0223245, 0.0224609, 0.774414, 0.0275833, 0.0244141, 0.774414, 0.0286349, 0.0263672, 0.774414, 0.0253189, 0.0283203, 0.774414, 0.0181411, 0.0302734, 0.774414, 0.00819654, 
        0.000976562, 0.776367, -0.00233169, 0.00292969, 0.776367, -0.0112152, 0.00488281, 0.776367, -0.0183879, 0.00683594, 0.776367, -0.0227557, 0.00878906, 0.776367, -0.0236523, 0.0107422, 0.776367, -0.020941, 0.0126953, 0.776367, -0.0150354, 0.0146484, 0.776367, -0.00683613, 0.0166016, 0.776367, 0.00240602, 0.0185547, 0.776367, 0.0112813, 0.0205078, 0.776367, 0.018436, 0.0224609, 0.776367, 0.0227788, 0.0244141, 0.776367, 0.0236472, 0.0263672, 0.776367, 0.0209089, 0.0283203, 0.776367, 0.0149814, 0.0302734, 0.776367, 0.00676907, 
