{
    "level": 1,
    "idx": {"x": 0, "y": 3},
    "dim": {"x": 16, "y": 16},
    "offset": {"x": 0.000976562, "y": 0.0947266},
    "cellSize": {"x": 0.00195312, "y": 0.00195312},
    "vertices": [
        0.000976562, 0.0947266, 0.000339421, 0.00292969, 0.0947266, 0.0016322, 0.00488281, 0.0947266, 0.00267601, 0.00683594, 0.0947266, 0.00331164, 0.00878906, 0.0947266, 0.00344214, 0.0107422, 0.0947266, 0.00304759, 0.0126953, 0.0947266, 0.00218818, 0.0146484, 0.0947266, 0.000995003, 0.0166016, 0.0947266, -0.000349943, 0.0185547, 0.0947266, -0.0016415, 0.0205078, 0.0947266, -0.00268267, 0.0224609, 0.0947266, -0.00331464, 0.0244141, 0.0947266, -0.003441, 0.0263672, 0.0947266, -0.00304248, 0.0283203, 0.0947266, -0.00217986, 0.0302734, 0.0947266, -0.00098474, 
        0.000976562, 0.0966797, 0.00142252, 0.00292969, 0.0966797, 0.00684075, 0.00488281, 0.0966797, 0.0112155, 0.00683594, 0.0966797, 0.0138796, 0.00878906, 0.0966797, 0.0144265, 0.0107422, 0.0966797, 0.0127729, 0.0126953, 0.0966797, 0.00917094, 0.0146484, 0.0966797, 0.00417013, 0.0166016, 0.0966797, -0.00146677, 0.0185547, 0.0966797, -0.00687992, 0.0205078, 0.0966797, -0.0112436, 0.0224609, 0.0966797, -0.0138923, 0.0244141, 0.0966797, -0.0144219, 0.0263672, 0.0966797, -0.0127517, 0.0283203, 0.0966797, -0.00913632, 0.0302734, 0.0966797, -0.00412738, 
        0.000976562, 0.0986328, 0.00228863, 0.00292969, 0.0986328, 0.0110059, 0.00488281, 0.0986328, 0.0180443, 0.00683594, 0.0986328, 0.0223304, 0.00878906, 0.0986328, 0.0232103, 0.0107422, 0.0986328, 0.0205498, 0.0126953, 0.0986328, 0.0147548, 0.0146484, 0.0986328, 0.00670917, 0.0166016, 0.0986328, -0.00235985, 0.0185547, 0.0986328, -0.0110689, 0.0205078, 0.0986328, -0.0180896, 0.0224609, 0.0986328, -0.0223509, 0.0244141, 0.0986328, -0.023203, 0.0263672, 0.0986328, -0.0205158, 0.0283203, 0.0986328, -0.0146992, 0.0302734, 0.0986328, -0.00664044, 
        0.000976562, 0.100586, 0.00280565, 0.00292969, 0.100586, 0.0134922, 0.00488281, 0.100586, 0.0221207, 0.00683594, 0.100586, 0.027375, 0.00878906, 0.100586, 0.0284537, 0.0107422, 0.100586, 0.0251923, 0.0126953, 0.100586, 0.0180881, 0.0146484, 0.100586, 0.00822483, 0.0166016, 0.100586, -0.00289297, 0.0185547, 0.100586, -0.0135695, 0.0205078, 0.100586, -0.0221762, 0.0224609, 0.100586, -0.0274002, 0.0244141, 0.100586, -0.0284448, 0.0263672, 0.100586, -0.0251505, 0.0283203, 0.100586, -0.0180199, 0.0302734, 0.100586, -0.00814059, 
        0.000976562, 0.102539, 0.00289472, 0.00292969, 0.102539, 0.0139205, 0.00488281, 0.102539, 0.0228229, 0.00683594, 0.102539, 0.0282441, 0.00878906, 0.102539, 0.029357, 0.0107422, 0.102539, 0.025992, 0.0126953, 0.102539, 0.0186623, 0.0146484, 0.102539, 0.00848593, 0.0166016, 0.102539, -0.00298481, 0.0185547, 0.102539, -0.0140003, 0.0205078, 0.102539, -0.0228802, 0.0224609, 0.102539, -0.02827, 0.0244141, 0.102539, -0.0293478, 0.0263672, 0.102539, -0.0259489, 0.0283203, 0.102539, -0.0185919, 0.0302734, 0.102539, -0.00839901, 
        0.000976562, 0.104492, 0.00254224, 0.00292969, 0.104492, 0.0122254, 0.00488281, 0.104492, 0.0200438, 0.00683594, 0.104492, 0.0248049, 0.00878906, 0.104492, 0.0257823, 0.0107422, 0.104492, 0.022827, 0.0126953, 0.104492, 0.0163898, 0.0146484, 0.104492, 0.00745263, 0.0166016, 0.104492, -0.00262135, 0.0185547, 0.104492, -0.0122955, 0.0205078, 0.104492, -0.0200941, 0.0224609, 0.104492, -0.0248277, 0.0244141, 0.104492, -0.0257742, 0.0263672, 0.104492, -0.0227892, 0.0283203, 0.104492, -0.016328, 0.0302734, 0.104492, -0.00737627, 
        0.000976562, 0.106445, 0.00180199, 0.00292969, 0.106445, 0.00866559, 0.00488281, 0.106445, 0.0142074, 0.00683594, 0.106445, 0.0175821, 0.00878906, 0.106445, 0.0182749, 0.0107422, 0.106445, 0.0161802, 0.0126953, 0.106445, 0.0116174, 0.0146484, 0.106445, 0.00528255, 0.0166016, 0.106445, -0.00185804, 0.0185547, 0.106445, -0.0087152, 0.0205078, 0.106445, -0.014243, 0.0224609, 0.106445, -0.0175982, 0.0244141, 0.106445, -0.0182691, 0.0263672, 0.106445, -0.0161533, 0.0283203, 0.106445, -0.0115735, 0.0302734, 0.106445, -0.00522839, 
        0.000976562, 0.108398, 0.000786873, 0.00292969, 0.108398, 0.00378394, 0.00488281, 0.108398, 0.00620383, 0.00683594, 0.108398, 0.00767743, 0.00878906, 0.108398, 0.00797995, 0.0107422, 0.108398, 0.00706526, 0.0126953, 0.108398, 0.00507288, 0.0146484, 0.108398, 0.00230671, 0.0166016, 0.108398, -0.000811303, 0.0185547, 0.108398, -0.00380556, 0.0205078, 0.108398, -0.00621932, 0.0224609, 0.108398, -0.00768442, 0.0244141, 0.108398, -0.00797736, 0.0263672, 0.108398, -0.00705346, 0.0283203, 0.108398, -0.00505366, 0.0302734, 0.108398, -0.00228298, 
        0.000976562, 0.110352, -0.000348266, 0.00292969, 0.110352, -0.0016749, 0.00488281, 0.110352, -0.00274605, 0.00683594, 0.110352, -0.00339833, 0.00878906, 0.110352, -0.00353223, 0.0107422, 0.110352, -0.00312735, 0.0126953, 0.110352, -0.00224542, 0.0146484, 0.110352, -0.00102099, 0.0166016, 0.110352, 0.000359194, 0.0185547, 0.110352, 0.00168459, 0.0205078, 0.110352, 0.00275304, 0.0224609, 0.110352, 0.00340156, 0.0244141, 0.110352, 0.00353124, 0.0263672, 0.110352, 0.00312229, 0.0283203, 0.110352, 0.0022371, 0.0302734, 0.110352, 0.00101068, 
        0.000976562, 0.112305, -0.00143027, 0.00292969, 0.112305, -0.00687825, 0.00488281, 0.112305, -0.011277, 0.00683594, 0.112305, -0.0139557, 0.00878906, 0.112305, -0.0145056, 0.0107422, 0.112305, -0.0128429, 0.0126953, 0.112305, -0.00922119, 0.0146484, 0.112305, -0.00419293, 0.0166016, 0.112305, 0.00147491, 0.0185547, 0.112305, 0.00691778, 0.0205078, 0.112305, 0.0113055, 0.0224609, 0.112305, 0.0139687, 0.0244141, 0.112305, 0.0145012, 0.0263672, 0.112305, 0.0128218, 0.0283203, 0.112305, 0.00918661, 0.0302734, 0.112305, 0.00415018, 
        0.000976562, 0.114258, -0.00229411, 0.00292969, 0.114258, -0.0110324, 0.00488281, 0.114258, -0.0180879, 0.00683594, 0.114258, -0.0223843, 0.00878906, 0.114258, -0.0232663, 0.0107422, 0.114258, -0.0205994, 0.0126953, 0.114258, -0.0147904, 0.0146484, 0.114258, -0.0067253, 0.0166016, 0.114258, 0.00236565, 0.0185547, 0.114258, 0.0110958, 0.0205078, 0.114258, 0.0181334, 0.0224609, 0.114258, 0.0224051, 0.0244141, 0.114258, 0.0232592, 0.0263672, 0.114258, 0.0205655, 0.0283203, 0.114258, 0.0147349, 0.0302734, 0.114258, 0.00665665, 
        0.000976562, 0.116211, -0.00280801, 0.00292969, 0.116211, -0.0135038, 0.00488281, 0.116211, -0.0221397, 0.00683594, 0.116211, -0.0273986, 0.00878906, 0.116211, -0.0284782, 0.0107422, 0.116211, -0.0252139, 0.0126953, 0.116211, -0.0181036, 0.0146484, 0.116211, -0.00823183, 0.0166016, 0.116211, 0.00289557, 0.0185547, 0.116211, 0.0135813, 0.0205078, 0.116211, 0.0221954, 0.0224609, 0.116211, 0.027424, 0.0244141, 0.116211, 0.0284694, 0.0263672, 0.116211, 0.0251723, 0.0283203, 0.116211, 0.0180356, 0.0302734, 0.116211, 0.00814777, 
        0.000976562, 0.118164, -0.00289359, 0.00292969, 0.118164, -0.0139153, 0.00488281, 0.118164, -0.0228144, 0.00683594, 0.118164, -0.0282336, 0.00878906, 0.118164, -0.0293461, 0.0107422, 0.118164, -0.0259823, 0.0126953, 0.118164, -0.0186553, 0.0146484, 0.118164, -0.0084827, 0.0166016, 0.118164, 0.00298381, 0.0185547, 0.118164, 0.0139952, 0.0205078, 0.118164, 0.0228718, 0.0224609, 0.118164, 0.0282597, 0.0244141, 0.118164, 0.029337, 0.0263672, 0.118164, 0.0259395, 0.0283203, 0.118164, 0.0185852, 0.0302734, 0.118164, 0.00839609, 
        0.000976562, 0.120117, -0.00253779, 0.00292969, 0.120117, -0.0122043, 0.00488281, 0.120117, -0.0200092, 0.00683594, 0.120117, -0.0247619, 0.00878906, 0.120117, -0.0257377, 0.0107422, 0.120117, -0.0227875, 0.0126953, 0.120117, -0.0163614, 0.0146484, 0.120117, -0.00743965, 0.0166016, 0.120117, 0.00261694, 0.0185547, 0.120117, 0.0122744, 0.0205078, 0.120117, 0.0200595, 0.0224609, 0.120117, 0.0247849, 0.0244141, 0.120117, 0.0257298, 0.0263672, 0.120117, 0.02275, 0.0283203, 0.120117, 0.0163, 0.0302734, 0.120117, 0.00736373, 
