{
    "level": 1,
    "idx": {"x": 0, "y": 27},
    "dim": {"x": 8, "y": 8},
    "offset": {"x": 0.000976562, "y": 0.422852},
    "cellSize": {"x": 0.00195312, "y": 0.00195312},
    "vertices": [
        0.000976562, 0.422852, -4.72839e-05, 0.00292969, 0.422852, -0.000442648, 0.00488281, 0.422852, -0.00086752, 0.00683594, 0.422852, -0.00123808, 0.00878906, 0.422852, -0.00152984, 0.0107422, 0.422852, -0.00172142, 0.0126953, 0.422852, -0.00179532, 0.0146484, 0.422852, -0.00173864, 
        0.000976562, 0.424805, -4.48119e-05, 0.00292969, 0.424805, -0.000423863, 0.00488281, 0.424805, -0.000830836, 0.00683594, 0.424805, -0.00118499, 0.00878906, 0.424805, -0.00146254, 0.0107422, 0.424805, -0.00164267, 0.0126953, 0.424805, -0.00170837, 0.0146484, 0.424805, -0.00164712, 
        0.000976562, 0.426758, -3.89546e-05, 0.00292969, 0.426758, -0.000378182, 0.00488281, 0.426758, -0.000741407, 0.00683594, 0.426758, -0.00105537, 0.00878906, 0.426758, -0.0012979, 0.0107422, 0.426758, -0.00144958, 0.0126953, 0.426758, -0.00149456, 0.0146484, 0.426758, -0.00142118, 
        0.000976562, 0.428711, -2.99404e-05, 0.00292969, 0.428711, -0.00030742, 0.00488281, 0.428711, -0.000602792, 0.00683594, 0.428711, -0.000854388, 0.00878906, 0.428711, -0.00104249, 0.0107422, 0.428711, -0.00114988, 0.0126953, 0.428711, -0.00116248, 0.0146484, 0.428711, -0.00106992, 
        0.000976562, 0.430664, -1.81214e-05, 0.00292969, 0.430664, -0.00021437, 0.00488281, 0.430664, -0.000420473, 0.00683594, 0.430664, -0.00058999, 0.00878906, 0.430664, -0.000706455, 0.0107422, 0.430664, -0.000755483, 0.0126953, 0.430664, -0.000725335, 0.0146484, 0.430664, -0.000607386, 
        0.000976562, 0.432617, -3.95914e-06, 0.00292969, 0.432617, -0.000102698, 0.00488281, 0.432617, -0.000201641, 0.00683594, 0.432617, -0.000272619, 0.00878906, 0.432617, -0.000303063, 0.0107422, 0.432617, -0.000282, 0.0126953, 0.432617, -0.000200491, 0.0146484, 0.432617, -5.19845e-05, 
        0.000976562, 0.43457, 1.19927e-05, 0.00292969, 0.43457, 2.31981e-05, 0.00488281, 0.43457, 4.50834e-05, 0.00683594, 0.43457, 8.5209e-05, 0.00878906, 0.43457, 0.000151753, 0.0107422, 0.43457, 0.000251841, 0.0126953, 0.43457, 0.000391256, 0.0146484, 0.43457, 0.000574206, 
        0.000976562, 0.436523, 2.911e-05, 0.00292969, 0.436523, 0.000158363, 0.00488281, 0.436523, 0.000309976, 0.00683594, 0.436523, 0.000469379, 0.00878906, 0.436523, 0.000640031, 0.0107422, 0.436523, 0.000824922, 0.0126953, 0.436523, 0.00102645, 0.0146484, 0.436523, 0.00124629
    ]
}
