{
    "level": 1,
    "idx": {"x": 10, "y": 11},
    "dim": {"x": 8, "y": 8},
    "offset": {"x": 0.628906, "y": 0.691406},
    "cellSize": {"x": 0.0078125, "y": 0.0078125},
    "vertices": [
        0.628906, 0.691406, 0.0505035, 0.636719, 0.691406, 0.0446596, 0.644531, 0.691406, 0.0129125, 0.652344, 0.691406, 0.0137156, 0.660156, 0.691406, 0.0402184, 0.667969, 0.691406, 0.0340842, 0.675781, 0.691406, 0.00290664, 0.683594, 0.691406, 0.00494903, 
        0.628906, 0.699219, 0.0421662, 0.636719, 0.699219, 0.0374724, 0.644531, 0.699219, 0.0138863, 0.652344, 0.699219, 0.0140715, 0.660156, 0.699219, 0.0330308, 0.667969, 0.699219, 0.0281904, 0.675781, 0.699219, 0.00509389, 0.683594, 0.699219, 0.00626432, 
        0.628906, 0.707031, 0.010715, 0.636719, 0.707031, 0.0116296, 0.644531, 0.707031, 0.0388253, 0.652344, 0.707031, 0.0333563, 0.660156, 0.707031, 0.0021627, 0.667969, 0.707031, 0.0041284, 0.675781, 0.707031, 0.0316084, 0.683594, 0.707031, 0.0258275, 
        0.628906, 0.714844, 0.0120121, 0.636719, 0.714844, 0.0123074, 0.644531, 0.714844, 0.0312989, 0.652344, 0.714844, 0.0270785, 0.660156, 0.714844, 0.00458278, 0.667969, 0.714844, 0.00567948, 0.675781, 0.714844, 0.0249343, 0.683594, 0.714844, 0.0205591, 
        0.628906, 0.722656, 0.036678, 0.636719, 0.722656, 0.0319194, 0.644531, 0.722656, 0.0007612, 0.652344, 0.722656, 0.002691, 0.660156, 0.722656, 0.0307295, 0.667969, 0.722656, 0.0254944, 0.675781, 0.722656, -0.00528921, 0.683594, 0.722656, -0.0023221, 
        0.628906, 0.730469, 0.0289469, 0.636719, 0.730469, 0.025365, 0.644531, 0.730469, 0.00350968, 0.652344, 0.730469, 0.0045781, 0.660156, 0.730469, 0.0237387, 0.667969, 0.730469, 0.0198705, 0.675781, 0.730469, -0.00167603, 0.683594, 0.730469, 0.000164711, 
        0.628906, 0.738281, -0.00114081, 0.636719, 0.738281, 0.000762423, 0.644531, 0.738281, 0.0293746, 0.652344, 0.738281, 0.0247203, 0.660156, 0.738281, -0.00614544, 0.667969, 0.738281, -0.00332092, 0.675781, 0.738281, 0.0254128, 0.683594, 0.738281, 0.0202579, 
        0.628906, 0.746094, 0.00202581, 0.636719, 0.746094, 0.00308343, 0.644531, 0.746094, 0.0221581, 0.652344, 0.746094, 0.0188084, 0.660156, 0.746094, -0.00220686, 0.667969, 0.746094, -0.000493639, 0.675781, 0.746094, 0.018702, 0.683594, 0.746094, 0.0150573
    ]
}
