{
    "level": 1,
    "idx": {"x": 10, "y": 48},
    "dim": {"x": 8, "y": 8},
    "offset": {"x": 0.157227, "y": 0.750977},
    "cellSize": {"x": 0.00195312, "y": 0.00195312},
    "vertices": [
        0.157227, 0.750977, 0.00164246, 0.15918, 0.750977, 0.00132818, 0.161133, 0.750977, 0.00101509, 0.163086, 0.750977, 0.000705581, 0.165039, 0.750977, 0.00040185, 0.166992, 0.750977, 0.000105883, 0.168945, 0.750977, -0.000180625, 0.170898, 0.750977, -0.000456328, 
        0.157227, 0.75293, 0.0016217, 0.15918, 0.75293, 0.00116663, 0.161133, 0.75293, 0.000718593, 0.163086, 0.75293, 0.000285134, 0.165039, 0.75293, -0.000126765, 0.166992, 0.75293, -0.000510967, 0.168945, 0.75293, -0.000862388, 0.170898, 0.75293, -0.00117719, 
        0.157227, 0.754883, 0.00159982, 0.15918, 0.754883, 0.00101184, 0.161133, 0.754883, 0.000436387, 0.163086, 0.754883, -0.00011405, 0.165039, 0.754883, -0.000627988, 0.166992, 0.754883, -0.00109535, 0.168945, 0.754883, -0.00150786, 0.170898, 0.754883, -0.0018593, 
        0.157227, 0.756836, 0.00157723, 0.15918, 0.756836, 0.000869318, 0.161133, 0.756836, 0.000178933, 0.163086, 0.756836, -0.000476998, 0.165039, 0.756836, -0.00108291, 0.166992, 0.756836, -0.00162515, 0.168945, 0.756836, -0.00209255, 0.170898, 0.756836, -0.00247677, 
        0.157227, 0.758789, 0.0015543, 0.15918, 0.758789, 0.000744088, 0.161133, 0.758789, -4.43177e-05, 0.163086, 0.758789, -0.000790178, 0.165039, 0.758789, -0.00147442, 0.166992, 0.758789, -0.00208037, 0.168945, 0.758789, -0.00259434, 0.170898, 0.758789, -0.00300617, 
        0.157227, 0.760742, 0.00153135, 0.15918, 0.760742, 0.000640438, 0.161133, 0.760742, -0.00022526, 0.163086, 0.760742, -0.00104199, 0.165039, 0.760742, -0.00178789, 0.166992, 0.760742, -0.00244387, 0.168945, 0.760742, -0.00299426, 0.170898, 0.760742, -0.00342746, 
        0.157227, 0.762695, 0.00150862, 0.15918, 0.762695, 0.000561786, 0.161133, 0.762695, -0.000357451, 0.163086, 0.762695, -0.0012232, 0.165039, 0.762695, -0.00201166, 0.166992, 0.762695, -0.00270201, 0.168945, 0.762695, -0.00327723, 0.170898, 0.762695, -0.00372468, 
        0.157227, 0.764648, 0.00148632, 0.15918, 0.764648, 0.000510533, 0.161133, 0.764648, -0.000436362, 0.163086, 0.764648, -0.00132733, 0.165039, 0.764648, -0.00213754, 0.166992, 0.764648, -0.00284524, 0.168945, 0.764648, -0.00343266, 0.170898, 0.764648, -0.00388663
    ]
}
