{
    "level": 1,
    "idx": {"x": 11, "y": 11},
    "dim": {"x": 8, "y": 8},
    "offset": {"x": 0.172852, "y": 0.172852},
    "cellSize": {"x": 0.00195312, "y": 0.00195312},
    "vertices": [
        0.172852, 0.172852, 0.00385936, 0.174805, 0.172852, 0.00380571, 0.176758, 0.172852, 0.00361164, 0.178711, 0.172852, 0.00328574, 0.180664, 0.172852, 0.00284173, 0.182617, 0.172852, 0.00229781, 0.18457, 0.172852, 0.00167607, 0.186523, 0.172852, 0.00100159, 
        0.172852, 0.174805, 0.00380571, 0.174805, 0.174805, 0.00376415, 0.176758, 0.174805, 0.00358527, 0.178711, 0.174805, 0.00327749, 0.180664, 0.174805, 0.00285418, 0.182617, 0.174805, 0.00233314, 0.18457, 0.174805, 0.00173592, 0.186523, 0.174805, 0.00108704, 
        0.172852, 0.176758, 0.00361164, 0.174805, 0.176758, 0.00358527, 0.176758, 0.176758, 0.00343001, 0.178711, 0.176758, 0.00315371, 0.180664, 0.176758, 0.00276891, 0.182617, 0.176758, 0.00229231, 0.18457, 0.176758, 0.00174411, 0.186523, 0.176758, 0.0011473, 
        0.172852, 0.178711, 0.00328574, 0.174805, 0.178711, 0.00327749, 0.176758, 0.178711, 0.00315371, 0.178711, 0.178711, 0.00292142, 0.180664, 0.178711, 0.00259184, 0.182617, 0.178711, 0.00217989, 0.18457, 0.178711, 0.00170368, 0.186523, 0.178711, 0.00118377, 
        0.172852, 0.180664, 0.00284173, 0.174805, 0.180664, 0.00285418, 0.176758, 0.180664, 0.00276891, 0.178711, 0.180664, 0.00259184, 0.180664, 0.180664, 0.00233241, 0.182617, 0.180664, 0.00200323, 0.18457, 0.180664, 0.00161956, 0.186523, 0.180664, 0.00119877, 
        0.172852, 0.182617, 0.00229781, 0.174805, 0.182617, 0.00233314, 0.176758, 0.182617, 0.00229231, 0.178711, 0.182617, 0.00217989, 0.180664, 0.182617, 0.00200323, 0.182617, 0.182617, 0.00177208, 0.18457, 0.182617, 0.00149831, 0.186523, 0.182617, 0.0011954, 
        0.172852, 0.18457, 0.00167607, 0.174805, 0.18457, 0.00173592, 0.176758, 0.18457, 0.00174411, 0.178711, 0.18457, 0.00170368, 0.180664, 0.18457, 0.00161956, 0.182617, 0.18457, 0.00149831, 0.18457, 0.18457, 0.00134792, 0.186523, 0.18457, 0.00117748, 
        0.172852, 0.186523, 0.00100159, 0.174805, 0.186523, 0.00108704, 0.176758, 0.186523, 0.0011473, 0.178711, 0.186523, 0.00118377, 0.180664, 0.186523, 0.00119877, 0.182617, 0.186523, 0.0011954, 0.18457, 0.186523, 0.00117748, 0.186523, 0.186523, 0.00114931
    ]
}
