{
    "level": 1,
    "idx": {"x": 11, "y": 1},
    "dim": {"x": 8, "y": 8},
    "offset": {"x": 0.172852, "y": 0.0166016},
    "cellSize": {"x": 0.00195312, "y": 0.00195312},
    "vertices": [
        0.172852, 0.0166016, -0.00395151, 0.174805, 0.0166016, -0.00394706, 0.176758, 0.0166016, -0.00380177, 0.178711, 0.0166016, -0.00352417, 0.180664, 0.0166016, -0.00312789, 0.182617, 0.0166016, -0.00263108, 0.18457, 0.0166016, -0.00205574, 0.186523, 0.0166016, -0.00142689, 
        0.172852, 0.0185547, -0.00390513, 0.174805, 0.0185547, -0.00391194, 0.176758, 0.0185547, -0.0037806, 0.178711, 0.0185547, -0.00351948, 0.180664, 0.0185547, -0.0031419, 0.182617, 0.0185547, -0.00266566, 0.18457, 0.0185547, -0.00211231, 0.186523, 0.0185547, -0.00150636, 
        0.172852, 0.0205078, -0.00371754, 0.174805, 0.0205078, -0.00373867, 0.176758, 0.0205078, -0.00362965, 0.178711, 0.0205078, -0.00339833, 0.180664, 0.0205078, -0.00305725, 0.182617, 0.0205078, -0.00262314, 0.18457, 0.0205078, -0.00211627, 0.186523, 0.0205078, -0.0015597, 
        0.172852, 0.0224609, -0.00339694, 0.174805, 0.0224609, -0.00343525, 0.176758, 0.0224609, -0.00335639, 0.178711, 0.0224609, -0.00316741, 0.180664, 0.0224609, -0.00287956, 0.182617, 0.0224609, -0.00250786, 0.18457, 0.0224609, -0.00207052, 0.186523, 0.0224609, -0.00158824, 
        0.172852, 0.0244141, -0.00295665, 0.174805, 0.0244141, -0.00301467, 0.176758, 0.0244141, -0.00297301, 0.178711, 0.0244141, -0.00283762, 0.180664, 0.0244141, -0.00261802, 0.182617, 0.0244141, -0.00232694, 0.18457, 0.0244141, -0.00197983, 0.186523, 0.0244141, -0.00159424, 
        0.172852, 0.0263672, -0.00241455, 0.174805, 0.0263672, -0.00249441, 0.176758, 0.0263672, -0.00249589, 0.178711, 0.0263672, -0.00242362, 0.180664, 0.0263672, -0.002285, 0.182617, 0.0263672, -0.00208999, 0.18457, 0.0263672, -0.00185066, 0.186523, 0.0263672, -0.00158073, 
        0.172852, 0.0283203, -0.00179245, 0.174805, 0.0283203, -0.00189578, 0.176758, 0.0283203, -0.00194502, 0.178711, 0.0283203, -0.00194327, 0.180664, 0.0283203, -0.00189559, 0.182617, 0.0283203, -0.00180872, 0.18457, 0.0283203, -0.00169089, 0.186523, 0.0283203, -0.00155148, 
        0.172852, 0.0302734, -0.00111522, 0.174805, 0.0302734, -0.00124305, 0.176758, 0.0302734, -0.00134315, 0.178711, 0.0302734, -0.00141698, 0.180664, 0.0302734, -0.00146699, 0.182617, 0.0302734, -0.00149648, 0.18457, 0.0302734, -0.00150954, 0.186523, 0.0302734, -0.00151078
    ]
}
