{
    "level": 1,
    "idx": {"x": 12, "y": 15},
    "dim": {"x": 16, "y": 16},
    "offset": {"x": 0.375977, "y": 0.469727},
    "cellSize": {"x": 0.00195312, "y": 0.00195312},
    "vertices": [
        0.375977, 0.469727, 0.156351, 0.37793, 0.469727, 0.161444, 0.379883, 0.469727, 0.166087, 0.381836, 0.469727, 0.170036, 0.383789, 0.469727, 0.173156, 0.385742, 0.469727, 0.175434, 0.387695, 0.469727, 0.176993, 0.389648, 0.469727, 0.17806, 0.391602, 0.469727, 0.17894, 0.393555, 0.469727, 0.179967, 0.395508, 0.469727, 0.181451, 0.397461, 0.469727, 0.183631, 0.399414, 0.469727, 0.18664, 0.401367, 0.469727, 0.190482, 0.40332, 0.469727, 0.195034, 0.405273, 0.469727, 0.200061, 
        0.375977, 0.47168, 0.158909, 0.37793, 0.47168, 0.167931, 0.379883, 0.47168, 0.175626, 0.381836, 0.47168, 0.181286, 0.383789, 0.47168, 0.184516, 0.385742, 0.47168, 0.185292, 0.387695, 0.47168, 0.183963, 0.389648, 0.47168, 0.181203, 0.391602, 0.47168, 0.177902, 0.393555, 0.47168, 0.175032, 0.395508, 0.47168, 0.173502, 0.397461, 0.47168, 0.174011, 0.399414, 0.47168, 0.17695, 0.401367, 0.47168, 0.182337, 0.40332, 0.47168, 0.189813, 0.405273, 0.47168, 0.1987, 
        0.375977, 0.473633, 0.160995, 0.37793, 0.473633, 0.173036, 0.379883, 0.473633, 0.183076, 0.381836, 0.473633, 0.190052, 0.383789, 0.473633, 0.193369, 0.385742, 0.473633, 0.192993, 0.387695, 0.473633, 0.189451, 0.389648, 0.473633, 0.183755, 0.391602, 0.473633, 0.177246, 0.393555, 0.473633, 0.171388, 0.395508, 0.473633, 0.167546, 0.397461, 0.473633, 0.166775, 0.399414, 0.473633, 0.169664, 0.401367, 0.473633, 0.176238, 0.40332, 0.473633, 0.185961, 0.405273, 0.473633, 0.197814, 
        0.375977, 0.475586, 0.162393, 0.37793, 0.475586, 0.176084, 0.379883, 0.475586, 0.187406, 0.381836, 0.475586, 0.195104, 0.383789, 0.475586, 0.198474, 0.385742, 0.475586, 0.197475, 0.387695, 0.475586, 0.192732, 0.389648, 0.475586, 0.185443, 0.391602, 0.475586, 0.177191, 0.393555, 0.475586, 0.169711, 0.395508, 0.475586, 0.164614, 0.397461, 0.475586, 0.163152, 0.399414, 0.475586, 0.166017, 0.401367, 0.475586, 0.173243, 0.40332, 0.475586, 0.184196, 0.405273, 0.475586, 0.19767, 
        0.375977, 0.477539, 0.162985, 0.37793, 0.477539, 0.176706, 0.379883, 0.477539, 0.188055, 0.381836, 0.477539, 0.195773, 0.383789, 0.477539, 0.199155, 0.385742, 0.477539, 0.19816, 0.387695, 0.477539, 0.193415, 0.389648, 0.477539, 0.186117, 0.391602, 0.477539, 0.177857, 0.393555, 0.477539, 0.170368, 0.395508, 0.477539, 0.165268, 0.397461, 0.477539, 0.163809, 0.399414, 0.477539, 0.166685, 0.401367, 0.477539, 0.173931, 0.40332, 0.477539, 0.184909, 0.405273, 0.477539, 0.198413, 
        0.375977, 0.479492, 0.162769, 0.37793, 0.479492, 0.1749, 0.379883, 0.479492, 0.185017, 0.381836, 0.479492, 0.192051, 0.383789, 0.479492, 0.195404, 0.385742, 0.479492, 0.195041, 0.387695, 0.479492, 0.191492, 0.389648, 0.479492, 0.185777, 0.391602, 0.479492, 0.179243, 0.393555, 0.479492, 0.173364, 0.395508, 0.479492, 0.169514, 0.397461, 0.479492, 0.168754, 0.399414, 0.479492, 0.171675, 0.401367, 0.479492, 0.178305, 0.40332, 0.479492, 0.188104, 0.405273, 0.479492, 0.200045, 
        0.375977, 0.481445, 0.161859, 0.37793, 0.481445, 0.171021, 0.379883, 0.481445, 0.178838, 0.381836, 0.481445, 0.184591, 0.383789, 0.481445, 0.187881, 0.385742, 0.481445, 0.188681, 0.387695, 0.481445, 0.187349, 0.389648, 0.481445, 0.184565, 0.391602, 0.481445, 0.181233, 0.393555, 0.481445, 0.178338, 0.395508, 0.481445, 0.176801, 0.397461, 0.481445, 0.177332, 0.399414, 0.481445, 0.180327, 0.401367, 0.481445, 0.185802, 0.40332, 0.481445, 0.193397, 0.405273, 0.481445, 0.202422, 
        0.375977, 0.483398, 0.160469, 0.37793, 0.483398, 0.165739, 0.379883, 0.483398, 0.170538, 0.381836, 0.483398, 0.17461, 0.383789, 0.483398, 0.177812, 0.385742, 0.483398, 0.180134, 0.387695, 0.483398, 0.1817, 0.389648, 0.483398, 0.182752, 0.391602, 0.483398, 0.183608, 0.393555, 0.483398, 0.184618, 0.395508, 0.483398, 0.186106, 0.397461, 0.483398, 0.188324, 0.399414, 0.483398, 0.191411, 0.401367, 0.483398, 0.195372, 0.40332, 0.483398, 0.200075, 0.405273, 0.483398, 0.205277, 
        0.375977, 0.485352, 0.158876, 0.37793, 0.485352, 0.159926, 0.379883, 0.485352, 0.161453, 0.381836, 0.485352, 0.163702, 0.383789, 0.485352, 0.166807, 0.385742, 0.485352, 0.170775, 0.387695, 0.485352, 0.175482, 0.389648, 0.485352, 0.180689, 0.391602, 0.485352, 0.186084, 0.393555, 0.485352, 0.191324, 0.395508, 0.485352, 0.196091, 0.397461, 0.485352, 0.200136, 0.399414, 0.485352, 0.203321, 0.401367, 0.485352, 0.205637, 0.40332, 0.485352, 0.207206, 0.405273, 0.485352, 0.208262, 
        0.375977, 0.487305, 0.157385, 0.37793, 0.487305, 0.154531, 0.379883, 0.487305, 0.153031, 0.381836, 0.487305, 0.153592, 0.383789, 0.487305, 0.156608, 0.385742, 0.487305, 0.162099, 0.387695, 0.487305, 0.169709, 0.389648, 0.487305, 0.17876, 0.391602, 0.487305, 0.188353, 0.393555, 0.487305, 0.197505, 0.395508, 0.487305, 0.205303, 0.397461, 0.487305, 0.211038, 0.399414, 0.487305, 0.214313, 0.401367, 0.487305, 0.215108, 0.40332, 0.487305, 0.213777, 0.405273, 0.487305, 0.210998, 
        0.375977, 0.489258, 0.156274, 0.37793, 0.489258, 0.15043, 0.379883, 0.489258, 0.146611, 0.381836, 0.489258, 0.145879, 0.383789, 0.489258, 0.148827, 0.385742, 0.489258, 0.155485, 0.387695, 0.489258, 0.165322, 0.389648, 0.489258, 0.177318, 0.391602, 0.489258, 0.190128, 0.393555, 0.489258, 0.202279, 0.395508, 0.489258, 0.212401, 0.397461, 0.489258, 0.21943, 0.399414, 0.489258, 0.222776, 0.401367, 0.489258, 0.222406, 0.40332, 0.489258, 0.218853, 0.405273, 0.489258, 0.213136, 
        0.375977, 0.491211, 0.155757, 0.37793, 0.491211, 0.148293, 0.379883, 0.491211, 0.143218, 0.381836, 0.491211, 0.141787, 0.383789, 0.491211, 0.144699, 0.385742, 0.491211, 0.151993, 0.387695, 0.491211, 0.163038, 0.389648, 0.491211, 0.176635, 0.391602, 0.491211, 0.191191, 0.393555, 0.491211, 0.204971, 0.395508, 0.491211, 0.216355, 0.397461, 0.491211, 0.224088, 0.399414, 0.491211, 0.227473, 0.401367, 0.491211, 0.226473, 0.40332, 0.491211, 0.221717, 0.405273, 0.491211, 0.214408, 
        0.375977, 0.493164, 0.155952, 0.37793, 0.493164, 0.148485, 0.379883, 0.493164, 0.143409, 0.381836, 0.493164, 0.141979, 0.383789, 0.493164, 0.144895, 0.385742, 0.493164, 0.152195, 0.387695, 0.493164, 0.16325, 0.389648, 0.493164, 0.176857, 0.391602, 0.493164, 0.191424, 0.393555, 0.493164, 0.205214, 0.395508, 0.493164, 0.216607, 0.397461, 0.493164, 0.224347, 0.399414, 0.493164, 0.227736, 0.401367, 0.493164, 0.226737, 0.40332, 0.493164, 0.22198, 0.405273, 0.493164, 0.214668, 
        0.375977, 0.495117, 0.156859, 0.37793, 0.495117, 0.151008, 0.379883, 0.495117, 0.147187, 0.381836, 0.495117, 0.146459, 0.383789, 0.495117, 0.149418, 0.385742, 0.495117, 0.156095, 0.387695, 0.495117, 0.165957, 0.389648, 0.495117, 0.177984, 0.391602, 0.495117, 0.190825, 0.393555, 0.495117, 0.203006, 0.395508, 0.495117, 0.213154, 0.397461, 0.495117, 0.220203, 0.399414, 0.495117, 0.223561, 0.401367, 0.495117, 0.223195, 0.40332, 0.495117, 0.21964, 0.405273, 0.495117, 0.213917, 
        0.375977, 0.49707, 0.158361, 0.37793, 0.49707, 0.1555, 0.379883, 0.49707, 0.153998, 0.381836, 0.49707, 0.154566, 0.383789, 0.49707, 0.157601, 0.385742, 0.49707, 0.163122, 0.387695, 0.49707, 0.170772, 0.389648, 0.49707, 0.17987, 0.391602, 0.49707, 0.189512, 0.393555, 0.49707, 0.198712, 0.395508, 0.49707, 0.206551, 0.397461, 0.49707, 0.212316, 0.399414, 0.49707, 0.215612, 0.401367, 0.49707, 0.216415, 0.40332, 0.49707, 0.215083, 0.405273, 0.49707, 0.212296, 
        0.375977, 0.499023, 0.160245, 0.37793, 0.499023, 0.16129, 0.379883, 0.499023, 0.162819, 0.381836, 0.499023, 0.16508, 0.383789, 0.499023, 0.168212, 0.385742, 0.499023, 0.17222, 0.387695, 0.499023, 0.176978, 0.389648, 0.499023, 0.182245, 0.391602, 0.499023, 0.187703, 0.393555, 0.499023, 0.193003, 0.395508, 0.499023, 0.197822, 0.397461, 0.499023, 0.201908, 0.399414, 0.499023, 0.205121, 0.401367, 0.499023, 0.207452, 0.40332, 0.499023, 0.209023, 0.405273, 0.499023, 0.210074
    ]
}
