{
    "level": 1,
    "idx": {"x": 12, "y": 29},
    "dim": {"x": 16, "y": 16},
    "offset": {"x": 0.375977, "y": 0.907227},
    "cellSize": {"x": 0.00195312, "y": 0.00195312},
    "vertices": [
        0.375977, 0.907227, 0.00158721, 0.37793, 0.907227, 0.00454509, 0.379883, 0.907227, 0.00684072, 0.381836, 0.907227, 0.00812458, 0.383789, 0.907227, 0.00820145, 0.385742, 0.907227, 0.0070602, 0.387695, 0.907227, 0.00487551, 0.389648, 0.907227, 0.00198116, 0.391602, 0.907227, -0.00118065, 0.393555, 0.907227, -0.00412709, 0.395508, 0.907227, -0.00640812, 0.397461, 0.907227, -0.00767522, 0.399414, 0.907227, -0.00773451, 0.401367, 0.907227, -0.00657631, 0.40332, 0.907227, -0.00437674, 0.405273, 0.907227, -0.00147071, 
        0.375977, 0.90918, 0.00334251, 0.37793, 0.90918, 0.0100639, 0.379883, 0.90918, 0.0152792, 0.381836, 0.90918, 0.0181936, 0.383789, 0.90918, 0.0183631, 0.385742, 0.90918, 0.0157625, 0.387695, 0.90918, 0.010789, 0.389648, 0.90918, 0.00420154, 0.391602, 0.90918, -0.00299412, 0.393555, 0.90918, -0.00969998, 0.395508, 0.90918, -0.0148926, 0.397461, 0.90918, -0.0177794, 0.399414, 0.90918, -0.0179195, 0.401367, 0.90918, -0.0152908, 0.40332, 0.90918, -0.0102939, 0.405273, 0.90918, -0.00369044, 
        0.375977, 0.911133, 0.00461726, 0.37793, 0.911133, 0.0140775, 0.379883, 0.911133, 0.0214175, 0.381836, 0.911133, 0.0255185, 0.383789, 0.911133, 0.0257554, 0.385742, 0.911133, 0.0220927, 0.387695, 0.911133, 0.0150895, 0.389648, 0.911133, 0.00581438, 0.391602, 0.911133, -0.00431696, 0.393555, 0.911133, -0.0137588, 0.395508, 0.911133, -0.0210704, 0.397461, 0.911133, -0.025136, 0.399414, 0.911133, -0.0253349, 0.401367, 0.911133, -0.0216362, 0.40332, 0.911133, -0.0146036, 0.405273, 0.911133, -0.00530929, 
        0.375977, 0.913086, 0.00521519, 0.37793, 0.913086, 0.0159718, 0.379883, 0.913086, 0.0243175, 0.381836, 0.913086, 0.02898, 0.383789, 0.913086, 0.0292488, 0.385742, 0.913086, 0.0250831, 0.387695, 0.913086, 0.0171191, 0.389648, 0.913086, 0.00657159, 0.391602, 0.913086, -0.00494951, 0.393555, 0.913086, -0.0156866, 0.395508, 0.913086, -0.0240014, 0.397461, 0.913086, -0.0286251, 0.399414, 0.913086, -0.028852, 0.401367, 0.913086, -0.0246468, 0.40332, 0.913086, -0.0166507, 0.405273, 0.913086, -0.00608273, 
        0.375977, 0.915039, 0.00504338, 0.37793, 0.915039, 0.0154561, 0.379883, 0.915039, 0.023535, 0.381836, 0.915039, 0.0280484, 0.383789, 0.915039, 0.0283084, 0.385742, 0.915039, 0.0242759, 0.387695, 0.915039, 0.0165662, 0.389648, 0.915039, 0.00635572, 0.391602, 0.915039, -0.00479728, 0.393555, 0.915039, -0.0151913, 0.395508, 0.915039, -0.0232405, 0.397461, 0.915039, -0.0277165, 0.399414, 0.915039, -0.0279362, 0.401367, 0.915039, -0.0238655, 0.40332, 0.915039, -0.0161251, 0.405273, 0.915039, -0.00589499, 
        0.375977, 0.916992, 0.00412638, 0.37793, 0.916992, 0.0126073, 0.379883, 0.916992, 0.0191875, 0.381836, 0.916992, 0.0228639, 0.383789, 0.916992, 0.023076, 0.385742, 0.916992, 0.0197921, 0.387695, 0.916992, 0.0135133, 0.389648, 0.916992, 0.00519782, 0.391602, 0.916992, -0.00388534, 0.393555, 0.916992, -0.0123504, 0.395508, 0.916992, -0.0189056, 0.397461, 0.916992, -0.0225507, 0.399414, 0.916992, -0.0227293, 0.401367, 0.916992, -0.0194136, 0.40332, 0.916992, -0.013109, 0.405273, 0.916992, -0.00477678, 
        0.375977, 0.918945, 0.00260259, 0.37793, 0.918945, 0.00785864, 0.379883, 0.918945, 0.0119369, 0.381836, 0.918945, 0.0142158, 0.383789, 0.918945, 0.0143482, 0.385742, 0.918945, 0.0123142, 0.387695, 0.918945, 0.00842454, 0.389648, 0.918945, 0.0032728, 0.391602, 0.918945, -0.0023546, 0.393555, 0.918945, -0.00759898, 0.395508, 0.918945, -0.01166, 0.397461, 0.918945, -0.0139178, 0.399414, 0.918945, -0.0140275, 0.401367, 0.918945, -0.0119721, 0.40332, 0.918945, -0.00806458, 0.405273, 0.918945, -0.0029007, 
        0.375977, 0.920898, 0.000702972, 0.37793, 0.920898, 0.00193281, 0.379883, 0.920898, 0.00288748, 0.381836, 0.920898, 0.00342178, 0.383789, 0.920898, 0.00345457, 0.385742, 0.920898, 0.00298125, 0.387695, 0.920898, 0.00207439, 0.389648, 0.920898, 0.000872662, 0.391602, 0.920898, -0.000440191, 0.393555, 0.920898, -0.00166356, 0.395508, 0.920898, -0.00261046, 0.397461, 0.920898, -0.00313607, 0.399414, 0.920898, -0.00315985, 0.401367, 0.920898, -0.00267778, 0.40332, 0.920898, -0.00176302, 0.405273, 0.920898, -0.000554739, 
        0.375977, 0.922852, -0.00128405, 0.37793, 0.922852, -0.00426764, 0.379883, 0.922852, -0.00658179, 0.381836, 0.922852, -0.00787323, 0.383789, 0.922852, -0.00794461, 0.385742, 0.922852, -0.00678468, 0.387695, 0.922852, -0.00457003, 0.389648, 0.922852, -0.00163804, 0.391602, 0.922852, 0.0015643, 0.393555, 0.922852, 0.00454894, 0.395508, 0.922852, 0.00686097, 0.397461, 0.922852, 0.00814808, 0.399414, 0.922852, 0.0082143, 0.401367, 0.922852, 0.00704985, 0.40332, 0.922852, 0.00483274, 0.405273, 0.922852, 0.0019015, 
        0.375977, 0.924805, -0.00305667, 0.37793, 0.924805, -0.00979823, 0.379883, 0.924805, -0.0150278, 0.381836, 0.924805, -0.0179477, 0.383789, 0.924805, -0.018112, 0.385742, 0.924805, -0.0154954, 0.387695, 0.924805, -0.0104966, 0.389648, 0.924805, -0.00387778, 0.391602, 0.924805, 0.00335166, 0.393555, 0.924805, 0.0100894, 0.395508, 0.924805, 0.0153081, 0.397461, 0.924805, 0.0182119, 0.399414, 0.924805, 0.0183584, 0.401367, 0.924805, 0.0157254, 0.40332, 0.924805, 0.010715, 0.405273, 0.924805, 0.00409171, 
        0.375977, 0.926758, -0.00434571, 0.37793, 0.926758, -0.0138166, 0.379883, 0.926758, -0.0211637, 0.381836, 0.926758, -0.0252662, 0.383789, 0.926758, -0.025498, 0.385742, 0.926758, -0.0218235, 0.387695, 0.926758, -0.0148028, 0.389648, 0.926758, -0.0055063, 0.391602, 0.926758, 0.00464788, 0.393555, 0.926758, 0.0141114, 0.395508, 0.926758, 0.021441, 0.397461, 0.926758, 0.0255191, 0.399414, 0.926758, 0.0257238, 0.401367, 0.926758, 0.0220242, 0.40332, 0.926758, 0.0149851, 0.405273, 0.926758, 0.00568029, 
        0.375977, 0.928711, -0.00495563, 0.37793, 0.928711, -0.0157108, 0.379883, 0.928711, -0.0240544, 0.381836, 0.928711, -0.0287134, 0.383789, 0.928711, -0.0289771, 0.385742, 0.928711, -0.0248048, 0.387695, 0.928711, -0.0168328, 0.389648, 0.928711, -0.00627642, 0.391602, 0.928711, 0.00525391, 0.393555, 0.928711, 0.0159999, 0.395508, 0.928711, 0.0243228, 0.397461, 0.928711, 0.0289533, 0.399414, 0.928711, 0.0291854, 0.401367, 0.928711, 0.0249838, 0.40332, 0.928711, 0.01699, 0.405273, 0.928711, 0.00642342, 
        0.375977, 0.930664, -0.00479446, 0.37793, 0.930664, -0.0151932, 0.379883, 0.930664, -0.0232601, 0.381836, 0.930664, -0.0277648, 0.383789, 0.930664, -0.0280198, 0.385742, 0.930664, -0.0239859, 0.387695, 0.930664, -0.0162782, 0.389648, 0.930664, -0.0060719, 0.391602, 0.930664, 0.0050761, 0.393555, 0.930664, 0.0154658, 0.395508, 0.930664, 0.0235127, 0.397461, 0.930664, 0.0279896, 0.399414, 0.930664, 0.0282139, 0.401367, 0.930664, 0.0241516, 0.40332, 0.930664, 0.0164227, 0.405273, 0.930664, 0.00620641, 
        0.375977, 0.932617, -0.0038878, 0.37793, 0.932617, -0.0123436, 0.379883, 0.932617, -0.0189032, 0.381836, 0.932617, -0.0225661, 0.383789, 0.932617, -0.0227732, 0.385742, 0.932617, -0.0194928, 0.387695, 0.932617, -0.0132248, 0.389648, 0.932617, -0.00492507, 0.391602, 0.932617, 0.00414044, 0.393555, 0.932617, 0.0125893, 0.395508, 0.932617, 0.0191331, 0.397461, 0.932617, 0.0227738, 0.399414, 0.932617, 0.0229564, 0.401367, 0.932617, 0.0196533, 0.40332, 0.932617, 0.0133685, 0.405273, 0.932617, 0.00506109, 
        0.375977, 0.93457, -0.00237486, 0.37793, 0.93457, -0.00759765, 0.379883, 0.93457, -0.0116492, 0.381836, 0.93457, -0.0139113, 0.383789, 0.93457, -0.0140387, 0.385742, 0.93457, -0.0120117, 0.387695, 0.93457, -0.00813938, 0.389648, 0.93457, -0.00301192, 0.391602, 0.93457, 0.00258857, 0.393555, 0.93457, 0.00780815, 0.395508, 0.93457, 0.0118509, 0.397461, 0.93457, 0.0141004, 0.399414, 0.93457, 0.0142137, 0.401367, 0.93457, 0.0121738, 0.40332, 0.93457, 0.00829212, 0.405273, 0.93457, 0.00316094, 
