{
    "level": 1,
    "idx": {"x": 12, "y": 62},
    "dim": {"x": 8, "y": 8},
    "offset": {"x": 0.188477, "y": 0.969727},
    "cellSize": {"x": 0.00195312, "y": 0.00195312},
    "vertices": [
        0.188477, 0.969727, 0.00155865, 0.19043, 0.969727, 0.0016263, 0.192383, 0.969727, 0.00169454, 0.194336, 0.969727, 0.00176576, 0.196289, 0.969727, 0.00184212, 0.198242, 0.969727, 0.00192547, 0.200195, 0.969727, 0.0020173, 0.202148, 0.969727, 0.00211867, 
        0.188477, 0.97168, 0.00145461, 0.19043, 0.97168, 0.00137426, 0.192383, 0.97168, 0.00130055, 0.194336, 0.97168, 0.00124103, 0.196289, 0.97168, 0.00120261, 0.198242, 0.97168, 0.00119128, 0.200195, 0.97168, 0.00121192, 0.202148, 0.97168, 0.00126804, 
        0.188477, 0.973633, 0.00134933, 0.19043, 0.973633, 0.00112887, 0.192383, 0.973633, 0.000920751, 0.194336, 0.973633, 0.000737399, 0.196289, 0.973633, 0.000590198, 0.198242, 0.973633, 0.000489057, 0.200195, 0.973633, 0.000442018, 0.202148, 0.973633, 0.000454939, 
        0.188477, 0.975586, 0.00124342, 0.19043, 0.975586, 0.000895819, 0.192383, 0.975586, 0.000565715, 0.194336, 0.975586, 0.000269918, 0.196289, 0.975586, 2.38495e-05, 0.198242, 0.975586, -0.000159064, 0.200195, 0.975586, -0.00026792, 0.202148, 0.975586, -0.000294755, 
        0.188477, 0.977539, 0.00113744, 0.19043, 0.977539, 0.000680266, 0.192383, 0.977539, 0.000244993, 0.194336, 0.977539, -0.000147826, 0.196289, 0.977539, -0.000479337, 0.198242, 0.977539, -0.000733118, 0.200195, 0.977539, -0.000895827, 0.202148, 0.977539, -0.00095771, 
        0.188477, 0.979492, 0.00103189, 0.19043, 0.979492, 0.000486611, 0.192383, 0.979492, -3.32718e-05, 0.194336, 0.979492, -0.000504259, 0.196289, 0.979492, -0.000904794, 0.198242, 0.979492, -0.0012161, 0.200195, 0.979492, -0.00142291, 0.202148, 0.979492, -0.00151406, 
        0.188477, 0.981445, 0.000927196, 0.19043, 0.981445, 0.000318351, 0.192383, 0.981445, -0.000262637, 0.194336, 0.981445, -0.000790236, 0.196289, 0.981445, -0.00124102, 0.198242, 0.981445, -0.00159458, 0.200195, 0.981445, -0.00183432, 0.202148, 0.981445, -0.00194812, 
        0.188477, 0.983398, 0.000823688, 0.19043, 0.983398, 0.000177945, 0.192383, 0.983398, -0.00043861, 0.194336, 0.983398, -0.000999394, 0.196289, 0.983398, -0.00148002, 0.198242, 0.983398, -0.00185924, 0.200195, 0.983398, -0.00211979, 0.202148, 0.983398, -0.002249
    ]
}
