{
    "level": 1,
    "idx": {"x": 13, "y": 24},
    "dim": {"x": 16, "y": 16},
    "offset": {"x": 0.407227, "y": 0.750977},
    "cellSize": {"x": 0.00195312, "y": 0.00195312},
    "vertices": [
        0.407227, 0.750977, 0.0179566, 0.40918, 0.750977, 0.0208262, 0.411133, 0.750977, 0.0230981, 0.413086, 0.750977, 0.0244624, 0.415039, 0.750977, 0.0247474, 0.416992, 0.750977, 0.0239457, 0.418945, 0.750977, 0.0222152, 0.420898, 0.750977, 0.0198552, 0.422852, 0.750977, 0.0172606, 0.424805, 0.750977, 0.0148616, 0.426758, 0.750977, 0.0130582, 0.428711, 0.750977, 0.0121591, 0.430664, 0.750977, 0.0123344, 0.432617, 0.750977, 0.01359, 0.43457, 0.750977, 0.0157662, 0.436523, 0.750977, 0.0185625, 
        0.407227, 0.75293, 0.0191653, 0.40918, 0.75293, 0.0258373, 0.411133, 0.75293, 0.0310468, 0.413086, 0.75293, 0.0340345, 0.415039, 0.75293, 0.0343794, 0.416992, 0.75293, 0.0320637, 0.418945, 0.75293, 0.0274749, 0.420898, 0.75293, 0.0213469, 0.422852, 0.75293, 0.0146478, 0.424805, 0.75293, 0.00843278, 0.426758, 0.75293, 0.00368256, 0.428711, 0.75293, 0.0011539, 0.430664, 0.75293, 0.00126427, 0.432617, 0.75293, 0.00402808, 0.43457, 0.75293, 0.00905454, 0.436523, 0.75293, 0.0156071, 
        0.407227, 0.754883, 0.0199158, 0.40918, 0.754883, 0.0294085, 0.411133, 0.754883, 0.0367968, 0.413086, 0.754883, 0.0409874, 0.415039, 0.754883, 0.0413748, 0.416992, 0.754883, 0.0379331, 0.418945, 0.754883, 0.0312203, 0.420898, 0.754883, 0.0222929, 0.422852, 0.754883, 0.0125447, 0.424805, 0.754883, 0.00349479, 0.426758, 0.754883, -0.00344507, 0.428711, 0.754883, -0.00718539, 0.430664, 0.754883, -0.00712513, 0.432617, 0.754883, -0.00324345, 0.43457, 0.754883, 0.00389717, 0.436523, 0.754883, 0.0132364, 
        0.407227, 0.756836, 0.0199973, 0.40918, 0.756836, 0.0308972, 0.411133, 0.756836, 0.0393715, 0.413086, 0.756836, 0.0441599, 0.415039, 0.756836, 0.0445643, 0.416992, 0.756836, 0.040555, 0.418945, 0.756836, 0.0327752, 0.420898, 0.756836, 0.0224429, 0.422852, 0.756836, 0.011165, 0.424805, 0.756836, 0.000692497, 0.426758, 0.756836, -0.00734699, 0.428711, 0.756836, -0.0116975, 0.430664, 0.756836, -0.0116661, 0.432617, 0.756836, -0.00722871, 0.43457, 0.756836, 0.0009662, 0.436523, 0.756836, 0.0116964, 
        0.407227, 0.758789, 0.0193041, 0.40918, 0.758789, 0.0299818, 0.411133, 0.758789, 0.0382824, 0.413086, 0.758789, 0.0429708, 0.415039, 0.758789, 0.043363, 0.416992, 0.758789, 0.0394297, 0.418945, 0.758789, 0.0318013, 0.420898, 0.758789, 0.0216716, 0.422852, 0.758789, 0.0106152, 0.424805, 0.758789, 0.000348119, 0.426758, 0.758789, -0.00753451, 0.428711, 0.758789, -0.0118019, 0.430664, 0.758789, -0.0117748, 0.432617, 0.758789, -0.00742991, 0.43457, 0.758789, 0.000597511, 0.436523, 0.758789, 0.0111096, 
        0.407227, 0.760742, 0.0178516, 0.40918, 0.760742, 0.0267102, 0.411133, 0.760742, 0.0336027, 0.413086, 0.760742, 0.0375074, 0.415039, 0.760742, 0.0378585, 0.416992, 0.760742, 0.0346321, 0.418945, 0.760742, 0.0283492, 0.420898, 0.760742, 0.0199973, 0.422852, 0.760742, 0.0108787, 0.424805, 0.760742, 0.00241248, 0.426758, 0.760742, -0.00408196, 0.428711, 0.760742, -0.00758669, 0.430664, 0.760742, -0.00754011, 0.432617, 0.760742, -0.00392275, 0.43457, 0.760742, 0.00273983, 0.436523, 0.760742, 0.011457, 
        0.407227, 0.762695, 0.0157741, 0.40918, 0.762695, 0.021493, 0.411133, 0.762695, 0.0259562, 0.413086, 0.762695, 0.0285118, 0.415039, 0.762695, 0.0287983, 0.416992, 0.762695, 0.0268003, 0.418945, 0.762695, 0.0228506, 0.420898, 0.762695, 0.0175794, 0.422852, 0.762695, 0.011818, 0.424805, 0.762695, 0.00647228, 0.426758, 0.762695, 0.00238448, 0.428711, 0.762695, 0.000204351, 0.430664, 0.762695, 0.000290351, 0.432617, 0.762695, 0.00265487, 0.43457, 0.762695, 0.00696236, 0.436523, 0.762695, 0.0125804, 
        0.407227, 0.764648, 0.0133038, 0.40918, 0.764648, 0.0150399, 0.411133, 0.764648, 0.0164224, 0.413086, 0.764648, 0.0172678, 0.415039, 0.764648, 0.0174745, 0.416992, 0.764648, 0.0170383, 0.418945, 0.764648, 0.0160523, 0.420898, 0.764648, 0.0146937, 0.422852, 0.764648, 0.0131958, 0.424805, 0.764648, 0.0118132, 0.426758, 0.764648, 0.0107824, 0.428711, 0.764648, 0.0102857, 0.430664, 0.764648, 0.0104239, 0.432617, 0.764648, 0.0112003, 0.43457, 0.764648, 0.0125206, 0.436523, 0.764648, 0.0142069, 
        0.407227, 0.766602, 0.0107361, 0.40918, 0.766602, 0.00825288, 0.411133, 0.766602, 0.0063716, 0.413086, 0.766602, 0.00540568, 0.415039, 0.766602, 0.0055287, 0.416992, 0.766602, 0.00674786, 0.418945, 0.766602, 0.00890295, 0.420898, 0.766602, 0.0116907, 0.422852, 0.766602, 0.0147112, 0.424805, 0.766602, 0.0175284, 0.426758, 0.766602, 0.0197373, 0.428711, 0.766602, 0.021025, 0.430664, 0.766602, 0.0212192, 0.432617, 0.766602, 0.0203135, 0.43457, 0.766602, 0.0184691, 0.436523, 0.766602, 0.0159902, 
        0.407227, 0.768555, 0.00838362, 0.40918, 0.768555, 0.00208683, 0.411133, 0.768555, -0.00274437, 0.413086, 0.768555, -0.00534766, 0.415039, 0.768555, -0.00530079, 0.416992, 0.768555, -0.00258603, 0.418945, 0.768555, 0.00240722, 0.420898, 0.768555, 0.00894173, 0.422852, 0.768555, 0.016045, 0.424805, 0.768555, 0.0226573, 0.426758, 0.768555, 0.0277935, 0.428711, 0.768555, 0.0306935, 0.430664, 0.768555, 0.0309377, 0.432617, 0.768555, 0.0285115, 0.43457, 0.768555, 0.0238069, 0.436523, 0.768555, 0.0175633, 
        0.407227, 0.770508, 0.00652897, 0.40918, 0.770508, -0.00259501, 0.411133, 0.770508, -0.00961351, 0.413086, 0.770508, -0.0134316, 0.415039, 0.770508, -0.0134427, 0.416992, 0.770508, -0.00962139, 0.418945, 0.770508, -0.00252684, 0.420898, 0.770508, 0.00678218, 0.422852, 0.770508, 0.016909, 0.424805, 0.770508, 0.0263316, 0.426758, 0.770508, 0.0336353, 0.428711, 0.770508, 0.0377284, 0.430664, 0.770508, 0.0380083, 0.432617, 0.770508, 0.0344541, 0.43457, 0.770508, 0.0276288, 0.436523, 0.770508, 0.0185945, 
        0.407227, 0.772461, 0.00538142, 0.40918, 0.772461, -0.00515322, 0.411133, 0.772461, -0.0132638, 0.413086, 0.772461, -0.0176898, 0.415039, 0.772461, -0.017733, 0.416992, 0.772461, -0.013364, 0.418945, 0.772461, -0.00522656, 0.420898, 0.772461, 0.00546053, 0.422852, 0.772461, 0.0170894, 0.424805, 0.772461, 0.027908, 0.426758, 0.772461, 0.0362877, 0.428711, 0.772461, 0.0409717, 0.430664, 0.772461, 0.0412666, 0.432617, 0.772461, 0.037148, 0.43457, 0.772461, 0.0292643, 0.436523, 0.772461, 0.018838, 
        0.407227, 0.774414, 0.00504492, 0.40918, 0.774414, -0.00526969, 0.411133, 0.774414, -0.0132116, 0.413086, 0.774414, -0.017547, 0.415039, 0.774414, -0.0175924, 0.416992, 0.774414, -0.0133192, 0.418945, 0.774414, -0.00535729, 0.420898, 0.774414, 0.00510022, 0.422852, 0.774414, 0.0164796, 0.424805, 0.774414, 0.0270659, 0.426758, 0.774414, 0.0352651, 0.428711, 0.774414, 0.0398469, 0.430664, 0.774414, 0.0401327, 0.432617, 0.774414, 0.0360985, 0.43457, 0.774414, 0.0283792, 0.436523, 0.774414, 0.0181712, 
        0.407227, 0.776367, 0.00550222, 0.40918, 0.776367, -0.00299624, 0.411133, 0.776367, -0.00953543, 0.413086, 0.776367, -0.0130965, 0.415039, 0.776367, -0.013115, 0.416992, 0.776367, -0.00956723, 0.418945, 0.776367, -0.00297356, 0.420898, 0.776367, 0.00568081, 0.422852, 0.776367, 0.0150963, 0.424805, 0.776367, 0.0238566, 0.426758, 0.776367, 0.0306453, 0.428711, 0.776367, 0.0344464, 0.430664, 0.776367, 0.0346996, 0.432617, 0.776367, 0.031385, 0.43457, 0.776367, 0.0250268, 0.436523, 0.776367, 0.0166132, 
        0.407227, 0.77832, 0.00661743, 0.40918, 0.77832, 0.00125331, 0.411133, 0.77832, -0.00286399, 0.413086, 0.77832, -0.00508597, 0.415039, 0.77832, -0.00505342, 0.416992, 0.77832, -0.00275125, 0.418945, 0.77832, 0.00148928, 0.420898, 0.77832, 0.00704102, 0.422852, 0.77832, 0.0130767, 0.424805, 0.77832, 0.0186948, 0.426758, 0.77832, 0.0230573, 0.428711, 0.77832, 0.0255176, 0.430664, 0.77832, 0.0257187, 0.432617, 0.77832, 0.0236482, 0.43457, 0.77832, 0.0196397, 0.436523, 0.77832, 0.0143221, 
