{
    "level": 1,
    "idx": {"x": 13, "y": 54},
    "dim": {"x": 8, "y": 8},
    "offset": {"x": 0.204102, "y": 0.844727},
    "cellSize": {"x": 0.00195312, "y": 0.00195312},
    "vertices": [
        0.204102, 0.844727, 0.000768501, 0.206055, 0.844727, 0.000823205, 0.208008, 0.844727, 0.000888248, 0.209961, 0.844727, 0.000962852, 0.211914, 0.844727, 0.00104582, 0.213867, 0.844727, 0.0011356, 0.21582, 0.844727, 0.00123029, 0.217773, 0.844727, 0.00132777, 
        0.204102, 0.84668, 0.000215931, 0.206055, 0.84668, 0.000294647, 0.208008, 0.84668, 0.000410539, 0.209961, 0.84668, 0.000561135, 0.211914, 0.84668, 0.000742569, 0.213867, 0.84668, 0.000949725, 0.21582, 0.84668, 0.00117643, 0.217773, 0.84668, 0.0014157, 
        0.204102, 0.848633, -0.000298414, 0.206055, 0.848633, -0.000196666, 0.208008, 0.848633, -3.23914e-05, 0.209961, 0.848633, 0.000190333, 0.211914, 0.848633, 0.000465116, 0.213867, 0.848633, 0.00078349, 0.21582, 0.848633, 0.00113523, 0.217773, 0.848633, 0.00150875, 
        0.204102, 0.850586, -0.000748579, 0.206055, 0.850586, -0.000625394, 0.208008, 0.850586, -0.000416808, 0.209961, 0.850586, -0.000128343, 0.211914, 0.850586, 0.000231326, 0.213867, 0.850586, 0.000650702, 0.21582, 0.850586, 0.0011159, 0.217773, 0.850586, 0.00161118, 
        0.204102, 0.852539, -0.00111113, 0.206055, 0.852539, -0.000968665, 0.208008, 0.852539, -0.000721283, 0.209961, 0.852539, -0.000375748, 0.211914, 0.852539, 5.73126e-05, 0.213867, 0.852539, 0.000563814, 0.21582, 0.852539, 0.00112674, 0.217773, 0.852539, 0.00172681, 
        0.204102, 0.854492, -0.00136608, 0.206055, 0.854492, -0.00120697, 0.208008, 0.854492, -0.000927544, 0.209961, 0.854492, -0.000535563, 0.211914, 0.854492, -4.31928e-05, 0.213867, 0.854492, 0.000533429, 0.21582, 0.854492, 0.00117481, 0.217773, 0.854492, 0.00185886, 
        0.204102, 0.856445, -0.00149766, 0.206055, 0.856445, -0.00132491, 0.208008, 0.856445, -0.00102118, 0.209961, 0.856445, -0.000594925, 0.211914, 0.856445, -5.93803e-05, 0.213867, 0.856445, 0.000567881, 0.21582, 0.856445, 0.00126563, 0.217773, 0.856445, 0.00200984, 
        0.204102, 0.858398, -0.00149494, 0.206055, 0.858398, -0.00131183, 0.208008, 0.858398, -0.000992227, 0.209961, 0.858398, -0.000544939, 0.211914, 0.858398, 1.62141e-05, 0.213867, 0.858398, 0.000672902, 0.21582, 0.858398, 0.00140298, 0.217773, 0.858398, 0.00218138
    ]
}
