{
    "level": 1,
    "idx": {"x": 13, "y": 15},
    "dim": {"x": 8, "y": 8},
    "offset": {"x": 0.816406, "y": 0.941406},
    "cellSize": {"x": 0.0078125, "y": 0.0078125},
    "vertices": [
        0.816406, 0.941406, 0.0199207, 0.824219, 0.941406, 0.0117082, 0.832031, 0.941406, -0.0200616, 0.839844, 0.941406, -0.0114586, 0.847656, 0.941406, 0.0202049, 0.855469, 0.941406, 0.0112113, 0.863281, 0.941406, -0.0203417, 0.871094, 0.941406, -0.0109597, 
        0.816406, 0.949219, 0.00919184, 0.824219, 0.949219, 0.00540254, 0.832031, 0.949219, -0.00925595, 0.839844, 0.949219, -0.00528663, 0.847656, 0.949219, 0.00932267, 0.855469, 0.949219, 0.00517301, 0.863281, 0.949219, -0.0093854, 0.871094, 0.949219, -0.0050566, 
        0.816406, 0.957031, -0.020031, 0.824219, 0.957031, -0.0117723, 0.832031, 0.957031, 0.0201777, 0.839844, 0.957031, 0.0115253, 0.847656, 0.957031, -0.0203185, 0.855469, 0.957031, -0.011274, 0.863281, 0.957031, 0.0204582, 0.871094, 0.957031, 0.0110226, 
        0.816406, 0.964844, -0.00894276, 0.824219, 0.964844, -0.00525564, 0.832031, 0.964844, 0.0090088, 0.839844, 0.964844, 0.0051458, 0.847656, 0.964844, -0.00907133, 0.855469, 0.964844, -0.00503331, 0.863281, 0.964844, 0.00913392, 0.871094, 0.964844, 0.00492126, 
        0.816406, 0.972656, 0.0201428, 0.824219, 0.972656, 0.0118384, 0.832031, 0.972656, -0.0202876, 0.839844, 0.972656, -0.0115878, 0.847656, 0.972656, 0.020431, 0.855469, 0.972656, 0.0113366, 0.863281, 0.972656, -0.0205703, 0.871094, 0.972656, -0.0110829, 
        0.816406, 0.980469, 0.0086958, 0.824219, 0.980469, 0.00511078, 0.832031, 0.980469, -0.00875797, 0.839844, 0.980469, -0.00500234, 0.847656, 0.980469, 0.0088201, 0.855469, 0.980469, 0.00489405, 0.863281, 0.980469, -0.0088801, 0.871094, 0.980469, -0.00478442, 
        0.816406, 0.988281, -0.0202491, 0.824219, 0.988281, -0.0119007, 0.832031, 0.988281, 0.0203961, 0.839844, 0.988281, 0.01165, 0.847656, 0.988281, -0.0205393, 0.855469, 0.988281, -0.0113966, 0.863281, 0.988281, 0.02068, 0.871094, 0.988281, 0.0111421, 
        0.816406, 0.996094, -0.0084456, 0.824219, 0.996094, -0.00496358, 0.832031, 0.996094, 0.00850709, 0.839844, 0.996094, 0.00485915, 0.847656, 0.996094, -0.00856671, 0.855469, 0.996094, -0.00475337, 0.863281, 0.996094, 0.00862545, 0.871094, 0.996094, 0.00464727
    ]
}
