{
    "level": 1,
    "idx": {"x": 13, "y": 12},
    "dim": {"x": 8, "y": 8},
    "offset": {"x": 0.204102, "y": 0.188477},
    "cellSize": {"x": 0.00195312, "y": 0.00195312},
    "vertices": [
        0.204102, 0.188477, 0.00208291, 0.206055, 0.188477, 0.00217034, 0.208008, 0.188477, 0.00225289, 0.209961, 0.188477, 0.00233064, 0.211914, 0.188477, 0.00240375, 0.213867, 0.188477, 0.00247246, 0.21582, 0.188477, 0.0025371, 0.217773, 0.188477, 0.00259805, 
        0.204102, 0.19043, 0.00297982, 0.206055, 0.19043, 0.00305789, 0.208008, 0.19043, 0.00310353, 0.209961, 0.19043, 0.00311848, 0.211914, 0.19043, 0.00310561, 0.213867, 0.19043, 0.00306872, 0.21582, 0.19043, 0.00301244, 0.217773, 0.19043, 0.00294206, 
        0.204102, 0.192383, 0.00384373, 0.206055, 0.192383, 0.00391305, 0.208008, 0.192383, 0.00392353, 0.209961, 0.192383, 0.00387855, 0.211914, 0.192383, 0.00378352, 0.213867, 0.192383, 0.00364567, 0.21582, 0.192383, 0.00347376, 0.217773, 0.192383, 0.00327776, 
        0.204102, 0.194336, 0.00464761, 0.206055, 0.194336, 0.00470941, 0.208008, 0.194336, 0.00468812, 0.209961, 0.194336, 0.00458862, 0.211914, 0.194336, 0.00441868, 0.213867, 0.194336, 0.00418864, 0.21582, 0.194336, 0.00391108, 0.217773, 0.194336, 0.00360024, 
        0.204102, 0.196289, 0.00536668, 0.206055, 0.196289, 0.00542273, 0.208008, 0.196289, 0.00537455, 0.209961, 0.196289, 0.0052283, 0.211914, 0.196289, 0.00499381, 0.213867, 0.196289, 0.00468416, 0.21582, 0.196289, 0.0043152, 0.217773, 0.196289, 0.00390496, 
        0.204102, 0.198242, 0.00597928, 0.206055, 0.198242, 0.00603185, 0.208008, 0.198242, 0.00596294, 0.209961, 0.198242, 0.00577978, 0.211914, 0.198242, 0.00549384, 0.213867, 0.198242, 0.00512043, 0.21582, 0.198242, 0.00467811, 0.217773, 0.198242, 0.00418792, 
        0.204102, 0.200195, 0.00646777, 0.206055, 0.200195, 0.00651952, 0.208008, 0.200195, 0.00643711, 0.209961, 0.200195, 0.00622852, 0.211914, 0.200195, 0.00590646, 0.213867, 0.200195, 0.00548785, 0.21582, 0.200195, 0.00499323, 0.217773, 0.200195, 0.00444587, 
        0.204102, 0.202148, 0.00681916, 0.206055, 0.202148, 0.00687306, 0.208008, 0.202148, 0.00678513, 0.209961, 0.202148, 0.00656383, 0.211914, 0.202148, 0.00622259, 0.213867, 0.202148, 0.00577931, 0.21582, 0.202148, 0.00525568, 0.217773, 0.202148, 0.00467632
    ]
}
