{
    "level": 1,
    "idx": {"x": 14, "y": 16},
    "dim": {"x": 8, "y": 8},
    "offset": {"x": 0.219727, "y": 0.250977},
    "cellSize": {"x": 0.00195312, "y": 0.00195312},
    "vertices": [
        0.219727, 0.250977, 0.00725915, 0.22168, 0.250977, 0.00743513, 0.223633, 0.250977, 0.0076049, 0.225586, 0.250977, 0.00776898, 0.227539, 0.250977, 0.00792783, 0.229492, 0.250977, 0.00808186, 0.231445, 0.250977, 0.0082314, 0.233398, 0.250977, 0.00837667, 
        0.219727, 0.25293, 0.00727856, 0.22168, 0.25293, 0.00731465, 0.223633, 0.25293, 0.00735065, 0.225586, 0.25293, 0.0073923, 0.227539, 0.25293, 0.00744487, 0.229492, 0.25293, 0.00751293, 0.231445, 0.25293, 0.00760019, 0.233398, 0.25293, 0.00770935, 
        0.219727, 0.254883, 0.00729145, 0.22168, 0.254883, 0.00719363, 0.223633, 0.254883, 0.00710161, 0.225586, 0.254883, 0.00702612, 0.227539, 0.254883, 0.006977, 0.229492, 0.254883, 0.00696281, 0.231445, 0.254883, 0.00699051, 0.233398, 0.254883, 0.00706517, 
        0.219727, 0.256836, 0.00729842, 0.22168, 0.256836, 0.00707792, 0.223633, 0.256836, 0.00686862, 0.225586, 0.256836, 0.00668583, 0.227539, 0.256836, 0.0065436, 0.229492, 0.256836, 0.00645414, 0.231445, 0.256836, 0.00642737, 0.233398, 0.256836, 0.00647055, 
        0.219727, 0.258789, 0.00730007, 0.22168, 0.258789, 0.00697287, 0.223633, 0.258789, 0.00666161, 0.225586, 0.258789, 0.00638557, 0.227539, 0.258789, 0.00616246, 0.229492, 0.258789, 0.00600766, 0.231445, 0.258789, 0.0059337, 0.233398, 0.258789, 0.0059497, 
        0.219727, 0.260742, 0.00729691, 0.22168, 0.260742, 0.00688317, 0.223633, 0.260742, 0.00648924, 0.225586, 0.260742, 0.00613766, 0.227539, 0.260742, 0.00584908, 0.229492, 0.260742, 0.00564148, 0.231445, 0.260742, 0.00552947, 0.233398, 0.260742, 0.00552374, 
        0.219727, 0.262695, 0.0072894, 0.22168, 0.262695, 0.00681264, 0.223633, 0.262695, 0.00635859, 0.225586, 0.262695, 0.00595212, 0.227539, 0.262695, 0.00561606, 0.229492, 0.262695, 0.00537028, 0.231445, 0.262695, 0.00523093, 0.233398, 0.262695, 0.00520982, 
        0.219727, 0.264648, 0.00727789, 0.22168, 0.264648, 0.00676412, 0.223633, 0.264648, 0.00627482, 0.225586, 0.264648, 0.0058363, 0.227539, 0.264648, 0.00547265, 0.229492, 0.264648, 0.00520485, 0.231445, 0.264648, 0.00504998, 0.233398, 0.264648, 0.00502049
    ]
}
