{
    "level": 1,
    "idx": {"x": 15, "y": 61},
    "dim": {"x": 8, "y": 8},
    "offset": {"x": 0.235352, "y": 0.954102},
    "cellSize": {"x": 0.00195312, "y": 0.00195312},
    "vertices": [
        0.235352, 0.954102, 0.00176307, 0.237305, 0.954102, 0.00190798, 0.239258, 0.954102, 0.00218502, 0.241211, 0.954102, 0.00258535, 0.243164, 0.954102, 0.00309511, 0.245117, 0.954102, 0.00369591, 0.24707, 0.954102, 0.00436562, 0.249023, 0.954102, 0.00507913, 
        0.235352, 0.956055, 0.0017272, 0.237305, 0.956055, 0.00186697, 0.239258, 0.956055, 0.00213387, 0.241211, 0.956055, 0.00251937, 0.243164, 0.956055, 0.00301014, 0.245117, 0.956055, 0.0035885, 0.24707, 0.956055, 0.00423313, 0.249023, 0.956055, 0.00491987, 
        0.235352, 0.958008, 0.0018218, 0.237305, 0.958008, 0.0019531, 0.239258, 0.958008, 0.00220134, 0.241211, 0.958008, 0.00255867, 0.243164, 0.958008, 0.00301278, 0.245117, 0.958008, 0.00354737, 0.24707, 0.958008, 0.00414276, 0.249023, 0.958008, 0.00477668, 
        0.235352, 0.959961, 0.00203646, 0.237305, 0.959961, 0.00215618, 0.239258, 0.959961, 0.00237791, 0.241211, 0.959961, 0.00269476, 0.243164, 0.959961, 0.00309592, 0.245117, 0.959961, 0.00356706, 0.24707, 0.959961, 0.00409094, 0.249023, 0.959961, 0.00464801, 
        0.235352, 0.961914, 0.00235584, 0.237305, 0.961914, 0.00246128, 0.239258, 0.961914, 0.00264962, 0.241211, 0.961914, 0.00291517, 0.243164, 0.961914, 0.00324906, 0.245117, 0.961914, 0.0036395, 0.24707, 0.961914, 0.00407232, 0.249023, 0.961914, 0.00453145, 
        0.235352, 0.963867, 0.00276038, 0.237305, 0.963867, 0.0028493, 0.239258, 0.963867, 0.00299856, 0.241211, 0.963867, 0.00320393, 0.243164, 0.963867, 0.00345878, 0.245117, 0.963867, 0.00375433, 0.24707, 0.963867, 0.00408003, 0.249023, 0.963867, 0.00442388, 
        0.235352, 0.96582, 0.00322694, 0.237305, 0.96582, 0.00329766, 0.239258, 0.96582, 0.00340362, 0.241211, 0.96582, 0.00354218, 0.243164, 0.96582, 0.00370922, 0.245117, 0.96582, 0.00389931, 0.24707, 0.96582, 0.00410591, 0.249023, 0.96582, 0.0043216, 
        0.235352, 0.967773, 0.00372982, 0.237305, 0.967773, 0.00378127, 0.239258, 0.967773, 0.00384128, 0.241211, 0.967773, 0.00390892, 0.243164, 0.967773, 0.00398272, 0.245117, 0.967773, 0.00406081, 0.24707, 0.967773, 0.0041409, 0.249023, 0.967773, 0.00422043
    ]
}
