{
    "level": 1,
    "idx": {"x": 15, "y": 56},
    "dim": {"x": 8, "y": 8},
    "offset": {"x": 0.235352, "y": 0.875977},
    "cellSize": {"x": 0.00195312, "y": 0.00195312},
    "vertices": [
        0.235352, 0.875977, 0.00490087, 0.237305, 0.875977, 0.0049643, 0.239258, 0.875977, 0.00503277, 0.241211, 0.875977, 0.00510548, 0.243164, 0.875977, 0.00518118, 0.245117, 0.875977, 0.00525825, 0.24707, 0.875977, 0.00533474, 0.249023, 0.875977, 0.00540849, 
        0.235352, 0.87793, 0.00435838, 0.237305, 0.87793, 0.00444062, 0.239258, 0.87793, 0.00455471, 0.241211, 0.87793, 0.00469813, 0.243164, 0.87793, 0.00486696, 0.245117, 0.87793, 0.00505603, 0.24707, 0.87793, 0.00525912, 0.249023, 0.87793, 0.00546917, 
        0.235352, 0.879883, 0.00384887, 0.237305, 0.879883, 0.0039489, 0.239258, 0.879883, 0.00410609, 0.241211, 0.879883, 0.00431631, 0.243164, 0.879883, 0.00457311, 0.245117, 0.879883, 0.00486796, 0.24707, 0.879883, 0.0051906, 0.249023, 0.879883, 0.00552938, 
        0.235352, 0.881836, 0.00339825, 0.237305, 0.881836, 0.00351444, 0.239258, 0.881836, 0.00371061, 0.241211, 0.881836, 0.00398118, 0.243164, 0.881836, 0.00431743, 0.245117, 0.881836, 0.0047078, 0.24707, 0.881836, 0.00513836, 0.249023, 0.881836, 0.00559335, 
        0.235352, 0.883789, 0.00302993, 0.237305, 0.883789, 0.00316006, 0.239258, 0.883789, 0.00338963, 0.241211, 0.883789, 0.00371184, 0.243164, 0.883789, 0.00411599, 0.245117, 0.883789, 0.00458795, 0.24707, 0.883789, 0.00511068, 0.249023, 0.883789, 0.00566486, 
        0.235352, 0.885742, 0.00276383, 0.237305, 0.885742, 0.00290522, 0.239258, 0.885742, 0.00316139, 0.241211, 0.885742, 0.00352454, 0.243164, 0.885742, 0.00398247, 0.245117, 0.885742, 0.00451898, 0.24707, 0.885742, 0.00511457, 0.249023, 0.885742, 0.00574713, 
        0.235352, 0.887695, 0.00261567, 0.237305, 0.887695, 0.00276525, 0.239258, 0.887695, 0.00304022, 0.241211, 0.887695, 0.00343212, 0.243164, 0.887695, 0.00392764, 0.245117, 0.887695, 0.00450919, 0.24707, 0.887695, 0.00515556, 0.249023, 0.887695, 0.00584268, 
        0.235352, 0.889648, 0.00259633, 0.237305, 0.889648, 0.00275077, 0.239258, 0.889648, 0.00303607, 0.241211, 0.889648, 0.00344342, 0.243164, 0.889648, 0.00395895, 0.245117, 0.889648, 0.00456432, 0.24707, 0.889648, 0.00523742, 0.249023, 0.889648, 0.00595318
    ]
}
