{
    "level": 1,
    "idx": {"x": 15, "y": 4},
    "dim": {"x": 8, "y": 8},
    "offset": {"x": 0.941406, "y": 0.253906},
    "cellSize": {"x": 0.0078125, "y": 0.0078125},
    "vertices": [
        0.941406, 0.253906, 0.0129246, 0.949219, 0.253906, 0.0059661, 0.957031, 0.253906, -0.0129833, 0.964844, 0.253906, -0.00579494, 0.972656, 0.253906, 0.013063, 0.980469, 0.253906, 0.00564018, 0.988281, 0.253906, -0.0131279, 0.996094, 0.253906, -0.00547503, 
        0.941406, 0.261719, 0.0191637, 0.949219, 0.261719, 0.00884524, 0.957031, 0.261719, -0.0192554, 0.964844, 0.261719, -0.00859494, 0.972656, 0.261719, 0.019371, 0.980469, 0.261719, 0.00836348, 0.988281, 0.261719, -0.0194687, 0.996094, 0.261719, -0.00811962, 
        0.941406, 0.269531, -0.0131384, 0.949219, 0.269531, -0.00605824, 0.957031, 0.269531, 0.0132331, 0.964844, 0.269531, 0.00591028, 0.972656, 0.269531, -0.0132947, 0.980469, 0.269531, -0.00573805, 0.988281, 0.269531, 0.0133716, 0.996094, 0.269531, 0.00557786, 
        0.941406, 0.277344, -0.0189759, 0.949219, 0.277344, -0.00875107, 0.957031, 0.277344, 0.019107, 0.964844, 0.277344, 0.00853307, 0.972656, 0.277344, -0.0191991, 0.980469, 0.277344, -0.00828678, 0.988281, 0.277344, 0.0193084, 0.996094, 0.277344, 0.00805414, 
        0.941406, 0.285156, 0.0134021, 0.949219, 0.285156, 0.00618859, 0.957031, 0.285156, -0.0134516, 0.964844, 0.285156, -0.00600279, 0.972656, 0.285156, 0.0135406, 0.980469, 0.285156, 0.00584708, 0.988281, 0.285156, -0.0136044, 0.996094, 0.285156, -0.00567336, 
        0.941406, 0.292969, 0.0188451, 0.949219, 0.292969, 0.0087007, 0.957031, 0.292969, -0.0189219, 0.964844, 0.292969, -0.00844463, 0.972656, 0.292969, 0.019043, 0.980469, 0.292969, 0.00822271, 0.988281, 0.292969, -0.0191349, 0.996094, 0.292969, -0.00797997, 
        0.941406, 0.300781, -0.013595, 0.949219, 0.300781, -0.00626621, 0.957031, 0.300781, 0.0137069, 0.964844, 0.300781, 0.00612337, 0.972656, 0.300781, -0.0137629, 0.980469, 0.300781, -0.00593928, 0.988281, 0.300781, 0.0138468, 0.996094, 0.300781, 0.00577655, 
        0.941406, 0.308594, -0.0186331, 0.949219, 0.308594, -0.00858989, 0.957031, 0.308594, 0.0187782, 0.964844, 0.308594, 0.00838799, 0.972656, 0.308594, -0.0188595, 0.980469, 0.308594, -0.00813919, 0.988281, 0.308594, 0.0189719, 0.996094, 0.308594, 0.00791435
    ]
}
