{
    "level": 1,
    "idx": {"x": 15, "y": 6},
    "dim": {"x": 16, "y": 16},
    "offset": {"x": 0.469727, "y": 0.188477},
    "cellSize": {"x": 0.00195312, "y": 0.00195312},
    "vertices": [
        0.469727, 0.188477, 0.00651066, 0.47168, 0.188477, 0.00798492, 0.473633, 0.188477, 0.00912115, 0.475586, 0.188477, 0.00974983, 0.477539, 0.188477, 0.00977861, 0.479492, 0.188477, 0.00920636, 0.481445, 0.188477, 0.00812337, 0.483398, 0.188477, 0.00669759, 0.485352, 0.188477, 0.00514898, 0.487305, 0.188477, 0.00371596, 0.489258, 0.188477, 0.00261905, 0.491211, 0.188477, 0.00202723, 0.493164, 0.188477, 0.00203216, 0.495117, 0.188477, 0.00263422, 0.49707, 0.188477, 0.00374238, 0.499023, 0.188477, 0.00518817, 
        0.469727, 0.19043, 0.00887574, 0.47168, 0.19043, 0.0143196, 0.473633, 0.19043, 0.0185032, 0.475586, 0.19043, 0.0207926, 0.477539, 0.19043, 0.0208422, 0.479492, 0.19043, 0.0186479, 0.481445, 0.19043, 0.0145475, 0.483398, 0.19043, 0.00916937, 0.485352, 0.19043, 0.00333651, 0.487305, 0.19043, -0.00205909, 0.489258, 0.19043, -0.00619238, 0.491211, 0.19043, -0.00843114, 0.493164, 0.19043, -0.00843242, 0.495117, 0.19043, -0.00619484, 0.49707, 0.19043, -0.00205886, 0.499023, 0.19043, 0.00334523, 
        0.469727, 0.192383, 0.0108211, 0.47168, 0.192383, 0.0194084, 0.473633, 0.192383, 0.0260054, 0.475586, 0.192383, 0.0296101, 0.477539, 0.192383, 0.0296764, 0.479492, 0.192383, 0.026198, 0.481445, 0.192383, 0.0197086, 0.483398, 0.192383, 0.0112011, 0.485352, 0.192383, 0.00197609, 0.487305, 0.192383, -0.00655698, 0.489258, 0.192383, -0.0130944, 0.491211, 0.192383, -0.0166371, 0.493164, 0.192383, -0.0166432, 0.495117, 0.192383, -0.0131105, 0.49707, 0.192383, -0.00657703, 0.499023, 0.192383, 0.00196132, 
        0.469727, 0.194336, 0.0120964, 0.47168, 0.194336, 0.0225219, 0.473633, 0.194336, 0.0305302, 0.475586, 0.194336, 0.0349043, 0.477539, 0.194336, 0.034981, 0.479492, 0.194336, 0.0307523, 0.481445, 0.194336, 0.0228669, 0.483398, 0.194336, 0.0125305, 0.485352, 0.194336, 0.00132293, 0.487305, 0.194336, -0.00904386, 0.489258, 0.194336, -0.0169863, 0.491211, 0.194336, -0.0212911, 0.493164, 0.194336, -0.0212998, 0.495117, 0.194336, -0.0170099, 0.49707, 0.194336, -0.00907487, 0.499023, 0.194336, 0.00129567, 
        0.469727, 0.196289, 0.0125554, 0.47168, 0.196289, 0.0232336, 0.473633, 0.196289, 0.0314362, 0.475586, 0.196289, 0.0359166, 0.477539, 0.196289, 0.0359958, 0.479492, 0.196289, 0.0316656, 0.481445, 0.196289, 0.0235901, 0.483398, 0.196289, 0.0130044, 0.485352, 0.196289, 0.00152643, 0.487305, 0.196289, -0.00909049, 0.489258, 0.196289, -0.0172246, 0.491211, 0.196289, -0.0216331, 0.493164, 0.196289, -0.0216418, 0.495117, 0.196289, -0.0172481, 0.49707, 0.196289, -0.00912119, 0.499023, 0.196289, 0.0015, 
        0.469727, 0.198242, 0.0121786, 0.47168, 0.198242, 0.0214857, 0.473633, 0.198242, 0.0286361, 0.475586, 0.198242, 0.0325438, 0.477539, 0.198242, 0.0326174, 0.479492, 0.198242, 0.0288498, 0.481445, 0.198242, 0.0218195, 0.483398, 0.198242, 0.0126023, 0.485352, 0.198242, 0.00260743, 0.487305, 0.198242, -0.00663779, 0.489258, 0.198242, -0.0137207, 0.491211, 0.198242, -0.0175588, 0.493164, 0.198242, -0.0175648, 0.495117, 0.198242, -0.0137364, 0.49707, 0.198242, -0.00665662, 0.499023, 0.198242, 0.00259547, 
        0.469727, 0.200195, 0.011076, 0.47168, 0.200195, 0.0175976, 0.473633, 0.200195, 0.0226099, 0.475586, 0.200195, 0.0253535, 0.477539, 0.200195, 0.0254146, 0.479492, 0.200195, 0.0227882, 0.481445, 0.200195, 0.017879, 0.483398, 0.200195, 0.0114394, 0.485352, 0.200195, 0.00445509, 0.487305, 0.200195, -0.00200568, 0.489258, 0.200195, -0.00695484, 0.491211, 0.200195, -0.00963527, 0.493164, 0.200195, -0.00963623, 0.495117, 0.200195, -0.00695608, 0.49707, 0.200195, -0.00200256, 0.499023, 0.200195, 0.00446951, 
        0.469727, 0.202148, 0.00947058, 0.47168, 0.202148, 0.0122174, 0.473633, 0.202148, 0.0143322, 0.475586, 0.202148, 0.0154979, 0.477539, 0.202148, 0.0155416, 0.479492, 0.202148, 0.0144612, 0.481445, 0.202148, 0.0124256, 0.483398, 0.202148, 0.00974929, 0.485352, 0.202148, 0.0068439, 0.487305, 0.202148, 0.00415571, 0.489258, 0.202148, 0.00209746, 0.491211, 0.202148, 0.000985437, 0.493164, 0.202148, 0.000991212, 0.495117, 0.202148, 0.00211546, 0.49707, 0.202148, 0.00418786, 0.499023, 0.202148, 0.00689308, 
        0.469727, 0.204102, 0.00766415, 0.47168, 0.204102, 0.00622291, 0.473633, 0.204102, 0.00512319, 0.475586, 0.204102, 0.00453828, 0.477539, 0.204102, 0.00456256, 0.479492, 0.204102, 0.00519714, 0.481445, 0.204102, 0.00634964, 0.483398, 0.204102, 0.0078483, 0.485352, 0.204102, 0.00946812, 0.487305, 0.204102, 0.0109653, 0.489258, 0.204102, 0.0121143, 0.491211, 0.204102, 0.0127422, 0.493164, 0.204102, 0.0127555, 0.495117, 0.204102, 0.0121535, 0.49707, 0.204102, 0.0110295, 0.499023, 0.204102, 0.00955563, 
        0.469727, 0.206055, 0.00599163, 0.47168, 0.206055, 0.00058823, 0.473633, 0.206055, -0.0035527, 0.475586, 0.206055, -0.00579376, 0.477539, 0.206055, -0.00578769, 0.479492, 0.206055, -0.00353039, 0.481445, 0.206055, 0.000638498, 0.483398, 0.206055, 0.00608727, 0.485352, 0.206055, 0.0119885, 0.487305, 0.206055, 0.0174456, 0.489258, 0.206055, 0.0216291, 0.491211, 0.206055, 0.0239033, 0.493164, 0.206055, 0.0239236, 0.495117, 0.206055, 0.0216886, 0.49707, 0.206055, 0.0175404, 0.499023, 0.206055, 0.0121126, 
        0.469727, 0.208008, 0.00476992, 0.47168, 0.208008, -0.00376513, 0.473633, 0.208008, -0.0103097, 0.475586, 0.208008, -0.0138595, 0.477539, 0.208008, -0.0138675, 0.479492, 0.208008, -0.0103271, 0.481445, 0.208008, -0.00377342, 0.483398, 0.208008, 0.00479822, 0.485352, 0.208008, 0.0140842, 0.487305, 0.208008, 0.0226718, 0.489258, 0.208008, 0.0292542, 0.491211, 0.208008, 0.0328301, 0.493164, 0.208008, 0.0328561, 0.495117, 0.208008, 0.0293301, 0.49707, 0.208008, 0.0227914, 0.499023, 0.208008, 0.0142382, 
        0.469727, 0.209961, 0.00424961, 0.47168, 0.209961, -0.00610856, 0.473633, 0.209961, -0.0140523, 0.475586, 0.209961, -0.0183637, 0.477539, 0.209961, -0.0183791, 0.479492, 0.209961, -0.0140906, 0.481445, 0.209961, -0.00614737, 0.483398, 0.209961, 0.0042437, 0.485352, 0.209961, 0.0155016, 0.487305, 0.209961, 0.025913, 0.489258, 0.209961, 0.0338931, 0.491211, 0.209961, 0.0382273, 0.493164, 0.209961, 0.0382569, 0.495117, 0.209961, 0.0339792, 0.49707, 0.209961, 0.0260482, 0.499023, 0.209961, 0.0156746, 
        0.469727, 0.211914, 0.00457689, 0.47168, 0.211914, -0.00601749, 0.473633, 0.211914, -0.0141422, 0.475586, 0.211914, -0.0185514, 0.477539, 0.211914, -0.0185663, 0.479492, 0.211914, -0.0141789, 0.481445, 0.211914, -0.00605289, 0.483398, 0.211914, 0.00457687, 0.485352, 0.211914, 0.0160933, 0.487305, 0.211914, 0.0267437, 0.489258, 0.211914, 0.034907, 0.491211, 0.211914, 0.0393408, 0.493164, 0.211914, 0.0393714, 0.495117, 0.211914, 0.034996, 0.49707, 0.211914, 0.0268835, 0.499023, 0.211914, 0.0162723, 
        0.469727, 0.213867, 0.00577131, 0.47168, 0.213867, -0.00343604, 0.473633, 0.213867, -0.0104956, 0.475586, 0.213867, -0.0143238, 0.477539, 0.213867, -0.01433, 0.479492, 0.213867, -0.0105074, 0.481445, 0.213867, -0.00343329, 0.483398, 0.213867, 0.0058182, 0.485352, 0.213867, 0.0158404, 0.487305, 0.213867, 0.0251087, 0.489258, 0.213867, 0.032213, 0.491211, 0.213867, 0.0360727, 0.493164, 0.213867, 0.0361016, 0.495117, 0.213867, 0.0322973, 0.49707, 0.213867, 0.0252417, 0.499023, 0.213867, 0.0160121, 
        0.469727, 0.21582, 0.00772285, 0.47168, 0.21582, 0.00131455, 0.473633, 0.21582, -0.00359599, 0.475586, 0.21582, -0.00625252, 0.477539, 0.21582, -0.00624302, 0.479492, 0.21582, -0.00356262, 0.481445, 0.21582, 0.0013857, 0.483398, 0.21582, 0.0078524, 0.485352, 0.21582, 0.0148558, 0.487305, 0.21582, 0.021332, 0.489258, 0.21582, 0.0262968, 0.491211, 0.21582, 0.0289962, 0.493164, 0.21582, 0.0290211, 0.495117, 0.21582, 0.0263698, 0.49707, 0.21582, 0.0214483, 0.499023, 0.21582, 0.0150085, 
