{
    "level": 1,
    "idx": {"x": 16, "y": 63},
    "dim": {"x": 8, "y": 8},
    "offset": {"x": 0.250977, "y": 0.985352},
    "cellSize": {"x": 0.00195312, "y": 0.00195312},
    "vertices": [
        0.250977, 0.985352, 0.00195683, 0.25293, 0.985352, 0.00123178, 0.254883, 0.985352, 0.00053533, 0.256836, 0.985352, -0.000105876, 0.258789, 0.985352, -0.00066742, 0.260742, 0.985352, -0.00112804, 0.262695, 0.985352, -0.00147048, 0.264648, 0.985352, -0.00168213, 
        0.250977, 0.987305, 0.001693, 0.25293, 0.987305, 0.000995811, 0.254883, 0.987305, 0.000326378, 0.256836, 0.987305, -0.000289663, 0.258789, 0.987305, -0.00082883, 0.260742, 0.987305, -0.00127068, 0.262695, 0.987305, -0.0015986, 0.264648, 0.987305, -0.00180048, 
        0.250977, 0.989258, 0.00143015, 0.25293, 0.989258, 0.000787604, 0.254883, 0.989258, 0.000170825, 0.256836, 0.989258, -0.000396563, 0.258789, 0.989258, -0.000892914, 0.260742, 0.989258, -0.00129938, 0.262695, 0.989258, -0.00160067, 0.264648, 0.989258, -0.0017856, 
        0.250977, 0.991211, 0.00116837, 0.25293, 0.991211, 0.000605167, 0.254883, 0.991211, 6.4669e-05, 0.256836, 0.991211, -0.000432415, 0.258789, 0.991211, -0.000867111, 0.260742, 0.991211, -0.0012229, 0.262695, 0.991211, -0.00148636, 0.264648, 0.991211, -0.00164771, 
        0.250977, 0.993164, 0.000907647, 0.25293, 0.993164, 0.000445438, 0.254883, 0.993164, 1.93301e-06, 0.256836, 0.993164, -0.000405869, 0.258789, 0.993164, -0.000762395, 0.260742, 0.993164, -0.00105409, 0.262695, 0.993164, -0.00126993, 0.264648, 0.993164, -0.0014019, 
        0.250977, 0.995117, 0.000647864, 0.25293, 0.995117, 0.000304416, 0.254883, 0.995117, -2.50947e-05, 0.256836, 0.995117, -0.000328037, 0.258789, 0.995117, -0.000592839, 0.260742, 0.995117, -0.000809423, 0.262695, 0.995117, -0.00096961, 0.264648, 0.995117, -0.00106742, 
        0.250977, 0.99707, 0.000388814, 0.25293, 0.99707, 0.000177334, 0.254883, 0.99707, -2.55483e-05, 0.256836, 0.99707, -0.000212055, 0.258789, 0.99707, -0.000375058, 0.260742, 0.99707, -0.000508353, 0.262695, 0.99707, -0.000606902, 0.264648, 0.99707, -0.000667027, 
        0.250977, 0.999023, 0.000130234, 0.25293, 0.999023, 5.8854e-05, 0.254883, 0.999023, -9.6202e-06, 0.256836, 0.999023, -7.25615e-05, 0.258789, 0.999023, -0.000127563, 0.260742, 0.999023, -0.000172531, 0.262695, 0.999023, -0.000205762, 0.264648, 0.999023, -0.000226016
    ]
}
