{
    "level": 1,
    "idx": {"x": 16, "y": 15},
    "dim": {"x": 16, "y": 16},
    "offset": {"x": 0.500977, "y": 0.469727},
    "cellSize": {"x": 0.00195312, "y": 0.00195312},
    "vertices": [
        0.500977, 0.469727, 0.290187, 0.50293, 0.469727, 0.292126, 0.504883, 0.469727, 0.2935, 0.506836, 0.469727, 0.294071, 0.508789, 0.469727, 0.293713, 0.510742, 0.469727, 0.292425, 0.512695, 0.469727, 0.290338, 0.514648, 0.469727, 0.287688, 0.516602, 0.469727, 0.284787, 0.518555, 0.469727, 0.281969, 0.520508, 0.469727, 0.279546, 0.522461, 0.469727, 0.277753, 0.524414, 0.469727, 0.276718, 0.526367, 0.469727, 0.276441, 0.52832, 0.469727, 0.276793, 0.530273, 0.469727, 0.277537, 
        0.500977, 0.47168, 0.293624, 0.50293, 0.47168, 0.29944, 0.504883, 0.47168, 0.303778, 0.506836, 0.47168, 0.30595, 0.508789, 0.47168, 0.305583, 0.510742, 0.47168, 0.30268, 0.512695, 0.47168, 0.297615, 0.514648, 0.47168, 0.291081, 0.516602, 0.47168, 0.283979, 0.518555, 0.47168, 0.277287, 0.520508, 0.47168, 0.271903, 0.522461, 0.47168, 0.268516, 0.524414, 0.47168, 0.267495, 0.526367, 0.47168, 0.268839, 0.52832, 0.47168, 0.272169, 0.530273, 0.47168, 0.276793, 
        0.500977, 0.473633, 0.296489, 0.50293, 0.473633, 0.305281, 0.504883, 0.473633, 0.311895, 0.506836, 0.473633, 0.315295, 0.508789, 0.473633, 0.314922, 0.510742, 0.473633, 0.310778, 0.512695, 0.473633, 0.303428, 0.514648, 0.473633, 0.293911, 0.516602, 0.473633, 0.283585, 0.518555, 0.473633, 0.273916, 0.520508, 0.473633, 0.266259, 0.522461, 0.473633, 0.261648, 0.524414, 0.473633, 0.260638, 0.526367, 0.473633, 0.263224, 0.52832, 0.473633, 0.268839, 0.530273, 0.473633, 0.276441, 
        0.500977, 0.475586, 0.298537, 0.50293, 0.475586, 0.308949, 0.504883, 0.475586, 0.316803, 0.506836, 0.475586, 0.320872, 0.508789, 0.475586, 0.320494, 0.510742, 0.475586, 0.315674, 0.512695, 0.475586, 0.307078, 0.514648, 0.475586, 0.295935, 0.516602, 0.475586, 0.283851, 0.518555, 0.475586, 0.27256, 0.520508, 0.475586, 0.263663, 0.522461, 0.475586, 0.258382, 0.524414, 0.475586, 0.257376, 0.526367, 0.475586, 0.260638, 0.52832, 0.475586, 0.267496, 0.530273, 0.475586, 0.276718, 
        0.500977, 0.477539, 0.299631, 0.50293, 0.477539, 0.310063, 0.504883, 0.477539, 0.317931, 0.506836, 0.477539, 0.322006, 0.508789, 0.477539, 0.321628, 0.510742, 0.477539, 0.316798, 0.512695, 0.477539, 0.308184, 0.514648, 0.477539, 0.29702, 0.516602, 0.477539, 0.284912, 0.518555, 0.477539, 0.273599, 0.520508, 0.477539, 0.264684, 0.522461, 0.477539, 0.259392, 0.524414, 0.477539, 0.258382, 0.526367, 0.477539, 0.261648, 0.52832, 0.477539, 0.268516, 0.530273, 0.477539, 0.277753, 
        0.500977, 0.479492, 0.299771, 0.50293, 0.479492, 0.308616, 0.504883, 0.479492, 0.31527, 0.506836, 0.479492, 0.31869, 0.508789, 0.479492, 0.318313, 0.510742, 0.479492, 0.314141, 0.512695, 0.479492, 0.306743, 0.514648, 0.479492, 0.297164, 0.516602, 0.479492, 0.28677, 0.518555, 0.479492, 0.277038, 0.520508, 0.479492, 0.269329, 0.522461, 0.479492, 0.264684, 0.524414, 0.479492, 0.263663, 0.526367, 0.479492, 0.266259, 0.52832, 0.479492, 0.271903, 0.530273, 0.479492, 0.279546, 
        0.500977, 0.481445, 0.299084, 0.50293, 0.481445, 0.30498, 0.504883, 0.481445, 0.309378, 0.506836, 0.481445, 0.311579, 0.508789, 0.481445, 0.311206, 0.510742, 0.481445, 0.30826, 0.512695, 0.481445, 0.303122, 0.514648, 0.481445, 0.296494, 0.516602, 0.481445, 0.28929, 0.518555, 0.481445, 0.282501, 0.520508, 0.481445, 0.277038, 0.522461, 0.481445, 0.273599, 0.524414, 0.481445, 0.27256, 0.526367, 0.481445, 0.273916, 0.52832, 0.481445, 0.277287, 0.530273, 0.481445, 0.281969, 
        0.500977, 0.483398, 0.297815, 0.50293, 0.483398, 0.299849, 0.504883, 0.483398, 0.301292, 0.506836, 0.483398, 0.301896, 0.508789, 0.483398, 0.301528, 0.510742, 0.483398, 0.300189, 0.512695, 0.483398, 0.298013, 0.514648, 0.483398, 0.29525, 0.516602, 0.483398, 0.292225, 0.518555, 0.483398, 0.289291, 0.520508, 0.483398, 0.28677, 0.522461, 0.483398, 0.284912, 0.524414, 0.483398, 0.283851, 0.526367, 0.483398, 0.283585, 0.52832, 0.483398, 0.28398, 0.530273, 0.483398, 0.284787, 
        0.500977, 0.485352, 0.29628, 0.50293, 0.485352, 0.294128, 0.504883, 0.485352, 0.292368, 0.506836, 0.485352, 0.291243, 0.508789, 0.485352, 0.290881, 0.510742, 0.485352, 0.291282, 0.512695, 0.485352, 0.292317, 0.514648, 0.485352, 0.293744, 0.516602, 0.485352, 0.29525, 0.518555, 0.485352, 0.296494, 0.520508, 0.485352, 0.297164, 0.522461, 0.485352, 0.29702, 0.524414, 0.485352, 0.295935, 0.526367, 0.485352, 0.293911, 0.52832, 0.485352, 0.291081, 0.530273, 0.485352, 0.287688, 
        0.500977, 0.487305, 0.294826, 0.50293, 0.487305, 0.288802, 0.504883, 0.487305, 0.28408, 0.506836, 0.487305, 0.281354, 0.508789, 0.487305, 0.280998, 0.510742, 0.487305, 0.28301, 0.512695, 0.487305, 0.287014, 0.514648, 0.487305, 0.292317, 0.516602, 0.487305, 0.298013, 0.518555, 0.487305, 0.303122, 0.520508, 0.487305, 0.306743, 0.522461, 0.487305, 0.308184, 0.524414, 0.487305, 0.307078, 0.526367, 0.487305, 0.303428, 0.52832, 0.487305, 0.297615, 0.530273, 0.487305, 0.290338, 
        0.500977, 0.489258, 0.293771, 0.50293, 0.489258, 0.28478, 0.504883, 0.489258, 0.277788, 0.506836, 0.489258, 0.273836, 0.508789, 0.489258, 0.273484, 0.510742, 0.489258, 0.27673, 0.512695, 0.489258, 0.28301, 0.514648, 0.489258, 0.291282, 0.516602, 0.489258, 0.300189, 0.518555, 0.489258, 0.30826, 0.520508, 0.489258, 0.314141, 0.522461, 0.489258, 0.316798, 0.524414, 0.489258, 0.315674, 0.526367, 0.489258, 0.310778, 0.52832, 0.489258, 0.30268, 0.530273, 0.489258, 0.292425, 
        0.500977, 0.491211, 0.29336, 0.50293, 0.491211, 0.282759, 0.504883, 0.491211, 0.274536, 0.506836, 0.491211, 0.269919, 0.508789, 0.491211, 0.269569, 0.510742, 0.491211, 0.273484, 0.512695, 0.491211, 0.280998, 0.514648, 0.491211, 0.290881, 0.516602, 0.491211, 0.301528, 0.518555, 0.491211, 0.311206, 0.520508, 0.491211, 0.318313, 0.522461, 0.491211, 0.321628, 0.524414, 0.491211, 0.320494, 0.526367, 0.491211, 0.314922, 0.52832, 0.491211, 0.305583, 0.530273, 0.491211, 0.293713, 
        0.500977, 0.493164, 0.293725, 0.50293, 0.493164, 0.283118, 0.504883, 0.493164, 0.27489, 0.506836, 0.493164, 0.270269, 0.508789, 0.493164, 0.269919, 0.510742, 0.493164, 0.273836, 0.512695, 0.493164, 0.281354, 0.514648, 0.493164, 0.291243, 0.516602, 0.493164, 0.301896, 0.518555, 0.493164, 0.311579, 0.520508, 0.493164, 0.31869, 0.522461, 0.493164, 0.322006, 0.524414, 0.493164, 0.320872, 0.526367, 0.493164, 0.315295, 0.52832, 0.493164, 0.30595, 0.530273, 0.493164, 0.294071, 
        0.500977, 0.495117, 0.294867, 0.50293, 0.495117, 0.285857, 0.504883, 0.495117, 0.27885, 0.506836, 0.495117, 0.27489, 0.508789, 0.495117, 0.274536, 0.510742, 0.495117, 0.277788, 0.512695, 0.495117, 0.28408, 0.514648, 0.495117, 0.292368, 0.516602, 0.495117, 0.301292, 0.518555, 0.495117, 0.309378, 0.520508, 0.495117, 0.31527, 0.522461, 0.495117, 0.31793, 0.524414, 0.495117, 0.316803, 0.526367, 0.495117, 0.311895, 0.52832, 0.495117, 0.303778, 0.530273, 0.495117, 0.2935, 
        0.500977, 0.49707, 0.296653, 0.50293, 0.49707, 0.2906, 0.504883, 0.49707, 0.285856, 0.506836, 0.49707, 0.283117, 0.508789, 0.49707, 0.282759, 0.510742, 0.49707, 0.28478, 0.512695, 0.49707, 0.288802, 0.514648, 0.49707, 0.294128, 0.516602, 0.49707, 0.299849, 0.518555, 0.49707, 0.304981, 0.520508, 0.49707, 0.308616, 0.522461, 0.49707, 0.310063, 0.524414, 0.49707, 0.30895, 0.526367, 0.49707, 0.305281, 0.52832, 0.49707, 0.29944, 0.530273, 0.49707, 0.292126, 
        0.500977, 0.499023, 0.298838, 0.50293, 0.499023, 0.296653, 0.504883, 0.499023, 0.294867, 0.506836, 0.499023, 0.293725, 0.508789, 0.499023, 0.29336, 0.510742, 0.499023, 0.293771, 0.512695, 0.499023, 0.294826, 0.514648, 0.499023, 0.29628, 0.516602, 0.499023, 0.297815, 0.518555, 0.499023, 0.299084, 0.520508, 0.499023, 0.299771, 0.522461, 0.499023, 0.299632, 0.524414, 0.499023, 0.298537, 0.526367, 0.499023, 0.296489, 0.52832, 0.499023, 0.293624, 0.530273, 0.499023, 0.290187
    ]
}
