{
    "level": 1,
    "idx": {"x": 17, "y": 35},
    "dim": {"x": 8, "y": 8},
    "offset": {"x": 0.266602, "y": 0.547852},
    "cellSize": {"x": 0.00195312, "y": 0.00195312},
    "vertices": [
        0.266602, 0.547852, 0.0319827, 0.268555, 0.547852, 0.0331329, 0.270508, 0.547852, 0.0344477, 0.272461, 0.547852, 0.0359187, 0.274414, 0.547852, 0.0375327, 0.276367, 0.547852, 0.0392718, 0.27832, 0.547852, 0.0411142, 0.280273, 0.547852, 0.0430354, 
        0.266602, 0.549805, 0.0320265, 0.268555, 0.549805, 0.0331634, 0.270508, 0.549805, 0.0344604, 0.272461, 0.549805, 0.0359093, 0.274414, 0.549805, 0.0374971, 0.276367, 0.549805, 0.0392067, 0.27832, 0.549805, 0.0410168, 0.280273, 0.549805, 0.0429038, 
        0.266602, 0.551758, 0.0321942, 0.268555, 0.551758, 0.0333144, 0.270508, 0.551758, 0.0345847, 0.272461, 0.551758, 0.0359977, 0.274414, 0.551758, 0.0375414, 0.276367, 0.551758, 0.0391996, 0.27832, 0.551758, 0.0409529, 0.280273, 0.551758, 0.0427791, 
        0.266602, 0.553711, 0.0324763, 0.268555, 0.553711, 0.0335764, 0.270508, 0.553711, 0.0348119, 0.272461, 0.553711, 0.0361762, 0.274414, 0.553711, 0.0376589, 0.276367, 0.553711, 0.0392456, 0.27832, 0.553711, 0.0409191, 0.280273, 0.553711, 0.0426598, 
        0.266602, 0.555664, 0.0328581, 0.268555, 0.555664, 0.0339351, 0.270508, 0.555664, 0.0351285, 0.272461, 0.555664, 0.0364329, 0.274414, 0.555664, 0.0378396, 0.276367, 0.555664, 0.0393369, 0.27832, 0.555664, 0.0409103, 0.280273, 0.555664, 0.0425436, 
        0.266602, 0.557617, 0.0333206, 0.268555, 0.557617, 0.0343721, 0.270508, 0.557617, 0.0355173, 0.272461, 0.557617, 0.0367523, 0.274414, 0.557617, 0.0380706, 0.276367, 0.557617, 0.0394633, 0.27832, 0.557617, 0.0409197, 0.280273, 0.557617, 0.0424273, 
        0.266602, 0.55957, 0.0338412, 0.268555, 0.55957, 0.0348651, 0.270508, 0.55957, 0.0359575, 0.272461, 0.55957, 0.0371159, 0.274414, 0.55957, 0.0383363, 0.276367, 0.55957, 0.039613, 0.27832, 0.55957, 0.0409393, 0.280273, 0.55957, 0.0423074, 
        0.266602, 0.561523, 0.0343942, 0.268555, 0.561523, 0.0353895, 0.270508, 0.561523, 0.0364259, 0.272461, 0.561523, 0.037503, 0.274414, 0.561523, 0.0386191, 0.276367, 0.561523, 0.0397724, 0.27832, 0.561523, 0.0409602, 0.280273, 0.561523, 0.0421795
    ]
}
