{
    "level": 1,
    "idx": {"x": 17, "y": 11},
    "dim": {"x": 8, "y": 8},
    "offset": {"x": 0.266602, "y": 0.172852},
    "cellSize": {"x": 0.00195312, "y": 0.00195312},
    "vertices": [
        0.266602, 0.172852, -0.00257214, 0.268555, 0.172852, -0.00247384, 0.270508, 0.172852, -0.00223593, 0.272461, 0.172852, -0.00186727, 0.274414, 0.172852, -0.00138179, 0.276367, 0.172852, -0.000797928, 0.27832, 0.172852, -0.000137933, 0.280273, 0.172852, 0.000573004, 
        0.266602, 0.174805, -0.00220299, 0.268555, 0.174805, -0.00210905, 0.270508, 0.174805, -0.00187897, 0.272461, 0.174805, -0.00152143, 0.274414, 0.174805, -0.00105004, 0.276367, 0.174805, -0.000482797, 0.27832, 0.174805, 0.000158547, 0.280273, 0.174805, 0.000849378, 
        0.266602, 0.176758, -0.00169374, 0.268555, 0.176758, -0.00160751, 0.270508, 0.176758, -0.0013939, 0.272461, 0.176758, -0.00106106, 0.274414, 0.176758, -0.000621723, 0.276367, 0.176758, -9.28006e-05, 0.27832, 0.176758, 0.000505315, 0.280273, 0.176758, 0.00114953, 
        0.266602, 0.178711, -0.00105333, 0.268555, 0.178711, -0.000977959, 0.270508, 0.178711, -0.00078892, 0.272461, 0.178711, -0.000493486, 0.274414, 0.178711, -0.00010308, 0.276367, 0.178711, 0.000367173, 0.27832, 0.178711, 0.000899011, 0.280273, 0.178711, 0.00147176, 
        0.266602, 0.180664, -0.000295799, 0.268555, 0.180664, -0.000234098, 0.270508, 0.180664, -7.68609e-05, 0.272461, 0.180664, 0.000169774, 0.274414, 0.180664, 0.000496164, 0.276367, 0.180664, 0.000889532, 0.27832, 0.180664, 0.00133446, 0.280273, 0.180664, 0.00181348, 
        0.266602, 0.182617, 0.000560286, 0.268555, 0.182617, 0.000605964, 0.270508, 0.182617, 0.000725301, 0.272461, 0.182617, 0.000913532, 0.274414, 0.182617, 0.00116317, 0.276367, 0.182617, 0.00146427, 0.27832, 0.182617, 0.00180487, 0.280273, 0.182617, 0.00217137, 
        0.266602, 0.18457, 0.00149253, 0.268555, 0.18457, 0.00152037, 0.270508, 0.18457, 0.00159708, 0.272461, 0.18457, 0.00171946, 0.274414, 0.18457, 0.00188245, 0.276367, 0.18457, 0.00207935, 0.27832, 0.18457, 0.00230208, 0.280273, 0.18457, 0.00254148, 
        0.266602, 0.186523, 0.00247552, 0.268555, 0.186523, 0.00248433, 0.270508, 0.186523, 0.00251526, 0.272461, 0.186523, 0.00256677, 0.274414, 0.186523, 0.00263646, 0.276367, 0.186523, 0.00272112, 0.27832, 0.186523, 0.00281687, 0.280273, 0.186523, 0.00291932
    ]
}
