{
    "level": 1,
    "idx": {"x": 17, "y": 7},
    "dim": {"x": 8, "y": 8},
    "offset": {"x": 0.266602, "y": 0.110352},
    "cellSize": {"x": 0.00195312, "y": 0.00195312},
    "vertices": [
        0.266602, 0.110352, -0.00997184, 0.268555, 0.110352, -0.00980227, 0.270508, 0.110352, -0.00948402, 0.272461, 0.110352, -0.00902609, 0.274414, 0.110352, -0.00844256, 0.276367, 0.110352, -0.00775203, 0.27832, 0.110352, -0.0069769, 0.280273, 0.110352, -0.00614257, 
        0.266602, 0.112305, -0.00975851, 0.268555, 0.112305, -0.00959227, 0.270508, 0.112305, -0.00928051, 0.272461, 0.112305, -0.00883204, 0.274414, 0.112305, -0.00826064, 0.276367, 0.112305, -0.0075845, 0.27832, 0.112305, -0.00682556, 0.280273, 0.112305, -0.00600867, 
        0.266602, 0.114258, -0.00939596, 0.268555, 0.114258, -0.00923656, 0.270508, 0.114258, -0.0089401, 0.272461, 0.114258, -0.00851485, 0.274414, 0.114258, -0.00797377, 0.276367, 0.114258, -0.00733395, 0.27832, 0.114258, -0.00661603, 0.280273, 0.114258, -0.00584335, 
        0.266602, 0.116211, -0.00889283, 0.268555, 0.116211, -0.00874358, 0.270508, 0.116211, -0.00847069, 0.272461, 0.116211, -0.0080816, 0.274414, 0.116211, -0.00758794, 0.276367, 0.116211, -0.00700506, 0.27832, 0.116211, -0.00635148, 0.280273, 0.116211, -0.00564817, 
        0.266602, 0.118164, -0.00826288, 0.268555, 0.118164, -0.00812676, 0.270508, 0.118164, -0.00788487, 0.272461, 0.118164, -0.00754356, 0.274414, 0.118164, -0.00711266, 0.276367, 0.118164, -0.00660522, 0.27832, 0.118164, -0.00603693, 0.280273, 0.118164, -0.00542557, 
        0.266602, 0.120117, -0.00752443, 0.268555, 0.120117, -0.00740395, 0.270508, 0.120117, -0.00719939, 0.272461, 0.120117, -0.0069157, 0.274414, 0.120117, -0.00656059, 0.276367, 0.120117, -0.00614428, 0.27832, 0.120117, -0.00567904, 0.280273, 0.120117, -0.00517878, 
        0.266602, 0.12207, -0.00669968, 0.268555, 0.12207, -0.00659684, 0.270508, 0.12207, -0.00643454, 0.272461, 0.12207, -0.00621618, 0.274414, 0.12207, -0.00594706, 0.276367, 0.12207, -0.00563414, 0.27832, 0.12207, -0.00528584, 0.280273, 0.12207, -0.00491166, 
        0.266602, 0.124023, -0.00581385, 0.268555, 0.124023, -0.00573003, 0.270508, 0.124023, -0.00561338, 0.272461, 0.124023, -0.00546564, 0.274414, 0.124023, -0.00528946, 0.276367, 0.124023, -0.00508833, 0.27832, 0.124023, -0.00486647, 0.280273, 0.124023, -0.00462861
    ]
}
