{
    "level": 1,
    "idx": {"x": 18, "y": 8},
    "dim": {"x": 16, "y": 16},
    "offset": {"x": 0.563477, "y": 0.250977},
    "cellSize": {"x": 0.00195312, "y": 0.00195312},
    "vertices": [
        0.563477, 0.250977, 0.0217717, 0.56543, 0.250977, 0.0231269, 0.567383, 0.250977, 0.024101, 0.569336, 0.250977, 0.0245129, 0.571289, 0.250977, 0.0242664, 0.573242, 0.250977, 0.0233653, 0.575195, 0.250977, 0.0219127, 0.577148, 0.250977, 0.0200953, 0.579102, 0.250977, 0.0181548, 0.581055, 0.250977, 0.0163514, 0.583008, 0.250977, 0.0149239, 0.584961, 0.250977, 0.0140532, 0.586914, 0.250977, 0.0138351, 0.588867, 0.250977, 0.0142653, 0.59082, 0.250977, 0.0152405, 0.592773, 0.250977, 0.0165736, 
        0.563477, 0.25293, 0.0248687, 0.56543, 0.25293, 0.0301363, 0.567383, 0.25293, 0.0340791, 0.569336, 0.25293, 0.0360619, 0.571289, 0.25293, 0.0357476, 0.573242, 0.25293, 0.0331489, 0.575195, 0.25293, 0.0286265, 0.577148, 0.25293, 0.0228339, 0.579102, 0.25293, 0.016618, 0.581055, 0.25293, 0.0108894, 0.583008, 0.25293, 0.00648432, 0.584961, 0.25293, 0.00403641, 0.586914, 0.25293, 0.0038805, 0.588867, 0.25293, 0.00600139, 0.59082, 0.25293, 0.0100362, 0.592773, 0.25293, 0.0153299, 
        0.563477, 0.254883, 0.0275085, 0.56543, 0.254883, 0.0358512, 0.567383, 0.254883, 0.0421269, 0.569336, 0.254883, 0.0453431, 0.571289, 0.254883, 0.0449732, 0.573242, 0.254883, 0.0410371, 0.575195, 0.254883, 0.0340979, 0.577148, 0.254883, 0.0251766, 0.579102, 0.254883, 0.0155955, 0.581055, 0.254883, 0.0067774, 0.583008, 0.254883, 2.80273e-05, 0.584961, 0.254883, -0.00366281, 0.586914, 0.254883, -0.0037722, 0.588867, 0.254883, -0.000323991, 0.59082, 0.254883, 0.00611494, 0.592773, 0.254883, 0.0145212, 
        0.563477, 0.256836, 0.0294199, 0.56543, 0.256836, 0.0395301, 0.567383, 0.256836, 0.0471457, 0.569336, 0.256836, 0.0510683, 0.571289, 0.256836, 0.0506622, 0.573242, 0.256836, 0.0459514, 0.575195, 0.256836, 0.0376158, 0.577148, 0.256836, 0.0268876, 0.579102, 0.256836, 0.0153636, 0.581055, 0.256836, 0.00476122, 0.583008, 0.256836, -0.00334314, 0.584961, 0.256836, -0.00775457, 0.586914, 0.256836, -0.00784178, 0.588867, 0.256836, -0.00363361, 0.59082, 0.256836, 0.00418553, 0.592773, 0.256836, 0.0143801, 
        0.563477, 0.258789, 0.0304468, 0.56543, 0.258789, 0.040746, 0.567383, 0.258789, 0.0485026, 0.569336, 0.258789, 0.0524955, 0.571289, 0.258789, 0.0520767, 0.573242, 0.258789, 0.0472706, 0.575195, 0.258789, 0.0387702, 0.577148, 0.258789, 0.0278315, 0.579102, 0.258789, 0.0160815, 0.581055, 0.258789, 0.00527074, 0.583008, 0.258789, -0.00299421, 0.584961, 0.258789, -0.00749555, 0.586914, 0.258789, -0.00758992, 0.588867, 0.258789, -0.00330669, 0.59082, 0.258789, 0.00465662, 0.592773, 0.258789, 0.0150409, 
        0.563477, 0.260742, 0.0305723, 0.56543, 0.260742, 0.0394516, 0.567383, 0.260742, 0.0461276, 0.569336, 0.260742, 0.0495423, 0.571289, 0.260742, 0.0491347, 0.573242, 0.260742, 0.0449258, 0.575195, 0.260742, 0.0375161, 0.577148, 0.260742, 0.0279933, 0.579102, 0.260742, 0.0177673, 0.581055, 0.260742, 0.00835428, 0.583008, 0.260742, 0.00114603, 0.584961, 0.260742, -0.00280248, 0.586914, 0.260742, -0.0029339, 0.588867, 0.260742, 0.000726372, 0.59082, 0.260742, 0.00757414, 0.592773, 0.260742, 0.0165187, 
        0.563477, 0.262695, 0.0299211, 0.56543, 0.262695, 0.0359869, 0.567383, 0.262695, 0.0405238, 0.569336, 0.262695, 0.0427988, 0.571289, 0.262695, 0.042423, 0.573242, 0.262695, 0.0394111, 0.575195, 0.262695, 0.0341793, 0.577148, 0.262695, 0.0274817, 0.579102, 0.262695, 0.0202954, 0.581055, 0.262695, 0.0136714, 0.583008, 0.262695, 0.00857423, 0.584961, 0.262695, 0.00573528, 0.586914, 0.262695, 0.00554088, 0.588867, 0.262695, 0.00797348, 0.59082, 0.262695, 0.0126144, 0.592773, 0.262695, 0.0187078, 
        0.563477, 0.264648, 0.0287408, 0.56543, 0.264648, 0.0310269, 0.567383, 0.264648, 0.0326911, 0.569336, 0.264648, 0.0334369, 0.571289, 0.264648, 0.0331071, 0.573242, 0.264648, 0.0317079, 0.575195, 0.264648, 0.0294077, 0.577148, 0.264648, 0.0265118, 0.579102, 0.264648, 0.0234157, 0.581055, 0.264648, 0.0205448, 0.583008, 0.264648, 0.0182895, 0.584961, 0.264648, 0.0169459, 0.586914, 0.264648, 0.0166704, 0.588867, 0.264648, 0.0174561, 0.59082, 0.264648, 0.0191337, 0.592773, 0.264648, 0.0213976, 
        0.563477, 0.266602, 0.0273639, 0.56543, 0.266602, 0.0254794, 0.567383, 0.266602, 0.0239739, 0.569336, 0.266602, 0.0230328, 0.571289, 0.266602, 0.0227546, 0.573242, 0.266602, 0.0231359, 0.575195, 0.266602, 0.024072, 0.577148, 0.266602, 0.0253726, 0.579102, 0.266602, 0.0267915, 0.581055, 0.266602, 0.0280636, 0.583008, 0.266602, 0.0289456, 0.584961, 0.266602, 0.0292531, 0.586914, 0.266602, 0.028889, 0.588867, 0.266602, 0.027858, 0.59082, 0.266602, 0.0262661, 0.592773, 0.266602, 0.0243044, 
        0.563477, 0.268555, 0.0261575, 0.56543, 0.268555, 0.0203458, 0.567383, 0.268555, 0.0158554, 0.569336, 0.268555, 0.0133254, 0.571289, 0.268555, 0.0130948, 0.573242, 0.268555, 0.0151514, 0.575195, 0.268555, 0.019133, 0.577148, 0.268555, 0.0243833, 0.579102, 0.268555, 0.0300515, 0.581055, 0.268555, 0.0352227, 0.583008, 0.268555, 0.0390571, 0.584961, 0.268555, 0.040918, 0.586914, 0.268555, 0.0404694, 0.588867, 0.268555, 0.0377271, 0.59082, 0.268555, 0.0330562, 0.592773, 0.268555, 0.0271155, 
        0.563477, 0.270508, 0.025467, 0.56543, 0.270508, 0.0165691, 0.567383, 0.270508, 0.00973234, 0.569336, 0.270508, 0.00595191, 0.571289, 0.270508, 0.00575598, 0.573242, 0.270508, 0.00912517, 0.575195, 0.270508, 0.0154954, 0.577148, 0.270508, 0.0238441, 0.579102, 0.270508, 0.0328461, 0.581055, 0.270508, 0.041076, 0.583008, 0.270508, 0.0472256, 0.584961, 0.270508, 0.0503032, 0.586914, 0.270508, 0.0497853, 0.588867, 0.270508, 0.0456961, 0.59082, 0.270508, 0.0386044, 0.592773, 0.270508, 0.0295363, 
        0.563477, 0.272461, 0.0255638, 0.56543, 0.272461, 0.0148898, 0.567383, 0.272461, 0.00670131, 0.569336, 0.272461, 0.00219809, 0.571289, 0.272461, 0.00201677, 0.573242, 0.272461, 0.00613394, 0.575195, 0.272461, 0.0138696, 0.577148, 0.272461, 0.0239909, 0.579102, 0.272461, 0.0349006, 0.581055, 0.272461, 0.0448803, 0.583008, 0.272461, 0.0523529, 0.584961, 0.272461, 0.056123, 0.586914, 0.272461, 0.0555594, 0.588867, 0.272461, 0.0506914, 0.59082, 0.272461, 0.0422045, 0.592773, 0.272461, 0.0313355, 
        0.563477, 0.274414, 0.0266039, 0.56543, 0.274414, 0.0157329, 0.567383, 0.274414, 0.00739182, 0.569336, 0.274414, 0.00280186, 0.571289, 0.274414, 0.00261108, 0.573242, 0.274414, 0.00679562, 0.575195, 0.274414, 0.0146633, 0.577148, 0.274414, 0.0249594, 0.579102, 0.274414, 0.0360577, 0.581055, 0.274414, 0.0462094, 0.583008, 0.274414, 0.0538091, 0.584961, 0.274414, 0.0576399, 0.586914, 0.274414, 0.0570593, 0.588867, 0.274414, 0.0520972, 0.59082, 0.274414, 0.0434513, 0.592773, 0.274414, 0.0323807, 
        0.563477, 0.276367, 0.0286041, 0.56543, 0.276367, 0.0191435, 0.567383, 0.276367, 0.0118704, 0.569336, 0.276367, 0.00784115, 0.571289, 0.276367, 0.00761639, 0.573242, 0.276367, 0.0111755, 0.575195, 0.276367, 0.0179199, 0.577148, 0.276367, 0.026764, 0.579102, 0.276367, 0.0363014, 0.581055, 0.276367, 0.045019, 0.583008, 0.276367, 0.0515282, 0.584961, 0.276367, 0.0547766, 0.586914, 0.276367, 0.0542082, 0.588867, 0.276367, 0.049849, 0.59082, 0.276367, 0.0423026, 0.592773, 0.276367, 0.0326582, 
        0.563477, 0.27832, 0.0314392, 0.56543, 0.27832, 0.0247797, 0.567383, 0.27832, 0.0196303, 0.569336, 0.27832, 0.0167218, 0.571289, 0.27832, 0.0164418, 0.573242, 0.27832, 0.0187762, 0.575195, 0.27832, 0.0233112, 0.577148, 0.27832, 0.0292962, 0.579102, 0.27832, 0.0357589, 0.581055, 0.27832, 0.0416532, 0.583008, 0.27832, 0.0460189, 0.584961, 0.27832, 0.0481283, 0.586914, 0.27832, 0.0475973, 0.588867, 0.27832, 0.0444439, 0.59082, 0.27832, 0.0390855, 0.592773, 0.27832, 0.0322754, 
