{
    "level": 1,
    "idx": {"x": 19, "y": 40},
    "dim": {"x": 8, "y": 8},
    "offset": {"x": 0.297852, "y": 0.625977},
    "cellSize": {"x": 0.00195312, "y": 0.00195312},
    "vertices": [
        0.297852, 0.625977, 0.0333649, 0.299805, 0.625977, 0.034197, 0.301758, 0.625977, 0.0350551, 0.303711, 0.625977, 0.0359389, 0.305664, 0.625977, 0.0368478, 0.307617, 0.625977, 0.037781, 0.30957, 0.625977, 0.0387373, 0.311523, 0.625977, 0.0397154, 
        0.297852, 0.62793, 0.0319175, 0.299805, 0.62793, 0.0327541, 0.301758, 0.62793, 0.0336436, 0.303711, 0.62793, 0.034584, 0.305664, 0.62793, 0.0355719, 0.307617, 0.62793, 0.0366028, 0.30957, 0.62793, 0.0376712, 0.311523, 0.62793, 0.0387711, 
        0.297852, 0.629883, 0.0305053, 0.299805, 0.629883, 0.0313458, 0.301758, 0.629883, 0.0322648, 0.303711, 0.629883, 0.0332584, 0.305664, 0.629883, 0.0343208, 0.307617, 0.629883, 0.035444, 0.30957, 0.629883, 0.0366186, 0.311523, 0.629883, 0.0378336, 
        0.297852, 0.631836, 0.0291551, 0.299805, 0.631836, 0.0299983, 0.301758, 0.631836, 0.030943, 0.303711, 0.631836, 0.0319841, 0.305664, 0.631836, 0.0331132, 0.307617, 0.631836, 0.0343193, 0.30957, 0.631836, 0.0355892, 0.311523, 0.631836, 0.0369077, 
        0.297852, 0.633789, 0.0278914, 0.299805, 0.633789, 0.0287354, 0.301758, 0.633789, 0.0297008, 0.303711, 0.633789, 0.0307811, 0.305664, 0.633789, 0.031966, 0.307617, 0.633789, 0.0332418, 0.30957, 0.633789, 0.034592, 0.311523, 0.633789, 0.0359978, 
        0.297852, 0.635742, 0.0267355, 0.299805, 0.635742, 0.0275778, 0.301758, 0.635742, 0.0285574, 0.303711, 0.635742, 0.0296667, 0.305664, 0.635742, 0.0308938, 0.307617, 0.635742, 0.0322229, 0.30957, 0.635742, 0.0336348, 0.311523, 0.635742, 0.035108, 
        0.297852, 0.637695, 0.0257041, 0.299805, 0.637695, 0.0265421, 0.301758, 0.637695, 0.0275284, 0.303711, 0.637695, 0.0286549, 0.305664, 0.637695, 0.0299085, 0.307617, 0.637695, 0.0312719, 0.30957, 0.637695, 0.032724, 0.311523, 0.637695, 0.0342413, 
        0.297852, 0.639648, 0.0248095, 0.299805, 0.639648, 0.0256399, 0.301758, 0.639648, 0.0266249, 0.303711, 0.639648, 0.0277556, 0.305664, 0.639648, 0.0290185, 0.307617, 0.639648, 0.0303954, 0.30957, 0.639648, 0.0318642, 0.311523, 0.639648, 0.0334001
    ]
}
