{
    "level": 1,
    "idx": {"x": 1, "y": 9},
    "dim": {"x": 16, "y": 16},
    "offset": {"x": 0.0322266, "y": 0.282227},
    "cellSize": {"x": 0.00195312, "y": 0.00195312},
    "vertices": [
        0.0322266, 0.282227, 0.000480074, 0.0341797, 0.282227, 0.00217558, 0.0361328, 0.282227, 0.00354033, 0.0380859, 0.282227, 0.00436624, 0.0400391, 0.282227, 0.00452741, 0.0419922, 0.282227, 0.00399935, 0.0439453, 0.282227, 0.00286272, 0.0458984, 0.282227, 0.001291, 0.0478516, 0.282227, -0.00047595, 0.0498047, 0.282227, -0.00216849, 0.0517578, 0.282227, -0.00352831, 0.0537109, 0.282227, -0.00434785, 0.0556641, 0.282227, -0.00450195, 0.0576172, 0.282227, -0.00396693, 0.0595703, 0.282227, -0.00282425, 0.0615234, 0.282227, -0.001248, 
        0.0322266, 0.28418, 0.00161633, 0.0341797, 0.28418, 0.0073776, 0.0361328, 0.28418, 0.0120147, 0.0380859, 0.28418, 0.0148203, 0.0400391, 0.28418, 0.0153666, 0.0419922, 0.28418, 0.0135704, 0.0439453, 0.28418, 0.00970575, 0.0458984, 0.28418, 0.00436226, 0.0478516, 0.28418, -0.00164487, 0.0498047, 0.28418, -0.00739922, 0.0517578, 0.28418, -0.0120229, 0.0537109, 0.28418, -0.0148105, 0.0556641, 0.28418, -0.0153367, 0.0576172, 0.28418, -0.013521, 0.0595703, 0.28418, -0.00964023, 0.0615234, 0.28418, -0.0042861, 
        0.0322266, 0.286133, 0.00250707, 0.0341797, 0.286133, 0.0114554, 0.0361328, 0.286133, 0.0186575, 0.0380859, 0.286133, 0.023015, 0.0400391, 0.286133, 0.0238633, 0.0419922, 0.286133, 0.021073, 0.0439453, 0.286133, 0.0150699, 0.0458984, 0.286133, 0.00676984, 0.0478516, 0.286133, -0.00256105, 0.0498047, 0.286133, -0.0114994, 0.0517578, 0.286133, -0.0186815, 0.0537109, 0.286133, -0.0230119, 0.0556641, 0.286133, -0.0238297, 0.0576172, 0.286133, -0.0210101, 0.0595703, 0.286133, -0.014983, 0.0615234, 0.286133, -0.00666743, 
        0.0322266, 0.288086, 0.00301646, 0.0341797, 0.288086, 0.013787, 0.0361328, 0.288086, 0.0224557, 0.0380859, 0.288086, 0.0277005, 0.0400391, 0.288086, 0.0287214, 0.0419922, 0.288086, 0.0253628, 0.0439453, 0.288086, 0.0181371, 0.0458984, 0.288086, 0.00814656, 0.0478516, 0.288086, -0.0030847, 0.0498047, 0.288086, -0.0138434, 0.0517578, 0.288086, -0.0224884, 0.0537109, 0.288086, -0.0277008, 0.0556641, 0.288086, -0.0286854, 0.0576172, 0.288086, -0.0252917, 0.0595703, 0.288086, -0.0180374, 0.0615234, 0.288086, -0.00802866, 
        0.0322266, 0.290039, 0.00306683, 0.0341797, 0.290039, 0.0140168, 0.0361328, 0.290039, 0.0228299, 0.0380859, 0.290039, 0.0281621, 0.0400391, 0.290039, 0.0291999, 0.0419922, 0.290039, 0.0257854, 0.0439453, 0.290039, 0.0184393, 0.0458984, 0.290039, 0.00828245, 0.0478516, 0.290039, -0.00313586, 0.0498047, 0.290039, -0.0140738, 0.0517578, 0.290039, -0.0228627, 0.0537109, 0.290039, -0.0281619, 0.0556641, 0.290039, -0.0291629, 0.0576172, 0.290039, -0.0257127, 0.0595703, 0.290039, -0.0183375, 0.0615234, 0.290039, -0.00816203, 
        0.0322266, 0.291992, 0.00265053, 0.0341797, 0.291992, 0.0121097, 0.0361328, 0.291992, 0.0197231, 0.0380859, 0.291992, 0.0243293, 0.0400391, 0.291992, 0.025226, 0.0419922, 0.291992, 0.0222765, 0.0439453, 0.291992, 0.0159308, 0.0458984, 0.291992, 0.00715688, 0.0478516, 0.291992, -0.00270667, 0.0498047, 0.291992, -0.0121552, 0.0517578, 0.291992, -0.0197474, 0.0537109, 0.291992, -0.0243249, 0.0556641, 0.291992, -0.0251893, 0.0576172, 0.291992, -0.0222087, 0.0595703, 0.291992, -0.0158374, 0.0615234, 0.291992, -0.0070471, 
        0.0322266, 0.293945, 0.0018311, 0.0341797, 0.293945, 0.00835676, 0.0361328, 0.293945, 0.0136091, 0.0380859, 0.293945, 0.0167869, 0.0400391, 0.293945, 0.0174058, 0.0419922, 0.293945, 0.0153713, 0.0439453, 0.293945, 0.010994, 0.0458984, 0.293945, 0.00494156, 0.0478516, 0.293945, -0.00186252, 0.0498047, 0.293945, -0.00838029, 0.0517578, 0.293945, -0.0136174, 0.0537109, 0.293945, -0.0167748, 0.0556641, 0.293945, -0.0173707, 0.0576172, 0.293945, -0.0153141, 0.0595703, 0.293945, -0.0109184, 0.0615234, 0.293945, -0.00485381, 
        0.0322266, 0.295898, 0.000733582, 0.0341797, 0.295898, 0.00333043, 0.0361328, 0.295898, 0.00542066, 0.0380859, 0.295898, 0.00668554, 0.0400391, 0.295898, 0.00693224, 0.0419922, 0.295898, 0.00612325, 0.0439453, 0.295898, 0.0043821, 0.0458984, 0.295898, 0.00197451, 0.0478516, 0.295898, -0.000732118, 0.0498047, 0.295898, -0.00332479, 0.0517578, 0.295898, -0.00540785, 0.0537109, 0.295898, -0.00666339, 0.0556641, 0.295898, -0.0068997, 0.0576172, 0.295898, -0.00608053, 0.0595703, 0.295898, -0.00433061, 0.0615234, 0.295898, -0.00191663, 
        0.0322266, 0.297852, -0.000474583, 0.0341797, 0.297852, -0.00220255, 0.0361328, 0.297852, -0.00359312, 0.0380859, 0.297852, -0.00443408, 0.0400391, 0.297852, -0.00459704, 0.0419922, 0.297852, -0.00405701, 0.0439453, 0.297852, -0.00289623, 0.0458984, 0.297852, -0.00129163, 0.0478516, 0.297852, 0.00051219, 0.0498047, 0.297852, 0.00224025, 0.0517578, 0.297852, 0.00362914, 0.0537109, 0.297852, 0.00446718, 0.0556641, 0.297852, 0.00462674, 0.0576172, 0.297852, 0.0040837, 0.0595703, 0.297852, 0.00292111, 0.0615234, 0.297852, 0.00131655, 
        0.0322266, 0.299805, -0.00160908, 0.0341797, 0.299805, -0.00739823, 0.0361328, 0.299805, -0.0120574, 0.0380859, 0.299805, -0.0148758, 0.0400391, 0.299805, -0.0154235, 0.0419922, 0.299805, -0.0136167, 0.0439453, 0.299805, -0.00973086, 0.0458984, 0.299805, -0.00435864, 0.0478516, 0.299805, 0.00168069, 0.0498047, 0.299805, 0.0074661, 0.0517578, 0.299805, 0.0121153, 0.0537109, 0.299805, 0.0149193, 0.0556641, 0.299805, 0.0154506, 0.0576172, 0.299805, 0.0136284, 0.0595703, 0.299805, 0.00973084, 0.0615234, 0.299805, 0.00435271, 
        0.0322266, 0.301758, -0.00249679, 0.0341797, 0.301758, -0.0114639, 0.0361328, 0.301758, -0.0186809, 0.0380859, 0.301758, -0.0230468, 0.0400391, 0.301758, -0.0238954, 0.0419922, 0.301758, -0.0210973, 0.0439453, 0.301758, -0.0150791, 0.0458984, 0.301758, -0.00675857, 0.0478516, 0.301758, 0.00259519, 0.0498047, 0.301758, 0.0115556, 0.0517578, 0.301758, 0.0187561, 0.0537109, 0.301758, 0.0230985, 0.0556641, 0.301758, 0.0239208, 0.0576172, 0.301758, 0.0210976, 0.0595703, 0.301758, 0.0150598, 0.0615234, 0.301758, 0.00672879, 
        0.0322266, 0.303711, -0.00300228, 0.0341797, 0.303711, -0.0137795, 0.0361328, 0.303711, -0.0224534, 0.0380859, 0.303711, -0.0277006, 0.0400391, 0.303711, -0.0287207, 0.0419922, 0.303711, -0.0253579, 0.0439453, 0.303711, -0.0181251, 0.0458984, 0.303711, -0.00812529, 0.0478516, 0.303711, 0.00311629, 0.0498047, 0.303711, 0.0138851, 0.0517578, 0.303711, 0.0225388, 0.0537109, 0.303711, 0.0277575, 0.0556641, 0.303711, 0.0287455, 0.0576172, 0.303711, 0.0253521, 0.0595703, 0.303711, 0.0180955, 0.0615234, 0.303711, 0.00808251, 
        0.0322266, 0.305664, -0.00304841, 0.0341797, 0.305664, -0.0139917, 0.0361328, 0.305664, -0.0227992, 0.0380859, 0.305664, -0.0281273, 0.0400391, 0.305664, -0.0291631, 0.0419922, 0.305664, -0.0257485, 0.0439453, 0.305664, -0.0184042, 0.0458984, 0.305664, -0.00825028, 0.0478516, 0.305664, 0.00316458, 0.0498047, 0.305664, 0.0140994, 0.0517578, 0.305664, 0.0228865, 0.0537109, 0.305664, 0.0281856, 0.0556641, 0.305664, 0.0291888, 0.0576172, 0.305664, 0.0257432, 0.0595703, 0.305664, 0.0183747, 0.0615234, 0.305664, 0.0082075, 
        0.0322266, 0.307617, -0.00262808, 0.0341797, 0.307617, -0.0120682, 0.0361328, 0.307617, -0.0196658, 0.0380859, 0.307617, -0.0242618, 0.0400391, 0.307617, -0.0251552, 0.0419922, 0.307617, -0.0222095, 0.0439453, 0.307617, -0.0158738, 0.0458984, 0.307617, -0.00711438, 0.0478516, 0.307617, 0.00273277, 0.0498047, 0.307617, 0.0121659, 0.0517578, 0.307617, 0.0197462, 0.0537109, 0.307617, 0.0243177, 0.0556641, 0.307617, 0.0251834, 0.0576172, 0.307617, 0.0222113, 0.0595703, 0.307617, 0.0158552, 0.0615234, 0.307617, 0.00708484, 
