{
    "level": 1,
    "idx": {"x": 1, "y": 34},
    "dim": {"x": 8, "y": 8},
    "offset": {"x": 0.0166016, "y": 0.532227},
    "cellSize": {"x": 0.00195312, "y": 0.00195312},
    "vertices": [
        0.0166016, 0.532227, -0.00140026, 0.0185547, 0.532227, -0.00154284, 0.0205078, 0.532227, -0.00167606, 0.0224609, 0.532227, -0.00180016, 0.0244141, 0.532227, -0.00191561, 0.0263672, 0.532227, -0.00202315, 0.0283203, 0.532227, -0.00212372, 0.0302734, 0.532227, -0.00221842, 
        0.0166016, 0.53418, -0.00218987, 0.0185547, 0.53418, -0.0023262, 0.0205078, 0.53418, -0.00242575, 0.0224609, 0.53418, -0.00249031, 0.0244141, 0.53418, -0.00252297, 0.0263672, 0.53418, -0.00252793, 0.0283203, 0.53418, -0.00251034, 0.0302734, 0.53418, -0.00247613, 
        0.0166016, 0.536133, -0.00294235, 0.0185547, 0.536133, -0.00307292, 0.0205078, 0.536133, -0.0031406, 0.0224609, 0.536133, -0.00314872, 0.0244141, 0.536133, -0.00310281, 0.0263672, 0.536133, -0.00301035, 0.0283203, 0.536133, -0.00288054, 0.0302734, 0.536133, -0.00272388, 
        0.0166016, 0.538086, -0.0036311, 0.0185547, 0.538086, -0.00375689, 0.0205078, 0.538086, -0.00379604, 0.0224609, 0.538086, -0.00375325, 0.0244141, 0.538086, -0.00363627, 0.0263672, 0.538086, -0.0034556, 0.0283203, 0.538086, -0.00322408, 0.0302734, 0.538086, -0.00295641, 
        0.0166016, 0.540039, -0.00423192, 0.0185547, 0.540039, -0.00435438, 0.0205078, 0.540039, -0.0043697, 0.0224609, 0.540039, -0.00428375, 0.0244141, 0.540039, -0.00410622, 0.0263672, 0.540039, -0.00385019, 0.0283203, 0.540039, -0.00353166, 0.0302734, 0.540039, -0.00316892, 
        0.0166016, 0.541992, -0.00472388, 0.0185547, 0.541992, -0.00484486, 0.0205078, 0.541992, -0.00484223, 0.0224609, 0.541992, -0.00472282, 0.0244141, 0.541992, -0.00449784, 0.0263672, 0.541992, -0.00418246, 0.0283203, 0.541992, -0.00379522, 0.0302734, 0.541992, -0.00335728, 
        0.0166016, 0.543945, -0.00509021, 0.0185547, 0.543945, -0.00521187, 0.0205078, 0.543945, -0.00519812, 0.0224609, 0.543945, -0.00505647, 0.0244141, 0.543945, -0.00479922, 0.0263672, 0.543945, -0.00444304, 0.0283203, 0.543945, -0.00400826, 0.0302734, 0.543945, -0.00351812, 
        0.0166016, 0.545898, -0.00531888, 0.0185547, 0.545898, -0.00544361, 0.0205078, 0.545898, -0.00542625, 0.0224609, 0.545898, -0.00527468, 0.0244141, 0.545898, -0.00500184, 0.0263672, 0.545898, -0.0046252, 0.0283203, 0.545898, -0.00416613, 0.0302734, 0.545898, -0.003649
    ]
}
