{
    "level": 1,
    "idx": {"x": 1, "y": 18},
    "dim": {"x": 16, "y": 16},
    "offset": {"x": 0.0322266, "y": 0.563477},
    "cellSize": {"x": 0.00195312, "y": 0.00195312},
    "vertices": [
        0.0322266, 0.563477, 0.000679199, 0.0341797, 0.563477, 0.00297957, 0.0361328, 0.563477, 0.00483177, 0.0380859, 0.563477, 0.00595376, 0.0400391, 0.563477, 0.00617489, 0.0419922, 0.563477, 0.005462, 0.0439453, 0.563477, 0.0039244, 0.0458984, 0.563477, 0.00179727, 0.0478516, 0.563477, -0.000594266, 0.0498047, 0.563477, -0.00288469, 0.0517578, 0.563477, -0.00472387, 0.0537109, 0.563477, -0.00583044, 0.0556641, 0.563477, -0.00603474, 0.0576172, 0.563477, -0.00530466, 0.0595703, 0.563477, -0.00375058, 0.0615234, 0.563477, -0.00160846, 
        0.0322266, 0.56543, 0.0017902, 0.0341797, 0.56543, 0.00806806, 0.0361328, 0.56543, 0.0131215, 0.0380859, 0.56543, 0.0161802, 0.0400391, 0.56543, 0.0167781, 0.0419922, 0.56543, 0.0148245, 0.0439453, 0.56543, 0.010618, 0.0458984, 0.56543, 0.00480089, 0.0478516, 0.56543, -0.00173888, 0.0498047, 0.56543, -0.00800306, 0.0517578, 0.56543, -0.0130354, 0.0537109, 0.56543, -0.0160674, 0.0556641, 0.56543, -0.0166358, 0.0576172, 0.56543, -0.0146529, 0.0595703, 0.56543, -0.0104203, 0.0615234, 0.56543, -0.00458237, 
        0.0322266, 0.567383, 0.00263376, 0.0341797, 0.567383, 0.0119319, 0.0361328, 0.567383, 0.0194163, 0.0380859, 0.567383, 0.0239456, 0.0400391, 0.567383, 0.0248295, 0.0419922, 0.567383, 0.0219338, 0.0439453, 0.567383, 0.0157007, 0.0458984, 0.567383, 0.00708155, 0.0478516, 0.567383, -0.00260823, 0.0498047, 0.567383, -0.0118899, 0.0517578, 0.567383, -0.019347, 0.0537109, 0.567383, -0.0238411, 0.0556641, 0.567383, -0.024686, 0.0576172, 0.567383, -0.0217519, 0.0595703, 0.567383, -0.0154852, 0.0615234, 0.567383, -0.00684092, 
        0.0322266, 0.569336, 0.00308113, 0.0341797, 0.569336, 0.0139818, 0.0361328, 0.569336, 0.0227558, 0.0380859, 0.569336, 0.0280654, 0.0400391, 0.569336, 0.0291011, 0.0419922, 0.569336, 0.0257055, 0.0439453, 0.569336, 0.0183971, 0.0458984, 0.569336, 0.00829127, 0.0478516, 0.569336, -0.00306981, 0.0498047, 0.569336, -0.0139525, 0.0517578, 0.569336, -0.0226961, 0.0537109, 0.569336, -0.027966, 0.0556641, 0.569336, -0.0289576, 0.0576172, 0.569336, -0.0255188, 0.0595703, 0.569336, -0.018173, 0.0615234, 0.569336, -0.00803977, 
        0.0322266, 0.571289, 0.00306402, 0.0341797, 0.571289, 0.0139048, 0.0361328, 0.571289, 0.0226307, 0.0380859, 0.571289, 0.0279111, 0.0400391, 0.571289, 0.0289412, 0.0419922, 0.571289, 0.0255642, 0.0439453, 0.571289, 0.0182958, 0.0458984, 0.571289, 0.00824544, 0.0478516, 0.571289, -0.00305332, 0.0498047, 0.571289, -0.0138763, 0.0517578, 0.571289, -0.0225719, 0.0537109, 0.571289, -0.027813, 0.0556641, 0.571289, -0.0287992, 0.0576172, 0.571289, -0.0253792, 0.0595703, 0.571289, -0.0180738, 0.0615234, 0.571289, -0.00799623, 
        0.0322266, 0.573242, 0.00258497, 0.0341797, 0.573242, 0.0117127, 0.0361328, 0.573242, 0.0190599, 0.0380859, 0.573242, 0.0235062, 0.0400391, 0.573242, 0.0243739, 0.0419922, 0.573242, 0.0215312, 0.0439453, 0.573242, 0.0154122, 0.0458984, 0.573242, 0.00695092, 0.0478516, 0.573242, -0.00256137, 0.0498047, 0.573242, -0.0116731, 0.0517578, 0.573242, -0.0189936, 0.0537109, 0.573242, -0.0234055, 0.0556641, 0.573242, -0.024235, 0.0576172, 0.573242, -0.0213546, 0.0595703, 0.573242, -0.0152029, 0.0615234, 0.573242, -0.0067171, 
        0.0322266, 0.575195, 0.001717, 0.0341797, 0.575195, 0.00773982, 0.0361328, 0.575195, 0.012588, 0.0380859, 0.575195, 0.0155224, 0.0400391, 0.575195, 0.0160959, 0.0419922, 0.575195, 0.0142216, 0.0439453, 0.575195, 0.010186, 0.0458984, 0.575195, 0.00460507, 0.0478516, 0.575195, -0.00166913, 0.0498047, 0.575195, -0.00767893, 0.0517578, 0.575195, -0.0125069, 0.0537109, 0.575195, -0.0154159, 0.0556641, 0.575195, -0.0159613, 0.0576172, 0.575195, -0.014059, 0.0595703, 0.575195, -0.00999836, 0.0615234, 0.575195, -0.00439768, 
        0.0322266, 0.577148, 0.000592445, 0.0341797, 0.577148, 0.00259207, 0.0361328, 0.577148, 0.00420216, 0.0380859, 0.577148, 0.00517756, 0.0400391, 0.577148, 0.00536996, 0.0419922, 0.577148, 0.00475053, 0.0439453, 0.577148, 0.00341429, 0.0458984, 0.577148, 0.00156565, 0.0478516, 0.577148, -0.000512798, 0.0498047, 0.577148, -0.00250334, 0.0517578, 0.577148, -0.00410165, 0.0537109, 0.577148, -0.00506316, 0.0556641, 0.577148, -0.00524039, 0.0576172, 0.577148, -0.00460546, 0.0595703, 0.577148, -0.00325428, 0.0615234, 0.577148, -0.00139196, 
        0.0322266, 0.579102, -0.000617228, 0.0341797, 0.579102, -0.00294541, 0.0361328, 0.579102, -0.00481855, 0.0380859, 0.579102, -0.00595047, 0.0400391, 0.579102, -0.00616806, 0.0419922, 0.579102, -0.00543763, 0.0439453, 0.579102, -0.00387005, 0.0458984, 0.579102, -0.00170386, 0.0478516, 0.579102, 0.000731128, 0.0498047, 0.579102, 0.00306416, 0.0517578, 0.579102, 0.00494007, 0.0537109, 0.579102, 0.00607346, 0.0556641, 0.579102, 0.00629225, 0.0576172, 0.579102, 0.00556393, 0.0595703, 0.579102, 0.0040005, 0.0615234, 0.579102, 0.00184141, 
        0.0322266, 0.581055, -0.00172757, 0.0341797, 0.581055, -0.00802804, 0.0361328, 0.581055, -0.0130983, 0.0380859, 0.581055, -0.0161644, 0.0400391, 0.581055, -0.0167583, 0.0419922, 0.581055, -0.0147889, 0.0439453, 0.581055, -0.0105561, 0.0458984, 0.581055, -0.00470485, 0.0478516, 0.581055, 0.00187279, 0.0498047, 0.581055, 0.00817422, 0.0517578, 0.581055, 0.0132389, 0.0537109, 0.581055, 0.0162951, 0.0556641, 0.581055, 0.0168774, 0.0576172, 0.581055, 0.0148978, 0.0595703, 0.581055, 0.0106592, 0.0615234, 0.581055, 0.00480905, 
        0.0322266, 0.583008, -0.00256927, 0.0341797, 0.583008, -0.0118806, 0.0361328, 0.583008, -0.0193741, 0.0380859, 0.583008, -0.0239063, 0.0400391, 0.583008, -0.0247855, 0.0419922, 0.583008, -0.021877, 0.0439453, 0.583008, -0.015624, 0.0458984, 0.583008, -0.00697967, 0.0478516, 0.583008, 0.00273794, 0.0498047, 0.583008, 0.0120473, 0.0517578, 0.583008, 0.019529, 0.0537109, 0.583008, 0.0240425, 0.0556641, 0.583008, 0.0249003, 0.0576172, 0.583008, 0.0219723, 0.0595703, 0.583008, 0.0157059, 0.0615234, 0.583008, 0.00705809, 
        0.0322266, 0.584961, -0.00301402, 0.0341797, 0.584961, -0.0139155, 0.0361328, 0.584961, -0.0226889, 0.0380859, 0.584961, -0.0279954, 0.0400391, 0.584961, -0.0290253, 0.0419922, 0.584961, -0.0256208, 0.0439453, 0.584961, -0.0183009, 0.0458984, 0.584961, -0.00818145, 0.0478516, 0.584961, 0.0031945, 0.0498047, 0.584961, 0.0140924, 0.0517578, 0.584961, 0.0228506, 0.0537109, 0.584961, 0.0281338, 0.0556641, 0.584961, 0.0291371, 0.0576172, 0.584961, 0.0257081, 0.0595703, 0.584961, 0.0183708, 0.0615234, 0.584961, 0.00824531, 
        0.0322266, 0.586914, -0.00299404, 0.0341797, 0.586914, -0.0138225, 0.0361328, 0.586914, -0.022537, 0.0380859, 0.586914, -0.027808, 0.0400391, 0.586914, -0.028831, 0.0419922, 0.586914, -0.0254494, 0.0439453, 0.586914, -0.0181785, 0.0458984, 0.586914, -0.00812697, 0.0478516, 0.586914, 0.00317268, 0.0498047, 0.586914, 0.0139975, 0.0517578, 0.586914, 0.0226969, 0.0537109, 0.586914, 0.0279447, 0.0556641, 0.586914, 0.0289412, 0.0576172, 0.586914, 0.0255352, 0.0595703, 0.586914, 0.018247, 0.0615234, 0.586914, 0.00818938, 
        0.0322266, 0.588867, -0.00251243, 0.0341797, 0.588867, -0.0116157, 0.0361328, 0.588867, -0.0189418, 0.0380859, 0.588867, -0.0233728, 0.0400391, 0.588867, -0.0242323, 0.0419922, 0.588867, -0.0213889, 0.0439453, 0.588867, -0.0152757, 0.0458984, 0.588867, -0.00682465, 0.0478516, 0.588867, 0.00267572, 0.0498047, 0.588867, 0.0117769, 0.0517578, 0.588867, 0.0190913, 0.0537109, 0.588867, 0.0235039, 0.0556641, 0.588867, 0.0243424, 0.0576172, 0.588867, 0.0214797, 0.0595703, 0.588867, 0.0153534, 0.0615234, 0.588867, 0.00689866, 
