{
    "level": 1,
    "idx": {"x": 21, "y": 18},
    "dim": {"x": 16, "y": 16},
    "offset": {"x": 0.657227, "y": 0.563477},
    "cellSize": {"x": 0.00195312, "y": 0.00195312},
    "vertices": [
        0.657227, 0.563477, 0.0953952, 0.65918, 0.563477, 0.0952722, 0.661133, 0.563477, 0.0946326, 0.663086, 0.563477, 0.0932258, 0.665039, 0.563477, 0.0909228, 0.666992, 0.563477, 0.0877362, 0.668945, 0.563477, 0.0838178, 0.670898, 0.563477, 0.079436, 0.672852, 0.563477, 0.0749346, 0.674805, 0.563477, 0.070681, 0.676758, 0.563477, 0.0670094, 0.678711, 0.563477, 0.0641706, 0.680664, 0.563477, 0.0622933, 0.682617, 0.563477, 0.0613647, 0.68457, 0.563477, 0.0612327, 0.686523, 0.563477, 0.0616287, 
        0.657227, 0.56543, 0.0968472, 0.65918, 0.56543, 0.100544, 0.661133, 0.56543, 0.102778, 0.663086, 0.56543, 0.102865, 0.665039, 0.56543, 0.10045, 0.666992, 0.56543, 0.0955669, 0.668945, 0.56543, 0.0886299, 0.670898, 0.56543, 0.0803709, 0.672852, 0.56543, 0.0717283, 0.674805, 0.56543, 0.0637046, 0.676758, 0.56543, 0.0572122, 0.678711, 0.56543, 0.0529352, 0.680664, 0.56543, 0.0512247, 0.682617, 0.56543, 0.0520457, 0.68457, 0.56543, 0.0549821, 0.686523, 0.56543, 0.0593001, 
        0.657227, 0.567383, 0.0977023, 0.65918, 0.567383, 0.104306, 0.661133, 0.567383, 0.108728, 0.663086, 0.567383, 0.109954, 0.665039, 0.567383, 0.107461, 0.666992, 0.567383, 0.101296, 0.668945, 0.567383, 0.092072, 0.670898, 0.567383, 0.0808744, 0.672852, 0.567383, 0.0690927, 0.674805, 0.567383, 0.0582116, 0.676758, 0.567383, 0.0495824, 0.678711, 0.567383, 0.0442185, 0.680664, 0.567383, 0.04264, 0.682617, 0.567383, 0.0447945, 0.68457, 0.567383, 0.0500659, 0.686523, 0.567383, 0.057367, 
        0.657227, 0.569336, 0.0976831, 0.65918, 0.569336, 0.10584, 0.661133, 0.569336, 0.111435, 0.663086, 0.569336, 0.113278, 0.665039, 0.569336, 0.110753, 0.666992, 0.569336, 0.103919, 0.668945, 0.569336, 0.0934928, 0.670898, 0.569336, 0.0807469, 0.672852, 0.569336, 0.0673102, 0.674805, 0.569336, 0.0549234, 0.676758, 0.569336, 0.0451709, 0.678711, 0.569336, 0.0392403, 0.680664, 0.569336, 0.0377416, 0.682617, 0.569336, 0.0406135, 0.68457, 0.569336, 0.0471332, 0.686523, 0.569336, 0.0560265, 
        0.657227, 0.571289, 0.0966426, 0.65918, 0.571289, 0.104767, 0.661133, 0.571289, 0.110344, 0.663086, 0.571289, 0.112188, 0.665039, 0.571289, 0.10969, 0.666992, 0.571289, 0.102904, 0.668945, 0.571289, 0.0925475, 0.670898, 0.571289, 0.0798829, 0.672852, 0.571289, 0.0665312, 0.674805, 0.571289, 0.0542235, 0.676758, 0.571289, 0.0445353, 0.678711, 0.571289, 0.0386481, 0.680664, 0.571289, 0.0371681, 0.682617, 0.571289, 0.0400346, 0.68457, 0.571289, 0.0465287, 0.686523, 0.571289, 0.0553831, 
        0.657227, 0.573242, 0.0945872, 0.65918, 0.573242, 0.101102, 0.661133, 0.573242, 0.105476, 0.663086, 0.573242, 0.106711, 0.665039, 0.573242, 0.104295, 0.666992, 0.573242, 0.0982735, 0.668945, 0.573242, 0.0892494, 0.670898, 0.573242, 0.078287, 0.672852, 0.573242, 0.0667508, 0.674805, 0.573242, 0.0560981, 0.676758, 0.573242, 0.0476557, 0.678711, 0.573242, 0.0424182, 0.680664, 0.573242, 0.0408962, 0.682617, 0.573242, 0.0430385, 0.68457, 0.573242, 0.04824, 0.686523, 0.573242, 0.0554335, 
        0.657227, 0.575195, 0.0916755, 0.65918, 0.575195, 0.0952526, 0.661133, 0.575195, 0.0974262, 0.663086, 0.575195, 0.0975388, 0.665039, 0.575195, 0.0952515, 0.666992, 0.575195, 0.0905958, 0.668945, 0.575195, 0.083969, 0.670898, 0.575195, 0.0760735, 0.672852, 0.575195, 0.0678096, 0.674805, 0.575195, 0.060139, 0.676758, 0.575195, 0.053937, 0.678711, 0.575195, 0.04986, 0.680664, 0.575195, 0.0482448, 0.682617, 0.575195, 0.0490578, 0.68457, 0.575195, 0.0518999, 0.686523, 0.575195, 0.056067, 
        0.657227, 0.577148, 0.0881945, 0.65918, 0.577148, 0.0879576, 0.661133, 0.577148, 0.0872733, 0.663086, 0.577148, 0.0859238, 0.665039, 0.577148, 0.0837972, 0.666992, 0.577148, 0.0809042, 0.668945, 0.577148, 0.077377, 0.670898, 0.577148, 0.0734488, 0.672852, 0.577148, 0.0694185, 0.674805, 0.577148, 0.0656054, 0.676758, 0.577148, 0.0623002, 0.678711, 0.577148, 0.0597206, 0.680664, 0.577148, 0.0579786, 0.682617, 0.577148, 0.0570633, 0.68457, 0.577148, 0.0568422, 0.686523, 0.577148, 0.0570821, 
        0.657227, 0.579102, 0.0845156, 0.65918, 0.579102, 0.0801743, 0.661133, 0.579102, 0.076414, 0.663086, 0.579102, 0.0734903, 0.665039, 0.579102, 0.071535, 0.666992, 0.579102, 0.0705366, 0.668945, 0.579102, 0.0703421, 0.670898, 0.579102, 0.0706801, 0.672852, 0.579102, 0.0712025, 0.674805, 0.579102, 0.0715376, 0.676758, 0.579102, 0.071347, 0.678711, 0.579102, 0.0703768, 0.680664, 0.579102, 0.0684971, 0.682617, 0.579102, 0.0657212, 0.68457, 0.579102, 0.0622038, 0.686523, 0.579102, 0.0582178, 
        0.657227, 0.581055, 0.0810383, 0.65918, 0.581055, 0.0729323, 0.661133, 0.581055, 0.0663513, 0.663086, 0.581055, 0.061985, 0.665039, 0.581055, 0.0601893, 0.666992, 0.581055, 0.0609322, 0.668945, 0.581055, 0.0637989, 0.670898, 0.581055, 0.0680549, 0.672852, 0.581055, 0.0727583, 0.674805, 0.581055, 0.076903, 0.676758, 0.581055, 0.0795733, 0.678711, 0.581055, 0.0800826, 0.680664, 0.581055, 0.0780785, 0.682617, 0.581055, 0.0735969, 0.68457, 0.581055, 0.067056, 0.686523, 0.581055, 0.0591932, 
        0.657227, 0.583008, 0.0781294, 0.65918, 0.583008, 0.0671767, 0.661133, 0.583008, 0.0584642, 0.663086, 0.583008, 0.0530111, 0.665039, 0.583008, 0.0513428, 0.666992, 0.583008, 0.053412, 0.668945, 0.583008, 0.0586053, 0.670898, 0.583008, 0.0658372, 0.672852, 0.583008, 0.0737157, 0.674805, 0.583008, 0.080754, 0.676758, 0.583008, 0.0855986, 0.678711, 0.583008, 0.087235, 0.680664, 0.583008, 0.0851424, 0.682617, 0.583008, 0.0793736, 0.68457, 0.583008, 0.0705464, 0.686523, 0.583008, 0.0597506, 
        0.657227, 0.584961, 0.0760672, 0.65918, 0.584961, 0.063624, 0.661133, 0.584961, 0.0537986, 0.663086, 0.584961, 0.047784, 0.665039, 0.584961, 0.0461955, 0.666992, 0.584961, 0.0489775, 0.668945, 0.584961, 0.0554116, 0.670898, 0.584961, 0.0642271, 0.672852, 0.584961, 0.0737942, 0.674805, 0.584961, 0.0823723, 0.676758, 0.584961, 0.0883767, 0.678711, 0.584961, 0.0906195, 0.680664, 0.584961, 0.0884911, 0.682617, 0.584961, 0.0820532, 0.68457, 0.584961, 0.0720292, 0.686523, 0.584961, 0.0596948, 
        0.657227, 0.586914, 0.074999, 0.65918, 0.586914, 0.062653, 0.661133, 0.586914, 0.052907, 0.663086, 0.586914, 0.0469462, 0.665039, 0.586914, 0.0453816, 0.666992, 0.586914, 0.0481578, 0.668945, 0.586914, 0.0545617, 0.670898, 0.586914, 0.0633308, 0.672852, 0.586914, 0.0728462, 0.674805, 0.586914, 0.081379, 0.676758, 0.586914, 0.0873552, 0.678711, 0.586914, 0.0895948, 0.680664, 0.586914, 0.0874923, 0.682617, 0.586914, 0.081109, 0.68457, 0.586914, 0.0711635, 0.686523, 0.586914, 0.0589228, 
        0.657227, 0.588867, 0.074919, 0.65918, 0.588867, 0.0642471, 0.661133, 0.588867, 0.0557649, 0.663086, 0.588867, 0.0504688, 0.665039, 0.588867, 0.0488725, 0.666992, 0.588867, 0.0509296, 0.668945, 0.588867, 0.0560406, 0.670898, 0.588867, 0.063144, 0.672852, 0.588867, 0.070879, 0.674805, 0.588867, 0.0777922, 0.676758, 0.588867, 0.0825602, 0.678711, 0.588867, 0.0841911, 0.680664, 0.588867, 0.0821758, 0.682617, 0.588867, 0.0765659, 0.68457, 0.588867, 0.0679656, 0.686523, 0.588867, 0.05744, 
        0.657227, 0.59082, 0.0756688, 0.65918, 0.59082, 0.067997, 0.661133, 0.59082, 0.0617744, 0.663086, 0.59082, 0.0576566, 0.665039, 0.59082, 0.0559819, 0.666992, 0.59082, 0.05672, 0.668945, 0.59082, 0.0594765, 0.670898, 0.59082, 0.0635531, 0.672852, 0.59082, 0.0680545, 0.674805, 0.59082, 0.0720244, 0.676758, 0.59082, 0.0745922, 0.678711, 0.59082, 0.0751053, 0.680664, 0.59082, 0.0732287, 0.682617, 0.59082, 0.0689966, 0.68457, 0.59082, 0.0628064, 0.686523, 0.59082, 0.0553592, 
