{
    "level": 1,
    "idx": {"x": 22, "y": 19},
    "dim": {"x": 16, "y": 16},
    "offset": {"x": 0.688477, "y": 0.594727},
    "cellSize": {"x": 0.00195312, "y": 0.00195312},
    "vertices": [
        0.688477, 0.594727, 0.0512546, 0.69043, 0.594727, 0.0520394, 0.692383, 0.594727, 0.0522861, 0.694336, 0.594727, 0.0517379, 0.696289, 0.594727, 0.0502638, 0.698242, 0.594727, 0.0478781, 0.700195, 0.594727, 0.0447388, 0.702148, 0.594727, 0.0411229, 0.704102, 0.594727, 0.0373847, 0.706055, 0.594727, 0.0339012, 0.708008, 0.594727, 0.0310149, 0.709961, 0.594727, 0.0289818, 0.711914, 0.594727, 0.0279316, 0.713867, 0.594727, 0.0278484, 0.71582, 0.594727, 0.028573, 0.717773, 0.594727, 0.0298273, 
        0.688477, 0.59668, 0.0529687, 0.69043, 0.59668, 0.0575511, 0.692383, 0.59668, 0.0606438, 0.694336, 0.59668, 0.0615594, 0.696289, 0.59668, 0.0599464, 0.698242, 0.59668, 0.0558439, 0.700195, 0.59668, 0.0496746, 0.702148, 0.59668, 0.0421808, 0.704102, 0.59668, 0.0343111, 0.706055, 0.59668, 0.0270758, 0.708008, 0.59668, 0.0213924, 0.709961, 0.59668, 0.0179463, 0.711914, 0.59668, 0.0170855, 0.713867, 0.59668, 0.0187679, 0.71582, 0.59668, 0.0225674, 0.717773, 0.59668, 0.0277394, 
        0.688477, 0.598633, 0.0540803, 0.69043, 0.598633, 0.0615413, 0.692383, 0.598633, 0.0667926, 0.694336, 0.598633, 0.0688208, 0.696289, 0.598633, 0.067108, 0.698242, 0.598633, 0.0617115, 0.700195, 0.598633, 0.0532547, 0.702148, 0.598633, 0.0428318, 0.704102, 0.598633, 0.0318411, 0.706055, 0.598633, 0.021772, 0.708008, 0.598633, 0.0139769, 0.709961, 0.598633, 0.00946621, 0.711914, 0.598633, 0.008753, 0.713867, 0.598633, 0.0117752, 0.71582, 0.598633, 0.0179052, 0.717773, 0.598633, 0.0260453, 
        0.688477, 0.600586, 0.054306, 0.69043, 0.600586, 0.0632908, 0.692383, 0.600586, 0.0696873, 0.694336, 0.600586, 0.0723104, 0.696289, 0.600586, 0.0705551, 0.698242, 0.600586, 0.0644882, 0.700195, 0.600586, 0.0548384, 0.702148, 0.600586, 0.042885, 0.704102, 0.600586, 0.0302627, 0.706055, 0.600586, 0.0187127, 0.708008, 0.600586, 0.0098162, 0.709961, 0.600586, 0.00475441, 0.711914, 0.600586, 0.0041271, 0.713867, 0.600586, 0.00786183, 0.71582, 0.600586, 0.0152248, 0.717773, 0.600586, 0.0249328, 
        0.688477, 0.602539, 0.0534973, 0.69043, 0.602539, 0.0624221, 0.692383, 0.602539, 0.0687788, 0.694336, 0.602539, 0.0713919, 0.696289, 0.602539, 0.0696609, 0.698242, 0.602539, 0.0636523, 0.700195, 0.602539, 0.054089, 0.702148, 0.602539, 0.0422401, 0.704102, 0.602539, 0.0297274, 0.706055, 0.602539, 0.0182783, 0.708008, 0.602539, 0.0094614, 0.709961, 0.602539, 0.00444868, 0.711914, 0.602539, 0.0038351, 0.713867, 0.602539, 0.00754881, 0.71582, 0.602539, 0.0148619, 0.717773, 0.602539, 0.0245011, 
        0.688477, 0.604492, 0.0516626, 0.69043, 0.604492, 0.0589561, 0.692383, 0.604492, 0.0640977, 0.694336, 0.604492, 0.0661004, 0.696289, 0.604492, 0.0644602, 0.698242, 0.604492, 0.059233, 0.700195, 0.604492, 0.0510254, 0.702148, 0.604492, 0.040903, 0.704102, 0.604492, 0.0302273, 0.706055, 0.604492, 0.0204482, 0.708008, 0.604492, 0.0128827, 0.709961, 0.604492, 0.00851444, 0.711914, 0.604492, 0.007843, 0.713867, 0.604492, 0.010808, 0.71582, 0.604492, 0.0167983, 0.717773, 0.604492, 0.0247451, 
        0.688477, 0.606445, 0.0489669, 0.69043, 0.606445, 0.0533101, 0.692383, 0.606445, 0.0562497, 0.694336, 0.606445, 0.0571381, 0.696289, 0.606445, 0.0556444, 0.698242, 0.606445, 0.0518054, 0.700195, 0.606445, 0.0460192, 0.702148, 0.606445, 0.038985, 0.704102, 0.606445, 0.0315963, 0.706055, 0.606445, 0.0248046, 0.708008, 0.606445, 0.019474, 0.709961, 0.606445, 0.0162501, 0.711914, 0.606445, 0.0154607, 0.713867, 0.606445, 0.0170661, 0.71582, 0.606445, 0.0206651, 0.717773, 0.606445, 0.0255563, 
        0.688477, 0.608398, 0.0457061, 0.69043, 0.608398, 0.0462332, 0.692383, 0.608398, 0.0463232, 0.694336, 0.608398, 0.0457665, 0.696289, 0.608398, 0.044456, 0.698242, 0.608398, 0.0424036, 0.700195, 0.608398, 0.0397381, 0.702148, 0.608398, 0.0366857, 0.704102, 0.608398, 0.0335357, 0.706055, 0.608398, 0.0305958, 0.708008, 0.608398, 0.0281457, 0.709961, 0.608398, 0.0263943, 0.711914, 0.608398, 0.0254474, 0.713867, 0.608398, 0.0252923, 0.71582, 0.608398, 0.0257987, 0.717773, 0.608398, 0.0267397, 
        0.688477, 0.610352, 0.0422619, 0.69043, 0.610352, 0.0386928, 0.692383, 0.610352, 0.0357237, 0.694336, 0.610352, 0.0336148, 0.696289, 0.610352, 0.0324994, 0.698242, 0.610352, 0.0323625, 0.700195, 0.610352, 0.033044, 0.702148, 0.610352, 0.0342628, 0.704102, 0.610352, 0.0356594, 0.706055, 0.610352, 0.0368512, 0.708008, 0.610352, 0.0374905, 0.709961, 0.610352, 0.0373177, 0.711914, 0.610352, 0.0362007, 0.713867, 0.610352, 0.0341552, 0.71582, 0.610352, 0.0313422, 0.717773, 0.610352, 0.0280434, 
        0.688477, 0.612305, 0.0390443, 0.69043, 0.612305, 0.0317271, 0.692383, 0.612305, 0.0259592, 0.694336, 0.612305, 0.0224312, 0.696289, 0.612305, 0.021496, 0.698242, 0.612305, 0.0231145, 0.700195, 0.612305, 0.026862, 0.702148, 0.612305, 0.0319925, 0.704102, 0.612305, 0.0375532, 0.706055, 0.612305, 0.0425292, 0.708008, 0.612305, 0.0459984, 0.709961, 0.612305, 0.0472723, 0.711914, 0.612305, 0.046001, 0.713867, 0.612305, 0.0422264, 0.71582, 0.612305, 0.0363759, 0.717773, 0.612305, 0.029197, 
        0.688477, 0.614258, 0.0364284, 0.69043, 0.614258, 0.0262862, 0.692383, 0.614258, 0.0184101, 0.694336, 0.614258, 0.0138158, 0.696289, 0.614258, 0.0130219, 0.698242, 0.614258, 0.015971, 0.700195, 0.614258, 0.0220386, 0.702148, 0.614258, 0.0301281, 0.704102, 0.614258, 0.0388381, 0.706055, 0.614258, 0.0466763, 0.708008, 0.614258, 0.0522871, 0.709961, 0.614258, 0.0546579, 0.711914, 0.614258, 0.0532744, 0.713867, 0.614258, 0.0481982, 0.71582, 0.614258, 0.040058, 0.717773, 0.614258, 0.0299531, 
        0.688477, 0.616211, 0.0346975, 0.69043, 0.616211, 0.0230878, 0.692383, 0.616211, 0.0141191, 0.694336, 0.616211, 0.00897699, 0.696289, 0.616211, 0.00826705, 0.698242, 0.616211, 0.0119223, 0.700195, 0.616211, 0.0192136, 0.702148, 0.616211, 0.0288607, 0.704102, 0.616211, 0.0392277, 0.706055, 0.616211, 0.0485725, 0.708008, 0.616211, 0.0553127, 0.709961, 0.616211, 0.0582661, 0.711914, 0.616211, 0.0568322, 0.713867, 0.616211, 0.0510832, 0.71582, 0.616211, 0.0417529, 0.717773, 0.616211, 0.0301247, 
        0.688477, 0.618164, 0.0340002, 0.69043, 0.618164, 0.0225077, 0.692383, 0.618164, 0.0136319, 0.694336, 0.618164, 0.00854747, 0.696289, 0.618164, 0.00785455, 0.698242, 0.618164, 0.0114867, 0.700195, 0.618164, 0.0187215, 0.702148, 0.618164, 0.0282904, 0.704102, 0.618164, 0.0385725, 0.706055, 0.618164, 0.0478414, 0.708008, 0.618164, 0.0545293, 0.709961, 0.618164, 0.0574647, 0.711914, 0.618164, 0.0560528, 0.713867, 0.618164, 0.0503649, 0.71582, 0.618164, 0.0411281, 0.717773, 0.618164, 0.0296143, 
        0.688477, 0.620117, 0.0343275, 0.69043, 0.620117, 0.0245224, 0.692383, 0.620117, 0.0169142, 0.694336, 0.620117, 0.0124874, 0.696289, 0.620117, 0.0117452, 0.698242, 0.620117, 0.0146318, 0.700195, 0.620117, 0.0205417, 0.702148, 0.620117, 0.0284114, 0.704102, 0.620117, 0.0368823, 0.706055, 0.620117, 0.0445073, 0.708008, 0.620117, 0.0499719, 0.709961, 0.620117, 0.0522943, 0.711914, 0.620117, 0.0509759, 0.713867, 0.620117, 0.0460763, 0.71582, 0.620117, 0.0382051, 0.717773, 0.620117, 0.0284283, 
        0.688477, 0.62207, 0.0355144, 0.69043, 0.62207, 0.028713, 0.692383, 0.62207, 0.023357, 0.694336, 0.62207, 0.0200907, 0.696289, 0.62207, 0.0192435, 0.698242, 0.62207, 0.0207789, 0.700195, 0.62207, 0.0243005, 0.702148, 0.62207, 0.0291124, 0.704102, 0.62207, 0.0343251, 0.706055, 0.62207, 0.0389916, 0.708008, 0.62207, 0.0422515, 0.709961, 0.62207, 0.0434621, 0.711914, 0.62207, 0.0422971, 0.713867, 0.62207, 0.0387955, 0.71582, 0.62207, 0.033356, 0.717773, 0.62207, 0.0266765, 
