{
    "level": 1,
    "idx": {"x": 22, "y": 27},
    "dim": {"x": 16, "y": 16},
    "offset": {"x": 0.688477, "y": 0.844727},
    "cellSize": {"x": 0.00195312, "y": 0.00195312},
    "vertices": [
        0.688477, 0.844727, 0.00238442, 0.69043, 0.844727, 0.00512046, 0.692383, 0.844727, 0.00716323, 0.694336, 0.844727, 0.00819855, 0.696289, 0.844727, 0.00806593, 0.698242, 0.844727, 0.00678312, 0.700195, 0.844727, 0.00454336, 0.702148, 0.844727, 0.00168587, 0.704102, 0.844727, -0.0013558, 0.706055, 0.844727, -0.00411999, 0.708008, 0.844727, -0.00618736, 0.709961, 0.844727, -0.00724464, 0.711914, 0.844727, -0.00713277, 0.713867, 0.844727, -0.0058709, 0.71582, 0.844727, -0.00365353, 0.717773, 0.844727, -0.000820896, 
        0.688477, 0.84668, 0.00475716, 0.69043, 0.84668, 0.0111843, 0.692383, 0.84668, 0.0159886, 0.694336, 0.84668, 0.0184348, 0.696289, 0.84668, 0.0181472, 0.698242, 0.84668, 0.0151675, 0.700195, 0.84668, 0.00994775, 0.702148, 0.84668, 0.00328197, 0.704102, 0.84668, -0.00381534, 0.706055, 0.84668, -0.0102638, 0.708008, 0.84668, -0.0150819, 0.709961, 0.84668, -0.0175367, 0.711914, 0.84668, -0.0172558, 0.713867, 0.84668, -0.0142841, 0.71582, 0.84668, -0.00907684, 0.717773, 0.84668, -0.00243012, 
        0.688477, 0.848633, 0.00649103, 0.69043, 0.848633, 0.0156263, 0.692383, 0.848633, 0.0224568, 0.694336, 0.848633, 0.0259382, 0.696289, 0.848633, 0.0255371, 0.698242, 0.848633, 0.0213126, 0.700195, 0.848633, 0.0139069, 0.702148, 0.848633, 0.00444739, 0.704102, 0.848633, -0.00562509, 0.706055, 0.848633, -0.0147762, 0.708008, 0.848633, -0.0216122, 0.709961, 0.848633, -0.0250921, 0.711914, 0.848633, -0.0246871, 0.713867, 0.848633, -0.0204609, 0.71582, 0.848633, -0.0130599, 0.717773, 0.848633, -0.00361493, 
        0.688477, 0.850586, 0.007317, 0.69043, 0.850586, 0.0177646, 0.692383, 0.850586, 0.0255769, 0.694336, 0.850586, 0.0295602, 0.696289, 0.850586, 0.0291046, 0.698242, 0.850586, 0.0242775, 0.700195, 0.850586, 0.0158132, 0.702148, 0.850586, 0.0050007, 0.704102, 0.850586, -0.00651264, 0.706055, 0.850586, -0.0169726, 0.708008, 0.850586, -0.0247858, 0.709961, 0.850586, -0.0287619, 0.711914, 0.850586, -0.0282965, 0.713867, 0.850586, -0.0234622, 0.71582, 0.850586, -0.0149983, 0.717773, 0.850586, -0.00419749, 
        0.688477, 0.852539, 0.00710469, 0.69043, 0.852539, 0.0172686, 0.692383, 0.852539, 0.024869, 0.694336, 0.852539, 0.0287444, 0.696289, 0.852539, 0.0283015, 0.698242, 0.852539, 0.023606, 0.700195, 0.852539, 0.0153721, 0.702148, 0.852539, 0.00485396, 0.704102, 0.852539, -0.00634605, 0.706055, 0.852539, -0.0165214, 0.708008, 0.852539, -0.0241218, 0.709961, 0.852539, -0.0279895, 0.711914, 0.852539, -0.0275364, 0.713867, 0.852539, -0.0228333, 0.71582, 0.852539, -0.0145992, 0.717773, 0.852539, -0.00409167, 
        0.688477, 0.854492, 0.0058823, 0.69043, 0.854492, 0.0142101, 0.692383, 0.854492, 0.020437, 0.694336, 0.854492, 0.0236113, 0.696289, 0.854492, 0.0232467, 0.698242, 0.854492, 0.019397, 0.700195, 0.854492, 0.0126476, 0.702148, 0.854492, 0.00402618, 0.704102, 0.854492, -0.005154, 0.706055, 0.854492, -0.0134944, 0.708008, 0.854492, -0.0197245, 0.709961, 0.854492, -0.0228956, 0.711914, 0.854492, -0.0225257, 0.713867, 0.854492, -0.0186727, 0.71582, 0.854492, -0.011926, 0.717773, 0.854492, -0.00331618, 
        0.688477, 0.856445, 0.00383232, 0.69043, 0.856445, 0.00905167, 0.692383, 0.856445, 0.0129533, 0.694336, 0.856445, 0.0149403, 0.696289, 0.856445, 0.0147077, 0.698242, 0.856445, 0.0122891, 0.700195, 0.856445, 0.00805184, 0.702148, 0.856445, 0.00264041, 0.704102, 0.856445, -0.0031214, 0.706055, 0.856445, -0.00835637, 0.708008, 0.856445, -0.0122677, 0.709961, 0.856445, -0.0142601, 0.711914, 0.856445, -0.0140313, 0.713867, 0.856445, -0.0116178, 0.71582, 0.856445, -0.00738916, 0.717773, 0.856445, -0.00199178, 
        0.688477, 0.858398, 0.0012636, 0.69043, 0.858398, 0.00257634, 0.692383, 0.858398, 0.00355566, 0.694336, 0.858398, 0.00405041, 0.696289, 0.858398, 0.00398338, 0.698242, 0.858398, 0.00336312, 0.700195, 0.858398, 0.00228258, 0.702148, 0.858398, 0.00090496, 0.704102, 0.858398, -0.000561204, 0.706055, 0.858398, -0.00189382, 0.708008, 0.858398, -0.00289116, 0.709961, 0.858398, -0.00340253, 0.711914, 0.858398, -0.00335141, 0.713867, 0.858398, -0.00274702, 0.71582, 0.858398, -0.00168293, 0.717773, 0.858398, -0.000322789, 
        0.688477, 0.860352, -0.00143553, 0.69043, 0.860352, -0.0042314, 0.692383, 0.860352, -0.00632556, 0.694336, 0.860352, -0.00740025, 0.696289, 0.860352, -0.00729316, 0.698242, 0.860352, -0.00602223, 0.700195, 0.860352, -0.00378291, 0.702148, 0.860352, -0.000918295, 0.704102, 0.860352, 0.00213316, 0.706055, 0.860352, 0.00490455, 0.708008, 0.860352, 0.00697172, 0.709961, 0.860352, 0.00801789, 0.711914, 0.860352, 0.00788215, 0.713867, 0.860352, 0.00658386, 0.71582, 0.860352, 0.00431977, 0.717773, 0.860352, 0.00143393, 
        0.688477, 0.862305, -0.00385684, 0.69043, 0.862305, -0.0103366, 0.692383, 0.862305, -0.0151865, 0.694336, 0.862305, -0.0176683, 0.696289, 0.862305, -0.0174051, 0.698242, 0.862305, -0.0144385, 0.700195, 0.862305, -0.00922241, 0.702148, 0.862305, -0.00255403, 0.704102, 0.862305, 0.0045481, 0.706055, 0.862305, 0.0109993, 0.708008, 0.862305, 0.0158142, 0.709961, 0.862305, 0.018257, 0.711914, 0.862305, 0.0179537, 0.713867, 0.862305, 0.0149495, 0.71582, 0.862305, 0.00970122, 0.717773, 0.862305, 0.00300834, 
        0.688477, 0.864258, -0.00563424, 0.69043, 0.864258, -0.0148111, 0.692383, 0.864258, -0.0216786, 0.694336, 0.864258, -0.0251906, 0.696289, 0.864258, -0.0248129, 0.698242, 0.864258, -0.0206046, 0.700195, 0.864258, -0.0132089, 0.702148, 0.864258, -0.00375536, 0.704102, 0.864258, 0.00631272, 0.706055, 0.864258, 0.0154583, 0.708008, 0.864258, 0.0222852, 0.709961, 0.864258, 0.0257506, 0.711914, 0.864258, 0.0253248, 0.713867, 0.864258, 0.0210716, 0.71582, 0.864258, 0.0136385, 0.717773, 0.864258, 0.00415827, 
        0.688477, 0.866211, -0.00649969, 0.69043, 0.866211, -0.0169755, 0.692383, 0.866211, -0.0248145, 0.694336, 0.866211, -0.0288225, 0.696289, 0.866211, -0.0283894, 0.698242, 0.866211, -0.0235827, 0.700195, 0.866211, -0.0151369, 0.702148, 0.866211, -0.00434153, 0.704102, 0.866211, 0.00715544, 0.706055, 0.866211, 0.0175991, 0.708008, 0.866211, 0.0253954, 0.709961, 0.866211, 0.0293536, 0.711914, 0.866211, 0.028869, 0.713867, 0.866211, 0.0240143, 0.71582, 0.866211, 0.0155291, 0.717773, 0.866211, 0.00470642, 
        0.688477, 0.868164, -0.00632412, 0.69043, 0.868164, -0.0165023, 0.692383, 0.868164, -0.0241186, 0.694336, 0.868164, -0.0280127, 0.696289, 0.868164, -0.0275916, 0.698242, 0.868164, -0.0229211, 0.700195, 0.868164, -0.0147147, 0.702148, 0.868164, -0.00422549, 0.704102, 0.868164, 0.00694544, 0.706055, 0.868164, 0.0170929, 0.708008, 0.868164, 0.0246682, 0.709961, 0.868164, 0.0285143, 0.711914, 0.868164, 0.0280436, 0.713867, 0.868164, 0.023327, 0.71582, 0.868164, 0.0150827, 0.717773, 0.868164, 0.00456735, 
        0.688477, 0.870117, -0.00513706, 0.69043, 0.870117, -0.0134665, 0.692383, 0.870117, -0.0196997, 0.694336, 0.870117, -0.022887, 0.696289, 0.870117, -0.0225436, 0.698242, 0.870117, -0.0187229, 0.700195, 0.870117, -0.012009, 0.702148, 0.870117, -0.00342715, 0.704102, 0.870117, 0.00571254, 0.706055, 0.870117, 0.0140148, 0.708008, 0.870117, 0.0202124, 0.709961, 0.870117, 0.0233586, 0.711914, 0.870117, 0.0229726, 0.713867, 0.870117, 0.0191123, 0.71582, 0.870117, 0.0123656, 0.717773, 0.870117, 0.00376056, 
        0.688477, 0.87207, -0.00312224, 0.69043, 0.87207, -0.00833375, 0.692383, 0.87207, -0.0122343, 0.694336, 0.87207, -0.0142301, 0.696289, 0.87207, -0.0140178, 0.698242, 0.87207, -0.0116309, 0.700195, 0.87207, -0.00743479, 0.702148, 0.87207, -0.00207044, 0.704102, 0.87207, 0.0036428, 0.706055, 0.87207, 0.00883243, 0.708008, 0.87207, 0.0127059, 0.709961, 0.87207, 0.0146712, 0.711914, 0.87207, 0.0144278, 0.713867, 0.87207, 0.0120117, 0.71582, 0.87207, 0.00779061, 0.717773, 0.87207, 0.00240749, 
