{
    "level": 1,
    "idx": {"x": 22, "y": 23},
    "dim": {"x": 16, "y": 16},
    "offset": {"x": 0.688477, "y": 0.719727},
    "cellSize": {"x": 0.00195312, "y": 0.00195312},
    "vertices": [
        0.688477, 0.719727, 0.0118191, 0.69043, 0.719727, 0.0140218, 0.692383, 0.719727, 0.0156, 0.694336, 0.719727, 0.016268, 0.696289, 0.719727, 0.0158801, 0.698242, 0.719727, 0.0144524, 0.700195, 0.719727, 0.0121605, 0.702148, 0.719727, 0.00931264, 0.704102, 0.719727, 0.0063029, 0.706055, 0.719727, 0.00355084, 0.708008, 0.719727, 0.00143757, 0.709961, 0.719727, 0.000247758, 0.711914, 0.719727, 0.00012595, 0.713867, 0.719727, 0.0010547, 0.71582, 0.719727, 0.00285717, 0.717773, 0.719727, 0.00522409, 
        0.688477, 0.72168, 0.0139033, 0.69043, 0.72168, 0.0198502, 0.692383, 0.72168, 0.0242318, 0.694336, 0.72168, 0.0263364, 0.696289, 0.72168, 0.0258005, 0.698242, 0.72168, 0.0226643, 0.700195, 0.72168, 0.0173655, 0.702148, 0.72168, 0.0106724, 0.704102, 0.72168, 0.0035669, 0.706055, 0.72168, -0.00290523, 0.708008, 0.72168, -0.00779422, 0.709961, 0.72168, -0.0103906, 0.711914, 0.72168, -0.0103341, 0.713867, 0.72168, -0.00766808, 0.71582, 0.72168, -0.00283323, 0.717773, 0.72168, 0.00339986, 
        0.688477, 0.723633, 0.0153767, 0.69043, 0.723633, 0.0241163, 0.692383, 0.723633, 0.0305895, 0.694336, 0.723633, 0.0337669, 0.696289, 0.723633, 0.0331229, 0.698242, 0.723633, 0.0287156, 0.700195, 0.723633, 0.021178, 0.702148, 0.723633, 0.0116214, 0.704102, 0.723633, 0.00146564, 0.706055, 0.723633, -0.00777684, 0.708008, 0.723633, -0.0147325, 0.709961, 0.723633, -0.0183752, 0.711914, 0.723633, -0.0181839, 0.713867, 0.723633, -0.0142215, 0.71582, 0.723633, -0.00712499, 0.717773, 0.723633, 0.00199103, 
        0.688477, 0.725586, 0.0159627, 0.69043, 0.725586, 0.0261191, 0.692383, 0.725586, 0.0336543, 0.694336, 0.725586, 0.0373786, 0.696289, 0.725586, 0.0366844, 0.698242, 0.725586, 0.0316388, 0.700195, 0.725586, 0.0229735, 0.702148, 0.725586, 0.0119731, 0.704102, 0.725586, 0.000279143, 0.706055, 0.725586, -0.0103601, 0.708008, 0.725586, -0.0183568, 0.709961, 0.725586, -0.0225248, 0.711914, 0.725586, -0.0222617, 0.713867, 0.725586, -0.0176402, 0.71582, 0.725586, -0.00939669, 0.717773, 0.725586, 0.00118039, 
        0.688477, 0.727539, 0.0155215, 0.69043, 0.727539, 0.0255039, 0.692383, 0.727539, 0.0329112, 0.694336, 0.727539, 0.0365746, 0.696289, 0.727539, 0.035897, 0.698242, 0.727539, 0.0309445, 0.700195, 0.727539, 0.0224359, 0.702148, 0.727539, 0.0116331, 0.704102, 0.727539, 0.000148929, 0.706055, 0.727539, -0.0102992, 0.708008, 0.727539, -0.0181514, 0.709961, 0.727539, -0.0222423, 0.711914, 0.727539, -0.0219801, 0.713867, 0.727539, -0.0174362, 0.71582, 0.727539, -0.00933415, 0.717773, 0.727539, 0.00106035, 
        0.688477, 0.729492, 0.014071, 0.69043, 0.729492, 0.022317, 0.692383, 0.729492, 0.0284273, 0.694336, 0.729492, 0.0314325, 0.696289, 0.729492, 0.0308373, 0.698242, 0.729492, 0.0266965, 0.700195, 0.729492, 0.0196063, 0.702148, 0.729492, 0.0106137, 0.704102, 0.729492, 0.00105646, 0.706055, 0.729492, -0.00764065, 0.708008, 0.729492, -0.0141835, 0.709961, 0.729492, -0.0176055, 0.711914, 0.729492, -0.0174157, 0.713867, 0.729492, -0.0136732, 0.71582, 0.729492, -0.00697842, 0.717773, 0.729492, 0.00161878, 
        0.688477, 0.731445, 0.0117847, 0.69043, 0.731445, 0.0169977, 0.692383, 0.731445, 0.0208412, 0.694336, 0.731445, 0.0226928, 0.696289, 0.731445, 0.0222345, 0.698242, 0.731445, 0.0195014, 0.700195, 0.731445, 0.0148764, 0.702148, 0.731445, 0.00903163, 0.704102, 0.731445, 0.00282595, 0.706055, 0.731445, -0.00282597, 0.708008, 0.731445, -0.0070933, 0.709961, 0.731445, -0.00935547, 0.711914, 0.731445, -0.00929731, 0.713867, 0.731445, -0.0069568, 0.71582, 0.731445, -0.00271937, 0.717773, 0.731445, 0.00274092, 
        0.688477, 0.733398, 0.0089648, 0.69043, 0.733398, 0.0103125, 0.692383, 0.733398, 0.0112665, 0.694336, 0.733398, 0.0116463, 0.696289, 0.733398, 0.0113597, 0.698242, 0.733398, 0.010417, 0.700195, 0.733398, 0.0089291, 0.702148, 0.733398, 0.00709082, 0.704102, 0.733398, 0.00515109, 0.706055, 0.733398, 0.00337503, 0.708008, 0.733398, 0.00200342, 0.709961, 0.733398, 0.00121615, 0.711914, 0.733398, 0.00110452, 0.713867, 0.733398, 0.00165752, 0.71582, 0.733398, 0.0027634, 0.717773, 0.733398, 0.00422674, 
        0.688477, 0.735352, 0.00599603, 0.69043, 0.735352, 0.00323705, 0.692383, 0.735352, 0.00112079, 0.694336, 0.735352, -6.3599e-05, 0.696289, 0.735352, -0.000168427, 0.698242, 0.735352, 0.000789975, 0.700195, 0.735352, 0.00263377, 0.702148, 0.735352, 0.00505072, 0.704102, 0.735352, 0.00764186, 0.706055, 0.735352, 0.0099823, 0.708008, 0.735352, 0.0116861, 0.709961, 0.735352, 0.0124649, 0.711914, 0.735352, 0.0121723, 0.713867, 0.735352, 0.0108259, 0.71582, 0.735352, 0.00860462, 0.717773, 0.735352, 0.00582161, 
        0.688477, 0.737305, 0.00328725, 0.69043, 0.737305, -0.00319215, 0.692383, 0.737305, -0.00808973, 0.694336, 0.737305, -0.0106908, 0.696289, 0.737305, -0.0106305, 0.698242, 0.737305, -0.00794904, 0.700195, 0.737305, -0.00308598, 0.702148, 0.737305, 0.00318704, 0.704102, 0.737305, 0.00988397, 0.706055, 0.737305, 0.0159547, 0.708008, 0.737305, 0.0204455, 0.709961, 0.737305, 0.0226437, 0.711914, 0.737305, 0.0221876, 0.713867, 0.737305, 0.0191206, 0.71582, 0.737305, 0.0138851, 0.717773, 0.737305, 0.00725501, 
        0.688477, 0.739258, 0.00120882, 0.69043, 0.739258, -0.00803597, 0.692383, 0.739258, -0.0150005, 0.694336, 0.739258, -0.0186536, 0.696289, 0.739258, -0.0184686, 0.698242, 0.739258, -0.0145038, 0.700195, 0.739258, -0.00739329, 0.702148, 0.739258, 0.00174954, 0.704102, 0.739258, 0.011502, 0.706055, 0.739258, 0.020349, 0.708008, 0.739258, 0.0269142, 0.709961, 0.739258, 0.0301698, 0.711914, 0.739258, 0.0295935, 0.713867, 0.739258, 0.0252481, 0.71582, 0.739258, 0.0177721, 0.717773, 0.739258, 0.00828184, 
        0.688477, 0.741211, 3.62262e-05, 0.69043, 0.741211, -0.0105959, 0.692383, 0.741211, -0.0185965, 0.694336, 0.741211, -0.0227751, 0.696289, 0.741211, -0.0225239, 0.698242, 0.741211, -0.0179101, 0.700195, 0.741211, -0.00966574, 0.702148, 0.741211, 0.000923995, 0.704102, 0.741211, 0.0122167, 0.706055, 0.741211, 0.0224634, 0.708008, 0.741211, 0.0300752, 0.709961, 0.741211, 0.0338656, 0.711914, 0.741211, 0.0332318, 0.713867, 0.741211, 0.0282463, 0.71582, 0.741211, 0.019646, 0.717773, 0.741211, 0.00871975, 
        0.688477, 0.743164, -9.20154e-05, 0.69043, 0.743164, -0.0105206, 0.692383, 0.743164, -0.0183671, 0.694336, 0.743164, -0.0224636, 0.696289, 0.743164, -0.0222136, 0.698242, 0.743164, -0.0176831, 0.700195, 0.743164, -0.00959023, 0.702148, 0.743164, 0.000803804, 0.704102, 0.743164, 0.0118875, 0.706055, 0.743164, 0.0219448, 0.708008, 0.743164, 0.0294167, 0.709961, 0.743164, 0.0331389, 0.711914, 0.743164, 0.03252, 0.713867, 0.743164, 0.027631, 0.71582, 0.743164, 0.0191952, 0.717773, 0.743164, 0.00847698, 
        0.688477, 0.745117, 0.000804456, 0.69043, 0.745117, -0.00785958, 0.692383, 0.745117, -0.0143844, 0.694336, 0.745117, -0.0178025, 0.696289, 0.745117, -0.0176198, 0.698242, 0.745117, -0.013891, 0.700195, 0.745117, -0.00721094, 0.702148, 0.745117, 0.00137571, 0.704102, 0.745117, 0.0105341, 0.706055, 0.745117, 0.0188428, 0.708008, 0.745117, 0.0250105, 0.709961, 0.745117, 0.0280728, 0.711914, 0.745117, 0.0275397, 0.713867, 0.745117, 0.0234703, 0.71582, 0.745117, 0.0164633, 0.717773, 0.745117, 0.00756634, 
        0.688477, 0.74707, 0.00255088, 0.69043, 0.74707, -0.00305569, 0.692383, 0.74707, -0.00729156, 0.694336, 0.74707, -0.00953738, 0.696289, 0.74707, -0.00947682, 0.698242, 0.74707, -0.00714486, 0.700195, 0.74707, -0.00292241, 0.702148, 0.74707, 0.00252182, 0.704102, 0.74707, 0.00833326, 0.706055, 0.74707, 0.0136019, 0.708008, 0.74707, 0.017501, 0.709961, 0.74707, 0.0194131, 0.711914, 0.74707, 0.0190247, 0.713867, 0.74707, 0.0163735, 0.71582, 0.74707, 0.0118428, 0.717773, 0.74707, 0.0061032, 
