{
    "level": 1,
    "idx": {"x": 23, "y": 26},
    "dim": {"x": 8, "y": 8},
    "offset": {"x": 0.360352, "y": 0.407227},
    "cellSize": {"x": 0.00195312, "y": 0.00195312},
    "vertices": [
        0.360352, 0.407227, 0.0992533, 0.362305, 0.407227, 0.101606, 0.364258, 0.407227, 0.103964, 0.366211, 0.407227, 0.106327, 0.368164, 0.407227, 0.108694, 0.370117, 0.407227, 0.111064, 0.37207, 0.407227, 0.113437, 0.374023, 0.407227, 0.115813, 
        0.360352, 0.40918, 0.101401, 0.362305, 0.40918, 0.103768, 0.364258, 0.40918, 0.106113, 0.366211, 0.40918, 0.108437, 0.368164, 0.40918, 0.110743, 0.370117, 0.40918, 0.113033, 0.37207, 0.40918, 0.115312, 0.374023, 0.40918, 0.117583, 
        0.360352, 0.411133, 0.103501, 0.362305, 0.411133, 0.105882, 0.364258, 0.411133, 0.108215, 0.366211, 0.411133, 0.110503, 0.368164, 0.411133, 0.112752, 0.370117, 0.411133, 0.114967, 0.37207, 0.411133, 0.117157, 0.374023, 0.411133, 0.11933, 
        0.360352, 0.413086, 0.105526, 0.362305, 0.413086, 0.107921, 0.364258, 0.413086, 0.110245, 0.366211, 0.413086, 0.112504, 0.368164, 0.413086, 0.114702, 0.370117, 0.413086, 0.116851, 0.37207, 0.413086, 0.118962, 0.374023, 0.413086, 0.121048, 
        0.360352, 0.415039, 0.107449, 0.362305, 0.415039, 0.10986, 0.364258, 0.415039, 0.112181, 0.366211, 0.415039, 0.114417, 0.368164, 0.415039, 0.116576, 0.370117, 0.415039, 0.118671, 0.37207, 0.415039, 0.120718, 0.374023, 0.415039, 0.122732, 
        0.360352, 0.416992, 0.109248, 0.362305, 0.416992, 0.111679, 0.364258, 0.416992, 0.114002, 0.366211, 0.416992, 0.116225, 0.368164, 0.416992, 0.118358, 0.370117, 0.416992, 0.120415, 0.37207, 0.416992, 0.122415, 0.374023, 0.416992, 0.124377, 
        0.360352, 0.418945, 0.110907, 0.362305, 0.418945, 0.113359, 0.364258, 0.418945, 0.115692, 0.366211, 0.418945, 0.117913, 0.368164, 0.418945, 0.120035, 0.370117, 0.418945, 0.122073, 0.37207, 0.418945, 0.124047, 0.374023, 0.418945, 0.12598, 
        0.360352, 0.420898, 0.112411, 0.362305, 0.420898, 0.114887, 0.364258, 0.420898, 0.117238, 0.366211, 0.420898, 0.11947, 0.368164, 0.420898, 0.121598, 0.370117, 0.420898, 0.123637, 0.37207, 0.420898, 0.125609, 0.374023, 0.420898, 0.127537
    ]
}
