{
    "level": 1,
    "idx": {"x": 25, "y": 63},
    "dim": {"x": 8, "y": 8},
    "offset": {"x": 0.391602, "y": 0.985352},
    "cellSize": {"x": 0.00195312, "y": 0.00195312},
    "vertices": [
        0.391602, 0.985352, -0.00550921, 0.393555, 0.985352, -0.0054435, 0.395508, 0.985352, -0.00523619, 0.397461, 0.985352, -0.00489642, 0.399414, 0.985352, -0.00443832, 0.401367, 0.985352, -0.00388051, 0.40332, 0.985352, -0.00324532, 0.405273, 0.985352, -0.00255798, 
        0.391602, 0.987305, -0.00513192, 0.393555, 0.987305, -0.0050656, 0.395508, 0.987305, -0.00486333, 0.397461, 0.987305, -0.00453389, 0.399414, 0.987305, -0.00409088, 0.401367, 0.987305, -0.00355221, 0.40332, 0.987305, -0.00293936, 0.405273, 0.987305, -0.00227661, 
        0.391602, 0.989258, -0.00461496, 0.393555, 0.989258, -0.00455167, 0.395508, 0.989258, -0.00436322, 0.397461, 0.989258, -0.00405772, 0.399414, 0.989258, -0.0036477, 0.401367, 0.989258, -0.00314965, 0.40332, 0.989258, -0.00258341, 0.405273, 0.989258, -0.00197134, 
        0.391602, 0.991211, -0.00396941, 0.393555, 0.991211, -0.00391251, 0.395508, 0.991211, -0.00374599, 0.397461, 0.991211, -0.00347696, 0.399414, 0.991211, -0.00311642, 0.401367, 0.991211, -0.00267883, 0.40332, 0.991211, -0.00218156, 0.405273, 0.991211, -0.00164422, 
        0.391602, 0.993164, -0.00321124, 0.393555, 0.993164, -0.00316366, 0.395508, 0.993164, -0.00302618, 0.397461, 0.993164, -0.00280463, 0.399414, 0.993164, -0.00250803, 0.401367, 0.993164, -0.00214825, 0.40332, 0.993164, -0.00173956, 0.405273, 0.993164, -0.00129806, 
        0.391602, 0.995117, -0.00236068, 0.393555, 0.995117, -0.00232485, 0.395508, 0.995117, -0.00222224, 0.397461, 0.995117, -0.00205719, 0.399414, 0.995117, -0.0018364, 0.401367, 0.995117, -0.0015687, 0.40332, 0.995117, -0.00126468, 0.405273, 0.995117, -0.000936316, 
        0.391602, 0.99707, -0.00144148, 0.393555, 0.99707, -0.00141919, 0.395508, 0.99707, -0.00135579, 0.397461, 0.99707, -0.00125394, 0.399414, 0.99707, -0.00111779, 0.401367, 0.99707, -0.000952762, 0.40332, 0.99707, -0.000765384, 0.405273, 0.99707, -0.000563023, 
        0.391602, 0.999023, -0.000480008, 0.393555, 0.999023, -0.000472363, 0.395508, 0.999023, -0.000450839, 0.397461, 0.999023, -0.000416338, 0.399414, 0.999023, -0.000370253, 0.401367, 0.999023, -0.000314421, 0.40332, 0.999023, -0.000251044, 0.405273, 0.999023, -0.000182612
    ]
}
