{
    "level": 1,
    "idx": {"x": 25, "y": 0},
    "dim": {"x": 8, "y": 8},
    "offset": {"x": 0.391602, "y": 0.000976562},
    "cellSize": {"x": 0.00195312, "y": 0.00195312},
    "vertices": [
        0.391602, 0.000976562, 0.000130212, 0.393555, 0.000976562, 0.000128467, 0.395508, 0.000976562, 0.000123243, 0.397461, 0.000976562, 0.000114766, 0.399414, 0.000976562, 0.000103386, 0.401367, 0.000976562, 8.95629e-05, 0.40332, 0.000976562, 7.38486e-05, 0.405273, 0.000976562, 5.68664e-05, 
        0.391602, 0.00292969, 0.000981322, 0.393555, 0.00292969, 0.000966554, 0.395508, 0.00292969, 0.000924157, 0.397461, 0.00292969, 0.000855928, 0.399414, 0.00292969, 0.000764642, 0.401367, 0.00292969, 0.00065395, 0.40332, 0.00292969, 0.00052824, 0.405273, 0.00292969, 0.000392463, 
        0.391602, 0.00488281, 0.00192646, 0.393555, 0.00488281, 0.00189753, 0.395508, 0.00488281, 0.0018144, 0.397461, 0.00488281, 0.00168058, 0.399414, 0.00488281, 0.00150153, 0.401367, 0.00488281, 0.0012844, 0.40332, 0.00488281, 0.0010378, 0.405273, 0.00488281, 0.000771437, 
        0.391602, 0.00683594, 0.00281598, 0.393555, 0.00683594, 0.00277436, 0.395508, 0.00683594, 0.00265401, 0.397461, 0.00683594, 0.00246006, 0.399414, 0.00683594, 0.0022004, 0.401367, 0.00683594, 0.00188544, 0.40332, 0.00683594, 0.00152765, 0.405273, 0.00683594, 0.00114115, 
        0.391602, 0.00878906, 0.00362473, 0.393555, 0.00878906, 0.00357252, 0.395508, 0.00878906, 0.00342007, 0.397461, 0.00878906, 0.00317389, 0.399414, 0.00878906, 0.00284403, 0.401367, 0.00878906, 0.00244372, 0.40332, 0.00878906, 0.00198885, 0.405273, 0.00878906, 0.00149738, 
        0.391602, 0.0107422, 0.0043306, 0.393555, 0.0107422, 0.00427051, 0.395508, 0.0107422, 0.00409246, 0.397461, 0.0107422, 0.00380411, 0.399414, 0.0107422, 0.00341728, 0.401367, 0.0107422, 0.00294751, 0.40332, 0.0107422, 0.00241351, 0.405273, 0.0107422, 0.00183635, 
        0.391602, 0.0126953, 0.00491541, 0.393555, 0.0126953, 0.0048506, 0.395508, 0.0126953, 0.00465461, 0.397461, 0.0126953, 0.00433592, 0.399414, 0.0126953, 0.00390767, 0.401367, 0.0126953, 0.00338714, 0.40332, 0.0126953, 0.00279508, 0.405273, 0.0126953, 0.00215493, 
        0.391602, 0.0146484, 0.0053656, 0.393555, 0.0146484, 0.00529959, 0.395508, 0.0146484, 0.00509413, 0.397461, 0.0146484, 0.00475824, 0.399414, 0.0146484, 0.00430586, 0.401367, 0.0146484, 0.00375531, 0.40332, 0.0146484, 0.00312864, 0.405273, 0.0146484, 0.0024507
    ]
}
