{
    "level": 1,
    "idx": {"x": 27, "y": 6},
    "dim": {"x": 16, "y": 16},
    "offset": {"x": 0.844727, "y": 0.188477},
    "cellSize": {"x": 0.00195312, "y": 0.00195312},
    "vertices": [
        0.844727, 0.188477, 0.0010941, 0.84668, 0.188477, 0.00249176, 0.848633, 0.188477, 0.00351655, 0.850586, 0.188477, 0.00401181, 0.852539, 0.188477, 0.00390163, 0.854492, 0.188477, 0.00320247, 0.856445, 0.188477, 0.00202063, 0.858398, 0.188477, 0.000536051, 0.860352, 0.188477, -0.00102507, 0.862305, 0.188477, -0.00242492, 0.864258, 0.188477, -0.00345025, 0.866211, 0.188477, -0.00394491, 0.868164, 0.188477, -0.0038337, 0.870117, 0.188477, -0.00313379, 0.87207, 0.188477, -0.00195219, 0.874023, 0.188477, -0.000469341, 
        0.844727, 0.19043, 0.00396059, 0.84668, 0.19043, 0.00919656, 0.848633, 0.19043, 0.0130372, 0.850586, 0.19043, 0.0148965, 0.852539, 0.19043, 0.0144904, 0.854492, 0.19043, 0.0118804, 0.856445, 0.19043, 0.00746439, 0.858398, 0.19043, 0.00191547, 0.860352, 0.19043, -0.00392006, 0.862305, 0.19043, -0.00915249, 0.864258, 0.19043, -0.012984, 0.866211, 0.19043, -0.0148304, 0.868164, 0.19043, -0.0144103, 0.870117, 0.19043, -0.011788, 0.87207, 0.19043, -0.00736373, 0.874023, 0.19043, -0.00181262, 
        0.844727, 0.192383, 0.00623095, 0.84668, 0.192383, 0.0145061, 0.848633, 0.192383, 0.0205764, 0.850586, 0.192383, 0.0235157, 0.852539, 0.192383, 0.0228752, 0.854492, 0.192383, 0.0187522, 0.856445, 0.192383, 0.0117753, 0.858398, 0.192383, 0.00300814, 0.860352, 0.192383, -0.00621197, 0.862305, 0.192383, -0.0144791, 0.864258, 0.192383, -0.0205326, 0.866211, 0.192383, -0.0234493, 0.868164, 0.192383, -0.0227847, 0.870117, 0.192383, -0.0186402, 0.87207, 0.192383, -0.0116484, 0.874023, 0.192383, -0.00287598, 
        0.844727, 0.194336, 0.00755928, 0.84668, 0.194336, 0.017611, 0.848633, 0.194336, 0.0249845, 0.850586, 0.194336, 0.0285551, 0.852539, 0.194336, 0.0277775, 0.854492, 0.194336, 0.02277, 0.856445, 0.194336, 0.0142961, 0.858398, 0.194336, 0.00364766, 0.860352, 0.194336, -0.00755095, 0.862305, 0.194336, -0.0175921, 0.864258, 0.194336, -0.0249445, 0.866211, 0.194336, -0.0284869, 0.868164, 0.194336, -0.0276793, 0.870117, 0.194336, -0.0226451, 0.87207, 0.194336, -0.0141525, 0.874023, 0.194336, -0.00349707, 
        0.844727, 0.196289, 0.00774337, 0.84668, 0.196289, 0.0180379, 0.848633, 0.196289, 0.0255896, 0.850586, 0.196289, 0.0292463, 0.852539, 0.196289, 0.0284499, 0.854492, 0.196289, 0.0233213, 0.856445, 0.196289, 0.0146426, 0.858398, 0.196289, 0.00373677, 0.860352, 0.196289, -0.0077325, 0.862305, 0.196289, -0.0180163, 0.864258, 0.196289, -0.0255464, 0.866211, 0.196289, -0.0291745, 0.868164, 0.196289, -0.0283475, 0.870117, 0.196289, -0.0231916, 0.87207, 0.196289, -0.0144938, 0.874023, 0.196289, -0.00358096, 
        0.844727, 0.198242, 0.00675558, 0.84668, 0.198242, 0.0157221, 0.848633, 0.198242, 0.0222996, 0.850586, 0.198242, 0.0254843, 0.852539, 0.198242, 0.0247901, 0.854492, 0.198242, 0.0203224, 0.856445, 0.198242, 0.0127622, 0.858398, 0.198242, 0.00326217, 0.860352, 0.198242, -0.00672864, 0.862305, 0.198242, -0.0156869, 0.864258, 0.198242, -0.0222464, 0.866211, 0.198242, -0.025407, 0.868164, 0.198242, -0.0246869, 0.870117, 0.198242, -0.0201962, 0.87207, 0.198242, -0.0126201, 0.874023, 0.198242, -0.00311468, 
        0.844727, 0.200195, 0.00474702, 0.84668, 0.200195, 0.0110174, 0.848633, 0.200195, 0.0156168, 0.850586, 0.200195, 0.0178433, 0.852539, 0.200195, 0.0173567, 0.854492, 0.200195, 0.0142309, 0.856445, 0.200195, 0.00894209, 0.858398, 0.200195, 0.00229656, 0.860352, 0.200195, -0.00469221, 0.862305, 0.200195, -0.0109587, 0.864258, 0.200195, -0.0155474, 0.866211, 0.200195, -0.0177588, 0.868164, 0.200195, -0.0172558, 0.870117, 0.200195, -0.0141154, 0.87207, 0.200195, -0.00881705, 0.874023, 0.200195, -0.00216916, 
        0.844727, 0.202148, 0.00202455, 0.84668, 0.202148, 0.00464176, 0.848633, 0.202148, 0.00656103, 0.850586, 0.202148, 0.00748913, 0.852539, 0.202148, 0.00728397, 0.854492, 0.202148, 0.00597636, 0.856445, 0.202148, 0.00376529, 0.858398, 0.202148, 0.000987533, 0.860352, 0.202148, -0.00193353, 0.862305, 0.202148, -0.00455279, 0.864258, 0.202148, -0.0064711, 0.866211, 0.202148, -0.0073962, 0.868164, 0.202148, -0.00718734, 0.870117, 0.202148, -0.00587667, 0.87207, 0.202148, -0.00366445, 0.874023, 0.202148, -0.000888408, 
        0.844727, 0.204102, -0.00099607, 0.84668, 0.204102, -0.00243179, 0.848633, 0.204102, -0.00348592, 0.850586, 0.204102, -0.00399827, 0.852539, 0.204102, -0.00389122, 0.854492, 0.204102, -0.00318161, 0.856445, 0.204102, -0.00197816, 0.858398, 0.204102, -0.000464888, 0.860352, 0.204102, 0.0011269, 0.862305, 0.204102, 0.002554, 0.864258, 0.204102, 0.00359834, 0.866211, 0.204102, 0.00410024, 0.868164, 0.204102, 0.00398279, 0.870117, 0.204102, 0.00326354, 0.87207, 0.204102, 0.00205192, 0.874023, 0.204102, 0.000532403, 
        0.844727, 0.206055, -0.0038536, 0.84668, 0.206055, -0.00912387, 0.848633, 0.206055, -0.0129912, 0.850586, 0.206055, -0.0148664, 0.852539, 0.206055, -0.0144639, 0.854492, 0.206055, -0.0118458, 0.856445, 0.206055, -0.00741189, 0.858398, 0.206055, -0.00183883, 0.860352, 0.206055, 0.0040226, 0.862305, 0.206055, 0.009278, 0.864258, 0.206055, 0.0131253, 0.866211, 0.206055, 0.0149773, 0.868164, 0.206055, 0.0145511, 0.870117, 0.206055, 0.0119114, 0.87207, 0.206055, 0.00746038, 0.874023, 0.206055, 0.00187678, 
        0.844727, 0.208008, -0.00611162, 0.84668, 0.208008, -0.0144132, 0.848633, 0.208008, -0.0205044, 0.850586, 0.208008, -0.0234569, 0.852539, 0.208008, -0.022821, 0.854492, 0.208008, -0.0186943, 0.856445, 0.208008, -0.0117067, 0.858398, 0.208008, -0.00292435, 0.860352, 0.208008, 0.00631222, 0.862305, 0.208008, 0.0145939, 0.864258, 0.208008, 0.0206569, 0.866211, 0.208008, 0.0235762, 0.868164, 0.208008, 0.0229059, 0.870117, 0.208008, 0.0187479, 0.87207, 0.208008, 0.0117362, 0.874023, 0.208008, 0.00293989, 
        0.844727, 0.209961, -0.00742516, 0.84668, 0.209961, -0.0174923, 0.848633, 0.209961, -0.0248789, 0.850586, 0.209961, -0.028459, 0.852539, 0.209961, -0.0276872, 0.854492, 0.209961, -0.0226819, 0.856445, 0.209961, -0.0142069, 0.858398, 0.209961, -0.00355549, 0.860352, 0.209961, 0.00764685, 0.862305, 0.209961, 0.0176911, 0.864258, 0.209961, 0.0250446, 0.866211, 0.209961, 0.0285854, 0.868164, 0.209961, 0.0277729, 0.870117, 0.209961, 0.0227306, 0.87207, 0.209961, 0.0142273, 0.874023, 0.209961, 0.00355979, 
        0.844727, 0.211914, -0.00759329, 0.84668, 0.211914, -0.0178912, 0.848633, 0.211914, -0.025447, 0.850586, 0.211914, -0.0291093, 0.852539, 0.211914, -0.0283199, 0.854492, 0.211914, -0.0232, 0.856445, 0.211914, -0.014531, 0.858398, 0.211914, -0.0036356, 0.860352, 0.211914, 0.00782328, 0.862305, 0.211914, 0.0180975, 0.864258, 0.211914, 0.0256195, 0.866211, 0.211914, 0.0292413, 0.868164, 0.211914, 0.0284101, 0.870117, 0.211914, 0.0232522, 0.87207, 0.211914, 0.0145541, 0.874023, 0.211914, 0.00364218, 
        0.844727, 0.213867, -0.00658975, 0.84668, 0.213867, -0.0155483, 0.848633, 0.213867, -0.0221216, 0.850586, 0.213867, -0.025308, 0.852539, 0.213867, -0.0246221, 0.854492, 0.213867, -0.0201691, 0.856445, 0.213867, -0.0126289, 0.858398, 0.213867, -0.00315206, 0.860352, 0.213867, 0.006815, 0.862305, 0.213867, 0.0157516, 0.864258, 0.213867, 0.0222941, 0.866211, 0.213867, 0.0254441, 0.868164, 0.213867, 0.0247207, 0.870117, 0.213867, 0.0202336, 0.87207, 0.213867, 0.012667, 0.874023, 0.213867, 0.00317474, 
        0.844727, 0.21582, -0.00456703, 0.84668, 0.21582, -0.0108205, 0.848633, 0.21582, -0.0154093, 0.850586, 0.21582, -0.0176345, 0.852539, 0.21582, -0.0171572, 0.854492, 0.21582, -0.0140511, 0.856445, 0.21582, -0.00879043, 0.858398, 0.21582, -0.0021782, 0.860352, 0.21582, 0.00477619, 0.862305, 0.21582, 0.0110115, 0.864258, 0.21582, 0.0155762, 0.866211, 0.21582, 0.0177734, 0.868164, 0.21582, 0.0172676, 0.870117, 0.21582, 0.0141353, 0.87207, 0.21582, 0.00885411, 0.874023, 0.21582, 0.00222905, 
