{
    "level": 1,
    "idx": {"x": 28, "y": 30},
    "dim": {"x": 8, "y": 8},
    "offset": {"x": 0.438477, "y": 0.469727},
    "cellSize": {"x": 0.00195312, "y": 0.00195312},
    "vertices": [
        0.438477, 0.469727, 0.251015, 0.44043, 0.469727, 0.25331, 0.442383, 0.469727, 0.255548, 0.444336, 0.469727, 0.257727, 0.446289, 0.469727, 0.259847, 0.448242, 0.469727, 0.261906, 0.450195, 0.469727, 0.263904, 0.452148, 0.469727, 0.265841, 
        0.438477, 0.47168, 0.251932, 0.44043, 0.47168, 0.254102, 0.442383, 0.47168, 0.25622, 0.444336, 0.47168, 0.258291, 0.446289, 0.47168, 0.26032, 0.448242, 0.47168, 0.262309, 0.450195, 0.47168, 0.264261, 0.452148, 0.47168, 0.266176, 
        0.438477, 0.473633, 0.252775, 0.44043, 0.473633, 0.254824, 0.442383, 0.473633, 0.256829, 0.444336, 0.473633, 0.258798, 0.446289, 0.473633, 0.26074, 0.448242, 0.473633, 0.262662, 0.450195, 0.473633, 0.26457, 0.452148, 0.473633, 0.266466, 
        0.438477, 0.475586, 0.253543, 0.44043, 0.475586, 0.255484, 0.442383, 0.475586, 0.257386, 0.444336, 0.475586, 0.259262, 0.446289, 0.475586, 0.261126, 0.448242, 0.475586, 0.262988, 0.450195, 0.475586, 0.264856, 0.452148, 0.475586, 0.266735, 
        0.438477, 0.477539, 0.254237, 0.44043, 0.477539, 0.256086, 0.442383, 0.477539, 0.2579, 0.444336, 0.477539, 0.259697, 0.446289, 0.477539, 0.261495, 0.448242, 0.477539, 0.263306, 0.450195, 0.477539, 0.265141, 0.452148, 0.477539, 0.267007, 
        0.438477, 0.479492, 0.254858, 0.44043, 0.479492, 0.256634, 0.442383, 0.479492, 0.258379, 0.444336, 0.479492, 0.260115, 0.446289, 0.479492, 0.261862, 0.448242, 0.479492, 0.263634, 0.450195, 0.479492, 0.265444, 0.452148, 0.479492, 0.267302, 
        0.438477, 0.481445, 0.255406, 0.44043, 0.481445, 0.257132, 0.442383, 0.481445, 0.258831, 0.444336, 0.481445, 0.260526, 0.446289, 0.481445, 0.262238, 0.448242, 0.481445, 0.263985, 0.450195, 0.481445, 0.265781, 0.452148, 0.481445, 0.267636, 
        0.438477, 0.483398, 0.255881, 0.44043, 0.483398, 0.257583, 0.442383, 0.483398, 0.259259, 0.444336, 0.483398, 0.260935, 0.446289, 0.483398, 0.262633, 0.448242, 0.483398, 0.26437, 0.450195, 0.483398, 0.266163, 0.452148, 0.483398, 0.268021
    ]
}
