{
    "level": 1,
    "idx": {"x": 28, "y": 59},
    "dim": {"x": 8, "y": 8},
    "offset": {"x": 0.438477, "y": 0.922852},
    "cellSize": {"x": 0.00195312, "y": 0.00195312},
    "vertices": [
        0.438477, 0.922852, -0.00682682, 0.44043, 0.922852, -0.00743527, 0.442383, 0.922852, -0.00800065, 0.444336, 0.922852, -0.00849663, 0.446289, 0.922852, -0.00889923, 0.448242, 0.922852, -0.00918772, 0.450195, 0.922852, -0.00934545, 0.452148, 0.922852, -0.00936051, 
        0.438477, 0.924805, -0.00679941, 0.44043, 0.924805, -0.00738182, 0.442383, 0.924805, -0.00792246, 0.444336, 0.924805, -0.00839598, 0.446289, 0.924805, -0.00877928, 0.448242, 0.924805, -0.00905243, 0.450195, 0.924805, -0.00919938, 0.452148, 0.924805, -0.00920867, 
        0.438477, 0.926758, -0.00675605, 0.44043, 0.926758, -0.0072858, 0.442383, 0.926758, -0.00777634, 0.444336, 0.926758, -0.0082043, 0.446289, 0.926758, -0.00854835, 0.448242, 0.926758, -0.00879012, 0.450195, 0.926758, -0.0089148, 0.452148, 0.926758, -0.00891184, 
        0.438477, 0.928711, -0.00669731, 0.44043, 0.928711, -0.00714982, 0.442383, 0.928711, -0.00756687, 0.444336, 0.928711, -0.00792795, 0.446289, 0.928711, -0.00821435, 0.448242, 0.928711, -0.00840996, 0.450195, 0.928711, -0.0085018, 0.452148, 0.928711, -0.00848061, 
        0.438477, 0.930664, -0.00662397, 0.44043, 0.930664, -0.00697768, 0.442383, 0.930664, -0.00730072, 0.444336, 0.930664, -0.00757621, 0.446289, 0.930664, -0.00778882, 0.448242, 0.930664, -0.0079253, 0.450195, 0.930664, -0.00797503, 0.452148, 0.930664, -0.00793041, 
        0.438477, 0.932617, -0.00653699, 0.44043, 0.932617, -0.00677419, 0.442383, 0.932617, -0.00698634, 0.444336, 0.932617, -0.00716091, 0.446289, 0.932617, -0.00728647, 0.448242, 0.932617, -0.0073532, 0.450195, 0.932617, -0.00735321, 0.452148, 0.932617, -0.0072809, 
        0.438477, 0.93457, -0.00643752, 0.44043, 0.93457, -0.00654502, 0.442383, 0.93457, -0.00663375, 0.444336, 0.93457, -0.00669596, 0.446289, 0.93457, -0.00672463, 0.448242, 0.93457, -0.00671373, 0.450195, 0.93457, -0.00665841, 0.452148, 0.93457, -0.00655529, 
        0.438477, 0.936523, -0.0063268, 0.44043, 0.936523, -0.00629648, 0.442383, 0.936523, -0.00625404, 0.444336, 0.936523, -0.00619687, 0.446289, 0.936523, -0.00612261, 0.448242, 0.936523, -0.00602923, 0.450195, 0.936523, -0.00591518, 0.452148, 0.936523, -0.00577937
    ]
}
