{
    "level": 1,
    "idx": {"x": 29, "y": 19},
    "dim": {"x": 16, "y": 16},
    "offset": {"x": 0.907227, "y": 0.594727},
    "cellSize": {"x": 0.00195312, "y": 0.00195312},
    "vertices": [
        0.907227, 0.594727, 0.00198825, 0.90918, 0.594727, 0.00417569, 0.911133, 0.594727, 0.00576414, 0.913086, 0.594727, 0.00650895, 0.915039, 0.594727, 0.00629427, 0.916992, 0.594727, 0.00515073, 0.918945, 0.594727, 0.0032508, 0.920898, 0.594727, 0.000882439, 0.922852, 0.594727, -0.00159486, 0.924805, 0.594727, -0.00380488, 0.926758, 0.594727, -0.00541206, 0.928711, 0.594727, -0.00617267, 0.930664, 0.594727, -0.00597209, 0.932617, 0.594727, -0.00484219, 0.93457, 0.594727, -0.00295652, 0.936523, 0.594727, -0.000603846, 
        0.907227, 0.59668, 0.00488655, 0.90918, 0.59668, 0.010772, 0.911133, 0.59668, 0.0150517, 0.913086, 0.59668, 0.0170706, 0.915039, 0.59668, 0.0165185, 0.916992, 0.59668, 0.0134774, 0.918945, 0.59668, 0.00840949, 0.920898, 0.59668, 0.00208582, 0.922852, 0.59668, -0.00453072, 0.924805, 0.59668, -0.0104325, 0.926758, 0.59668, -0.0147209, 0.928711, 0.59668, -0.0167431, 0.930664, 0.59668, -0.016192, 0.932617, 0.59668, -0.013153, 0.93457, 0.59668, -0.0080908, 0.936523, 0.59668, -0.00177869, 
        0.907227, 0.598633, 0.00707834, 0.90918, 0.598633, 0.0157616, 0.911133, 0.598633, 0.0220775, 0.913086, 0.598633, 0.0250604, 0.915039, 0.598633, 0.024253, 0.916992, 0.598633, 0.0197764, 0.918945, 0.598633, 0.0123117, 0.920898, 0.598633, 0.00299565, 0.922852, 0.598633, -0.00675246, 0.924805, 0.598633, -0.0154473, 0.926758, 0.598633, -0.0217642, 0.928711, 0.598633, -0.0247408, 0.930664, 0.598633, -0.0239245, 0.932617, 0.598633, -0.0194411, 0.93457, 0.598633, -0.0119756, 0.936523, 0.598633, -0.00266788, 
        0.907227, 0.600586, 0.00822869, 0.90918, 0.600586, 0.0183829, 0.911133, 0.600586, 0.0257693, 0.913086, 0.600586, 0.029259, 0.915039, 0.600586, 0.0283175, 0.916992, 0.600586, 0.0230864, 0.918945, 0.600586, 0.0143618, 0.920898, 0.600586, 0.00347277, 0.922852, 0.600586, -0.00792152, 0.924805, 0.600586, -0.0180846, 0.926758, 0.600586, -0.0254677, 0.928711, 0.600586, -0.028946, 0.930664, 0.600586, -0.0279902, 0.932617, 0.600586, -0.0227475, 0.93457, 0.600586, -0.0140185, 0.936523, 0.600586, -0.00313602, 
        0.907227, 0.602539, 0.00816156, 0.90918, 0.602539, 0.0182355, 0.911133, 0.602539, 0.0255635, 0.913086, 0.602539, 0.0290257, 0.915039, 0.602539, 0.0280918, 0.916992, 0.602539, 0.0229022, 0.918945, 0.602539, 0.0142468, 0.920898, 0.602539, 0.00344402, 0.922852, 0.602539, -0.00785995, 0.924805, 0.602539, -0.0179424, 0.926758, 0.602539, -0.0252671, 0.928711, 0.602539, -0.0287177, 0.930664, 0.602539, -0.0277695, 0.932617, 0.602539, -0.0225682, 0.93457, 0.602539, -0.0139083, 0.936523, 0.602539, -0.00311191, 
        0.907227, 0.604492, 0.0068866, 0.90918, 0.604492, 0.0153413, 0.911133, 0.604492, 0.021491, 0.913086, 0.604492, 0.0243955, 0.915039, 0.604492, 0.0236097, 0.916992, 0.604492, 0.0192514, 0.918945, 0.604492, 0.0119837, 0.920898, 0.604492, 0.00291342, 0.922852, 0.604492, -0.00657751, 0.924805, 0.604492, -0.0150429, 0.926758, 0.604492, -0.0211931, 0.928711, 0.604492, -0.0240911, 0.930664, 0.604492, -0.0232961, 0.932617, 0.604492, -0.0189308, 0.93457, 0.604492, -0.0116619, 0.936523, 0.604492, -0.00259946, 
        0.907227, 0.606445, 0.00459767, 0.90918, 0.606445, 0.0101413, 0.911133, 0.606445, 0.0141725, 0.913086, 0.606445, 0.0160742, 0.915039, 0.606445, 0.0155545, 0.916992, 0.606445, 0.0126904, 0.918945, 0.606445, 0.00791736, 0.920898, 0.606445, 0.00196153, 0.922852, 0.606445, -0.00427017, 0.924805, 0.606445, -0.00982867, 0.926758, 0.606445, -0.0138676, 0.928711, 0.606445, -0.015772, 0.930664, 0.606445, -0.0152528, 0.932617, 0.606445, -0.0123904, 0.93457, 0.606445, -0.00762233, 0.936523, 0.606445, -0.00167705, 
        0.907227, 0.608398, 0.0016433, 0.90918, 0.608398, 0.00342791, 0.911133, 0.608398, 0.00472357, 0.913086, 0.608398, 0.00533054, 0.915039, 0.608398, 0.00515422, 0.916992, 0.608398, 0.00421963, 0.918945, 0.608398, 0.00266758, 0.920898, 0.608398, 0.000733144, 0.922852, 0.608398, -0.00129018, 0.924805, 0.608398, -0.00309524, 0.926758, 0.608398, -0.00440809, 0.928711, 0.608398, -0.00502975, 0.930664, 0.608398, -0.00486662, 0.932617, 0.608398, -0.00394475, 0.93457, 0.608398, -0.00240582, 0.936523, 0.608398, -0.00048559, 
        0.907227, 0.610352, -0.00152645, 0.90918, 0.610352, -0.00377523, 0.911133, 0.610352, -0.00541481, 0.913086, 0.610352, -0.00619719, 0.915039, 0.610352, -0.00600498, 0.916992, 0.610352, -0.00486933, 0.918945, 0.610352, -0.00296522, 0.920898, 0.610352, -0.000584731, 0.922852, 0.610352, 0.0019075, 0.924805, 0.610352, 0.00412988, 0.926758, 0.610352, 0.00574208, 0.928711, 0.610352, 0.00649685, 0.930664, 0.610352, 0.0062779, 0.932617, 0.610352, 0.0051175, 0.93457, 0.610352, 0.00319159, 0.936523, 0.610352, 0.000792948, 
        0.907227, 0.612305, -0.00442865, 0.90918, 0.612305, -0.0103699, 0.911133, 0.612305, -0.0146967, 0.913086, 0.612305, -0.016751, 0.915039, 0.612305, -0.0162214, 0.916992, 0.612305, -0.0131904, 0.918945, 0.612305, -0.00812222, 0.920898, 0.612305, -0.00179144, 0.922852, 0.612305, 0.00483475, 0.924805, 0.612305, 0.0107442, 0.926758, 0.612305, 0.0150343, 0.928711, 0.612305, 0.0170492, 0.930664, 0.612305, 0.0164804, 0.932617, 0.612305, 0.0134137, 0.93457, 0.612305, 0.00831582, 0.936523, 0.612305, 0.00196331, 
        0.907227, 0.614258, -0.00662126, 0.90918, 0.614258, -0.0153509, 0.911133, 0.614258, -0.0217068, 0.913086, 0.614258, -0.0247216, 0.915039, 0.614258, -0.0239371, 0.916992, 0.614258, -0.0194749, 0.918945, 0.614258, -0.0120172, 0.920898, 0.614258, -0.00270332, 0.922852, 0.614258, 0.00704472, 0.924805, 0.614258, 0.0157386, 0.926758, 0.614258, 0.0220509, 0.928711, 0.614258, 0.0250174, 0.930664, 0.614258, 0.0241846, 0.932617, 0.614258, 0.0196783, 0.93457, 0.614258, 0.0121851, 0.936523, 0.614258, 0.00284677, 
        0.907227, 0.616211, -0.00777041, 0.90918, 0.616211, -0.017959, 0.911133, 0.616211, -0.0253765, 0.913086, 0.616211, -0.0288937, 0.915039, 0.616211, -0.0279759, 0.916992, 0.616211, -0.0227646, 0.918945, 0.616211, -0.0140566, 0.920898, 0.616211, -0.00318164, 0.922852, 0.616211, 0.00819997, 0.924805, 0.616211, 0.0183508, 0.926758, 0.616211, 0.0257213, 0.928711, 0.616211, 0.0291858, 0.930664, 0.616211, 0.0282149, 0.932617, 0.616211, 0.0229555, 0.93457, 0.616211, 0.0142089, 0.936523, 0.616211, 0.00330834, 
        0.907227, 0.618164, -0.00770144, 0.90918, 0.618164, -0.0177968, 0.911133, 0.618164, -0.0251466, 0.913086, 0.618164, -0.0286315, 0.915039, 0.618164, -0.0277219, 0.916992, 0.618164, -0.0225581, 0.918945, 0.618164, -0.0139296, 0.920898, 0.618164, -0.00315385, 0.922852, 0.618164, 0.00812392, 0.924805, 0.618164, 0.0181822, 0.926758, 0.618164, 0.0254855, 0.928711, 0.618164, 0.0289184, 0.930664, 0.618164, 0.0279563, 0.932617, 0.618164, 0.022745, 0.93457, 0.618164, 0.0140784, 0.936523, 0.618164, 0.0032774, 
        0.907227, 0.620117, -0.00642544, 0.90918, 0.620117, -0.0148898, 0.911133, 0.620117, -0.0210525, 0.913086, 0.620117, -0.0239754, 0.915039, 0.620117, -0.0232145, 0.916992, 0.620117, -0.0188874, 0.918945, 0.620117, -0.0116559, 0.920898, 0.620117, -0.00262453, 0.922852, 0.620117, 0.00682781, 0.924805, 0.620117, 0.0152579, 0.926758, 0.620117, 0.0213788, 0.928711, 0.620117, 0.0242555, 0.930664, 0.620117, 0.0234481, 0.932617, 0.620117, 0.0190788, 0.93457, 0.620117, 0.0118131, 0.936523, 0.620117, 0.00275845, 
        0.907227, 0.62207, -0.00413764, 0.90918, 0.62207, -0.00968177, 0.911133, 0.62207, -0.0137192, 0.913086, 0.62207, -0.015636, 0.915039, 0.62207, -0.0151416, 0.916992, 0.62207, -0.0123128, 0.918945, 0.62207, -0.00758294, 0.920898, 0.62207, -0.00167482, 0.922852, 0.62207, 0.00450898, 0.924805, 0.62207, 0.0100239, 0.926758, 0.62207, 0.0140276, 0.928711, 0.62207, 0.0159081, 0.930664, 0.62207, 0.0153775, 0.932617, 0.62207, 0.0125158, 0.93457, 0.62207, 0.00775849, 0.936523, 0.62207, 0.00183041, 
