{
    "level": 1,
    "idx": {"x": 2, "y": 14},
    "dim": {"x": 8, "y": 8},
    "offset": {"x": 0.128906, "y": 0.878906},
    "cellSize": {"x": 0.0078125, "y": 0.0078125},
    "vertices": [
        0.128906, 0.878906, 0.0106976, 0.136719, 0.878906, 0.0198532, 0.144531, 0.878906, -0.0109336, 0.152344, 0.878906, -0.0197077, 0.160156, 0.878906, 0.0111898, 0.167969, 0.878906, 0.0195866, 0.175781, 0.878906, -0.0114105, 0.183594, 0.878906, -0.0194206, 
        0.128906, 0.886719, 0.00559472, 0.136719, 0.886719, 0.0103825, 0.144531, 0.886719, -0.0057159, 0.152344, 0.886719, -0.0103036, 0.160156, 0.886719, 0.00585339, 0.167969, 0.886719, 0.0102446, 0.175781, 0.886719, -0.0059634, 0.183594, 0.886719, -0.0101512, 
        0.128906, 0.894531, -0.0107612, 0.136719, 0.894531, -0.0199744, 0.144531, 0.894531, 0.0110125, 0.152344, 0.894531, 0.0198453, 0.160156, 0.894531, -0.0112488, 0.167969, 0.894531, -0.0196965, 0.175781, 0.894531, 0.0115041, 0.183594, 0.894531, 0.0195704, 
        0.128906, 0.902344, -0.00545793, 0.136719, 0.902344, -0.0101311, 0.144531, 0.902344, 0.00558684, 0.152344, 0.902344, 0.0100674, 0.160156, 0.902344, -0.00570446, 0.167969, 0.902344, -0.00998916, 0.175781, 0.902344, 0.00583736, 0.183594, 0.902344, 0.00992933, 
        0.128906, 0.910156, 0.0108316, 0.136719, 0.910156, 0.0201032, 0.144531, 0.910156, -0.0110761, 0.152344, 0.910156, -0.0199628, 0.160156, 0.910156, 0.011327, 0.167969, 0.910156, 0.0198294, 0.175781, 0.910156, -0.0115637, 0.183594, 0.910156, -0.0196776, 
        0.128906, 0.917969, 0.00532697, 0.136719, 0.917969, 0.00988654, 0.144531, 0.917969, -0.00544636, 0.152344, 0.917969, -0.00981639, 0.160156, 0.917969, 0.00557109, 0.167969, 0.917969, 0.00975248, 0.175781, 0.917969, -0.0056854, 0.183594, 0.917969, -0.00967526, 
        0.128906, 0.925781, -0.0108953, 0.136719, 0.925781, -0.0202226, 0.144531, 0.925781, 0.0111463, 0.152344, 0.925781, 0.0200876, 0.160156, 0.925781, -0.0113909, 0.167969, 0.925781, -0.0199437, 0.175781, 0.925781, 0.0116411, 0.183594, 0.925781, 0.0198057, 
        0.128906, 0.933594, -0.00519133, 0.136719, 0.933594, -0.00963565, 0.144531, 0.933594, 0.00531146, 0.152344, 0.933594, 0.00957198, 0.160156, 0.933594, -0.00542717, 0.167969, 0.933594, -0.00950237, 0.175781, 0.933594, 0.00554764, 0.183594, 0.933594, 0.00943822
    ]
}
