{
    "level": 1,
    "idx": {"x": 2, "y": 41},
    "dim": {"x": 8, "y": 8},
    "offset": {"x": 0.0322266, "y": 0.641602},
    "cellSize": {"x": 0.00195312, "y": 0.00195312},
    "vertices": [
        0.0322266, 0.641602, -0.0019142, 0.0341797, 0.641602, -0.00274437, 0.0361328, 0.641602, -0.00354325, 0.0380859, 0.641602, -0.00428378, 0.0400391, 0.641602, -0.00494106, 0.0419922, 0.641602, -0.00549326, 0.0439453, 0.641602, -0.00592248, 0.0458984, 0.641602, -0.00621544, 
        0.0322266, 0.643555, -0.00177663, 0.0341797, 0.643555, -0.0025764, 0.0361328, 0.643555, -0.00334597, 0.0380859, 0.643555, -0.00405915, 0.0400391, 0.643555, -0.00469183, 0.0419922, 0.643555, -0.00522287, 0.0439453, 0.643555, -0.00563495, 0.0458984, 0.643555, -0.00591519, 
        0.0322266, 0.645508, -0.00163621, 0.0341797, 0.645508, -0.00237833, 0.0361328, 0.645508, -0.00309242, 0.0380859, 0.645508, -0.00375414, 0.0400391, 0.645508, -0.00434109, 0.0419922, 0.645508, -0.00483365, 0.0439453, 0.645508, -0.00521571, 0.0458984, 0.645508, -0.00547533, 
        0.0322266, 0.647461, -0.00149316, 0.0341797, 0.647461, -0.00215232, 0.0361328, 0.647461, -0.0027866, 0.0380859, 0.647461, -0.00337446, 0.0400391, 0.647461, -0.00389607, 0.0419922, 0.647461, -0.00433406, 0.0439453, 0.647461, -0.00467417, 0.0458984, 0.647461, -0.00490582, 
        0.0322266, 0.649414, -0.00134771, 0.0341797, 0.649414, -0.00190152, 0.0361328, 0.649414, -0.00243447, 0.0380859, 0.649414, -0.00292864, 0.0400391, 0.649414, -0.00336754, 0.0419922, 0.649414, -0.0037367, 0.0439453, 0.649414, -0.00402428, 0.0458984, 0.649414, -0.00422147, 
        0.0322266, 0.651367, -0.00120012, 0.0341797, 0.651367, -0.00162994, 0.0361328, 0.651367, -0.00204365, 0.0380859, 0.651367, -0.00242765, 0.0400391, 0.651367, -0.00276938, 0.0419922, 0.651367, -0.00305788, 0.0439453, 0.651367, -0.00328413, 0.0458984, 0.651367, -0.00344144, 
        0.0322266, 0.65332, -0.00105066, 0.0341797, 0.65332, -0.00134235, 0.0361328, 0.65332, -0.00162322, 0.0380859, 0.65332, -0.0018845, 0.0400391, 0.65332, -0.00211811, 0.0419922, 0.65332, -0.00231694, 0.0439453, 0.65332, -0.00247517, 0.0458984, 0.65332, -0.00258848, 
        0.0322266, 0.655273, -0.00089961, 0.0341797, 0.655273, -0.00104402, 0.0361328, 0.655273, -0.00118329, 0.0380859, 0.655273, -0.00131378, 0.0400391, 0.655273, -0.00143216, 0.0419922, 0.655273, -0.00153551, 0.0439453, 0.655273, -0.0016214, 0.0458984, 0.655273, -0.00168804
    ]
}
