{
    "level": 1,
    "idx": {"x": 2, "y": 53},
    "dim": {"x": 8, "y": 8},
    "offset": {"x": 0.0322266, "y": 0.829102},
    "cellSize": {"x": 0.00195312, "y": 0.00195312},
    "vertices": [
        0.0322266, 0.829102, 0.000334463, 0.0341797, 0.829102, -0.000372842, 0.0361328, 0.829102, -0.00105224, 0.0380859, 0.829102, -0.00167689, 0.0400391, 0.829102, -0.00222207, 0.0419922, 0.829102, -0.00266616, 0.0439453, 0.829102, -0.00299144, 0.0458984, 0.829102, -0.00318477, 
        0.0322266, 0.831055, 0.000181507, 0.0341797, 0.831055, -0.000508595, 0.0361328, 0.831055, -0.00117157, 0.0380859, 0.831055, -0.00178151, 0.0400391, 0.831055, -0.00231456, 0.0419922, 0.831055, -0.00274984, 0.0439453, 0.831055, -0.00307024, 0.0458984, 0.831055, -0.00326309, 
        0.0322266, 0.833008, 2.87164e-05, 0.0341797, 0.833008, -0.000617222, 0.0361328, 0.833008, -0.00123787, 0.0380859, 0.833008, -0.00180924, 0.0400391, 0.833008, -0.00230928, 0.0419922, 0.833008, -0.00271864, 0.0439453, 0.833008, -0.00302149, 0.0458984, 0.833008, -0.00320612, 
        0.0322266, 0.834961, -0.000123734, 0.0341797, 0.834961, -0.000700558, 0.0361328, 0.834961, -0.0012549, 0.0380859, 0.834961, -0.00176563, 0.0400391, 0.834961, -0.00221332, 0.0419922, 0.834961, -0.00258093, 0.0439453, 0.834961, -0.00285452, 0.0458984, 0.834961, -0.00302374, 
        0.0322266, 0.836914, -0.000275682, 0.0341797, 0.836914, -0.000761411, 0.0361328, 0.836914, -0.00122833, 0.0380859, 0.836914, -0.00165898, 0.0400391, 0.836914, -0.00203729, 0.0419922, 0.836914, -0.0023492, 0.0439453, 0.836914, -0.00258318, 0.0458984, 0.836914, -0.00273067, 
        0.0322266, 0.838867, -0.000426977, 0.0341797, 0.838867, -0.000803451, 0.0361328, 0.838867, -0.00116549, 0.0380859, 0.838867, -0.00149999, 0.0400391, 0.838867, -0.00179486, 0.0419922, 0.838867, -0.00203954, 0.0439453, 0.838867, -0.00222536, 0.0458984, 0.838867, -0.00234589, 
        0.0322266, 0.84082, -0.000577483, 0.0341797, 0.84082, -0.000831058, 0.0361328, 0.84082, -0.00107511, 0.0380859, 0.84082, -0.00130138, 0.0400391, 0.84082, -0.00150224, 0.0419922, 0.84082, -0.00167102, 0.0439453, 0.84082, -0.00180225, 0.0458984, 0.84082, -0.00189187, 
        0.0322266, 0.842773, -0.000727074, 0.0341797, 0.842773, -0.000849146, 0.0361328, 0.842773, -0.000966945, 0.0380859, 0.842773, -0.00107736, 0.0400391, 0.842773, -0.00117754, 0.0419922, 0.842773, -0.00126495, 0.0439453, 0.842773, -0.00133754, 0.0458984, 0.842773, -0.00139376
    ]
}
