{
    "level": 1,
    "idx": {"x": 30, "y": 50},
    "dim": {"x": 8, "y": 8},
    "offset": {"x": 0.469727, "y": 0.782227},
    "cellSize": {"x": 0.00195312, "y": 0.00195312},
    "vertices": [
        0.469727, 0.782227, 0.015125, 0.47168, 0.782227, 0.0150433, 0.473633, 0.782227, 0.0149511, 0.475586, 0.782227, 0.0148468, 0.477539, 0.782227, 0.0147287, 0.479492, 0.782227, 0.0145954, 0.481445, 0.782227, 0.0144459, 0.483398, 0.782227, 0.0142794, 
        0.469727, 0.78418, 0.0145588, 0.47168, 0.78418, 0.0146197, 0.473633, 0.78418, 0.0146638, 0.475586, 0.78418, 0.0146841, 0.477539, 0.78418, 0.0146745, 0.479492, 0.78418, 0.0146293, 0.481445, 0.78418, 0.0145444, 0.483398, 0.78418, 0.0144167, 
        0.469727, 0.786133, 0.0140052, 0.47168, 0.786133, 0.0142016, 0.473633, 0.786133, 0.0143751, 0.475586, 0.786133, 0.014514, 0.477539, 0.786133, 0.0146074, 0.479492, 0.786133, 0.0146462, 0.481445, 0.786133, 0.014623, 0.483398, 0.786133, 0.0145325, 
        0.469727, 0.788086, 0.0134628, 0.47168, 0.788086, 0.0137823, 0.473633, 0.788086, 0.0140735, 0.475586, 0.788086, 0.0143202, 0.477539, 0.788086, 0.0145077, 0.479492, 0.788086, 0.0146232, 0.481445, 0.788086, 0.0146565, 0.483398, 0.788086, 0.0146004, 
        0.469727, 0.790039, 0.0129299, 0.47168, 0.790039, 0.0133557, 0.473633, 0.790039, 0.0137485, 0.475586, 0.790039, 0.0140884, 0.477539, 0.790039, 0.0143573, 0.479492, 0.790039, 0.0145393, 0.481445, 0.790039, 0.014622, 0.483398, 0.790039, 0.0145963, 
        0.469727, 0.791992, 0.0124054, 0.47168, 0.791992, 0.0129165, 0.473633, 0.791992, 0.013391, 0.475586, 0.791992, 0.0138061, 0.477539, 0.791992, 0.0141407, 0.479492, 0.791992, 0.0143768, 0.481445, 0.791992, 0.0145, 0.483398, 0.791992, 0.0144999, 
        0.469727, 0.793945, 0.011888, 0.47168, 0.793945, 0.0124604, 0.473633, 0.793945, 0.0129938, 0.475586, 0.793945, 0.0134632, 0.477539, 0.793945, 0.0138456, 0.479492, 0.793945, 0.0141214, 0.481445, 0.793945, 0.0142748, 0.483398, 0.793945, 0.0142945, 
        0.469727, 0.795898, 0.0113769, 0.47168, 0.795898, 0.0119844, 0.473633, 0.795898, 0.0125517, 0.475586, 0.795898, 0.0130526, 0.477539, 0.795898, 0.0134632, 0.479492, 0.795898, 0.013763, 0.481445, 0.795898, 0.0139355, 0.483398, 0.795898, 0.0139687
    ]
}
