{
    "level": 1,
    "idx": {"x": 31, "y": 49},
    "dim": {"x": 8, "y": 8},
    "offset": {"x": 0.485352, "y": 0.766602},
    "cellSize": {"x": 0.00195312, "y": 0.00195312},
    "vertices": [
        0.485352, 0.766602, 0.0153475, 0.487305, 0.766602, 0.0152378, 0.489258, 0.766602, 0.0152596, 0.491211, 0.766602, 0.0154037, 0.493164, 0.766602, 0.0156561, 0.495117, 0.766602, 0.0159981, 0.49707, 0.766602, 0.0164077, 0.499023, 0.766602, 0.0168596, 
        0.485352, 0.768555, 0.0147456, 0.487305, 0.768555, 0.0146339, 0.489258, 0.768555, 0.0146492, 0.491211, 0.768555, 0.0147827, 0.493164, 0.768555, 0.0150207, 0.495117, 0.768555, 0.0153454, 0.49707, 0.768555, 0.0157352, 0.499023, 0.768555, 0.0161661, 
        0.485352, 0.770508, 0.0143035, 0.487305, 0.770508, 0.0141862, 0.489258, 0.770508, 0.0141862, 0.491211, 0.770508, 0.0142955, 0.493164, 0.770508, 0.0145013, 0.495117, 0.770508, 0.0147872, 0.49707, 0.770508, 0.0151333, 0.499023, 0.770508, 0.0155171, 
        0.485352, 0.772461, 0.0140103, 0.487305, 0.772461, 0.0138842, 0.489258, 0.772461, 0.013861, 0.491211, 0.772461, 0.0139335, 0.493164, 0.772461, 0.0140906, 0.495117, 0.772461, 0.0143179, 0.49707, 0.772461, 0.0145977, 0.499023, 0.772461, 0.0149104, 
        0.485352, 0.774414, 0.0138505, 0.487305, 0.774414, 0.0137127, 0.489258, 0.774414, 0.0136591, 0.491211, 0.774414, 0.0136838, 0.493164, 0.774414, 0.0137778, 0.495117, 0.774414, 0.0139289, 0.49707, 0.774414, 0.0141228, 0.499023, 0.774414, 0.0143433, 
        0.485352, 0.776367, 0.013804, 0.487305, 0.776367, 0.0136522, 0.489258, 0.776367, 0.0135624, 0.491211, 0.776367, 0.0135303, 0.493164, 0.776367, 0.0135491, 0.495117, 0.776367, 0.0136098, 0.49707, 0.776367, 0.0137015, 0.499023, 0.776367, 0.0138122, 
        0.485352, 0.77832, 0.0138472, 0.487305, 0.77832, 0.0136798, 0.489258, 0.77832, 0.0135496, 0.491211, 0.77832, 0.0134539, 0.493164, 0.77832, 0.0133886, 0.495117, 0.77832, 0.013348, 0.49707, 0.77832, 0.0133255, 0.499023, 0.77832, 0.0133133, 
        0.485352, 0.780273, 0.0139538, 0.487305, 0.780273, 0.0137699, 0.489258, 0.780273, 0.0135966, 0.491211, 0.780273, 0.0134332, 0.493164, 0.780273, 0.0132783, 0.495117, 0.780273, 0.0131297, 0.49707, 0.780273, 0.0129853, 0.499023, 0.780273, 0.0128422
    ]
}
