{
    "level": 1,
    "idx": {"x": 32, "y": 13},
    "dim": {"x": 8, "y": 8},
    "offset": {"x": 0.500977, "y": 0.204102},
    "cellSize": {"x": 0.00195312, "y": 0.00195312},
    "vertices": [
        0.500977, 0.204102, 0.00888273, 0.50293, 0.204102, 0.00978097, 0.504883, 0.204102, 0.0106413, 0.506836, 0.204102, 0.011437, 0.508789, 0.204102, 0.0121436, 0.510742, 0.204102, 0.0127399, 0.512695, 0.204102, 0.0132092, 0.514648, 0.204102, 0.013539, 
        0.500977, 0.206055, 0.00929307, 0.50293, 0.206055, 0.0101822, 0.504883, 0.206055, 0.0110341, 0.506836, 0.206055, 0.0118225, 0.508789, 0.206055, 0.0125237, 0.510742, 0.206055, 0.013117, 0.512695, 0.206055, 0.0135859, 0.514648, 0.206055, 0.0139182, 
        0.500977, 0.208008, 0.00971322, 0.50293, 0.208008, 0.0105657, 0.504883, 0.208008, 0.0113829, 0.506836, 0.208008, 0.0121403, 0.508789, 0.208008, 0.0128155, 0.510742, 0.208008, 0.0133891, 0.512695, 0.208008, 0.0138455, 0.514648, 0.208008, 0.0141734, 
        0.500977, 0.209961, 0.0101441, 0.50293, 0.209961, 0.0109341, 0.504883, 0.209961, 0.0116921, 0.506836, 0.209961, 0.012396, 0.508789, 0.209961, 0.0130258, 0.510742, 0.209961, 0.013564, 0.512695, 0.209961, 0.0139966, 0.514648, 0.209961, 0.0143136, 
        0.500977, 0.211914, 0.0105869, 0.50293, 0.211914, 0.0112914, 0.504883, 0.211914, 0.0119681, 0.506836, 0.211914, 0.0125984, 0.508789, 0.211914, 0.0131653, 0.510742, 0.211914, 0.0136541, 0.512695, 0.211914, 0.0140529, 0.514648, 0.211914, 0.0143531, 
        0.500977, 0.213867, 0.0110432, 0.50293, 0.213867, 0.0116424, 0.504883, 0.213867, 0.0122192, 0.506836, 0.213867, 0.0127589, 0.508789, 0.213867, 0.0132482, 0.510742, 0.213867, 0.0136756, 0.512695, 0.213867, 0.0140319, 0.514648, 0.213867, 0.0143103, 
        0.500977, 0.21582, 0.0115144, 0.50293, 0.21582, 0.0119932, 0.504883, 0.21582, 0.0124554, 0.506836, 0.21582, 0.0128912, 0.508789, 0.21582, 0.0132914, 0.510742, 0.21582, 0.0136481, 0.512695, 0.21582, 0.0139551, 0.514648, 0.21582, 0.0142077, 
        0.500977, 0.217773, 0.0120024, 0.50293, 0.217773, 0.0123503, 0.504883, 0.217773, 0.0126881, 0.506836, 0.217773, 0.0130108, 0.508789, 0.217773, 0.013314, 0.510742, 0.217773, 0.0135937, 0.512695, 0.217773, 0.0138466, 0.514648, 0.217773, 0.0140706
    ]
}
