{
    "level": 1,
    "idx": {"x": 32, "y": 35},
    "dim": {"x": 8, "y": 8},
    "offset": {"x": 0.500977, "y": 0.547852},
    "cellSize": {"x": 0.00195312, "y": 0.00195312},
    "vertices": [
        0.500977, 0.547852, 0.273888, 0.50293, 0.547852, 0.273317, 0.504883, 0.547852, 0.272696, 0.506836, 0.547852, 0.272052, 0.508789, 0.547852, 0.271408, 0.510742, 0.547852, 0.270785, 0.512695, 0.547852, 0.270201, 0.514648, 0.547852, 0.269668, 
        0.500977, 0.549805, 0.271815, 0.50293, 0.549805, 0.271272, 0.504883, 0.549805, 0.270679, 0.506836, 0.549805, 0.270061, 0.508789, 0.549805, 0.269442, 0.510742, 0.549805, 0.268841, 0.512695, 0.549805, 0.268276, 0.514648, 0.549805, 0.267758, 
        0.500977, 0.551758, 0.269681, 0.50293, 0.551758, 0.269193, 0.504883, 0.551758, 0.268653, 0.506836, 0.551758, 0.268085, 0.508789, 0.551758, 0.26751, 0.510742, 0.551758, 0.266948, 0.512695, 0.551758, 0.266414, 0.514648, 0.551758, 0.265918, 
        0.500977, 0.553711, 0.267488, 0.50293, 0.553711, 0.26708, 0.504883, 0.553711, 0.266617, 0.506836, 0.553711, 0.26612, 0.508789, 0.553711, 0.265609, 0.510742, 0.553711, 0.2651, 0.512695, 0.553711, 0.264606, 0.514648, 0.553711, 0.264138, 
        0.500977, 0.555664, 0.265237, 0.50293, 0.555664, 0.26493, 0.504883, 0.555664, 0.264565, 0.506836, 0.555664, 0.264159, 0.508789, 0.555664, 0.263727, 0.510742, 0.555664, 0.263285, 0.512695, 0.555664, 0.262842, 0.514648, 0.555664, 0.262407, 
        0.500977, 0.557617, 0.262929, 0.50293, 0.557617, 0.262742, 0.504883, 0.557617, 0.262493, 0.506836, 0.557617, 0.262193, 0.508789, 0.557617, 0.261855, 0.510742, 0.557617, 0.261489, 0.512695, 0.557617, 0.261105, 0.514648, 0.557617, 0.260708, 
        0.500977, 0.55957, 0.260565, 0.50293, 0.55957, 0.260512, 0.504883, 0.55957, 0.260391, 0.506836, 0.55957, 0.260209, 0.508789, 0.55957, 0.259975, 0.510742, 0.55957, 0.259695, 0.512695, 0.55957, 0.259375, 0.514648, 0.55957, 0.259019, 
        0.500977, 0.561523, 0.258145, 0.50293, 0.561523, 0.258236, 0.504883, 0.561523, 0.258251, 0.506836, 0.561523, 0.258196, 0.508789, 0.561523, 0.258072, 0.510742, 0.561523, 0.257883, 0.512695, 0.561523, 0.257631, 0.514648, 0.561523, 0.257318
    ]
}
