{
    "level": 1,
    "idx": {"x": 33, "y": 59},
    "dim": {"x": 8, "y": 8},
    "offset": {"x": 0.516602, "y": 0.922852},
    "cellSize": {"x": 0.00195312, "y": 0.00195312},
    "vertices": [
        0.516602, 0.922852, -0.00126027, 0.518555, 0.922852, -0.000892296, 0.520508, 0.922852, -0.000389017, 0.522461, 0.922852, 0.00023971, 0.524414, 0.922852, 0.000979058, 0.526367, 0.922852, 0.00180978, 0.52832, 0.922852, 0.00270897, 0.530273, 0.922852, 0.00365086, 
        0.516602, 0.924805, -0.00114829, 0.518555, 0.924805, -0.000785566, 0.520508, 0.924805, -0.00029265, 0.522461, 0.924805, 0.000320956, 0.524414, 0.924805, 0.00104096, 0.526367, 0.924805, 0.00184882, 0.52832, 0.924805, 0.00272247, 0.530273, 0.924805, 0.00363707, 
        0.516602, 0.926758, -0.000900817, 0.518555, 0.926758, -0.000547714, 0.520508, 0.926758, -7.4669e-05, 0.522461, 0.926758, 0.000509521, 0.524414, 0.926758, 0.00119164, 0.526367, 0.926758, 0.00195454, 0.52832, 0.926758, 0.00277784, 0.530273, 0.926758, 0.00363859, 
        0.516602, 0.928711, -0.000528476, 0.518555, 0.928711, -0.000189046, 0.520508, 0.928711, 0.000255327, 0.522461, 0.928711, 0.00079688, 0.524414, 0.928711, 0.00142397, 0.526367, 0.928711, 0.0021215, 0.52832, 0.928711, 0.00287152, 0.530273, 0.928711, 0.00365386, 
        0.516602, 0.930664, -4.67668e-05, 0.518555, 0.930664, 0.000275387, 0.520508, 0.930664, 0.00068332, 0.522461, 0.930664, 0.00117059, 0.524414, 0.930664, 0.00172755, 0.526367, 0.930664, 0.00234174, 0.52832, 0.930664, 0.00299834, 0.530273, 0.930664, 0.00368067, 
        0.516602, 0.932617, 0.000524521, 0.518555, 0.932617, 0.000826377, 0.520508, 0.932617, 0.00119142, 0.522461, 0.932617, 0.00161476, 0.524414, 0.932617, 0.00208913, 0.526367, 0.932617, 0.00260514, 0.52832, 0.932617, 0.00315166, 0.530273, 0.932617, 0.00371617, 
        0.516602, 0.93457, 0.00116207, 0.518555, 0.93457, 0.00144129, 0.520508, 0.93457, 0.00175855, 0.522461, 0.93457, 0.00211069, 0.524414, 0.93457, 0.00249308, 0.526367, 0.93457, 0.00289976, 0.52832, 0.93457, 0.0033237, 0.530273, 0.93457, 0.00375702, 
        0.516602, 0.936523, 0.00183993, 0.518555, 0.936523, 0.00209493, 0.520508, 0.936523, 0.00236125, 0.522461, 0.936523, 0.00263755, 0.524414, 0.936523, 0.002922, 0.526367, 0.936523, 0.00321231, 0.52832, 0.936523, 0.0035058, 0.530273, 0.936523, 0.0037995
    ]
}
