{
    "level": 1,
    "idx": {"x": 35, "y": 52},
    "dim": {"x": 8, "y": 8},
    "offset": {"x": 0.547852, "y": 0.813477},
    "cellSize": {"x": 0.00195312, "y": 0.00195312},
    "vertices": [
        0.547852, 0.813477, 0.00280319, 0.549805, 0.813477, 0.00270975, 0.551758, 0.813477, 0.00262913, 0.553711, 0.813477, 0.00256069, 0.555664, 0.813477, 0.00250337, 0.557617, 0.813477, 0.00245576, 0.55957, 0.813477, 0.00241615, 0.561523, 0.813477, 0.0023826, 
        0.547852, 0.81543, 0.00203129, 0.549805, 0.81543, 0.00196703, 0.551758, 0.81543, 0.00194226, 0.553711, 0.81543, 0.00195446, 0.555664, 0.81543, 0.00199974, 0.557617, 0.81543, 0.00207301, 0.55957, 0.81543, 0.00216816, 0.561523, 0.81543, 0.00227832, 
        0.547852, 0.817383, 0.001312, 0.549805, 0.817383, 0.00127574, 0.551758, 0.817383, 0.00130417, 0.553711, 0.817383, 0.00139301, 0.555664, 0.817383, 0.00153567, 0.557617, 0.817383, 0.00172359, 0.55957, 0.817383, 0.0019465, 0.561523, 0.817383, 0.00219283, 
        0.547852, 0.819336, 0.000670848, 0.549805, 0.819336, 0.000660644, 0.551758, 0.819336, 0.000737879, 0.553711, 0.819336, 0.000896665, 0.555664, 0.819336, 0.00112801, 0.557617, 0.819336, 0.00142019, 0.55957, 0.819336, 0.00175916, 0.561523, 0.819336, 0.00212915, 
        0.547852, 0.821289, 0.000130886, 0.549805, 0.821289, 0.000144067, 0.551758, 0.821289, 0.000264107, 0.553711, 0.821289, 0.000483746, 0.555664, 0.821289, 0.000791924, 0.557617, 0.821289, 0.00117421, 0.55957, 0.821289, 0.00161335, 0.561523, 0.821289, 0.00208995, 
        0.547852, 0.823242, -0.000288287, 0.549805, 0.823242, -0.000254993, 0.551758, 0.823242, -9.95092e-05, 0.553711, 0.823242, 0.000169816, 0.555664, 0.823242, 0.000540279, 0.557617, 0.823242, 0.000995309, 0.55957, 0.823242, 0.0015151, 0.561523, 0.823242, 0.0020774, 
        0.547852, 0.825195, -0.000571239, 0.549805, 0.825195, -0.000521589, 0.551758, 0.825195, -0.000339107, 0.553711, 0.825195, -3.29041e-05, 0.555664, 0.825195, 0.000383164, 0.557617, 0.825195, 0.000891027, 0.55957, 0.825195, 0.0014691, 0.561523, 0.825195, 0.00209311, 
        0.547852, 0.827148, -0.000707389, 0.549805, 0.827148, -0.00064548, 0.551758, 0.827148, -0.000445202, 0.553711, 0.827148, -0.000116077, 0.555664, 0.827148, 0.000327424, 0.557617, 0.827148, 0.000866429, 0.55957, 0.827148, 0.0014784, 0.561523, 0.827148, 0.00213799
    ]
}
