{
    "level": 1,
    "idx": {"x": 35, "y": 34},
    "dim": {"x": 8, "y": 8},
    "offset": {"x": 0.547852, "y": 0.532227},
    "cellSize": {"x": 0.00195312, "y": 0.00195312},
    "vertices": [
        0.547852, 0.532227, 0.266592, 0.549805, 0.532227, 0.264684, 0.551758, 0.532227, 0.262699, 0.553711, 0.532227, 0.26064, 0.555664, 0.532227, 0.25851, 0.557617, 0.532227, 0.25631, 0.55957, 0.532227, 0.254044, 0.561523, 0.532227, 0.251715, 
        0.547852, 0.53418, 0.266137, 0.549805, 0.53418, 0.264223, 0.551758, 0.53418, 0.262205, 0.553711, 0.53418, 0.260088, 0.555664, 0.53418, 0.257877, 0.557617, 0.53418, 0.255578, 0.55957, 0.53418, 0.253199, 0.561523, 0.53418, 0.250748, 
        0.547852, 0.536133, 0.265569, 0.549805, 0.536133, 0.26365, 0.551758, 0.536133, 0.261602, 0.553711, 0.536133, 0.259431, 0.555664, 0.536133, 0.257145, 0.557617, 0.536133, 0.254753, 0.55957, 0.536133, 0.252268, 0.561523, 0.536133, 0.249701, 
        0.547852, 0.538086, 0.264862, 0.549805, 0.538086, 0.26294, 0.551758, 0.538086, 0.260867, 0.553711, 0.538086, 0.258648, 0.555664, 0.538086, 0.256296, 0.557617, 0.538086, 0.253821, 0.55957, 0.538086, 0.251241, 0.561523, 0.538086, 0.248572, 
        0.547852, 0.540039, 0.263993, 0.549805, 0.540039, 0.262072, 0.551758, 0.540039, 0.259979, 0.553711, 0.540039, 0.257723, 0.555664, 0.540039, 0.255315, 0.557617, 0.540039, 0.252773, 0.55957, 0.540039, 0.250113, 0.561523, 0.540039, 0.247359, 
        0.547852, 0.541992, 0.262943, 0.549805, 0.541992, 0.261027, 0.551758, 0.541992, 0.258922, 0.553711, 0.541992, 0.256638, 0.555664, 0.541992, 0.254191, 0.557617, 0.541992, 0.251597, 0.55957, 0.541992, 0.248878, 0.561523, 0.541992, 0.246058, 
        0.547852, 0.543945, 0.261697, 0.549805, 0.543945, 0.259788, 0.551758, 0.543945, 0.25768, 0.553711, 0.543945, 0.255382, 0.555664, 0.543945, 0.252912, 0.557617, 0.543945, 0.250287, 0.55957, 0.543945, 0.247531, 0.561523, 0.543945, 0.244671, 
        0.547852, 0.545898, 0.260243, 0.549805, 0.545898, 0.258346, 0.551758, 0.545898, 0.256244, 0.553711, 0.545898, 0.253947, 0.555664, 0.545898, 0.251472, 0.557617, 0.545898, 0.248838, 0.55957, 0.545898, 0.24607, 0.561523, 0.545898, 0.243194
    ]
}
