{
    "level": 1,
    "idx": {"x": 36, "y": 36},
    "dim": {"x": 8, "y": 8},
    "offset": {"x": 0.563477, "y": 0.563477},
    "cellSize": {"x": 0.00195312, "y": 0.00195312},
    "vertices": [
        0.563477, 0.563477, 0.224244, 0.56543, 0.563477, 0.22219, 0.567383, 0.563477, 0.220081, 0.569336, 0.563477, 0.217918, 0.571289, 0.563477, 0.215701, 0.573242, 0.563477, 0.213431, 0.575195, 0.563477, 0.211108, 0.577148, 0.563477, 0.208734, 
        0.563477, 0.56543, 0.22219, 0.56543, 0.56543, 0.2203, 0.567383, 0.56543, 0.218348, 0.569336, 0.56543, 0.21633, 0.571289, 0.56543, 0.214242, 0.573242, 0.56543, 0.212079, 0.575195, 0.56543, 0.209841, 0.577148, 0.56543, 0.207525, 
        0.563477, 0.567383, 0.220081, 0.56543, 0.567383, 0.218348, 0.567383, 0.567383, 0.216547, 0.569336, 0.567383, 0.214669, 0.571289, 0.567383, 0.212704, 0.573242, 0.567383, 0.210646, 0.575195, 0.567383, 0.208489, 0.577148, 0.567383, 0.20623, 
        0.563477, 0.569336, 0.217918, 0.56543, 0.569336, 0.21633, 0.567383, 0.569336, 0.214669, 0.569336, 0.569336, 0.21292, 0.571289, 0.569336, 0.21107, 0.573242, 0.569336, 0.20911, 0.575195, 0.569336, 0.20703, 0.577148, 0.569336, 0.204826, 
        0.563477, 0.571289, 0.215701, 0.56543, 0.571289, 0.214242, 0.567383, 0.571289, 0.212704, 0.569336, 0.571289, 0.21107, 0.571289, 0.571289, 0.209324, 0.573242, 0.571289, 0.207452, 0.575195, 0.571289, 0.205442, 0.577148, 0.571289, 0.203289, 
        0.563477, 0.573242, 0.213431, 0.56543, 0.573242, 0.212079, 0.567383, 0.573242, 0.210646, 0.569336, 0.573242, 0.20911, 0.571289, 0.573242, 0.207452, 0.573242, 0.573242, 0.205655, 0.575195, 0.573242, 0.203707, 0.577148, 0.573242, 0.201601, 
        0.563477, 0.575195, 0.211108, 0.56543, 0.575195, 0.209841, 0.567383, 0.575195, 0.208489, 0.569336, 0.575195, 0.20703, 0.571289, 0.575195, 0.205442, 0.573242, 0.575195, 0.203707, 0.575195, 0.575195, 0.201812, 0.577148, 0.575195, 0.199746, 
        0.563477, 0.577148, 0.208734, 0.56543, 0.577148, 0.207525, 0.567383, 0.577148, 0.20623, 0.569336, 0.577148, 0.204826, 0.571289, 0.577148, 0.203289, 0.573242, 0.577148, 0.201601, 0.575195, 0.577148, 0.199746, 0.577148, 0.577148, 0.197715
    ]
}
