{
    "level": 1,
    "idx": {"x": 37, "y": 19},
    "dim": {"x": 8, "y": 8},
    "offset": {"x": 0.579102, "y": 0.297852},
    "cellSize": {"x": 0.00195312, "y": 0.00195312},
    "vertices": [
        0.579102, 0.297852, 0.0455505, 0.581055, 0.297852, 0.0451198, 0.583008, 0.297852, 0.0448154, 0.584961, 0.297852, 0.0446278, 0.586914, 0.297852, 0.0445428, 0.588867, 0.297852, 0.0445419, 0.59082, 0.297852, 0.0446026, 0.592773, 0.297852, 0.0446997, 
        0.579102, 0.299805, 0.0468663, 0.581055, 0.299805, 0.0464143, 0.583008, 0.299805, 0.0460851, 0.584961, 0.299805, 0.0458697, 0.586914, 0.299805, 0.0457542, 0.588867, 0.299805, 0.0457204, 0.59082, 0.299805, 0.0457465, 0.592773, 0.299805, 0.0458082, 
        0.579102, 0.301758, 0.0483477, 0.581055, 0.301758, 0.0478697, 0.583008, 0.301758, 0.0475059, 0.584961, 0.301758, 0.0472479, 0.586914, 0.301758, 0.0470828, 0.588867, 0.301758, 0.0469936, 0.59082, 0.301758, 0.0469599, 0.592773, 0.301758, 0.0469589, 
        0.579102, 0.303711, 0.0499861, 0.581055, 0.303711, 0.0494778, 0.583008, 0.303711, 0.0490701, 0.584961, 0.303711, 0.0487558, 0.586914, 0.303711, 0.0485232, 0.588867, 0.303711, 0.0483573, 0.59082, 0.303711, 0.0482401, 0.592773, 0.303711, 0.048151, 
        0.579102, 0.305664, 0.051768, 0.581055, 0.305664, 0.0512253, 0.583008, 0.305664, 0.0507655, 0.584961, 0.305664, 0.0503824, 0.586914, 0.305664, 0.0500664, 0.588867, 0.305664, 0.0498049, 0.59082, 0.305664, 0.0495828, 0.592773, 0.305664, 0.049383, 
        0.579102, 0.307617, 0.0536752, 0.581055, 0.307617, 0.0530948, 0.583008, 0.307617, 0.0525757, 0.584961, 0.307617, 0.0521134, 0.586914, 0.307617, 0.0517005, 0.588867, 0.307617, 0.0513274, 0.59082, 0.307617, 0.0509825, 0.592773, 0.307617, 0.0506527, 
        0.579102, 0.30957, 0.0556857, 0.581055, 0.30957, 0.0550649, 0.583008, 0.30957, 0.054481, 0.584961, 0.30957, 0.0539312, 0.586914, 0.30957, 0.0534109, 0.588867, 0.30957, 0.0529136, 0.59082, 0.30957, 0.052432, 0.592773, 0.30957, 0.0519574, 
        0.579102, 0.311523, 0.0577747, 0.581055, 0.311523, 0.0571115, 0.583008, 0.311523, 0.0564589, 0.584961, 0.311523, 0.0558161, 0.586914, 0.311523, 0.0551811, 0.588867, 0.311523, 0.0545512, 0.59082, 0.311523, 0.0539234, 0.592773, 0.311523, 0.0532938
    ]
}
