{
    "level": 1,
    "idx": {"x": 37, "y": 62},
    "dim": {"x": 8, "y": 8},
    "offset": {"x": 0.579102, "y": 0.969727},
    "cellSize": {"x": 0.00195312, "y": 0.00195312},
    "vertices": [
        0.579102, 0.969727, 0.00371673, 0.581055, 0.969727, 0.0037374, 0.583008, 0.969727, 0.00376578, 0.584961, 0.969727, 0.00380096, 0.586914, 0.969727, 0.00384153, 0.588867, 0.969727, 0.00388569, 0.59082, 0.969727, 0.00393128, 0.592773, 0.969727, 0.0039759, 
        0.579102, 0.97168, 0.00276268, 0.581055, 0.97168, 0.00280456, 0.583008, 0.97168, 0.00288126, 0.584961, 0.97168, 0.00298999, 0.586914, 0.97168, 0.00312652, 0.588867, 0.97168, 0.00328537, 0.59082, 0.97168, 0.00345999, 0.592773, 0.97168, 0.00364305, 
        0.579102, 0.973633, 0.00184487, 0.581055, 0.973633, 0.00190669, 0.583008, 0.973633, 0.00202891, 0.584961, 0.973633, 0.00220697, 0.586914, 0.973633, 0.00243398, 0.588867, 0.973633, 0.00270097, 0.59082, 0.973633, 0.00299728, 0.592773, 0.973633, 0.00331091, 
        0.579102, 0.975586, 0.000989671, 0.581055, 0.975586, 0.00106938, 0.583008, 0.975586, 0.00123255, 0.584961, 0.975586, 0.00147304, 0.586914, 0.975586, 0.00178156, 0.588867, 0.975586, 0.00214603, 0.59082, 0.975586, 0.00255203, 0.592773, 0.975586, 0.0029834, 
        0.579102, 0.977539, 0.000220851, 0.581055, 0.977539, 0.000315676, 0.583008, 0.977539, 0.000513652, 0.584961, 0.977539, 0.000807283, 0.586914, 0.977539, 0.00118523, 0.588867, 0.977539, 0.00163276, 0.59082, 0.977539, 0.00213229, 0.592773, 0.977539, 0.00266409, 
        0.579102, 0.979492, -0.000441314, 0.581055, 0.979492, -0.000334744, 0.583008, 0.979492, -0.000109464, 0.584961, 0.979492, 0.000225966, 0.586914, 0.979492, 0.000658606, 0.588867, 0.979492, 0.00117162, 0.59082, 0.979492, 0.00174494, 0.592773, 0.979492, 0.00235603, 
        0.579102, 0.981445, -0.000980801, 0.581055, 0.981445, -0.000866333, 0.583008, 0.981445, -0.000622312, 0.584961, 0.981445, -0.000258028, 0.586914, 0.981445, 0.00021247, 0.588867, 0.981445, 0.000770898, 0.59082, 0.981445, 0.00139547, 0.592773, 0.981445, 0.00206174, 
        0.579102, 0.983398, -0.00138645, 0.581055, 0.983398, -0.00126826, 0.583008, 0.983398, -0.00101479, 0.584961, 0.983398, -0.000635703, 0.586914, 0.983398, -0.000145622, 0.588867, 0.983398, 0.000436435, 0.59082, 0.983398, 0.00108781, 0.592773, 0.983398, 0.00178304
    ]
}
