{
    "level": 1,
    "idx": {"x": 38, "y": 8},
    "dim": {"x": 8, "y": 8},
    "offset": {"x": 0.594727, "y": 0.125977},
    "cellSize": {"x": 0.00195312, "y": 0.00195312},
    "vertices": [
        0.594727, 0.125977, -0.00445035, 0.59668, 0.125977, -0.00442647, 0.598633, 0.125977, -0.00439523, 0.600586, 0.125977, -0.00435637, 0.602539, 0.125977, -0.00430967, 0.604492, 0.125977, -0.00425494, 0.606445, 0.125977, -0.00419207, 0.608398, 0.125977, -0.00412102, 
        0.594727, 0.12793, -0.00425343, 0.59668, 0.12793, -0.00437292, 0.598633, 0.12793, -0.00447826, 0.600586, 0.12793, -0.00456401, 0.602539, 0.12793, -0.00462526, 0.604492, 0.12793, -0.00465779, 0.606445, 0.12793, -0.00465825, 0.608398, 0.12793, -0.00462429, 
        0.594727, 0.129883, -0.00404557, 0.59668, 0.129883, -0.00430276, 0.598633, 0.129883, -0.00453929, 0.600586, 0.129883, -0.00474478, 0.602539, 0.129883, -0.00490981, 0.604492, 0.129883, -0.00502629, 0.606445, 0.129883, -0.00508778, 0.608398, 0.129883, -0.0050897, 
        0.594727, 0.131836, -0.00382537, 0.59668, 0.131836, -0.00420936, 0.598633, 0.131836, -0.00456675, 0.600586, 0.131836, -0.00488261, 0.602539, 0.131836, -0.00514338, 0.604492, 0.131836, -0.00533741, 0.606445, 0.131836, -0.0054554, 0.608398, 0.131836, -0.00549076, 
        0.594727, 0.133789, -0.00359155, 0.59668, 0.133789, -0.00408667, 0.598633, 0.133789, -0.00455004, 0.600586, 0.133789, -0.00496276, 0.602539, 0.133789, -0.00530766, 0.604492, 0.133789, -0.00556999, 0.606445, 0.133789, -0.00573794, 0.608398, 0.133789, -0.00580316, 
        0.594727, 0.135742, -0.00334301, 0.59668, 0.135742, -0.0039294, 0.598633, 0.135742, -0.0044799, 0.600586, 0.135742, -0.00497237, 0.602539, 0.135742, -0.00538669, 0.604492, 0.135742, -0.00570557, 0.606445, 0.135742, -0.00591518, 0.608398, 0.135742, -0.00600569, 
        0.594727, 0.137695, -0.0030789, 0.59668, 0.137695, -0.00373329, 0.598633, 0.137695, -0.00434883, 0.600586, 0.137695, -0.00490099, 0.602539, 0.137695, -0.00536748, 0.604492, 0.137695, -0.00572914, 0.606445, 0.137695, -0.00597063, 0.608398, 0.137695, -0.00608107, 
        0.594727, 0.139648, -0.00279864, 0.59668, 0.139648, -0.00349523, 0.598633, 0.139648, -0.00415134, 0.600586, 0.139648, -0.00474096, 0.602539, 0.139648, -0.0052405, 0.604492, 0.139648, -0.00562967, 0.606445, 0.139648, -0.00589222, 0.608398, 0.139648, -0.00601662
    ]
}
