{
    "level": 1,
    "idx": {"x": 39, "y": 20},
    "dim": {"x": 8, "y": 8},
    "offset": {"x": 0.610352, "y": 0.313477},
    "cellSize": {"x": 0.00195312, "y": 0.00195312},
    "vertices": [
        0.610352, 0.313477, 0.0472918, 0.612305, 0.313477, 0.0464653, 0.614258, 0.313477, 0.0456398, 0.616211, 0.313477, 0.0448156, 0.618164, 0.313477, 0.0439929, 0.620117, 0.313477, 0.0431716, 0.62207, 0.313477, 0.0423515, 0.624023, 0.313477, 0.0415323, 
        0.610352, 0.31543, 0.0476782, 0.612305, 0.31543, 0.0468556, 0.614258, 0.31543, 0.0460615, 0.616211, 0.31543, 0.0452941, 0.618164, 0.31543, 0.0445508, 0.620117, 0.31543, 0.0438278, 0.62207, 0.31543, 0.0431203, 0.624023, 0.31543, 0.0424233, 
        0.610352, 0.317383, 0.0481189, 0.612305, 0.317383, 0.047299, 0.614258, 0.317383, 0.0465336, 0.616211, 0.317383, 0.0458194, 0.618164, 0.317383, 0.0451508, 0.620117, 0.317383, 0.0445205, 0.62207, 0.317383, 0.0439196, 0.624023, 0.317383, 0.0433381, 
        0.610352, 0.319336, 0.0486409, 0.612305, 0.319336, 0.0478214, 0.614258, 0.319336, 0.0470804, 0.616211, 0.319336, 0.0464129, 0.618164, 0.319336, 0.0458108, 0.620117, 0.319336, 0.0452634, 0.62207, 0.319336, 0.0447582, 0.624023, 0.319336, 0.0442807, 
        0.610352, 0.321289, 0.0492687, 0.612305, 0.321289, 0.0484467, 0.614258, 0.321289, 0.047724, 0.616211, 0.321289, 0.0470942, 0.618164, 0.321289, 0.046547, 0.620117, 0.321289, 0.0460691, 0.62207, 0.321289, 0.0456443, 0.624023, 0.321289, 0.0452544, 
        0.610352, 0.323242, 0.0500237, 0.612305, 0.323242, 0.0491955, 0.614258, 0.323242, 0.0484837, 0.616211, 0.323242, 0.0478804, 0.618164, 0.323242, 0.0473738, 0.620117, 0.323242, 0.0469482, 0.62207, 0.323242, 0.0465847, 0.624023, 0.323242, 0.0462622, 
        0.610352, 0.325195, 0.0509232, 0.612305, 0.325195, 0.0500847, 0.614258, 0.325195, 0.0493749, 0.616211, 0.325195, 0.0487853, 0.618164, 0.325195, 0.0483027, 0.620117, 0.325195, 0.0479096, 0.62207, 0.325195, 0.0475854, 0.624023, 0.325195, 0.0473065, 
        0.610352, 0.327148, 0.0519797, 0.612305, 0.327148, 0.0511263, 0.614258, 0.327148, 0.0504091, 0.616211, 0.327148, 0.049819, 0.618164, 0.327148, 0.0493419, 0.620117, 0.327148, 0.0489597, 0.62207, 0.327148, 0.0486503, 0.624023, 0.327148, 0.048389
    ]
}
