{
    "level": 1,
    "idx": {"x": 3, "y": 5},
    "dim": {"x": 8, "y": 8},
    "offset": {"x": 0.0478516, "y": 0.0791016},
    "cellSize": {"x": 0.00195312, "y": 0.00195312},
    "vertices": [
        0.0478516, 0.0791016, 0.00204186, 0.0498047, 0.0791016, 0.00228741, 0.0517578, 0.0791016, 0.00266569, 0.0537109, 0.0791016, 0.00316815, 0.0556641, 0.0791016, 0.00378117, 0.0576172, 0.0791016, 0.00448655, 0.0595703, 0.0791016, 0.00526221, 0.0615234, 0.0791016, 0.00608304, 
        0.0478516, 0.0810547, 0.00213603, 0.0498047, 0.0810547, 0.00238051, 0.0517578, 0.0810547, 0.00275477, 0.0537109, 0.0810547, 0.00325045, 0.0556641, 0.0810547, 0.00385419, 0.0576172, 0.0810547, 0.00454817, 0.0595703, 0.0810547, 0.00531076, 0.0615234, 0.0810547, 0.00611736, 
        0.0478516, 0.0830078, 0.00236304, 0.0498047, 0.0830078, 0.00260339, 0.0517578, 0.0830078, 0.00296527, 0.0537109, 0.0830078, 0.00344082, 0.0556641, 0.0830078, 0.00401745, 0.0576172, 0.0830078, 0.0046784, 0.0595703, 0.0830078, 0.00540332, 0.0615234, 0.0830078, 0.00616907, 
        0.0478516, 0.0849609, 0.00271448, 0.0498047, 0.0849609, 0.0029478, 0.0517578, 0.0849609, 0.00328943, 0.0537109, 0.0849609, 0.00373227, 0.0556641, 0.0849609, 0.00426503, 0.0576172, 0.0849609, 0.0048726, 0.0595703, 0.0849609, 0.00553671, 0.0615234, 0.0849609, 0.00623656, 
        0.0478516, 0.0869141, 0.00317687, 0.0498047, 0.0869141, 0.00340053, 0.0517578, 0.0869141, 0.0037148, 0.0537109, 0.0869141, 0.00411364, 0.0556641, 0.0869141, 0.00458743, 0.0576172, 0.0869141, 0.00512334, 0.0595703, 0.0869141, 0.00570584, 0.0615234, 0.0869141, 0.00631728, 
        0.0478516, 0.0888672, 0.00373213, 0.0498047, 0.0888672, 0.00394387, 0.0517578, 0.0888672, 0.00422473, 0.0537109, 0.0888672, 0.00456995, 0.0556641, 0.0888672, 0.00497195, 0.0576172, 0.0888672, 0.00542067, 0.0595703, 0.0888672, 0.0059039, 0.0615234, 0.0888672, 0.00640781, 
        0.0478516, 0.0908203, 0.00435835, 0.0498047, 0.0908203, 0.00455634, 0.0517578, 0.0908203, 0.00479902, 0.0537109, 0.0908203, 0.00508305, 0.0556641, 0.0908203, 0.0054032, 0.0576172, 0.0908203, 0.00575252, 0.0595703, 0.0908203, 0.00612263, 0.0615234, 0.0908203, 0.00650403, 
        0.0478516, 0.0927734, 0.00503056, 0.0498047, 0.0927734, 0.0052135, 0.0517578, 0.0927734, 0.00541465, 0.0537109, 0.0927734, 0.00563226, 0.0556641, 0.0927734, 0.00586361, 0.0576172, 0.0927734, 0.00610516, 0.0595703, 0.0927734, 0.00635264, 0.0615234, 0.0927734, 0.00660124
    ]
}
