{
    "level": 1,
    "idx": {"x": 3, "y": 24},
    "dim": {"x": 16, "y": 16},
    "offset": {"x": 0.0947266, "y": 0.750977},
    "cellSize": {"x": 0.00195312, "y": 0.00195312},
    "vertices": [
        0.0947266, 0.750977, 0.000872526, 0.0966797, 0.750977, 0.00355945, 0.0986328, 0.750977, 0.00570863, 0.100586, 0.750977, 0.00699257, 0.102539, 0.750977, 0.0072158, 0.104492, 0.750977, 0.00634463, 0.106445, 0.750977, 0.00451236, 0.108398, 0.750977, 0.00199891, 0.110352, 0.750977, -0.000811906, 0.112305, 0.750977, -0.00349084, 0.114258, 0.750977, -0.00562876, 0.116211, 0.750977, -0.00689904, 0.118164, 0.750977, -0.00710733, 0.120117, 0.750977, -0.00622128, 0.12207, 0.750977, -0.00437539, 0.124023, 0.750977, -0.00185058, 
        0.0947266, 0.75293, 0.00209241, 0.0966797, 0.75293, 0.00867597, 0.0986328, 0.75293, 0.0139411, 0.100586, 0.75293, 0.0170851, 0.102539, 0.75293, 0.0176287, 0.104492, 0.75293, 0.0154893, 0.106445, 0.75293, 0.0109936, 0.108398, 0.75293, 0.00482791, 0.110352, 0.75293, -0.00206699, 0.112305, 0.75293, -0.00863887, 0.114258, 0.75293, -0.0138848, 0.116211, 0.75293, -0.0170042, 0.118164, 0.75293, -0.0175205, 0.120117, 0.75293, -0.0153545, 0.12207, 0.75293, -0.010836, 0.124023, 0.75293, -0.00465349, 
        0.0947266, 0.754883, 0.00299775, 0.0966797, 0.754883, 0.0124741, 0.0986328, 0.754883, 0.0200525, 0.100586, 0.754883, 0.0245773, 0.102539, 0.754883, 0.0253587, 0.104492, 0.754883, 0.0222777, 0.106445, 0.754883, 0.0158048, 0.108398, 0.754883, 0.00692769, 0.110352, 0.754883, -0.0029992, 0.112305, 0.754883, -0.0124612, 0.114258, 0.754883, -0.0200145, 0.116211, 0.754883, -0.0245066, 0.118164, 0.754883, -0.0252516, 0.120117, 0.754883, -0.0221355, 0.12207, 0.754883, -0.0156328, 0.124023, 0.754883, -0.00673502, 
        0.0947266, 0.756836, 0.00345024, 0.0966797, 0.756836, 0.0143741, 0.0986328, 0.756836, 0.0231101, 0.100586, 0.756836, 0.0283258, 0.102539, 0.756836, 0.0292261, 0.104492, 0.756836, 0.025674, 0.106445, 0.756836, 0.0182116, 0.108398, 0.756836, 0.00797758, 0.110352, 0.756836, -0.00346659, 0.112305, 0.756836, -0.0143748, 0.114258, 0.756836, -0.0230829, 0.116211, 0.756836, -0.0282619, 0.118164, 0.756836, -0.0291215, 0.120117, 0.756836, -0.0255299, 0.12207, 0.756836, -0.0180345, 0.124023, 0.756836, -0.00777801, 
        0.0947266, 0.758789, 0.00338071, 0.0966797, 0.758789, 0.0140861, 0.0986328, 0.758789, 0.0226474, 0.100586, 0.758789, 0.0277588, 0.102539, 0.758789, 0.028641, 0.104492, 0.758789, 0.0251599, 0.106445, 0.758789, 0.0178466, 0.108398, 0.758789, 0.00781723, 0.110352, 0.758789, -0.00339818, 0.112305, 0.758789, -0.0140884, 0.114258, 0.758789, -0.0226224, 0.116211, 0.758789, -0.0276979, 0.118164, 0.758789, -0.0285404, 0.120117, 0.758789, -0.0250207, 0.12207, 0.758789, -0.0176753, 0.124023, 0.758789, -0.00762388, 
        0.0947266, 0.760742, 0.00279959, 0.0966797, 0.760742, 0.0116539, 0.0986328, 0.760742, 0.0187348, 0.100586, 0.760742, 0.0229626, 0.102539, 0.760742, 0.0236925, 0.104492, 0.760742, 0.0208137, 0.106445, 0.760742, 0.0147655, 0.108398, 0.760742, 0.00647082, 0.110352, 0.760742, -0.00280469, 0.112305, 0.760742, -0.0116458, 0.114258, 0.760742, -0.0187036, 0.116211, 0.760742, -0.022901, 0.118164, 0.760742, -0.0235973, 0.120117, 0.760742, -0.0206859, 0.12207, 0.760742, -0.0146102, 0.124023, 0.760742, -0.00629656, 
        0.0947266, 0.762695, 0.00179536, 0.0966797, 0.762695, 0.00744822, 0.0986328, 0.762695, 0.0119691, 0.100586, 0.762695, 0.0146685, 0.102539, 0.762695, 0.0151351, 0.104492, 0.762695, 0.013298, 0.106445, 0.762695, 0.00943778, 0.108398, 0.762695, 0.00414349, 0.110352, 0.762695, -0.00177692, 0.112305, 0.762695, -0.00741997, 0.114258, 0.762695, -0.0119245, 0.116211, 0.762695, -0.0146031, 0.118164, 0.762695, -0.0150466, 0.120117, 0.762695, -0.0131869, 0.12207, 0.762695, -0.00930729, 0.124023, 0.762695, -0.00399892, 
        0.0947266, 0.764648, 0.000521016, 0.0966797, 0.764648, 0.00211035, 0.0986328, 0.764648, 0.00338169, 0.100586, 0.764648, 0.00414136, 0.102539, 0.764648, 0.00427377, 0.104492, 0.764648, 0.00375899, 0.106445, 0.764648, 0.00267586, 0.108398, 0.764648, 0.00118991, 0.110352, 0.764648, -0.000471861, 0.112305, 0.764648, -0.00205561, 0.114258, 0.764648, -0.00331939, 0.116211, 0.764648, -0.00407002, 0.118164, 0.764648, -0.00419259, 0.120117, 0.764648, -0.00366793, 0.12207, 0.764648, -0.00257562, 0.124023, 0.764648, -0.00108176, 
        0.0947266, 0.766602, -0.000829165, 0.0966797, 0.766602, -0.00354548, 0.0986328, 0.766602, -0.00571724, 0.100586, 0.766602, -0.00701293, 0.102539, 0.766602, -0.00723465, 0.104492, 0.766602, -0.00634831, 0.106445, 0.766602, -0.00448882, 0.108398, 0.766602, -0.0019395, 0.110352, 0.766602, 0.000911111, 0.112305, 0.766602, 0.00362853, 0.114258, 0.766602, 0.00579864, 0.116211, 0.766602, 0.0070908, 0.118164, 0.766602, 0.00730831, 0.120117, 0.766602, 0.00641844, 0.12207, 0.766602, 0.00455736, 0.124023, 0.766602, 0.00200945, 
        0.0947266, 0.768555, -0.00204941, 0.0966797, 0.768555, -0.00865681, 0.0986328, 0.768555, -0.0139402, 0.100586, 0.768555, -0.0170933, 0.102539, 0.768555, -0.0176351, 0.104492, 0.768555, -0.0154825, 0.106445, 0.768555, -0.0109637, 0.108398, 0.768555, -0.0047677, 0.110352, 0.768555, 0.00216083, 0.112305, 0.768555, 0.00876529, 0.114258, 0.768555, 0.0140386, 0.116211, 0.768555, 0.0171769, 0.118164, 0.768555, 0.0177017, 0.120117, 0.768555, 0.0155335, 0.12207, 0.768555, 0.0110034, 0.124023, 0.768555, 0.00480287, 
        0.0947266, 0.770508, -0.00295372, 0.0966797, 0.770508, -0.0124441, 0.0986328, 0.770508, -0.020033, 0.100586, 0.770508, -0.0245624, 0.102539, 0.770508, -0.0253413, 0.104492, 0.770508, -0.0222506, 0.106445, 0.770508, -0.0157615, 0.108398, 0.770508, -0.0068635, 0.110352, 0.770508, 0.00308643, 0.112305, 0.770508, 0.0125709, 0.114258, 0.770508, 0.0201435, 0.116211, 0.770508, 0.0246495, 0.118164, 0.770508, 0.025402, 0.120117, 0.770508, 0.0222867, 0.12207, 0.770508, 0.015779, 0.124023, 0.770508, 0.00687206, 
        0.0947266, 0.772461, -0.00340431, 0.0966797, 0.772461, -0.0143299, 0.0986328, 0.772461, -0.0230664, 0.100586, 0.772461, -0.028281, 0.102539, 0.772461, -0.029178, 0.104492, 0.772461, -0.0256203, 0.106445, 0.772461, -0.0181504, 0.108398, 0.772461, -0.00790745, 0.110352, 0.772461, 0.0035465, 0.112305, 0.772461, 0.0144646, 0.114258, 0.772461, 0.0231817, 0.116211, 0.772461, 0.0283686, 0.118164, 0.772461, 0.0292344, 0.120117, 0.772461, 0.0256474, 0.12207, 0.772461, 0.0181552, 0.124023, 0.772461, 0.00790104, 
        0.0947266, 0.774414, -0.00333258, 0.0966797, 0.774414, -0.0140267, 0.0986328, 0.774414, -0.022578, 0.100586, 0.774414, -0.0276821, 0.102539, 0.774414, -0.0285601, 0.104492, 0.774414, -0.0250779, 0.106445, 0.774414, -0.0177663, 0.108398, 0.774414, -0.0077405, 0.110352, 0.774414, 0.00347065, 0.112305, 0.774414, 0.0141573, 0.114258, 0.774414, 0.0226896, 0.116211, 0.774414, 0.0277665, 0.118164, 0.774414, 0.0286139, 0.120117, 0.774414, 0.0251029, 0.12207, 0.774414, 0.0177695, 0.124023, 0.774414, 0.00773254, 
        0.0947266, 0.776367, -0.00274959, 0.0966797, 0.776367, -0.0115807, 0.0986328, 0.776367, -0.0186424, 0.100586, 0.776367, -0.0228572, 0.102539, 0.776367, -0.0235821, 0.104492, 0.776367, -0.0207062, 0.106445, 0.776367, -0.014668, 0.108398, 0.776367, -0.00638833, 0.110352, 0.776367, 0.00287023, 0.112305, 0.776367, 0.0116956, 0.114258, 0.776367, 0.018742, 0.116211, 0.776367, 0.0229349, 0.118164, 0.776367, 0.023635, 0.120117, 0.776367, 0.0207359, 0.12207, 0.776367, 0.0146802, 0.124023, 0.776367, 0.00639193, 
        0.0947266, 0.77832, -0.00174437, 0.0966797, 0.77832, -0.00736528, 0.0986328, 0.77832, -0.0118598, 0.100586, 0.77832, -0.0145423, 0.102539, 0.77832, -0.0150032, 0.104492, 0.77832, -0.0131722, 0.106445, 0.77832, -0.00932815, 0.108398, 0.77832, -0.00405733, 0.110352, 0.77832, 0.00183661, 0.112305, 0.77832, 0.00745486, 0.114258, 0.77832, 0.0119407, 0.116211, 0.77832, 0.0146103, 0.118164, 0.77832, 0.0150567, 0.120117, 0.77832, 0.0132121, 0.12207, 0.77832, 0.00935821, 0.124023, 0.77832, 0.00408333, 
