{
    "level": 1,
    "idx": {"x": 3, "y": 36},
    "dim": {"x": 8, "y": 8},
    "offset": {"x": 0.0478516, "y": 0.563477},
    "cellSize": {"x": 0.00195312, "y": 0.00195312},
    "vertices": [
        0.0478516, 0.563477, -0.00552255, 0.0498047, 0.563477, -0.00567235, 0.0517578, 0.563477, -0.00580651, 0.0537109, 0.563477, -0.00592527, 0.0556641, 0.563477, -0.00602915, 0.0576172, 0.563477, -0.00611894, 0.0595703, 0.563477, -0.00619564, 0.0615234, 0.563477, -0.00626046, 
        0.0478516, 0.56543, -0.00632296, 0.0498047, 0.56543, -0.00646047, 0.0517578, 0.56543, -0.00655494, 0.0537109, 0.56543, -0.0066082, 0.0556641, 0.56543, -0.0066234, 0.0576172, 0.56543, -0.00660479, 0.0595703, 0.56543, -0.00655763, 0.0615234, 0.56543, -0.00648795, 
        0.0478516, 0.567383, -0.00708017, 0.0498047, 0.567383, -0.0072059, 0.0517578, 0.567383, -0.00726253, 0.0537109, 0.567383, -0.00725345, 0.0556641, 0.567383, -0.00718425, 0.0576172, 0.567383, -0.00706253, 0.0595703, 0.567383, -0.00689756, 0.0615234, 0.567383, -0.00669998, 
        0.0478516, 0.569336, -0.0077676, 0.0498047, 0.569336, -0.00788257, 0.0517578, 0.569336, -0.00790477, 0.0537109, 0.569336, -0.00783897, 0.0556641, 0.569336, -0.00769299, 0.0576172, 0.569336, -0.00747747, 0.0595703, 0.569336, -0.00720534, 0.0615234, 0.569336, -0.00689141, 
        0.0478516, 0.571289, -0.00836108, 0.0498047, 0.571289, -0.00846681, 0.0517578, 0.571289, -0.00845936, 0.0537109, 0.571289, -0.0083447, 0.0556641, 0.571289, -0.00813258, 0.0576172, 0.571289, -0.00783624, 0.0595703, 0.571289, -0.00747178, 0.0615234, 0.571289, -0.0070576, 
        0.0478516, 0.573242, -0.00883977, 0.0498047, 0.573242, -0.00893821, 0.0517578, 0.573242, -0.00890709, 0.0537109, 0.573242, -0.00875336, 0.0556641, 0.573242, -0.00848834, 0.0576172, 0.573242, -0.00812732, 0.0595703, 0.573242, -0.00768895, 0.0615234, 0.573242, -0.00719452, 
        0.0478516, 0.575195, -0.00918697, 0.0498047, 0.575195, -0.00928038, 0.0517578, 0.575195, -0.00923255, 0.0537109, 0.575195, -0.00905111, 0.0556641, 0.575195, -0.00874849, 0.0576172, 0.575195, -0.00834147, 0.0595703, 0.575195, -0.00785051, 0.0615234, 0.575195, -0.00729895, 
        0.0478516, 0.577148, -0.00939077, 0.0498047, 0.577148, -0.00948164, 0.0517578, 0.577148, -0.00942474, 0.0537109, 0.577148, -0.00922805, 0.0556641, 0.577148, -0.00890463, 0.0576172, 0.577148, -0.0084721, 0.0595703, 0.577148, -0.00795192, 0.0615234, 0.577148, -0.00736859
    ]
}
