{
    "level": 1,
    "idx": {"x": 40, "y": 22},
    "dim": {"x": 8, "y": 8},
    "offset": {"x": 0.625977, "y": 0.344727},
    "cellSize": {"x": 0.00195312, "y": 0.00195312},
    "vertices": [
        0.625977, 0.344727, 0.058613, 0.62793, 0.344727, 0.057451, 0.629883, 0.344727, 0.0562973, 0.631836, 0.344727, 0.0551531, 0.633789, 0.344727, 0.05402, 0.635742, 0.344727, 0.0528991, 0.637695, 0.344727, 0.0517914, 0.639648, 0.344727, 0.0506978, 
        0.625977, 0.34668, 0.0598543, 0.62793, 0.34668, 0.0585298, 0.629883, 0.34668, 0.057221, 0.631836, 0.34668, 0.0559346, 0.633789, 0.34668, 0.0546764, 0.635742, 0.34668, 0.0534518, 0.637695, 0.34668, 0.0522651, 0.639648, 0.34668, 0.0511192, 
        0.625977, 0.348633, 0.0611163, 0.62793, 0.348633, 0.0596353, 0.629883, 0.348633, 0.0581772, 0.631836, 0.348633, 0.0567535, 0.633789, 0.348633, 0.0553746, 0.635742, 0.348633, 0.0540498, 0.637695, 0.348633, 0.0527862, 0.639648, 0.348633, 0.0515892, 
        0.625977, 0.350586, 0.0624006, 0.62793, 0.350586, 0.0607741, 0.629883, 0.350586, 0.0591772, 0.631836, 0.350586, 0.0576258, 0.633789, 0.350586, 0.0561344, 0.635742, 0.350586, 0.0547157, 0.637695, 0.350586, 0.0533797, 0.639648, 0.350586, 0.0521338, 
        0.625977, 0.352539, 0.0637083, 0.62793, 0.352539, 0.0619523, 0.629883, 0.352539, 0.0602315, 0.631836, 0.352539, 0.058566, 0.633789, 0.352539, 0.0569737, 0.635742, 0.352539, 0.0554703, 0.637695, 0.352539, 0.0540685, 0.639648, 0.352539, 0.0527771, 
        0.625977, 0.354492, 0.0650404, 0.62793, 0.354492, 0.0631747, 0.629883, 0.354492, 0.0613491, 0.631836, 0.354492, 0.0595866, 0.633789, 0.354492, 0.0579081, 0.635742, 0.354492, 0.0563318, 0.637695, 0.354492, 0.0548721, 0.639648, 0.354492, 0.0535395, 
        0.625977, 0.356445, 0.0663976, 0.62793, 0.356445, 0.0644456, 0.629883, 0.356445, 0.0625371, 0.631836, 0.356445, 0.0606976, 0.633789, 0.356445, 0.0589501, 0.635742, 0.356445, 0.0573144, 0.637695, 0.356445, 0.0558066, 0.639648, 0.356445, 0.0544379, 
        0.625977, 0.358398, 0.0677803, 0.62793, 0.358398, 0.0657676, 0.629883, 0.358398, 0.0638007, 0.631836, 0.358398, 0.0619063, 0.633789, 0.358398, 0.0601086, 0.635742, 0.358398, 0.0584286, 0.637695, 0.358398, 0.0568831, 0.639648, 0.358398, 0.055484
    ]
}
