{
    "level": 1,
    "idx": {"x": 42, "y": 8},
    "dim": {"x": 8, "y": 8},
    "offset": {"x": 0.657227, "y": 0.125977},
    "cellSize": {"x": 0.00195312, "y": 0.00195312},
    "vertices": [
        0.657227, 0.125977, -0.000585018, 0.65918, 0.125977, -0.000411138, 0.661133, 0.125977, -0.000235624, 0.663086, 0.125977, -5.84186e-05, 0.665039, 0.125977, 0.000120515, 0.666992, 0.125977, 0.000301169, 0.668945, 0.125977, 0.00048348, 0.670898, 0.125977, 0.000667331, 
        0.657227, 0.12793, -0.000571903, 0.65918, 0.12793, -0.000546777, 0.661133, 0.12793, -0.00051282, 0.663086, 0.12793, -0.00046481, 0.665039, 0.12793, -0.000398033, 0.666992, 0.12793, -0.000308472, 0.668945, 0.12793, -0.000192975, 0.670898, 0.12793, -4.93827e-05, 
        0.657227, 0.129883, -0.000554311, 0.65918, 0.129883, -0.000672454, 0.661133, 0.129883, -0.000774865, 0.663086, 0.129883, -0.00085137, 0.665039, 0.129883, -0.000892767, 0.666992, 0.129883, -0.000891178, 0.668945, 0.129883, -0.000840368, 0.670898, 0.129883, -0.000735991, 
        0.657227, 0.131836, -0.000530498, 0.65918, 0.131836, -0.000781212, 0.661133, 0.131836, -0.00100986, 0.663086, 0.131836, -0.00120171, 0.665039, 0.131836, -0.00134344, 0.666992, 0.131836, -0.00142362, 0.668945, 0.131836, -0.00143318, 0.670898, 0.131836, -0.00136577, 
        0.657227, 0.133789, -0.000498863, 0.65918, 0.133789, -0.000866658, 0.661133, 0.133789, -0.00120686, 0.663086, 0.133789, -0.00150076, 0.665039, 0.133789, -0.00173143, 0.666992, 0.133789, -0.00188435, 0.668945, 0.133789, -0.00194796, 0.670898, 0.133789, -0.00191417, 
        0.657227, 0.135742, -0.000458002, 0.65918, 0.135742, -0.000923206, 0.661133, 0.135742, -0.00135631, 0.663086, 0.135742, -0.00173536, 0.665039, 0.135742, -0.00204049, 0.666992, 0.135742, -0.00225463, 0.668945, 0.135742, -0.00236423, 0.670898, 0.135742, -0.00235972, 
        0.657227, 0.137695, -0.000406769, 0.65918, 0.137695, -0.000946289, 0.661133, 0.137695, -0.0014504, 0.663086, 0.137695, -0.00189476, 0.665039, 0.137695, -0.00225733, 0.666992, 0.137695, -0.00251917, 0.668945, 0.137695, -0.00266523, 0.670898, 0.137695, -0.0026849, 
        0.657227, 0.139648, -0.000344313, 0.65918, 0.139648, -0.000932541, 0.661133, 0.139648, -0.00148338, 0.663086, 0.139648, -0.00197104, 0.665039, 0.139648, -0.00237216, 0.666992, 0.139648, -0.00266668, 0.668945, 0.139648, -0.00283863, 0.670898, 0.139648, -0.00287676
    ]
}
