{
    "level": 1,
    "idx": {"x": 43, "y": 29},
    "dim": {"x": 8, "y": 8},
    "offset": {"x": 0.672852, "y": 0.454102},
    "cellSize": {"x": 0.00195312, "y": 0.00195312},
    "vertices": [
        0.672852, 0.454102, 0.0798286, 0.674805, 0.454102, 0.0779233, 0.676758, 0.454102, 0.0761916, 0.678711, 0.454102, 0.0746237, 0.680664, 0.454102, 0.0732046, 0.682617, 0.454102, 0.0719149, 0.68457, 0.454102, 0.0707319, 0.686523, 0.454102, 0.0696296, 
        0.672852, 0.456055, 0.0805083, 0.674805, 0.456055, 0.0785771, 0.676758, 0.456055, 0.0768158, 0.678711, 0.456055, 0.075215, 0.680664, 0.456055, 0.0737601, 0.682617, 0.456055, 0.0724324, 0.68457, 0.456055, 0.0712096, 0.686523, 0.456055, 0.0700667, 
        0.672852, 0.458008, 0.0813049, 0.674805, 0.458008, 0.0793434, 0.676758, 0.458008, 0.0775432, 0.678711, 0.458008, 0.0758953, 0.680664, 0.458008, 0.0743862, 0.682617, 0.458008, 0.0729984, 0.68457, 0.458008, 0.0717112, 0.686523, 0.458008, 0.0705012, 
        0.672852, 0.459961, 0.0822084, 0.674805, 0.459961, 0.0802129, 0.676758, 0.459961, 0.078365, 0.678711, 0.459961, 0.0766568, 0.680664, 0.459961, 0.0750763, 0.682617, 0.459961, 0.073608, 0.68457, 0.459961, 0.0722334, 0.686523, 0.459961, 0.0709317, 
        0.672852, 0.461914, 0.083204, 0.674805, 0.461914, 0.0811711, 0.676758, 0.461914, 0.0792679, 0.678711, 0.461914, 0.0774877, 0.680664, 0.461914, 0.0758206, 0.682617, 0.461914, 0.0742536, 0.68457, 0.461914, 0.0727712, 0.686523, 0.461914, 0.071356, 
        0.672852, 0.463867, 0.0842725, 0.674805, 0.463867, 0.0821995, 0.676758, 0.463867, 0.0802345, 0.678711, 0.463867, 0.0783727, 0.680664, 0.463867, 0.0766064, 0.682617, 0.463867, 0.0749255, 0.68457, 0.463867, 0.0733183, 0.686523, 0.463867, 0.0717714, 
        0.672852, 0.46582, 0.0853909, 0.674805, 0.46582, 0.0832757, 0.676758, 0.46582, 0.0812444, 0.678711, 0.46582, 0.0792936, 0.680664, 0.46582, 0.0774183, 0.682617, 0.46582, 0.0756121, 0.68457, 0.46582, 0.0738672, 0.686523, 0.46582, 0.0721747, 
        0.672852, 0.467773, 0.0865334, 0.674805, 0.467773, 0.084375, 0.676758, 0.467773, 0.0822742, 0.678711, 0.467773, 0.0802297, 0.680664, 0.467773, 0.0782394, 0.682617, 0.467773, 0.0763005, 0.68457, 0.467773, 0.0744094, 0.686523, 0.467773, 0.0725624
    ]
}
