{
    "level": 1,
    "idx": {"x": 44, "y": 31},
    "dim": {"x": 8, "y": 8},
    "offset": {"x": 0.688477, "y": 0.485352},
    "cellSize": {"x": 0.00195312, "y": 0.00195312},
    "vertices": [
        0.688477, 0.485352, 0.0719704, 0.69043, 0.485352, 0.0692245, 0.692383, 0.485352, 0.0665556, 0.694336, 0.485352, 0.06399, 0.696289, 0.485352, 0.0615515, 0.698242, 0.485352, 0.0592604, 0.700195, 0.485352, 0.0571331, 0.702148, 0.485352, 0.0551807, 
        0.688477, 0.487305, 0.0720321, 0.69043, 0.487305, 0.0692931, 0.692383, 0.487305, 0.0666303, 0.694336, 0.487305, 0.0640693, 0.696289, 0.487305, 0.0616331, 0.698242, 0.487305, 0.0593416, 0.700195, 0.487305, 0.0572105, 0.702148, 0.487305, 0.0552509, 
        0.688477, 0.489258, 0.0720804, 0.69043, 0.489258, 0.0693759, 0.692383, 0.489258, 0.0667454, 0.694336, 0.489258, 0.0642127, 0.696289, 0.489258, 0.0617993, 0.698242, 0.489258, 0.0595237, 0.700195, 0.489258, 0.0574006, 0.702148, 0.489258, 0.0554403, 
        0.688477, 0.491211, 0.0721148, 0.69043, 0.491211, 0.0694706, 0.692383, 0.491211, 0.0668967, 0.694336, 0.491211, 0.0644145, 0.696289, 0.491211, 0.062043, 0.698242, 0.491211, 0.0597987, 0.700195, 0.491211, 0.0576945, 0.702148, 0.491211, 0.0557396, 
        0.688477, 0.493164, 0.0721344, 0.69043, 0.493164, 0.0695733, 0.692383, 0.493164, 0.0670779, 0.694336, 0.493164, 0.0646659, 0.696289, 0.493164, 0.0623534, 0.698242, 0.493164, 0.0601539, 0.700195, 0.493164, 0.0580785, 0.702148, 0.493164, 0.0561348, 
        0.688477, 0.495117, 0.0721379, 0.69043, 0.495117, 0.0696792, 0.692383, 0.495117, 0.0672806, 0.694336, 0.495117, 0.0649555, 0.696289, 0.495117, 0.0627162, 0.698242, 0.495117, 0.0605733, 0.700195, 0.495117, 0.058535, 0.702148, 0.495117, 0.0566071, 
        0.688477, 0.49707, 0.0721238, 0.69043, 0.49707, 0.0697826, 0.692383, 0.49707, 0.0674948, 0.694336, 0.49707, 0.0652695, 0.696289, 0.49707, 0.0631147, 0.698242, 0.49707, 0.0610372, 0.700195, 0.49707, 0.0590424, 0.702148, 0.49707, 0.0571342, 
        0.688477, 0.499023, 0.0720907, 0.69043, 0.499023, 0.0698768, 0.692383, 0.499023, 0.0677095, 0.694336, 0.499023, 0.0655926, 0.696289, 0.499023, 0.0635297, 0.698242, 0.499023, 0.0615237, 0.700195, 0.499023, 0.059577, 0.702148, 0.499023, 0.0576912
    ]
}
