{
    "level": 1,
    "idx": {"x": 44, "y": 61},
    "dim": {"x": 8, "y": 8},
    "offset": {"x": 0.688477, "y": 0.954102},
    "cellSize": {"x": 0.00195312, "y": 0.00195312},
    "vertices": [
        0.688477, 0.954102, -0.00198397, 0.69043, 0.954102, -0.00145727, 0.692383, 0.954102, -0.000964597, 0.694336, 0.954102, -0.000531931, 0.696289, 0.954102, -0.000182822, 0.698242, 0.954102, 6.25348e-05, 0.700195, 0.954102, 0.000188095, 0.702148, 0.954102, 0.000182591, 
        0.688477, 0.956055, -0.00192251, 0.69043, 0.956055, -0.00141668, 0.692383, 0.956055, -0.00094356, 0.694336, 0.956055, -0.000528178, 0.696289, 0.956055, -0.00019319, 0.698242, 0.956055, 4.19696e-05, 0.700195, 0.956055, 0.00016186, 0.702148, 0.956055, 0.000155638, 
        0.688477, 0.958008, -0.00186732, 0.69043, 0.958008, -0.00140873, 0.692383, 0.958008, -0.000980192, 0.694336, 0.958008, -0.000604757, 0.696289, 0.958008, -0.000303323, 0.698242, 0.958008, -9.38022e-05, 0.700195, 0.958008, 9.57027e-06, 0.702148, 0.958008, -3.1963e-06, 
        0.688477, 0.959961, -0.00181776, 0.69043, 0.959961, -0.00143077, 0.692383, 0.959961, -0.00106987, 0.694336, 0.959961, -0.000755278, 0.696289, 0.959961, -0.000505311, 0.698242, 0.959961, -0.000335663, 0.700195, 0.959961, -0.000258804, 0.702148, 0.959961, -0.000283482, 
        0.688477, 0.961914, -0.0017729, 0.69043, 0.961914, -0.00147883, 0.692383, 0.961914, -0.00120579, 0.694336, 0.961914, -0.000970365, 0.696289, 0.961914, -0.000787563, 0.698242, 0.961914, -0.000670257, 0.700195, 0.961914, -0.000628664, 0.702148, 0.961914, -0.000669943, 
        0.688477, 0.963867, -0.00173151, 0.69043, 0.963867, -0.00154787, 0.692383, 0.963867, -0.00137928, 0.694336, 0.963867, -0.00123803, 0.696289, 0.963867, -0.00113527, 0.698242, 0.963867, -0.00108052, 0.700195, 0.963867, -0.00108136, 0.702148, 0.963867, -0.00114306, 
        0.688477, 0.96582, -0.00169213, 0.69043, 0.96582, -0.0016319, 0.692383, 0.96582, -0.00158005, 0.694336, 0.96582, -0.00154413, 0.696289, 0.96582, -0.00153094, 0.698242, 0.96582, -0.00154631, 0.700195, 0.96582, -0.00159487, 0.702148, 0.96582, -0.00167981, 
        0.688477, 0.967773, -0.00165313, 0.69043, 0.967773, -0.00172426, 0.692383, 0.967773, -0.0017967, 0.694336, 0.967773, -0.00187291, 0.696289, 0.967773, -0.00195513, 0.698242, 0.967773, -0.00204524, 0.700195, 0.967773, -0.00214472, 0.702148, 0.967773, -0.00225457
    ]
}
