{
    "level": 1,
    "idx": {"x": 46, "y": 29},
    "dim": {"x": 8, "y": 8},
    "offset": {"x": 0.719727, "y": 0.454102},
    "cellSize": {"x": 0.00195312, "y": 0.00195312},
    "vertices": [
        0.719727, 0.454102, 0.0440895, 0.72168, 0.454102, 0.0421318, 0.723633, 0.454102, 0.04024, 0.725586, 0.454102, 0.0384399, 0.727539, 0.454102, 0.0367546, 0.729492, 0.454102, 0.0352042, 0.731445, 0.454102, 0.0338042, 0.733398, 0.454102, 0.0325657, 
        0.719727, 0.456055, 0.0442291, 0.72168, 0.456055, 0.0422783, 0.723633, 0.456055, 0.0403929, 0.725586, 0.456055, 0.0385977, 0.727539, 0.456055, 0.0369155, 0.729492, 0.456055, 0.0353655, 0.731445, 0.456055, 0.0339629, 0.733398, 0.456055, 0.0327185, 
        0.719727, 0.458008, 0.0443618, 0.72168, 0.458008, 0.0424452, 0.723633, 0.458008, 0.0405919, 0.725586, 0.458008, 0.0388251, 0.727539, 0.458008, 0.037166, 0.729492, 0.458008, 0.0356324, 0.731445, 0.458008, 0.0342386, 0.733398, 0.458008, 0.0329945, 
        0.719727, 0.459961, 0.0444871, 0.72168, 0.459961, 0.04263, 0.723633, 0.459961, 0.0408329, 0.725586, 0.459961, 0.0391163, 0.727539, 0.459961, 0.037499, 0.729492, 0.459961, 0.0359969, 0.731445, 0.459961, 0.0346225, 0.733398, 0.459961, 0.0333845, 
        0.719727, 0.461914, 0.0446038, 0.72168, 0.461914, 0.0428289, 0.723633, 0.461914, 0.0411094, 0.725586, 0.461914, 0.0394625, 0.727539, 0.461914, 0.0379038, 0.729492, 0.461914, 0.0364464, 0.731445, 0.461914, 0.0351009, 0.733398, 0.461914, 0.0338743, 
        0.719727, 0.463867, 0.0447107, 0.72168, 0.463867, 0.043037, 0.723633, 0.463867, 0.0414131, 0.725586, 0.463867, 0.0398522, 0.727539, 0.463867, 0.038366, 0.729492, 0.463867, 0.0369647, 0.731445, 0.463867, 0.0356559, 0.733398, 0.463867, 0.0344453, 
        0.719727, 0.46582, 0.0448062, 0.72168, 0.46582, 0.0432482, 0.723633, 0.46582, 0.0417339, 0.725586, 0.46582, 0.0402715, 0.727539, 0.46582, 0.0388688, 0.729492, 0.46582, 0.0375321, 0.731445, 0.46582, 0.0362664, 0.733398, 0.46582, 0.0350751, 
        0.719727, 0.467773, 0.0448886, 0.72168, 0.467773, 0.0434561, 0.723633, 0.467773, 0.0420604, 0.725586, 0.467773, 0.040705, 0.727539, 0.467773, 0.039393, 0.729492, 0.467773, 0.0381267, 0.731445, 0.467773, 0.0369082, 0.733398, 0.467773, 0.0357386
    ]
}
