{
    "level": 1,
    "idx": {"x": 46, "y": 17},
    "dim": {"x": 8, "y": 8},
    "offset": {"x": 0.719727, "y": 0.266602},
    "cellSize": {"x": 0.00195312, "y": 0.00195312},
    "vertices": [
        0.719727, 0.266602, -0.00153382, 0.72168, 0.266602, -0.00255684, 0.723633, 0.266602, -0.00352942, 0.725586, 0.266602, -0.00442511, 0.727539, 0.266602, -0.00521995, 0.729492, 0.266602, -0.00589337, 0.731445, 0.266602, -0.00642901, 0.733398, 0.266602, -0.0068153, 
        0.719727, 0.268555, -0.00127771, 0.72168, 0.268555, -0.00228752, 0.723633, 0.268555, -0.00324777, 0.725586, 0.268555, -0.00413263, 0.727539, 0.268555, -0.00491875, 0.729492, 0.268555, -0.00558604, 0.731445, 0.268555, -0.00611855, 0.733398, 0.268555, -0.00650501, 
        0.719727, 0.270508, -0.00099859, 0.72168, 0.270508, -0.00196807, 0.723633, 0.270508, -0.00289028, 0.725586, 0.270508, -0.00374106, 0.727539, 0.270508, -0.00449848, 0.729492, 0.270508, -0.00514378, 0.731445, 0.270508, -0.005662, 0.733398, 0.270508, -0.00604257, 
        0.719727, 0.272461, -0.000697122, 0.72168, 0.272461, -0.00160087, 0.723633, 0.272461, -0.002461, 0.725586, 0.272461, -0.00325588, 0.727539, 0.272461, -0.00396595, 0.729492, 0.272461, -0.00457439, 0.731445, 0.272461, -0.00506786, 0.733398, 0.272461, -0.00543689, 
        0.719727, 0.274414, -0.000374339, 0.72168, 0.274414, -0.00118967, 0.723633, 0.274414, -0.0019662, 0.725586, 0.274414, -0.00268573, 0.727539, 0.274414, -0.00333174, 0.729492, 0.274414, -0.00389006, 0.731445, 0.274414, -0.00434944, 0.733398, 0.274414, -0.00470188, 
        0.719727, 0.276367, -3.16021e-05, 0.72168, 0.276367, -0.000739386, 0.723633, 0.276367, -0.00141423, 0.725586, 0.276367, -0.002042, 0.727539, 0.276367, -0.0026099, 0.729492, 0.276367, -0.00310692, 0.731445, 0.276367, -0.00352434, 0.733398, 0.276367, -0.00385596, 
        0.719727, 0.27832, 0.000329437, 0.72168, 0.27832, -0.000255998, 0.723633, 0.27832, -0.00081513, 0.725586, 0.27832, -0.00133845, 0.727539, 0.27832, -0.00181735, 0.729492, 0.27832, -0.00224443, 0.731445, 0.27832, -0.00261381, 0.733398, 0.27832, -0.00292134, 
        0.719727, 0.280273, 0.000706913, 0.72168, 0.280273, 0.000253747, 0.723633, 0.280273, -0.00018028, 0.725586, 0.280273, -0.000590649, 0.727539, 0.280273, -0.000973265, 0.729492, 0.280273, -0.00132462, 0.731445, 0.280273, -0.00164191, 0.733398, 0.280273, -0.00192317
    ]
}
