{
    "level": 1,
    "idx": {"x": 46, "y": 41},
    "dim": {"x": 8, "y": 8},
    "offset": {"x": 0.719727, "y": 0.641602},
    "cellSize": {"x": 0.00195312, "y": 0.00195312},
    "vertices": [
        0.719727, 0.641602, 0.0161368, 0.72168, 0.641602, 0.0146904, 0.723633, 0.641602, 0.0133029, 0.725586, 0.641602, 0.0120003, 0.727539, 0.641602, 0.0108064, 0.729492, 0.641602, 0.00974154, 0.731445, 0.641602, 0.00882169, 0.733398, 0.641602, 0.00805824, 
        0.719727, 0.643555, 0.0159252, 0.72168, 0.643555, 0.0145209, 0.723633, 0.643555, 0.0131737, 0.725586, 0.643555, 0.0119087, 0.727539, 0.643555, 0.010749, 0.729492, 0.643555, 0.0097142, 0.731445, 0.643555, 0.00881983, 0.733398, 0.643555, 0.00807688, 
        0.719727, 0.645508, 0.0157308, 0.72168, 0.645508, 0.0143955, 0.723633, 0.645508, 0.013114, 0.725586, 0.645508, 0.0119097, 0.727539, 0.645508, 0.0108038, 0.729492, 0.645508, 0.00981477, 0.731445, 0.645508, 0.00895691, 0.733398, 0.645508, 0.00824043, 
        0.719727, 0.647461, 0.0155529, 0.72168, 0.647461, 0.0143115, 0.723633, 0.647461, 0.0131192, 0.725586, 0.647461, 0.0119968, 0.727539, 0.647461, 0.0109632, 0.729492, 0.647461, 0.0100345, 0.731445, 0.647461, 0.00922338, 0.733398, 0.647461, 0.0085389, 
        0.719727, 0.649414, 0.0153902, 0.72168, 0.649414, 0.0142647, 0.723633, 0.649414, 0.0131825, 0.725586, 0.649414, 0.0121611, 0.727539, 0.649414, 0.0112158, 0.729492, 0.649414, 0.0103603, 0.731445, 0.649414, 0.00960497, 0.733398, 0.649414, 0.00895735, 
        0.719727, 0.651367, 0.0152413, 0.72168, 0.651367, 0.0142499, 0.723633, 0.651367, 0.0132953, 0.725586, 0.651367, 0.0123903, 0.727539, 0.651367, 0.0115469, 0.729492, 0.651367, 0.0107752, 0.731445, 0.651367, 0.0100832, 0.733398, 0.651367, 0.00947649, 
        0.719727, 0.65332, 0.0151043, 0.72168, 0.65332, 0.014261, 0.723633, 0.65332, 0.0134469, 0.725586, 0.65332, 0.0126704, 0.727539, 0.65332, 0.011939, 0.729492, 0.65332, 0.0112592, 0.731445, 0.65332, 0.0106362, 0.733398, 0.65332, 0.0100734, 
        0.719727, 0.655273, 0.0149775, 0.72168, 0.655273, 0.014291, 0.723633, 0.655273, 0.0136259, 0.725586, 0.655273, 0.0129854, 0.727539, 0.655273, 0.0123725, 0.729492, 0.655273, 0.0117898, 0.731445, 0.655273, 0.0112393, 0.733398, 0.655273, 0.0107223
    ]
}
