{
    "level": 1,
    "idx": {"x": 47, "y": 3},
    "dim": {"x": 8, "y": 8},
    "offset": {"x": 0.735352, "y": 0.0478516},
    "cellSize": {"x": 0.00195312, "y": 0.00195312},
    "vertices": [
        0.735352, 0.0478516, 0.00930367, 0.737305, 0.0478516, 0.00923465, 0.739258, 0.0478516, 0.00901945, 0.741211, 0.0478516, 0.00866812, 0.743164, 0.0478516, 0.00819569, 0.745117, 0.0478516, 0.00762152, 0.74707, 0.0478516, 0.00696864, 0.749023, 0.0478516, 0.00626279, 
        0.735352, 0.0498047, 0.00939371, 0.737305, 0.0498047, 0.0093288, 0.739258, 0.0498047, 0.00912029, 0.741211, 0.0498047, 0.00877801, 0.743164, 0.0498047, 0.00831667, 0.745117, 0.0498047, 0.00775528, 0.74707, 0.0498047, 0.00711636, 0.749023, 0.0498047, 0.00642514, 
        0.735352, 0.0517578, 0.00933557, 0.737305, 0.0517578, 0.00927938, 0.739258, 0.0517578, 0.0090874, 0.741211, 0.0517578, 0.00876887, 0.743164, 0.0517578, 0.00833762, 0.745117, 0.0517578, 0.00781153, 0.74707, 0.0517578, 0.0072118, 0.749023, 0.0517578, 0.00656217, 
        0.735352, 0.0537109, 0.00913733, 0.737305, 0.0537109, 0.0090942, 0.739258, 0.0537109, 0.008928, 0.741211, 0.0537109, 0.00864704, 0.743164, 0.0537109, 0.00826375, 0.745117, 0.0537109, 0.00779417, 0.74707, 0.0537109, 0.00725737, 0.749023, 0.0537109, 0.00667467, 
        0.735352, 0.0556641, 0.00881218, 0.737305, 0.0556641, 0.00878598, 0.739258, 0.0556641, 0.00865388, 0.741211, 0.0556641, 0.00842291, 0.743164, 0.0556641, 0.00810362, 0.745117, 0.0556641, 0.00770962, 0.74707, 0.0556641, 0.00725707, 0.749023, 0.0556641, 0.00676408, 
        0.735352, 0.0576172, 0.00837789, 0.737305, 0.0576172, 0.0083719, 0.739258, 0.0576172, 0.00828093, 0.741211, 0.0576172, 0.00811049, 0.743164, 0.0576172, 0.00786881, 0.745117, 0.0576172, 0.00756655, 0.74707, 0.0576172, 0.00721635, 0.749023, 0.0576172, 0.00683241, 
        0.735352, 0.0595703, 0.00785611, 0.737305, 0.0595703, 0.00787288, 0.739258, 0.0595703, 0.00782855, 0.741211, 0.0595703, 0.00772687, 0.743164, 0.0595703, 0.00757345, 0.745117, 0.0595703, 0.00737558, 0.74707, 0.0595703, 0.00714192, 0.749023, 0.0595703, 0.00688216, 
        0.735352, 0.0615234, 0.00727157, 0.737305, 0.0615234, 0.00731281, 0.739258, 0.0615234, 0.00731885, 0.741211, 0.0615234, 0.00729155, 0.743164, 0.0615234, 0.00723367, 0.745117, 0.0615234, 0.00714886, 0.74707, 0.0615234, 0.00704142, 0.749023, 0.0615234, 0.00691621
    ]
}
