{
    "level": 1,
    "idx": {"x": 47, "y": 6},
    "dim": {"x": 8, "y": 8},
    "offset": {"x": 0.735352, "y": 0.0947266},
    "cellSize": {"x": 0.00195312, "y": 0.00195312},
    "vertices": [
        0.735352, 0.0947266, 0.00714015, 0.737305, 0.0947266, 0.00720778, 0.739258, 0.0947266, 0.0072645, 0.741211, 0.0947266, 0.00731032, 0.743164, 0.0947266, 0.00734529, 0.745117, 0.0947266, 0.00736954, 0.74707, 0.0947266, 0.00738324, 0.749023, 0.0947266, 0.00738661, 
        0.735352, 0.0966797, 0.00781207, 0.737305, 0.0966797, 0.00785481, 0.739258, 0.0966797, 0.00785968, 0.741211, 0.0966797, 0.00782867, 0.743164, 0.0966797, 0.00776478, 0.745117, 0.0966797, 0.00767194, 0.74707, 0.0966797, 0.0075548, 0.749023, 0.0966797, 0.0074186, 
        0.735352, 0.0986328, 0.00844536, 0.737305, 0.0986328, 0.00846407, 0.739258, 0.0986328, 0.00841908, 0.741211, 0.0986328, 0.00831425, 0.743164, 0.0986328, 0.00815542, 0.745117, 0.0986328, 0.00795014, 0.74707, 0.0986328, 0.00770738, 0.749023, 0.0986328, 0.00743722, 
        0.735352, 0.100586, 0.00901329, 0.737305, 0.100586, 0.00900975, 0.739258, 0.100586, 0.00891876, 0.741211, 0.100586, 0.00874594, 0.743164, 0.100586, 0.00849971, 0.745117, 0.100586, 0.00819096, 0.74707, 0.100586, 0.00783266, 0.749023, 0.100586, 0.00743928, 
        0.735352, 0.102539, 0.0094913, 0.737305, 0.102539, 0.00946811, 0.739258, 0.102539, 0.00933674, 0.741211, 0.102539, 0.00910434, 0.743164, 0.102539, 0.00878159, 0.745117, 0.102539, 0.00838233, 0.74707, 0.102539, 0.00792296, 0.749023, 0.102539, 0.00742186, 
        0.735352, 0.104492, 0.00985795, 0.737305, 0.104492, 0.00981842, 0.739258, 0.104492, 0.00965381, 0.741211, 0.104492, 0.00937251, 0.743164, 0.104492, 0.00898707, 0.745117, 0.104492, 0.0085137, 0.74707, 0.104492, 0.00797164, 0.749023, 0.104492, 0.00738244, 
        0.735352, 0.106445, 0.0100958, 0.737305, 0.106445, 0.0100438, 0.739258, 0.106445, 0.00985433, 0.741211, 0.106445, 0.00953667, 0.743164, 0.106445, 0.00910474, 0.745117, 0.106445, 0.0085765, 0.74707, 0.106445, 0.00797329, 0.749023, 0.106445, 0.00731899, 
        0.735352, 0.108398, 0.0101919, 0.737305, 0.108398, 0.0101318, 0.739258, 0.108398, 0.0099268, 0.741211, 0.108398, 0.00958669, 0.743164, 0.108398, 0.00912622, 0.745117, 0.108398, 0.00856445, 0.74707, 0.108398, 0.00792397, 0.749023, 0.108398, 0.00723008
    ]
}
