{
    "level": 1,
    "idx": {"x": 47, "y": 15},
    "dim": {"x": 8, "y": 8},
    "offset": {"x": 0.735352, "y": 0.235352},
    "cellSize": {"x": 0.00195312, "y": 0.00195312},
    "vertices": [
        0.735352, 0.235352, -0.00128551, 0.737305, 0.235352, -0.00154763, 0.739258, 0.235352, -0.00193681, 0.741211, 0.235352, -0.00244288, 0.743164, 0.235352, -0.00305074, 0.745117, 0.235352, -0.00374095, 0.74707, 0.235352, -0.00449047, 0.749023, 0.235352, -0.00527354, 
        0.735352, 0.237305, -0.0013645, 0.737305, 0.237305, -0.00162733, 0.739258, 0.237305, -0.00201374, 0.741211, 0.237305, -0.00251381, 0.743164, 0.237305, -0.0031128, 0.745117, 0.237305, -0.00379173, 0.74707, 0.237305, -0.00452811, 0.749023, 0.237305, -0.00529678, 
        0.735352, 0.239258, -0.00157111, 0.737305, 0.239258, -0.00182998, 0.739258, 0.239258, -0.00220376, 0.741211, 0.239258, -0.00268316, 0.743164, 0.239258, -0.00325436, 0.745117, 0.239258, -0.00389957, 0.74707, 0.239258, -0.00459771, 0.749023, 0.239258, -0.00532521, 
        0.735352, 0.241211, -0.00189639, 0.737305, 0.241211, -0.00214694, 0.739258, 0.241211, -0.00249887, 0.741211, 0.241211, -0.00294385, 0.743164, 0.241211, -0.00346953, 0.745117, 0.241211, -0.00405999, 0.74707, 0.241211, -0.00469637, 0.749023, 0.241211, -0.00535762, 
        0.735352, 0.243164, -0.00232637, 0.737305, 0.243164, -0.0025647, 0.739258, 0.243164, -0.00288652, 0.741211, 0.243164, -0.00328479, 0.743164, 0.243164, -0.0037491, 0.745117, 0.243164, -0.00426601, 0.74707, 0.243164, -0.00481962, 0.749023, 0.243164, -0.00539216, 
        0.735352, 0.245117, -0.00284258, 0.737305, 0.245117, -0.0030654, 0.739258, 0.245117, -0.00335014, 0.741211, 0.245117, -0.00369135, 0.743164, 0.245117, -0.00408092, 0.745117, 0.245117, -0.00450843, 0.74707, 0.245117, -0.00496156, 0.749023, 0.245117, -0.0054265, 
        0.735352, 0.24707, -0.00342275, 0.737305, 0.24707, -0.00362752, 0.739258, 0.24707, -0.0038698, 0.741211, 0.24707, -0.0041459, 0.743164, 0.24707, -0.00445038, 0.745117, 0.24707, -0.00477621, 0.74707, 0.24707, -0.00511511, 0.749023, 0.24707, -0.00545779, 
        0.735352, 0.249023, -0.00404167, 0.737305, 0.249023, -0.00422667, 0.739258, 0.249023, -0.00442287, 0.741211, 0.249023, -0.00462849, 0.743164, 0.249023, -0.00484092, 0.745117, 0.249023, -0.00505684, 0.74707, 0.249023, -0.00527229, 0.749023, 0.249023, -0.00548288
    ]
}
