{
    "level": 1,
    "idx": {"x": 48, "y": 25},
    "dim": {"x": 8, "y": 8},
    "offset": {"x": 0.750977, "y": 0.391602},
    "cellSize": {"x": 0.00195312, "y": 0.00195312},
    "vertices": [
        0.750977, 0.391602, 0.0216849, 0.75293, 0.391602, 0.0218238, 0.754883, 0.391602, 0.0219334, 0.756836, 0.391602, 0.0219872, 0.758789, 0.391602, 0.021961, 0.760742, 0.391602, 0.0218341, 0.762695, 0.391602, 0.02159, 0.764648, 0.391602, 0.0212169, 
        0.750977, 0.393555, 0.022055, 0.75293, 0.393555, 0.0221646, 0.754883, 0.393555, 0.0222461, 0.756836, 0.393555, 0.0222737, 0.758789, 0.393555, 0.0222237, 0.760742, 0.393555, 0.0220761, 0.762695, 0.393555, 0.0218147, 0.764648, 0.393555, 0.0214281, 
        0.750977, 0.395508, 0.0224053, 0.75293, 0.395508, 0.0224586, 0.754883, 0.395508, 0.0224864, 0.756836, 0.395508, 0.0224646, 0.758789, 0.395508, 0.0223711, 0.760742, 0.395508, 0.0221871, 0.762695, 0.395508, 0.0218974, 0.764648, 0.395508, 0.0214915, 
        0.750977, 0.397461, 0.0227361, 0.75293, 0.397461, 0.0227079, 0.754883, 0.397461, 0.0226582, 0.756836, 0.397461, 0.0225655, 0.758789, 0.397461, 0.02241, 0.760742, 0.397461, 0.0221748, 0.762695, 0.397461, 0.0218467, 0.764648, 0.397461, 0.0214159, 
        0.750977, 0.399414, 0.0230481, 0.75293, 0.399414, 0.022916, 0.754883, 0.399414, 0.0227676, 0.756836, 0.399414, 0.0225847, 0.758789, 0.399414, 0.0223507, 0.760742, 0.399414, 0.0220515, 0.762695, 0.399414, 0.0216757, 0.764648, 0.399414, 0.0212153, 
        0.750977, 0.401367, 0.0233425, 0.75293, 0.401367, 0.0230877, 0.754883, 0.401367, 0.0228227, 0.756836, 0.401367, 0.0225336, 0.758789, 0.401367, 0.0222074, 0.760742, 0.401367, 0.0218332, 0.762695, 0.401367, 0.0214021, 0.764648, 0.401367, 0.0209079, 
        0.750977, 0.40332, 0.0236207, 0.75293, 0.40332, 0.0232286, 0.754883, 0.40332, 0.0228335, 0.756836, 0.40332, 0.0224257, 0.758789, 0.40332, 0.0219967, 0.760742, 0.40332, 0.0215391, 0.762695, 0.40332, 0.0210469, 0.764648, 0.40332, 0.0205158, 
        0.750977, 0.405273, 0.0238841, 0.75293, 0.405273, 0.0233453, 0.754883, 0.405273, 0.0228109, 0.756836, 0.405273, 0.0222764, 0.758789, 0.405273, 0.0217376, 0.760742, 0.405273, 0.0211911, 0.762695, 0.405273, 0.020634, 0.764648, 0.405273, 0.020064
    ]
}
