{
    "level": 1,
    "idx": {"x": 48, "y": 8},
    "dim": {"x": 8, "y": 8},
    "offset": {"x": 0.750977, "y": 0.125977},
    "cellSize": {"x": 0.00195312, "y": 0.00195312},
    "vertices": [
        0.750977, 0.125977, 0.00537598, 0.75293, 0.125977, 0.00537533, 0.754883, 0.125977, 0.00536714, 0.756836, 0.125977, 0.0053511, 0.758789, 0.125977, 0.00532694, 0.760742, 0.125977, 0.00529445, 0.762695, 0.125977, 0.00525348, 0.764648, 0.125977, 0.00520393, 
        0.750977, 0.12793, 0.00523522, 0.75293, 0.12793, 0.00537533, 0.754883, 0.12793, 0.00550069, 0.756836, 0.12793, 0.00560586, 0.758789, 0.12793, 0.00568593, 0.760742, 0.12793, 0.00573671, 0.762695, 0.12793, 0.00575488, 0.764648, 0.12793, 0.00573812, 
        0.750977, 0.129883, 0.00508564, 0.75293, 0.129883, 0.00536073, 0.754883, 0.129883, 0.0056142, 0.756836, 0.129883, 0.00583566, 0.758789, 0.129883, 0.00601576, 0.760742, 0.129883, 0.00614648, 0.762695, 0.129883, 0.00622147, 0.764648, 0.129883, 0.00623628, 
        0.750977, 0.131836, 0.00492554, 0.75293, 0.131836, 0.00532467, 0.754883, 0.131836, 0.00569587, 0.756836, 0.131836, 0.00602425, 0.758789, 0.131836, 0.00629635, 0.760742, 0.131836, 0.00650065, 0.762695, 0.131836, 0.00662801, 0.764648, 0.131836, 0.00667203, 
        0.750977, 0.133789, 0.00475341, 0.75293, 0.133789, 0.00526084, 0.754883, 0.133789, 0.00573489, 0.756836, 0.133789, 0.00615671, 0.758789, 0.133789, 0.00650928, 0.760742, 0.133789, 0.00677802, 0.762695, 0.133789, 0.00695134, 0.764648, 0.133789, 0.00702112, 
        0.750977, 0.135742, 0.00456797, 0.75293, 0.135742, 0.00516379, 0.754883, 0.135742, 0.00572185, 0.756836, 0.135742, 0.00622008, 0.758789, 0.135742, 0.00663853, 0.760742, 0.135742, 0.00696011, 0.762695, 0.135742, 0.00717126, 0.764648, 0.135742, 0.00726247, 
        0.750977, 0.137695, 0.00436826, 0.75293, 0.137695, 0.00502916, 0.754883, 0.137695, 0.00564917, 0.756836, 0.137695, 0.00620384, 0.758789, 0.137695, 0.00667106, 0.760742, 0.137695, 0.00703192, 0.762695, 0.137695, 0.00727138, 0.764648, 0.137695, 0.00737889, 
        0.750977, 0.139648, 0.00415363, 0.75293, 0.139648, 0.00485382, 0.754883, 0.139648, 0.00551134, 0.756836, 0.139648, 0.00610033, 0.758789, 0.139648, 0.00659739, 0.760742, 0.139648, 0.00698248, 0.762695, 0.139648, 0.00723969, 0.764648, 0.139648, 0.00735785
    ]
}
