{
    "level": 1,
    "idx": {"x": 48, "y": 19},
    "dim": {"x": 8, "y": 8},
    "offset": {"x": 0.750977, "y": 0.297852},
    "cellSize": {"x": 0.00195312, "y": 0.00195312},
    "vertices": [
        0.750977, 0.297852, -0.000454751, 0.75293, 0.297852, -0.00134699, 0.754883, 0.297852, -0.00218891, 0.756836, 0.297852, -0.00295433, 0.758789, 0.297852, -0.00361959, 0.760742, 0.297852, -0.00416445, 0.762695, 0.297852, -0.00457287, 0.764648, 0.297852, -0.00483361, 
        0.750977, 0.299805, -8.33672e-05, 0.75293, 0.299805, -0.000963574, 0.754883, 0.299805, -0.00179454, 0.756836, 0.299805, -0.00255073, 0.758789, 0.299805, -0.0032091, 0.760742, 0.299805, -0.0037499, 0.762695, 0.299805, -0.0041575, 0.764648, 0.299805, -0.00442095, 
        0.750977, 0.301758, 0.0003077, 0.75293, 0.301758, -0.000533536, 0.754883, 0.301758, -0.00132805, 0.756836, 0.301758, -0.00205194, 0.758789, 0.301758, -0.00268367, 0.760742, 0.301758, -0.00320476, 0.762695, 0.301758, -0.00360059, 0.764648, 0.301758, -0.00386094, 
        0.750977, 0.303711, 0.000717495, 0.75293, 0.303711, -5.95625e-05, 0.754883, 0.303711, -0.00079376, 0.756836, 0.303711, -0.00146379, 0.758789, 0.303711, -0.0020504, 0.760742, 0.303711, -0.00253714, 0.762695, 0.303711, -0.00291096, 0.764648, 0.303711, -0.00316275, 
        0.750977, 0.305664, 0.00114469, 0.75293, 0.305664, 0.000454303, 0.754883, 0.305664, -0.000198293, 0.756836, 0.305664, -0.000795187, 0.758789, 0.305664, -0.00132021, 0.760742, 0.305664, -0.00175954, 0.762695, 0.305664, -0.00210222, 0.764648, 0.305664, -0.00234061, 
        0.750977, 0.307617, 0.00158759, 0.75293, 0.307617, 0.00100279, 0.754883, 0.307617, 0.000449697, 0.756836, 0.307617, -5.78779e-05, 0.758789, 0.307617, -0.000507469, 0.760742, 0.307617, -0.000888414, 0.762695, 0.307617, -0.00119229, 0.764648, 0.307617, -0.00141321, 
        0.750977, 0.30957, 0.00204424, 0.75293, 0.30957, 0.00157963, 0.754883, 0.30957, 0.00113984, 0.756836, 0.30957, 0.000734074, 0.758789, 0.30957, 0.0003706, 0.760742, 0.30957, 5.6491e-05, 0.762695, 0.30957, -0.000202675, 0.764648, 0.30957, -0.000403034, 
        0.750977, 0.311523, 0.00251244, 0.75293, 0.311523, 0.00217773, 0.754883, 0.311523, 0.00186045, 0.756836, 0.311523, 0.00156479, 0.758789, 0.311523, 0.00129453, 0.760742, 0.311523, 0.00105287, 0.762695, 0.311523, 0.000842302, 0.764648, 0.311523, 0.000664542
    ]
}
