{
    "level": 1,
    "idx": {"x": 49, "y": 27},
    "dim": {"x": 8, "y": 8},
    "offset": {"x": 0.766602, "y": 0.422852},
    "cellSize": {"x": 0.00195312, "y": 0.00195312},
    "vertices": [
        0.766602, 0.422852, 0.0168799, 0.768555, 0.422852, 0.0163616, 0.770508, 0.422852, 0.0159911, 0.772461, 0.422852, 0.015758, 0.774414, 0.422852, 0.0156468, 0.776367, 0.422852, 0.0156378, 0.77832, 0.422852, 0.0157075, 0.780273, 0.422852, 0.01583, 
        0.766602, 0.424805, 0.0171131, 0.768555, 0.424805, 0.0165849, 0.770508, 0.424805, 0.0162011, 0.772461, 0.424805, 0.0159514, 0.774414, 0.424805, 0.0158209, 0.776367, 0.424805, 0.0157901, 0.77832, 0.424805, 0.0158366, 0.780273, 0.424805, 0.0159347, 
        0.766602, 0.426758, 0.0174736, 0.768555, 0.426758, 0.016931, 0.770508, 0.426758, 0.0165242, 0.772461, 0.426758, 0.0162435, 0.774414, 0.426758, 0.0160749, 0.776367, 0.426758, 0.0160003, 0.77832, 0.426758, 0.0159985, 0.780273, 0.426758, 0.0160459, 
        0.766602, 0.428711, 0.0179521, 0.768555, 0.428711, 0.0173911, 0.770508, 0.428711, 0.0169522, 0.772461, 0.428711, 0.016627, 0.774414, 0.428711, 0.0164028, 0.776367, 0.428711, 0.0162637, 0.77832, 0.428711, 0.0161906, 0.780273, 0.428711, 0.0161624, 
        0.766602, 0.430664, 0.0185344, 0.768555, 0.430664, 0.0179511, 0.770508, 0.430664, 0.0174722, 0.772461, 0.430664, 0.0170905, 0.774414, 0.430664, 0.0167953, 0.776367, 0.430664, 0.0165732, 0.77832, 0.430664, 0.0164082, 0.780273, 0.430664, 0.0162825, 
        0.766602, 0.432617, 0.0192015, 0.768555, 0.432617, 0.0185929, 0.770508, 0.432617, 0.0180673, 0.772461, 0.432617, 0.0176191, 0.774414, 0.432617, 0.01724, 0.776367, 0.432617, 0.0169196, 0.77832, 0.432617, 0.0166455, 0.780273, 0.432617, 0.016404, 
        0.766602, 0.43457, 0.0199311, 0.768555, 0.43457, 0.0192949, 0.770508, 0.43457, 0.0187176, 0.772461, 0.43457, 0.0181952, 0.774414, 0.43457, 0.0177223, 0.776367, 0.43457, 0.0172918, 0.77832, 0.43457, 0.0168955, 0.780273, 0.43457, 0.0165242, 
        0.766602, 0.436523, 0.0206978, 0.768555, 0.436523, 0.0200325, 0.770508, 0.436523, 0.0194002, 0.772461, 0.436523, 0.0187988, 0.774414, 0.436523, 0.0182256, 0.776367, 0.436523, 0.0176774, 0.77832, 0.436523, 0.0171503, 0.780273, 0.436523, 0.0166399
    ]
}
