{
    "level": 1,
    "idx": {"x": 49, "y": 26},
    "dim": {"x": 8, "y": 8},
    "offset": {"x": 0.766602, "y": 0.407227},
    "cellSize": {"x": 0.00195312, "y": 0.00195312},
    "vertices": [
        0.766602, 0.407227, 0.0189839, 0.768555, 0.407227, 0.0184022, 0.770508, 0.407227, 0.0178338, 0.772461, 0.407227, 0.0172779, 0.774414, 0.407227, 0.0167338, 0.776367, 0.407227, 0.0162003, 0.77832, 0.407227, 0.0156764, 0.780273, 0.407227, 0.0151606, 
        0.766602, 0.40918, 0.0184829, 0.768555, 0.40918, 0.0179179, 0.770508, 0.40918, 0.0173932, 0.772461, 0.40918, 0.0169063, 0.774414, 0.40918, 0.0164532, 0.776367, 0.40918, 0.0160291, 0.77832, 0.40918, 0.0156285, 0.780273, 0.40918, 0.0152449, 
        0.766602, 0.411133, 0.0180046, 0.768555, 0.411133, 0.0174553, 0.770508, 0.411133, 0.0169722, 0.772461, 0.411133, 0.0165508, 0.774414, 0.411133, 0.0161844, 0.776367, 0.411133, 0.0158646, 0.77832, 0.411133, 0.0155814, 0.780273, 0.411133, 0.0153238, 
        0.766602, 0.413086, 0.0175754, 0.768555, 0.413086, 0.0170399, 0.770508, 0.413086, 0.0165944, 0.772461, 0.413086, 0.0162324, 0.774414, 0.413086, 0.0159447, 0.776367, 0.413086, 0.0157196, 0.77832, 0.413086, 0.0155433, 0.780273, 0.413086, 0.0154003, 
        0.766602, 0.415039, 0.0172194, 0.768555, 0.415039, 0.0166951, 0.770508, 0.415039, 0.0162812, 0.772461, 0.415039, 0.0159699, 0.774414, 0.415039, 0.0157497, 0.776367, 0.415039, 0.015606, 0.77832, 0.415039, 0.0155216, 0.780273, 0.415039, 0.0154773, 
        0.766602, 0.416992, 0.0169574, 0.768555, 0.416992, 0.016441, 0.770508, 0.416992, 0.0160514, 0.772461, 0.416992, 0.0157799, 0.774414, 0.416992, 0.015613, 0.776367, 0.416992, 0.015534, 0.77832, 0.416992, 0.0155228, 0.780273, 0.416992, 0.0155571, 
        0.766602, 0.418945, 0.0168064, 0.768555, 0.418945, 0.0162937, 0.770508, 0.418945, 0.01592, 0.772461, 0.418945, 0.0156755, 0.774414, 0.418945, 0.0155456, 0.776367, 0.418945, 0.0155118, 0.77832, 0.418945, 0.0155519, 0.780273, 0.418945, 0.0156417, 
        0.766602, 0.420898, 0.0167782, 0.768555, 0.420898, 0.016265, 0.770508, 0.420898, 0.0158979, 0.772461, 0.420898, 0.0156664, 0.774414, 0.420898, 0.0155554, 0.776367, 0.420898, 0.0155452, 0.77832, 0.420898, 0.0156128, 0.780273, 0.420898, 0.0157324
    ]
}
