{
    "level": 1,
    "idx": {"x": 4, "y": 17},
    "dim": {"x": 8, "y": 8},
    "offset": {"x": 0.0634766, "y": 0.266602},
    "cellSize": {"x": 0.00195312, "y": 0.00195312},
    "vertices": [
        0.0634766, 0.266602, -0.00658511, 0.0654297, 0.266602, -0.00595224, 0.0673828, 0.266602, -0.00533909, 0.0693359, 0.266602, -0.00477246, 0.0712891, 0.266602, -0.00427701, 0.0732422, 0.266602, -0.00387431, 0.0751953, 0.266602, -0.00358201, 0.0771484, 0.266602, -0.00341313, 
        0.0634766, 0.268555, -0.0065053, 0.0654297, 0.268555, -0.00588895, 0.0673828, 0.268555, -0.00529174, 0.0693359, 0.268555, -0.00473979, 0.0712891, 0.268555, -0.00425717, 0.0732422, 0.268555, -0.00386492, 0.0751953, 0.268555, -0.00358025, 0.0771484, 0.268555, -0.00341588, 
        0.0634766, 0.270508, -0.00641744, 0.0654297, 0.270508, -0.00584485, 0.0673828, 0.270508, -0.00528971, 0.0693359, 0.270508, -0.0047765, 0.0712891, 0.270508, -0.00432776, 0.0732422, 0.270508, -0.00396317, 0.0751953, 0.270508, -0.00369886, 0.0771484, 0.270508, -0.00354673, 
        0.0634766, 0.272461, -0.00632161, 0.0654297, 0.272461, -0.00581825, 0.0673828, 0.272461, -0.00532968, 0.0693359, 0.272461, -0.00487774, 0.0712891, 0.272461, -0.00448258, 0.0732422, 0.272461, -0.00416178, 0.0751953, 0.272461, -0.00392973, 0.0771484, 0.272461, -0.00379709, 
        0.0634766, 0.274414, -0.00621785, 0.0654297, 0.274414, -0.0058065, 0.0673828, 0.274414, -0.00540635, 0.0693359, 0.274414, -0.00503581, 0.0712891, 0.274414, -0.00471183, 0.0732422, 0.274414, -0.00444921, 0.0751953, 0.274414, -0.00426008, 0.0771484, 0.274414, -0.00415338, 
        0.0634766, 0.276367, -0.00610619, 0.0654297, 0.276367, -0.00580601, 0.0673828, 0.276367, -0.0055127, 0.0693359, 0.276367, -0.00524051, 0.0712891, 0.276367, -0.00500253, 0.0732422, 0.276367, -0.00481021, 0.0751953, 0.276367, -0.00467294, 0.0771484, 0.276367, -0.00459763, 
        0.0634766, 0.27832, -0.00598666, 0.0654297, 0.27832, -0.00581246, 0.0673828, 0.27832, -0.00564024, 0.0693359, 0.27832, -0.00547949, 0.0712891, 0.27832, -0.00533897, 0.0732422, 0.27832, -0.00522634, 0.0751953, 0.27832, -0.00514785, 0.0771484, 0.27832, -0.00510812, 
        0.0634766, 0.280273, -0.00585926, 0.0654297, 0.280273, -0.00582095, 0.0673828, 0.280273, -0.00577932, 0.0693359, 0.280273, -0.00573877, 0.0712891, 0.280273, -0.00570338, 0.0732422, 0.280273, -0.00567669, 0.0751953, 0.280273, -0.00566161, 0.0771484, 0.280273, -0.00566027
    ]
}
