{
    "level": 1,
    "idx": {"x": 51, "y": 34},
    "dim": {"x": 8, "y": 8},
    "offset": {"x": 0.797852, "y": 0.532227},
    "cellSize": {"x": 0.00195312, "y": 0.00195312},
    "vertices": [
        0.797852, 0.532227, 0.00567934, 0.799805, 0.532227, 0.00542322, 0.801758, 0.532227, 0.00517814, 0.803711, 0.532227, 0.00494401, 0.805664, 0.532227, 0.00472099, 0.807617, 0.532227, 0.00450945, 0.80957, 0.532227, 0.00430998, 0.811523, 0.532227, 0.00412329, 
        0.797852, 0.53418, 0.006219, 0.799805, 0.53418, 0.00594643, 0.801758, 0.53418, 0.00565818, 0.803711, 0.53418, 0.00535614, 0.805664, 0.53418, 0.0050434, 0.807617, 0.53418, 0.00472415, 0.80957, 0.53418, 0.00440343, 0.811523, 0.53418, 0.00408697, 
        0.797852, 0.536133, 0.0067249, 0.799805, 0.536133, 0.00643703, 0.801758, 0.536133, 0.00610805, 0.803711, 0.536133, 0.00574175, 0.805664, 0.536133, 0.00534402, 0.807617, 0.536133, 0.00492263, 0.80957, 0.536133, 0.00448692, 0.811523, 0.536133, 0.00404735, 
        0.797852, 0.538086, 0.00717083, 0.799805, 0.538086, 0.0068697, 0.801758, 0.538086, 0.00650433, 0.803711, 0.538086, 0.00608022, 0.805664, 0.538086, 0.00560581, 0.807617, 0.538086, 0.00509215, 0.80957, 0.538086, 0.00455243, 0.811523, 0.538086, 0.00400149, 
        0.797852, 0.540039, 0.00753296, 0.799805, 0.540039, 0.00722145, 0.801758, 0.540039, 0.00682573, 0.803711, 0.540039, 0.0063528, 0.805664, 0.540039, 0.00581329, 0.807617, 0.540039, 0.00522108, 0.80957, 0.540039, 0.0045927, 0.811523, 0.540039, 0.00394673, 
        0.797852, 0.541992, 0.00779073, 0.799805, 0.541992, 0.00747242, 0.801758, 0.541992, 0.0070539, 0.803711, 0.541992, 0.00654333, 0.805664, 0.541992, 0.00595313, 0.807617, 0.541992, 0.00529942, 0.80957, 0.541992, 0.00460146, 0.811523, 0.541992, 0.00388079, 
        0.797852, 0.543945, 0.00792772, 0.799805, 0.543945, 0.00760675, 0.801758, 0.543945, 0.00717412, 0.803711, 0.543945, 0.00663887, 0.805664, 0.543945, 0.00601464, 0.807617, 0.543945, 0.0053192, 0.80957, 0.543945, 0.00457371, 0.811523, 0.543945, 0.00380186, 
        0.797852, 0.545898, 0.00793221, 0.799805, 0.545898, 0.00761313, 0.801758, 0.545898, 0.00717597, 0.803711, 0.545898, 0.00663022, 0.805664, 0.545898, 0.00599025, 0.807617, 0.545898, 0.00527474, 0.80957, 0.545898, 0.00450592, 0.811523, 0.545898, 0.0037087
    ]
}
