{
    "level": 1,
    "idx": {"x": 52, "y": 61},
    "dim": {"x": 8, "y": 8},
    "offset": {"x": 0.813477, "y": 0.954102},
    "cellSize": {"x": 0.00195312, "y": 0.00195312},
    "vertices": [
        0.813477, 0.954102, -0.00180892, 0.81543, 0.954102, -0.000894385, 0.817383, 0.954102, -1.62981e-05, 0.819336, 0.954102, 0.000798949, 0.821289, 0.954102, 0.00152746, 0.823242, 0.954102, 0.00214878, 0.825195, 0.954102, 0.0026466, 0.827148, 0.954102, 0.00300946, 
        0.813477, 0.956055, -0.00175271, 0.81543, 0.956055, -0.000871463, 0.817383, 0.956055, -2.5272e-05, 0.819336, 0.956055, 0.000760454, 0.821289, 0.956055, 0.00146272, 0.823242, 0.956055, 0.00206183, 0.825195, 0.956055, 0.00254209, 0.827148, 0.956055, 0.00289248, 
        0.813477, 0.958008, -0.00170472, 0.81543, 0.958008, -0.000883596, 0.817383, 0.958008, -9.47077e-05, 0.819336, 0.958008, 0.000638503, 0.821289, 0.958008, 0.00129481, 0.823242, 0.958008, 0.00185605, 0.825195, 0.958008, 0.00230771, 0.827148, 0.958008, 0.00263962, 
        0.813477, 0.959961, -0.00166417, 0.81543, 0.959961, -0.000927958, 0.817383, 0.959961, -0.000219818, 0.819336, 0.959961, 0.000439655, 0.821289, 0.959961, 0.00103182, 0.823242, 0.959961, 0.0015407, 0.825195, 0.959961, 0.00195357, 0.827148, 0.959961, 0.00226147, 
        0.813477, 0.961914, -0.00162993, 0.81543, 0.961914, -0.00100039, 0.817383, 0.961914, -0.000393592, 0.819336, 0.961914, 0.000173502, 0.821289, 0.961914, 0.00068554, 0.823242, 0.961914, 0.00112936, 0.825195, 0.961914, 0.00149446, 0.827148, 0.961914, 0.00177345, 
        0.813477, 0.963867, -0.00160052, 0.81543, 0.963867, -0.00109556, 0.817383, 0.963867, -0.00060707, 0.819336, 0.963867, -0.000147712, 0.821289, 0.963867, 0.000271028, 0.823242, 0.963867, 0.0006393, 0.825195, 0.963867, 0.000949232, 0.827148, 0.963867, 0.00119527, 
        0.813477, 0.96582, -0.00157417, 0.81543, 0.96582, -0.0012072, 0.817383, 0.96582, -0.000849678, 0.819336, 0.96582, -0.000509536, 0.821289, 0.96582, -0.000193948, 0.823242, 0.96582, 9.09179e-05, 0.825195, 0.96582, 0.000340113, 0.827148, 0.96582, 0.000550123, 
        0.813477, 0.967773, -0.00154893, 0.81543, 0.967773, -0.00132828, 0.817383, 0.967773, -0.00110966, 0.819336, 0.967773, -0.000895912, 0.821289, 0.967773, -0.000689649, 0.823242, 0.967773, -0.000493127, 0.825195, 0.967773, -0.000308189, 0.827148, 0.967773, -0.000136178
    ]
}
