{
    "level": 1,
    "idx": {"x": 52, "y": 8},
    "dim": {"x": 8, "y": 8},
    "offset": {"x": 0.813477, "y": 0.125977},
    "cellSize": {"x": 0.00195312, "y": 0.00195312},
    "vertices": [
        0.813477, 0.125977, 0.00197474, 0.81543, 0.125977, 0.00180014, 0.817383, 0.125977, 0.00162269, 0.819336, 0.125977, 0.00144233, 0.821289, 0.125977, 0.00125901, 0.823242, 0.125977, 0.00107275, 0.825195, 0.125977, 0.000883595, 0.827148, 0.125977, 0.000691678, 
        0.813477, 0.12793, 0.00196047, 0.81543, 0.12793, 0.00193324, 0.817383, 0.12793, 0.00189562, 0.819336, 0.12793, 0.0018424, 0.821289, 0.12793, 0.00176891, 0.823242, 0.12793, 0.00167119, 0.825195, 0.12793, 0.00154615, 0.827148, 0.12793, 0.00139171, 
        0.813477, 0.129883, 0.00194133, 0.81543, 0.129883, 0.00205597, 0.817383, 0.129883, 0.00215297, 0.819336, 0.129883, 0.00222222, 0.821289, 0.129883, 0.00225459, 0.823242, 0.129883, 0.00224232, 0.825195, 0.129883, 0.00217932, 0.827148, 0.129883, 0.00206138, 
        0.813477, 0.131836, 0.00191531, 0.81543, 0.131836, 0.00216108, 0.817383, 0.131836, 0.00238259, 0.819336, 0.131836, 0.00256518, 0.821289, 0.131836, 0.00269565, 0.823242, 0.131836, 0.00276274, 0.825195, 0.131836, 0.00275757, 0.827148, 0.131836, 0.00267401, 
        0.813477, 0.133789, 0.00188052, 0.81543, 0.133789, 0.00224194, 0.817383, 0.133789, 0.00257331, 0.819336, 0.133789, 0.00285603, 0.821289, 0.133789, 0.00307334, 0.823242, 0.133789, 0.00321091, 0.825195, 0.133789, 0.00325744, 0.827148, 0.133789, 0.00320511, 
        0.813477, 0.135742, 0.00183538, 0.81543, 0.135742, 0.00229277, 0.817383, 0.135742, 0.00271541, 0.819336, 0.135742, 0.00308149, 0.821289, 0.135742, 0.00337131, 0.823242, 0.135742, 0.00356806, 0.825195, 0.135742, 0.00365846, 0.827148, 0.135742, 0.0036333, 
        0.813477, 0.137695, 0.00177858, 0.81543, 0.137695, 0.00230887, 0.817383, 0.137695, 0.00280097, 0.819336, 0.137695, 0.0032307, 0.821289, 0.137695, 0.00357622, 0.823242, 0.137695, 0.00381888, 0.825195, 0.137695, 0.00394393, 0.827148, 0.137695, 0.00394113, 
        0.813477, 0.139648, 0.00170922, 0.81543, 0.139648, 0.0022868, 0.817383, 0.139648, 0.00282418, 0.819336, 0.139648, 0.00329572, 0.821289, 0.139648, 0.00367829, 0.823242, 0.139648, 0.00395211, 0.825195, 0.139648, 0.00410156, 0.827148, 0.139648, 0.00411577
    ]
}
