{
    "level": 1,
    "idx": {"x": 52, "y": 5},
    "dim": {"x": 8, "y": 8},
    "offset": {"x": 0.813477, "y": 0.0791016},
    "cellSize": {"x": 0.00195312, "y": 0.00195312},
    "vertices": [
        0.813477, 0.0791016, 0.00305477, 0.81543, 0.0791016, 0.00351778, 0.817383, 0.0791016, 0.00393819, 0.819336, 0.0791016, 0.00429013, 0.821289, 0.0791016, 0.00455024, 0.823242, 0.0791016, 0.00469858, 0.825195, 0.0791016, 0.00471946, 0.827148, 0.0791016, 0.00460199, 
        0.813477, 0.0810547, 0.00305687, 0.81543, 0.0810547, 0.00350416, 0.817383, 0.0810547, 0.00390967, 0.819336, 0.0810547, 0.00424805, 0.821289, 0.0810547, 0.00449643, 0.823242, 0.0810547, 0.00463533, 0.825195, 0.0810547, 0.00464934, 0.827148, 0.0810547, 0.00452786, 
        0.813477, 0.0830078, 0.00304402, 0.81543, 0.0830078, 0.00344877, 0.817383, 0.0830078, 0.00381402, 0.819336, 0.0830078, 0.00411597, 0.821289, 0.0830078, 0.00433314, 0.823242, 0.0830078, 0.0044472, 0.825195, 0.0830078, 0.00444373, 0.827148, 0.0830078, 0.00431275, 
        0.813477, 0.0849609, 0.00301688, 0.81543, 0.0849609, 0.00335389, 0.817383, 0.0849609, 0.00365508, 0.819336, 0.0849609, 0.00389912, 0.821289, 0.0849609, 0.00406675, 0.823242, 0.0849609, 0.00414155, 0.825195, 0.0849609, 0.00411061, 0.827148, 0.0849609, 0.003965, 
        0.813477, 0.0869141, 0.00297653, 0.81543, 0.0869141, 0.0032232, 0.817383, 0.0869141, 0.00343899, 0.819336, 0.0869141, 0.00360586, 0.821289, 0.0869141, 0.00370754, 0.823242, 0.0869141, 0.00373017, 0.825195, 0.0869141, 0.00366283, 0.827148, 0.0869141, 0.00349803, 
        0.813477, 0.0888672, 0.00292441, 0.81543, 0.0888672, 0.00306164, 0.817383, 0.0888672, 0.00317399, 0.819336, 0.0888672, 0.00324742, 0.821289, 0.0888672, 0.00326929, 0.823242, 0.0888672, 0.00322883, 0.825195, 0.0888672, 0.00311759, 0.827148, 0.0888672, 0.00292978, 
        0.813477, 0.0908203, 0.0028623, 0.81543, 0.0908203, 0.00287521, 0.817383, 0.0908203, 0.00287008, 0.819336, 0.0908203, 0.00283743, 0.821289, 0.0908203, 0.00276872, 0.823242, 0.0908203, 0.00265672, 0.825195, 0.0908203, 0.00249578, 0.827148, 0.0908203, 0.00228205, 
        0.813477, 0.0927734, 0.00279219, 0.81543, 0.0927734, 0.00267075, 0.817383, 0.0927734, 0.00253866, 0.819336, 0.0927734, 0.00239139, 0.821289, 0.0927734, 0.00222487, 0.823242, 0.0927734, 0.00203568, 0.825195, 0.0927734, 0.00182119, 0.827148, 0.0927734, 0.00157968
    ]
}
