{
    "level": 1,
    "idx": {"x": 54, "y": 19},
    "dim": {"x": 8, "y": 8},
    "offset": {"x": 0.844727, "y": 0.297852},
    "cellSize": {"x": 0.00195312, "y": 0.00195312},
    "vertices": [
        0.844727, 0.297852, 0.0017816, 0.84668, 0.297852, 0.00264578, 0.848633, 0.297852, 0.00346996, 0.850586, 0.297852, 0.00422768, 0.852539, 0.297852, 0.00489499, 0.854492, 0.297852, 0.00545142, 0.856445, 0.297852, 0.00588069, 0.858398, 0.297852, 0.00617141, 
        0.844727, 0.299805, 0.00174357, 0.84668, 0.299805, 0.00258116, 0.848633, 0.299805, 0.00337984, 0.850586, 0.299805, 0.00411382, 0.852539, 0.299805, 0.00475977, 0.854492, 0.299805, 0.0052977, 0.856445, 0.299805, 0.00571176, 0.858398, 0.299805, 0.00599084, 
        0.844727, 0.301758, 0.001693, 0.84668, 0.301758, 0.00247672, 0.848633, 0.301758, 0.00322412, 0.850586, 0.301758, 0.00391107, 0.852539, 0.301758, 0.0045157, 0.854492, 0.301758, 0.00501932, 0.856445, 0.301758, 0.00540708, 0.858398, 0.301758, 0.00566856, 
        0.844727, 0.303711, 0.00163069, 0.84668, 0.303711, 0.00233501, 0.848633, 0.303711, 0.00300702, 0.850586, 0.303711, 0.00362511, 0.852539, 0.303711, 0.00416977, 0.854492, 0.303711, 0.00462426, 0.856445, 0.303711, 0.00497532, 0.858398, 0.303711, 0.00521363, 
        0.844727, 0.305664, 0.00155787, 0.84668, 0.305664, 0.00216, 0.848633, 0.305664, 0.00273503, 0.850586, 0.305664, 0.00326478, 0.852539, 0.305664, 0.00373277, 0.854492, 0.305664, 0.0041249, 0.856445, 0.305664, 0.00442998, 0.858398, 0.305664, 0.00464012, 
        0.844727, 0.307617, 0.00147615, 0.84668, 0.307617, 0.00195685, 0.848633, 0.307617, 0.00241675, 0.850586, 0.307617, 0.00284172, 0.852539, 0.307617, 0.00321899, 0.854492, 0.307617, 0.0035376, 0.856445, 0.307617, 0.00378884, 0.858398, 0.307617, 0.0039666, 
        0.844727, 0.30957, 0.00138744, 0.84668, 0.30957, 0.00173182, 0.848633, 0.30957, 0.0020625, 0.850586, 0.30957, 0.00236995, 0.852539, 0.30957, 0.00264558, 0.854492, 0.30957, 0.002882, 0.856445, 0.30957, 0.00307332, 0.858398, 0.30957, 0.00321539, 
        0.844727, 0.311523, 0.0012939, 0.84668, 0.311523, 0.00149195, 0.848633, 0.311523, 0.00168393, 0.850586, 0.311523, 0.0018653, 0.852539, 0.311523, 0.00203195, 0.854492, 0.311523, 0.00218033, 0.856445, 0.311523, 0.00230761, 0.858398, 0.311523, 0.00241175
    ]
}
