{
    "level": 1,
    "idx": {"x": 55, "y": 7},
    "dim": {"x": 8, "y": 8},
    "offset": {"x": 0.860352, "y": 0.110352},
    "cellSize": {"x": 0.00195312, "y": 0.00195312},
    "vertices": [
        0.860352, 0.110352, 0.000515896, 0.862305, 0.110352, 0.000172017, 0.864258, 0.110352, -0.000305264, 0.866211, 0.110352, -0.000905229, 0.868164, 0.110352, -0.00161225, 0.870117, 0.110352, -0.00240641, 0.87207, 0.110352, -0.00326418, 0.874023, 0.110352, -0.0041594, 
        0.860352, 0.112305, 0.000502341, 0.862305, 0.112305, 0.000165602, 0.864258, 0.112305, -0.000301686, 0.866211, 0.112305, -0.000889033, 0.868164, 0.112305, -0.00158115, 0.870117, 0.112305, -0.00235853, 0.87207, 0.112305, -0.00319816, 0.874023, 0.112305, -0.00407444, 
        0.860352, 0.114258, 0.000352945, 0.862305, 0.114258, 2.86391e-05, 0.864258, 0.114258, -0.000418166, 0.866211, 0.114258, -0.000977605, 0.868164, 0.114258, -0.0016353, 0.870117, 0.114258, -0.00237291, 0.87207, 0.114258, -0.00316879, 0.874023, 0.114258, -0.0039989, 
        0.860352, 0.116211, 7.60651e-05, 0.862305, 0.116211, -0.000230823, 0.864258, 0.116211, -0.000647279, 0.866211, 0.116211, -0.00116443, 0.868164, 0.116211, -0.00176935, 0.870117, 0.116211, -0.00244557, 0.87207, 0.116211, -0.00317365, 0.874023, 0.116211, -0.00393198, 
        0.860352, 0.118164, -0.000314876, 0.862305, 0.118164, -0.000599852, 0.864258, 0.118164, -0.000977084, 0.866211, 0.118164, -0.00143902, 0.868164, 0.118164, -0.00197469, 0.870117, 0.118164, -0.0025701, 0.87207, 0.118164, -0.00320876, 0.874023, 0.118164, -0.00387233, 
        0.860352, 0.120117, -0.000801913, 0.862305, 0.120117, -0.00106114, 0.864258, 0.120117, -0.00139159, 0.866211, 0.120117, -0.00178734, 0.868164, 0.120117, -0.00223976, 0.870117, 0.120117, -0.00273789, 0.87207, 0.120117, -0.00326878, 0.874023, 0.120117, -0.0038181, 
        0.860352, 0.12207, -0.00136323, 0.862305, 0.12207, -0.00159366, 0.864258, 0.12207, -0.0018714, 0.866211, 0.12207, -0.00219233, 0.868164, 0.12207, -0.00255053, 0.870117, 0.12207, -0.00293845, 0.87207, 0.12207, -0.00334723, 0.874023, 0.12207, -0.00376702, 
        0.860352, 0.124023, -0.00197402, 0.862305, 0.124023, -0.00217349, 0.864258, 0.124023, -0.00239439, 0.866211, 0.124023, -0.00263458, 0.868164, 0.124023, -0.00289102, 0.870117, 0.124023, -0.00315988, 0.87207, 0.124023, -0.00343669, 0.874023, 0.124023, -0.00371649
    ]
}
