{
    "level": 1,
    "idx": {"x": 55, "y": 56},
    "dim": {"x": 8, "y": 8},
    "offset": {"x": 0.860352, "y": 0.875977},
    "cellSize": {"x": 0.00195312, "y": 0.00195312},
    "vertices": [
        0.860352, 0.875977, 0.0023005, 0.862305, 0.875977, 0.00248339, 0.864258, 0.875977, 0.00267437, 0.866211, 0.875977, 0.00287232, 0.868164, 0.875977, 0.00307568, 0.870117, 0.875977, 0.00328257, 0.87207, 0.875977, 0.00349075, 0.874023, 0.875977, 0.00369782, 
        0.860352, 0.87793, 0.00167434, 0.862305, 0.87793, 0.00188893, 0.864258, 0.87793, 0.00213811, 0.866211, 0.87793, 0.00241873, 0.868164, 0.87793, 0.00272627, 0.870117, 0.87793, 0.00305504, 0.87207, 0.87793, 0.00339833, 0.874023, 0.87793, 0.0037487, 
        0.860352, 0.879883, 0.00108445, 0.862305, 0.879883, 0.00132906, 0.864258, 0.879883, 0.00163329, 0.866211, 0.879883, 0.00199206, 0.868164, 0.879883, 0.00239808, 0.870117, 0.879883, 0.00284204, 0.87207, 0.879883, 0.00331299, 0.874023, 0.879883, 0.00379877, 
        0.860352, 0.881836, 0.000556765, 0.862305, 0.881836, 0.000828795, 0.864258, 0.881836, 0.00118301, 0.866211, 0.881836, 0.00161264, 0.868164, 0.881836, 0.00210782, 0.870117, 0.881836, 0.00265603, 0.87207, 0.881836, 0.00324248, 0.874023, 0.881836, 0.00385074, 
        0.860352, 0.883789, 0.000114737, 0.862305, 0.883789, 0.000410719, 0.864258, 0.883789, 0.000808148, 0.866211, 0.883789, 0.00129877, 0.868164, 0.883789, 0.00187058, 0.870117, 0.883789, 0.00250827, 0.87207, 0.883789, 0.00319379, 0.874023, 0.883789, 0.00390707, 
        0.860352, 0.885742, -0.000221652, 0.862305, 0.885742, 9.40954e-05, 0.864258, 0.885742, 0.000526482, 0.866211, 0.885742, 0.00106609, 0.868164, 0.885742, 0.00169921, 0.870117, 0.885742, 0.00240835, 0.87207, 0.885742, 0.00317286, 0.874023, 0.885742, 0.00396981, 
        0.860352, 0.887695, -0.000436637, 0.862305, 0.887695, -0.000105887, 0.864258, 0.887695, 0.000352042, 0.866211, 0.887695, 0.000926924, 0.868164, 0.887695, 0.00160385, 0.870117, 0.887695, 0.00236382, 0.87207, 0.887695, 0.00318438, 0.874023, 0.887695, 0.00404059, 
        0.860352, 0.889648, -0.000519276, 0.862305, 0.889648, -0.000178688, 0.864258, 0.889648, 0.000294556, 0.866211, 0.889648, 0.000889803, 0.868164, 0.889648, 0.00159152, 0.870117, 0.889648, 0.0023799, 0.87207, 0.889648, 0.00323155, 0.874023, 0.889648, 0.00412048
    ]
}
