{
    "level": 1,
    "idx": {"x": 56, "y": 16},
    "dim": {"x": 8, "y": 8},
    "offset": {"x": 0.875977, "y": 0.250977},
    "cellSize": {"x": 0.00195312, "y": 0.00195312},
    "vertices": [
        0.875977, 0.250977, 0.00547713, 0.87793, 0.250977, 0.0056786, 0.879883, 0.250977, 0.00587177, 0.881836, 0.250977, 0.00605574, 0.883789, 0.250977, 0.00622967, 0.885742, 0.250977, 0.00639284, 0.887695, 0.250977, 0.00654463, 0.889648, 0.250977, 0.00668456, 
        0.875977, 0.25293, 0.00553826, 0.87793, 0.25293, 0.00587958, 0.879883, 0.25293, 0.00620481, 0.881836, 0.25293, 0.00650796, 0.883789, 0.25293, 0.00678359, 0.885742, 0.25293, 0.00702705, 0.887695, 0.25293, 0.00723461, 0.889648, 0.25293, 0.00740364, 
        0.875977, 0.254883, 0.00558947, 0.87793, 0.254883, 0.0060643, 0.879883, 0.254883, 0.00651561, 0.881836, 0.254883, 0.00693252, 0.883789, 0.254883, 0.00730519, 0.885742, 0.254883, 0.00762522, 0.887695, 0.254883, 0.00788591, 0.889648, 0.254883, 0.00808257, 
        0.875977, 0.256836, 0.00562849, 0.87793, 0.256836, 0.00622533, 0.879883, 0.256836, 0.00679184, 0.881836, 0.256836, 0.00731268, 0.883789, 0.256836, 0.007774, 0.885742, 0.256836, 0.00816392, 0.887695, 0.256836, 0.00847304, 0.889648, 0.256836, 0.00869478, 
        0.875977, 0.258789, 0.00565324, 0.87793, 0.258789, 0.00635585, 0.879883, 0.258789, 0.00702223, 0.881836, 0.258789, 0.00763315, 0.883789, 0.258789, 0.00817125, 0.885742, 0.258789, 0.00862167, 0.887695, 0.258789, 0.00897264, 0.889648, 0.258789, 0.00921593, 
        0.875977, 0.260742, 0.00566193, 0.87793, 0.260742, 0.00644995, 0.879883, 0.260742, 0.00719698, 0.881836, 0.260742, 0.00788062, 0.883789, 0.260742, 0.00848067, 0.885742, 0.260742, 0.00897982, 0.887695, 0.260742, 0.0093644, 0.889648, 0.260742, 0.00962484, 
        0.875977, 0.262695, 0.00565311, 0.87793, 0.262695, 0.00650286, 0.879883, 0.262695, 0.00730815, 0.881836, 0.262695, 0.00804431, 0.883789, 0.262695, 0.00868902, 0.885742, 0.262695, 0.00922323, 0.887695, 0.262695, 0.00963185, 0.889648, 0.262695, 0.00990434, 
        0.875977, 0.264648, 0.00562575, 0.87793, 0.264648, 0.0065111, 0.879883, 0.264648, 0.00734999, 0.881836, 0.264648, 0.00811636, 0.883789, 0.264648, 0.0087867, 0.885742, 0.264648, 0.00934088, 0.887695, 0.264648, 0.009763, 0.889648, 0.264648, 0.0100419
    ]
}
