{
    "level": 1,
    "idx": {"x": 56, "y": 34},
    "dim": {"x": 8, "y": 8},
    "offset": {"x": 0.875977, "y": 0.532227},
    "cellSize": {"x": 0.00195312, "y": 0.00195312},
    "vertices": [
        0.875977, 0.532227, 0.0039928, 0.87793, 0.532227, 0.00400544, 0.879883, 0.532227, 0.00401887, 0.881836, 0.532227, 0.00403417, 0.883789, 0.532227, 0.00405231, 0.885742, 0.532227, 0.00407409, 0.887695, 0.532227, 0.0041001, 0.889648, 0.532227, 0.00413067, 
        0.875977, 0.53418, 0.0040875, 0.87793, 0.53418, 0.00396643, 0.879883, 0.53418, 0.00385367, 0.881836, 0.53418, 0.00375539, 0.883789, 0.53418, 0.00367712, 0.885742, 0.53418, 0.00362358, 0.887695, 0.53418, 0.00359844, 0.889648, 0.53418, 0.00360418, 
        0.875977, 0.536133, 0.00418062, 0.87793, 0.536133, 0.00393252, 0.879883, 0.536133, 0.0036999, 0.881836, 0.536133, 0.00349372, 0.883789, 0.536133, 0.0033239, 0.885742, 0.536133, 0.00319885, 0.887695, 0.536133, 0.00312517, 0.889648, 0.536133, 0.0031074, 
        0.875977, 0.538086, 0.00427424, 0.87793, 0.538086, 0.00391091, 0.879883, 0.538086, 0.00356955, 0.881836, 0.538086, 0.00326552, 0.883789, 0.538086, 0.0030127, 0.885742, 0.538086, 0.00282288, 0.887695, 0.538086, 0.00270533, 0.889648, 0.538086, 0.00266645, 
        0.875977, 0.540039, 0.00437021, 0.87793, 0.540039, 0.0039081, 0.879883, 0.540039, 0.00347352, 0.881836, 0.540039, 0.00308566, 0.883789, 0.540039, 0.00276177, 0.885742, 0.540039, 0.00251659, 0.887695, 0.540039, 0.00236168, 0.889648, 0.540039, 0.00230504, 
        0.875977, 0.541992, 0.00447014, 0.87793, 0.541992, 0.00392969, 0.879883, 0.541992, 0.00342122, 0.881836, 0.541992, 0.00296693, 0.883789, 0.541992, 0.00258684, 0.885742, 0.541992, 0.00229801, 0.887695, 0.541992, 0.00211386, 0.889648, 0.541992, 0.00204366, 
        0.875977, 0.543945, 0.00457527, 0.87793, 0.543945, 0.00398015, 0.879883, 0.543945, 0.00342013, 0.881836, 0.543945, 0.00291958, 0.883789, 0.543945, 0.00250048, 0.885742, 0.543945, 0.00218155, 0.887695, 0.543945, 0.00197755, 0.889648, 0.543945, 0.00189866, 
        0.875977, 0.545898, 0.00468644, 0.87793, 0.545898, 0.00406262, 0.879883, 0.545898, 0.00347557, 0.881836, 0.545898, 0.00295088, 0.883789, 0.545898, 0.00251163, 0.885742, 0.545898, 0.00217749, 0.887695, 0.545898, 0.00196395, 0.889648, 0.545898, 0.00188171
    ]
}
