{
    "level": 1,
    "idx": {"x": 58, "y": 12},
    "dim": {"x": 8, "y": 8},
    "offset": {"x": 0.907227, "y": 0.188477},
    "cellSize": {"x": 0.00195312, "y": 0.00195312},
    "vertices": [
        0.907227, 0.188477, 0.0028483, 0.90918, 0.188477, 0.0028517, 0.911133, 0.188477, 0.00285198, 0.913086, 0.188477, 0.00284961, 0.915039, 0.188477, 0.002845, 0.916992, 0.188477, 0.00283852, 0.918945, 0.188477, 0.00283046, 0.920898, 0.188477, 0.00282102, 
        0.907227, 0.19043, 0.00303283, 0.90918, 0.19043, 0.00289748, 0.911133, 0.19043, 0.00276656, 0.913086, 0.19043, 0.00264564, 0.915039, 0.19043, 0.00253972, 0.916992, 0.19043, 0.00245308, 0.918945, 0.19043, 0.00238911, 0.920898, 0.19043, 0.00235015, 
        0.907227, 0.192383, 0.0032159, 0.90918, 0.192383, 0.00294768, 0.911133, 0.192383, 0.00269113, 0.913086, 0.192383, 0.00245666, 0.915039, 0.192383, 0.00225371, 0.916992, 0.192383, 0.0020903, 0.918945, 0.192383, 0.00197277, 0.920898, 0.192383, 0.00190552, 
        0.907227, 0.194336, 0.00339956, 0.90918, 0.194336, 0.00300953, 0.911133, 0.194336, 0.00263777, 0.913086, 0.194336, 0.00229919, 0.915039, 0.194336, 0.00200724, 0.916992, 0.194336, 0.00177338, 0.918945, 0.194336, 0.0016067, 0.920898, 0.194336, 0.00151346, 
        0.907227, 0.196289, 0.00358568, 0.90918, 0.196289, 0.00308963, 0.911133, 0.196289, 0.00261758, 0.913086, 0.196289, 0.00218833, 0.915039, 0.196289, 0.00181885, 0.916992, 0.196289, 0.00152362, 0.918945, 0.196289, 0.00131406, 0.920898, 0.196289, 0.00119811, 
        0.907227, 0.198242, 0.00377584, 0.90918, 0.198242, 0.00319371, 0.911133, 0.198242, 0.00264018, 0.913086, 0.198242, 0.00213723, 0.915039, 0.198242, 0.0017047, 0.916992, 0.198242, 0.00135951, 0.918945, 0.198242, 0.00111502, 0.920898, 0.198242, 0.000980483, 
        0.907227, 0.200195, 0.00397129, 0.90918, 0.200195, 0.00332637, 0.911133, 0.200195, 0.00271334, 0.913086, 0.200195, 0.00215654, 0.915039, 0.200195, 0.00167788, 0.916992, 0.200195, 0.00129608, 0.918945, 0.200195, 0.00102592, 0.920898, 0.200195, 0.000877624, 
        0.907227, 0.202148, 0.00417286, 0.90918, 0.202148, 0.00349091, 0.911133, 0.202148, 0.00284271, 0.913086, 0.202148, 0.00225398, 0.915039, 0.202148, 0.00174791, 0.916992, 0.202148, 0.00134427, 0.918945, 0.202148, 0.00105867, 0.920898, 0.202148, 0.00090196
    ]
}
