{
    "level": 1,
    "idx": {"x": 60, "y": 9},
    "dim": {"x": 8, "y": 8},
    "offset": {"x": 0.938477, "y": 0.141602},
    "cellSize": {"x": 0.00195312, "y": 0.00195312},
    "vertices": [
        0.938477, 0.141602, -0.00288221, 0.94043, 0.141602, -0.0021094, 0.942383, 0.141602, -0.0013732, 0.944336, 0.141602, -0.000699774, 0.946289, 0.141602, -0.000112747, 0.948242, 0.141602, 0.000367752, 0.950195, 0.141602, 0.000725845, 0.952148, 0.141602, 0.000950506, 
        0.938477, 0.143555, -0.00266374, 0.94043, 0.143555, -0.00191049, 0.942383, 0.143555, -0.00119324, 0.944336, 0.143555, -0.000537609, 0.946289, 0.143555, 3.333e-05, 0.948242, 0.143555, 0.000499884, 0.950195, 0.143555, 0.000846529, 0.952148, 0.143555, 0.00106249, 
        0.938477, 0.145508, -0.00245412, 0.94043, 0.145508, -0.00174757, 0.942383, 0.145508, -0.0010749, 0.944336, 0.145508, -0.000460142, 0.946289, 0.145508, 7.50208e-05, 0.948242, 0.145508, 0.000512103, 0.950195, 0.145508, 0.000836526, 0.952148, 0.145508, 0.00103817, 
        0.938477, 0.147461, -0.00225288, 0.94043, 0.147461, -0.00161852, 0.942383, 0.147461, -0.00101447, 0.944336, 0.147461, -0.000462273, 0.946289, 0.147461, 1.86285e-05, 0.948242, 0.147461, 0.000411658, 0.950195, 0.147461, 0.000703744, 0.952148, 0.147461, 0.000885811, 
        0.938477, 0.149414, -0.00205908, 0.94043, 0.149414, -0.00151977, 0.942383, 0.149414, -0.0010059, 0.944336, 0.149414, -0.000535702, 0.946289, 0.149414, -0.000125638, 0.948242, 0.149414, 0.000210266, 0.950195, 0.149414, 0.000460943, 0.952148, 0.149414, 0.00061871, 
        0.938477, 0.151367, -0.00187136, 0.94043, 0.151367, -0.00144644, 0.942383, 0.151367, -0.001041, 0.944336, 0.151367, -0.000669264, 0.946289, 0.151367, -0.000344067, 0.948242, 0.151367, -7.63566e-05, 0.950195, 0.151367, 0.000125231, 0.952148, 0.151367, 0.000254697, 
        0.938477, 0.15332, -0.00168803, 0.94043, 0.15332, -0.00139259, 0.942383, 0.15332, -0.00110981, 0.944336, 0.15332, -0.000849369, 0.946289, 0.15332, -0.000619985, 0.948242, 0.15332, -0.000429105, 0.950195, 0.15332, -0.000282604, 0.952148, 0.15332, -0.000184568, 
        0.938477, 0.155273, -0.0015071, 0.94043, 0.155273, -0.00135139, 0.942383, 0.155273, -0.00120096, 0.944336, 0.155273, -0.00106053, 0.946289, 0.155273, -0.000934408, 0.948242, 0.155273, -0.000826235, 0.950195, 0.155273, -0.000738904, 0.952148, 0.155273, -0.000674436
    ]
}
