{
    "level": 1,
    "idx": {"x": 61, "y": 41},
    "dim": {"x": 8, "y": 8},
    "offset": {"x": 0.954102, "y": 0.641602},
    "cellSize": {"x": 0.00195312, "y": 0.00195312},
    "vertices": [
        0.954102, 0.641602, 0.00637446, 0.956055, 0.641602, 0.00614845, 0.958008, 0.641602, 0.00578172, 0.959961, 0.641602, 0.00528504, 0.961914, 0.641602, 0.00467405, 0.963867, 0.641602, 0.00396869, 0.96582, 0.641602, 0.00319245, 0.967773, 0.641602, 0.00237141, 
        0.954102, 0.643555, 0.00606814, 0.956055, 0.643555, 0.00585262, 0.958008, 0.643555, 0.00550096, 0.959961, 0.643555, 0.00502358, 0.961914, 0.643555, 0.00443563, 0.963867, 0.643555, 0.00375642, 0.96582, 0.643555, 0.00300868, 0.967773, 0.643555, 0.00221767, 
        0.954102, 0.645508, 0.00562023, 0.956055, 0.645508, 0.0054205, 0.958008, 0.645508, 0.00509434, 0.959961, 0.645508, 0.00465143, 0.961914, 0.645508, 0.00410584, 0.963867, 0.645508, 0.0034755, 0.96582, 0.645508, 0.00278154, 0.967773, 0.645508, 0.0020474, 
        0.954102, 0.647461, 0.00504082, 0.956055, 0.647461, 0.00486181, 0.958008, 0.647461, 0.00457084, 0.959961, 0.647461, 0.00417648, 0.961914, 0.647461, 0.0036912, 0.963867, 0.647461, 0.00313084, 0.96582, 0.647461, 0.00251412, 0.967773, 0.647461, 0.00186179, 
        0.954102, 0.649414, 0.00434495, 0.956055, 0.649414, 0.00419102, 0.958008, 0.649414, 0.00394382, 0.959961, 0.649414, 0.00361049, 0.961914, 0.649414, 0.00320138, 0.963867, 0.649414, 0.0027297, 0.96582, 0.649414, 0.00221099, 0.967773, 0.649414, 0.00166253, 
        0.954102, 0.651367, 0.00355204, 0.956055, 0.651367, 0.00342683, 0.958008, 0.651367, 0.00323054, 0.959961, 0.651367, 0.0029686, 0.961914, 0.651367, 0.00264889, 0.963867, 0.651367, 0.00228142, 0.96582, 0.651367, 0.00187801, 0.967773, 0.651367, 0.00145178, 
        0.954102, 0.65332, 0.00268518, 0.956055, 0.65332, 0.00259145, 0.958008, 0.65332, 0.0024515, 0.959961, 0.65332, 0.00226884, 0.961914, 0.65332, 0.00204855, 0.963867, 0.65332, 0.0017971, 0.96582, 0.65332, 0.00152212, 0.967773, 0.65332, 0.00123206, 
        0.954102, 0.655273, 0.00177017, 0.956055, 0.655273, 0.00170972, 0.958008, 0.655273, 0.00162963, 0.959961, 0.655273, 0.00153134, 0.961914, 0.655273, 0.00141695, 0.963867, 0.655273, 0.00128915, 0.96582, 0.655273, 0.00115106, 0.967773, 0.655273, 0.00100617
    ]
}
