{
    "level": 1,
    "idx": {"x": 61, "y": 54},
    "dim": {"x": 8, "y": 8},
    "offset": {"x": 0.954102, "y": 0.844727},
    "cellSize": {"x": 0.00195312, "y": 0.00195312},
    "vertices": [
        0.954102, 0.844727, 0.000894245, 0.956055, 0.844727, 0.000867312, 0.958008, 0.844727, 0.000850205, 0.959961, 0.844727, 0.000842095, 0.961914, 0.844727, 0.000841748, 0.963867, 0.844727, 0.000847577, 0.96582, 0.844727, 0.000857707, 0.967773, 0.844727, 0.000870044, 
        0.954102, 0.84668, 0.000381982, 0.956055, 0.84668, 0.000375452, 0.958008, 0.84668, 0.000405056, 0.959961, 0.84668, 0.00046791, 0.961914, 0.84668, 0.000559786, 0.963867, 0.84668, 0.000675275, 0.96582, 0.84668, 0.000807993, 0.967773, 0.84668, 0.00095084, 
        0.954102, 0.848633, -9.27178e-05, 0.956055, 0.848633, -8.02658e-05, 0.958008, 0.848633, -6.83494e-06, 0.959961, 0.848633, 0.000122753, 0.961914, 0.848633, 0.00030144, 0.963867, 0.848633, 0.000520206, 0.96582, 0.848633, 0.000768408, 0.967773, 0.848633, 0.00103421, 
        0.954102, 0.850586, -0.000504045, 0.956055, 0.850586, -0.000475006, 0.958008, 0.850586, -0.000362569, 0.959961, 0.850586, -0.000173306, 0.961914, 0.850586, 8.31684e-05, 0.963867, 0.850586, 0.000394576, 0.96582, 0.850586, 0.000746424, 0.967773, 0.850586, 0.00112261, 
        0.954102, 0.852539, -0.000828702, 0.956055, 0.852539, -0.000786349, 0.958008, 0.852539, -0.000641478, 0.959961, 0.852539, -0.000402155, 0.961914, 0.852539, -8.01778e-05, 0.963867, 0.852539, 0.000309391, 0.96582, 0.852539, 0.000748775, 0.967773, 0.852539, 0.00121822, 
        0.954102, 0.854492, -0.00104682, 0.956055, 0.854492, -0.000995175, 0.958008, 0.854492, -0.000825936, 0.959961, 0.854492, -0.000548351, 0.961914, 0.854492, -0.000175941, 0.963867, 0.854492, 0.000274028, 0.96582, 0.854492, 0.000781185, 0.967773, 0.854492, 0.00132289, 
        0.954102, 0.856445, -0.00114274, 0.956055, 0.856445, -0.00108641, 0.958008, 0.856445, -0.000902049, 0.959961, 0.856445, -0.000599723, 0.961914, 0.856445, -0.000194155, 0.963867, 0.856445, 0.000295859, 0.96582, 0.856445, 0.000848139, 0.967773, 0.856445, 0.00143803, 
        0.954102, 0.858398, -0.0011056, 0.956055, 0.858398, -0.00104961, 0.958008, 0.858398, -0.000860196, 0.959961, 0.858398, -0.000547852, 0.961914, 0.858398, -0.000127932, 0.963867, 0.858398, 0.000379966, 0.96582, 0.858398, 0.000952709, 0.967773, 0.858398, 0.00156459
    ]
}
