{
    "level": 1,
    "idx": {"x": 61, "y": 12},
    "dim": {"x": 8, "y": 8},
    "offset": {"x": 0.954102, "y": 0.188477},
    "cellSize": {"x": 0.00195312, "y": 0.00195312},
    "vertices": [
        0.954102, 0.188477, 0.00227408, 0.956055, 0.188477, 0.00220084, 0.958008, 0.188477, 0.00212218, 0.959961, 0.188477, 0.00203838, 0.961914, 0.188477, 0.00194984, 0.963867, 0.188477, 0.00185703, 0.96582, 0.188477, 0.0017605, 0.967773, 0.188477, 0.00166083, 
        0.954102, 0.19043, 0.00319095, 0.956055, 0.19043, 0.00308431, 0.958008, 0.19043, 0.00294516, 0.959961, 0.19043, 0.00277588, 0.961914, 0.19043, 0.00257991, 0.963867, 0.19043, 0.00236159, 0.96582, 0.19043, 0.00212605, 0.967773, 0.19043, 0.00187894, 
        0.954102, 0.192383, 0.00407404, 0.956055, 0.192383, 0.00393526, 0.958008, 0.192383, 0.00373801, 0.959961, 0.192383, 0.00348668, 0.961914, 0.192383, 0.00318763, 0.963867, 0.192383, 0.00284891, 0.96582, 0.192383, 0.00248003, 0.967773, 0.192383, 0.00209151, 
        0.954102, 0.194336, 0.0048964, 0.956055, 0.194336, 0.00472773, 0.958008, 0.194336, 0.00447677, 0.959961, 0.194336, 0.00414975, 0.961914, 0.194336, 0.00375569, 0.963867, 0.194336, 0.00330606, 0.96582, 0.194336, 0.00281437, 0.967773, 0.194336, 0.00229563, 
        0.954102, 0.196289, 0.00563327, 0.956055, 0.196289, 0.00543791, 0.958008, 0.196289, 0.00513947, 0.959961, 0.196289, 0.00474578, 0.961914, 0.196289, 0.00426819, 0.963867, 0.196289, 0.00372114, 0.96582, 0.196289, 0.00312166, 0.967773, 0.196289, 0.00248863, 
        0.954102, 0.198242, 0.00626304, 0.956055, 0.198242, 0.006045, 0.958008, 0.198242, 0.00570691, 0.959961, 0.198242, 0.0052579, 0.961914, 0.198242, 0.00471123, 0.963867, 0.198242, 0.00408377, 0.96582, 0.198242, 0.00339539, 0.967773, 0.198242, 0.00266814, 
        0.954102, 0.200195, 0.00676809, 0.956055, 0.200195, 0.00653203, 0.958008, 0.200195, 0.00616342, 0.959961, 0.200195, 0.00567236, 0.961914, 0.200195, 0.00507349, 0.963867, 0.200195, 0.00438546, 0.96582, 0.200195, 0.00363025, 0.967773, 0.200195, 0.00283222, 
        0.954102, 0.202148, 0.00713544, 0.956055, 0.202148, 0.00688651, 0.958008, 0.202148, 0.00649748, 0.959961, 0.202148, 0.00597901, 0.961914, 0.202148, 0.0053466, 0.963867, 0.202148, 0.00461996, 0.96582, 0.202148, 0.0038223, 0.967773, 0.202148, 0.00297941
    ]
}
