{
    "level": 1,
    "idx": {"x": 61, "y": 4},
    "dim": {"x": 8, "y": 8},
    "offset": {"x": 0.954102, "y": 0.0634766},
    "cellSize": {"x": 0.00195312, "y": 0.00195312},
    "vertices": [
        0.954102, 0.0634766, -0.00525701, 0.956055, 0.0634766, -0.00508884, 0.958008, 0.0634766, -0.00491457, 0.959961, 0.0634766, -0.00473439, 0.961914, 0.0634766, -0.00454844, 0.963867, 0.0634766, -0.00435684, 0.96582, 0.0634766, -0.00415975, 0.967773, 0.0634766, -0.00395725, 
        0.954102, 0.0654297, -0.00460861, 0.956055, 0.0654297, -0.00446525, 0.958008, 0.0654297, -0.00434256, 0.959961, 0.0654297, -0.00423864, 0.961914, 0.0654297, -0.0041506, 0.963867, 0.0654297, -0.00407472, 0.96582, 0.0654297, -0.00400654, 0.967773, 0.0654297, -0.00394111, 
        0.954102, 0.0673828, -0.00398175, 0.956055, 0.0673828, -0.00386234, 0.958008, 0.0673828, -0.00378932, 0.959961, 0.0673828, -0.00375878, 0.961914, 0.0673828, -0.00376492, 0.963867, 0.0673828, -0.00380029, 0.96582, 0.0673828, -0.00385608, 0.967773, 0.0673828, -0.00392244, 
        0.954102, 0.0693359, -0.00340312, 0.956055, 0.0693359, -0.00330582, 0.958008, 0.0693359, -0.00327856, 0.959961, 0.0693359, -0.0033156, 0.961914, 0.0693359, -0.00340847, 0.963867, 0.0693359, -0.00354628, 0.96582, 0.0693359, -0.0037162, 0.967773, 0.0693359, -0.00390389, 
        0.954102, 0.0712891, -0.00289733, 0.956055, 0.0712891, -0.00281934, 0.958008, 0.0712891, -0.0028321, 0.959961, 0.0712891, -0.00292825, 0.961914, 0.0712891, -0.00309696, 0.963867, 0.0712891, -0.00332437, 0.96582, 0.0712891, -0.0035941, 0.967773, 0.0712891, -0.00388792, 
        0.954102, 0.0732422, -0.00248586, 0.956055, 0.0732422, -0.00242361, 0.958008, 0.0732422, -0.00246903, 0.959961, 0.0732422, -0.00261346, 0.961914, 0.0732422, -0.00284414, 0.963867, 0.0732422, -0.00314478, 0.96582, 0.0732422, -0.00349609, 0.967773, 0.0732422, -0.00387664, 
        0.954102, 0.0751953, -0.00218632, 0.956055, 0.0751953, -0.00213555, 0.958008, 0.0751953, -0.00220497, 0.959961, 0.0751953, -0.00238493, 0.961914, 0.0751953, -0.00266127, 0.963867, 0.0751953, -0.00301587, 0.96582, 0.0751953, -0.00342732, 0.967773, 0.0751953, -0.00387183, 
        0.954102, 0.0771484, -0.00201171, 0.956055, 0.0771484, -0.00196768, 0.958008, 0.0771484, -0.00205145, 0.959961, 0.0771484, -0.00225278, 0.961914, 0.0771484, -0.00255665, 0.963867, 0.0771484, -0.00294382, 0.96582, 0.0771484, -0.00339161, 0.967773, 0.0771484, -0.00387475
    ]
}
