{
    "level": 1,
    "idx": {"x": 62, "y": 20},
    "dim": {"x": 8, "y": 8},
    "offset": {"x": 0.969727, "y": 0.313477},
    "cellSize": {"x": 0.00195312, "y": 0.00195312},
    "vertices": [
        0.969727, 0.313477, 0.00152906, 0.97168, 0.313477, 0.00141753, 0.973633, 0.313477, 0.00130536, 0.975586, 0.313477, 0.00119347, 0.977539, 0.313477, 0.00108271, 0.979492, 0.313477, 0.000973813, 0.981445, 0.313477, 0.000867389, 0.983398, 0.313477, 0.000763903, 
        0.969727, 0.31543, 0.00132097, 0.97168, 0.31543, 0.00107766, 0.973633, 0.31543, 0.000841932, 0.975586, 0.31543, 0.00061977, 0.977539, 0.31543, 0.00041658, 0.979492, 0.31543, 0.000236975, 0.981445, 0.31543, 8.46127e-05, 0.983398, 0.31543, -3.79487e-05, 
        0.969727, 0.317383, 0.00111407, 0.97168, 0.317383, 0.000745326, 0.973633, 0.317383, 0.000392024, 0.975586, 0.317383, 6.49929e-05, 0.977539, 0.317383, -0.000226007, 0.979492, 0.317383, -0.00047266, 0.981445, 0.317383, -0.0006684, 0.983398, 0.317383, -0.000808665, 
        0.969727, 0.319336, 0.000911103, 0.97168, 0.319336, 0.000428395, 0.973633, 0.319336, -3.16538e-05, 0.975586, 0.319336, -0.000453793, 0.977539, 0.319336, -0.00082428, 0.979492, 0.319336, -0.00113141, 0.981445, 0.319336, -0.00136597, 0.983398, 0.319336, -0.00152154, 
        0.969727, 0.321289, 0.000714574, 0.97168, 0.321289, 0.000134076, 0.973633, 0.321289, -0.000417472, 0.975586, 0.321289, -0.000920979, 0.977539, 0.321289, -0.00135925, 0.979492, 0.321289, -0.00171763, 0.981445, 0.321289, -0.0019846, 0.983398, 0.321289, -0.00215217, 
        0.969727, 0.323242, 0.000526704, 0.97168, 0.323242, -0.000131334, 0.973633, 0.323242, -0.000755291, 0.975586, 0.323242, -0.00132297, 0.977539, 0.323242, -0.00181436, 0.979492, 0.323242, -0.00221246, 0.981445, 0.323242, -0.00250386, 0.983398, 0.323242, -0.00267929, 
        0.969727, 0.325195, 0.000349323, 0.97168, 0.325195, -0.00036271, 0.973633, 0.325195, -0.00103688, 0.975586, 0.325195, -0.00164873, 0.977539, 0.325195, -0.00217622, 0.979492, 0.325195, -0.00260063, 0.981445, 0.325195, -0.00290719, 0.983398, 0.325195, -0.0030857, 
        0.969727, 0.327148, 0.000183818, 0.97168, 0.327148, -0.000556268, 0.973633, 0.327148, -0.00125619, 0.975586, 0.327148, -0.00189019, 0.977539, 0.327148, -0.00243504, 0.979492, 0.327148, -0.00287099, 0.981445, 0.327148, -0.00318251, 0.983398, 0.327148, -0.00335886
    ]
}
