{
    "level": 1,
    "idx": {"x": 62, "y": 43},
    "dim": {"x": 8, "y": 8},
    "offset": {"x": 0.969727, "y": 0.672852},
    "cellSize": {"x": 0.00195312, "y": 0.00195312},
    "vertices": [
        0.969727, 0.672852, -8.0825e-05, 0.97168, 0.672852, 0.000661297, 0.973633, 0.672852, 0.00136282, 0.975586, 0.672852, 0.00199767, 0.977539, 0.672852, 0.00254237, 0.979492, 0.672852, 0.00297695, 0.981445, 0.672852, 0.00328569, 0.983398, 0.672852, 0.00345772, 
        0.969727, 0.674805, -0.000240699, 0.97168, 0.674805, 0.000486976, 0.973633, 0.674805, 0.00117557, 0.975586, 0.674805, 0.00179982, 0.977539, 0.674805, 0.00233702, 0.979492, 0.674805, 0.0027678, 0.981445, 0.674805, 0.00307693, 0.983398, 0.674805, 0.0032539, 
        0.969727, 0.676758, -0.000412949, 0.97168, 0.676758, 0.000273511, 0.973633, 0.676758, 0.000923935, 0.975586, 0.676758, 0.00151487, 0.977539, 0.676758, 0.0020252, 0.979492, 0.676758, 0.00243696, 0.981445, 0.676758, 0.00273597, 0.983398, 0.676758, 0.00291247, 
        0.969727, 0.678711, -0.000596429, 0.97168, 0.678711, 2.39519e-05, 0.973633, 0.678711, 0.000612771, 0.975586, 0.678711, 0.00114928, 0.977539, 0.678711, 0.00161477, 0.979492, 0.678711, 0.00199334, 0.981445, 0.678711, 0.00227246, 0.983398, 0.678711, 0.00244344, 
        0.969727, 0.680664, -0.000789523, 0.97168, 0.680664, -0.000257225, 0.973633, 0.680664, 0.000249246, 0.975586, 0.680664, 0.000712629, 0.977539, 0.680664, 0.00111737, 0.979492, 0.680664, 0.00145023, 0.981445, 0.680664, 0.00170078, 0.983398, 0.680664, 0.00186178, 
        0.969727, 0.682617, -0.000990199, 0.97168, 0.682617, -0.000564282, 0.973633, 0.682617, -0.000157412, 0.975586, 0.682617, 0.000217304, 0.977539, 0.682617, 0.000548052, 0.979492, 0.682617, 0.000824769, 0.981445, 0.682617, 0.00103952, 0.983398, 0.682617, 0.00118678, 
        0.969727, 0.68457, -0.00119609, 0.97168, 0.68457, -0.000890444, 0.973633, 0.68457, -0.000596277, 0.975586, 0.68457, -0.000322038, 0.977539, 0.68457, -7.53505e-05, 0.979492, 0.68457, 0.000137284, 0.981445, 0.68457, 0.000310725, 0.983398, 0.68457, 0.000441389, 
        0.969727, 0.686523, -0.00140454, 0.97168, 0.686523, -0.00122812, 0.973633, 0.686523, -0.0010551, 0.975586, 0.686523, -0.000888959, 0.977539, 0.686523, -0.000732832, 0.979492, 0.686523, -0.000589417, 0.981445, 0.686523, -0.000460862, 0.983398, 0.686523, -0.000348691
    ]
}
