{
    "level": 1,
    "idx": {"x": 62, "y": 28},
    "dim": {"x": 8, "y": 8},
    "offset": {"x": 0.969727, "y": 0.438477},
    "cellSize": {"x": 0.00195312, "y": 0.00195312},
    "vertices": [
        0.969727, 0.438477, -0.00371264, 0.97168, 0.438477, -0.00352953, 0.973633, 0.438477, -0.00333969, 0.975586, 0.438477, -0.00314232, 0.977539, 0.438477, -0.00293673, 0.979492, 0.438477, -0.00272237, 0.981445, 0.438477, -0.00249891, 0.983398, 0.438477, -0.00226619, 
        0.969727, 0.44043, -0.00372041, 0.97168, 0.44043, -0.00368046, 0.973633, 0.44043, -0.00362583, 0.975586, 0.44043, -0.00355064, 0.977539, 0.44043, -0.00344964, 0.979492, 0.44043, -0.0033184, 0.981445, 0.44043, -0.00315351, 0.983398, 0.44043, -0.00295273, 
        0.969727, 0.442383, -0.00371996, 0.97168, 0.442383, -0.00381689, 0.973633, 0.442383, -0.00389158, 0.975586, 0.442383, -0.00393331, 0.977539, 0.442383, -0.00393246, 0.979492, 0.442383, -0.00388092, 0.981445, 0.442383, -0.00377235, 0.983398, 0.442383, -0.0036025, 
        0.969727, 0.444336, -0.00370885, 0.97168, 0.444336, -0.00393126, 0.973633, 0.444336, -0.00412454, 0.975586, 0.444336, -0.00427356, 0.977539, 0.444336, -0.00436473, 0.979492, 0.444336, -0.00438656, 0.981445, 0.444336, -0.00433004, 0.983398, 0.444336, -0.0041891, 
        0.969727, 0.446289, -0.00368487, 0.97168, 0.446289, -0.00401668, 0.973633, 0.446289, -0.00431342, 0.975586, 0.446289, -0.00455613, 0.977539, 0.446289, -0.0047278, 0.979492, 0.446289, -0.004814, 0.981445, 0.446289, -0.00480344, 0.983398, 0.446289, -0.00468843, 
        0.969727, 0.448242, -0.00364613, 0.97168, 0.448242, -0.00406721, 0.973633, 0.448242, -0.00444845, 0.975586, 0.448242, -0.00476783, 0.977539, 0.448242, -0.00500555, 0.979492, 0.448242, -0.00514483, 0.981445, 0.448242, -0.00517253, 0.983398, 0.448242, -0.00507966, 
        0.969727, 0.450195, -0.00359113, 0.97168, 0.450195, -0.00407808, 0.973633, 0.450195, -0.0045218, 0.975586, 0.450195, -0.00489803, 0.977539, 0.450195, -0.00518501, 0.979492, 0.450195, -0.00536422, 0.981445, 0.450195, -0.00542118, 0.983398, 0.450195, -0.00534602, 
        0.969727, 0.452148, -0.00351883, 0.97168, 0.452148, -0.0040459, 0.973633, 0.452148, -0.00452784, 0.975586, 0.452148, -0.00493914, 0.977539, 0.452148, -0.00525685, 0.979492, 0.452148, -0.0054615, 0.981445, 0.452148, -0.00553784, 0.983398, 0.452148, -0.00547545
    ]
}
