{
    "level": 1,
    "idx": {"x": 63, "y": 5},
    "dim": {"x": 8, "y": 8},
    "offset": {"x": 0.985352, "y": 0.0791016},
    "cellSize": {"x": 0.00195312, "y": 0.00195312},
    "vertices": [
        0.985352, 0.0791016, -0.00575105, 0.987305, 0.0791016, -0.00534322, 0.989258, 0.0791016, -0.00479543, 0.991211, 0.0791016, -0.00411881, 0.993164, 0.0791016, -0.00332937, 0.995117, 0.0791016, -0.00244739, 0.99707, 0.0791016, -0.00149667, 0.999023, 0.0791016, -0.000503638, 
        0.985352, 0.0810547, -0.00567986, 0.987305, 0.0810547, -0.00527421, 0.989258, 0.0810547, -0.00473145, 0.991211, 0.0810547, -0.00406248, 0.993164, 0.0810547, -0.00328298, 0.995117, 0.0810547, -0.00241284, 0.99707, 0.0810547, -0.00147536, 0.999023, 0.0810547, -0.000496438, 
        0.985352, 0.0830078, -0.00546586, 0.987305, 0.0830078, -0.00506809, 0.989258, 0.0830078, -0.00454126, 0.991211, 0.0830078, -0.00389561, 0.993164, 0.0830078, -0.00314595, 0.995117, 0.0830078, -0.00231096, 0.99707, 0.0830078, -0.00141261, 0.999023, 0.0830078, -0.000475245, 
        0.985352, 0.0849609, -0.00511738, 0.987305, 0.0849609, -0.0047329, 0.989258, 0.0849609, -0.00423226, 0.991211, 0.0849609, -0.00362472, 0.993164, 0.0849609, -0.0029236, 0.995117, 0.0849609, -0.00214572, 0.99707, 0.0849609, -0.00131085, 0.999023, 0.0849609, -0.000440884, 
        0.985352, 0.0869141, -0.00464787, 0.987305, 0.0869141, -0.00428155, 0.989258, 0.0869141, -0.00381637, 0.991211, 0.0869141, -0.00326024, 0.993164, 0.0869141, -0.0026245, 0.995117, 0.0869141, -0.00192349, 0.99707, 0.0869141, -0.001174, 0.999023, 0.0869141, -0.000394678, 
        0.985352, 0.0888672, -0.0040753, 0.987305, 0.0888672, -0.00373134, 0.989258, 0.0888672, -0.00330953, 0.991211, 0.0888672, -0.00281614, 0.993164, 0.0888672, -0.00226013, 0.995117, 0.0888672, -0.00165278, 0.99707, 0.0888672, -0.00100732, 0.999023, 0.0888672, -0.0003384, 
        0.985352, 0.0908203, -0.00342154, 0.987305, 0.0908203, -0.00310328, 0.989258, 0.0908203, -0.00273111, 0.991211, 0.0908203, -0.00230942, 0.993164, 0.0908203, -0.00184443, 0.995117, 0.0908203, -0.00134397, 0.99707, 0.0908203, -0.000817184, 0.999023, 0.0908203, -0.000274204, 
        0.985352, 0.0927734, -0.00271146, 0.987305, 0.0927734, -0.00242132, 0.989258, 0.0927734, -0.00210318, 0.991211, 0.0927734, -0.0017594, 0.993164, 0.0927734, -0.00139326, 0.995117, 0.0927734, -0.00100883, 0.99707, 0.0927734, -0.000610852, 0.999023, 0.0927734, -0.000204541
    ]
}
