{
    "level": 1,
    "idx": {"x": 6, "y": 45},
    "dim": {"x": 8, "y": 8},
    "offset": {"x": 0.0947266, "y": 0.704102},
    "cellSize": {"x": 0.00195312, "y": 0.00195312},
    "vertices": [
        0.0947266, 0.704102, 0.00477625, 0.0966797, 0.704102, 0.00401649, 0.0986328, 0.704102, 0.00327992, 0.100586, 0.704102, 0.00259348, 0.102539, 0.704102, 0.00198191, 0.104492, 0.704102, 0.00146688, 0.106445, 0.704102, 0.00106613, 0.108398, 0.704102, 0.00079276, 
        0.0947266, 0.706055, 0.00497898, 0.0966797, 0.706055, 0.00424121, 0.0986328, 0.706055, 0.00352541, 0.100586, 0.706055, 0.0028576, 0.102539, 0.706055, 0.00226174, 0.104492, 0.706055, 0.00175879, 0.106445, 0.706055, 0.00136591, 0.108398, 0.706055, 0.00109578, 
        0.0947266, 0.708008, 0.00517633, 0.0966797, 0.708008, 0.00448768, 0.0986328, 0.708008, 0.00381866, 0.100586, 0.708008, 0.00319343, 0.102539, 0.708008, 0.00263422, 0.104492, 0.708008, 0.00216049, 0.106445, 0.708008, 0.00178816, 0.108398, 0.708008, 0.00152902, 
        0.0947266, 0.709961, 0.00536794, 0.0966797, 0.709961, 0.00475355, 0.0986328, 0.709961, 0.00415546, 0.100586, 0.709961, 0.00359503, 0.102539, 0.709961, 0.00309192, 0.104492, 0.709961, 0.00266332, 0.106445, 0.709961, 0.00232332, 0.108398, 0.709961, 0.00208235, 
        0.0947266, 0.711914, 0.00555341, 0.0966797, 0.711914, 0.00503551, 0.0986328, 0.711914, 0.0045297, 0.100586, 0.711914, 0.00405372, 0.102539, 0.711914, 0.00362389, 0.104492, 0.711914, 0.00325449, 0.106445, 0.711914, 0.00295724, 0.108398, 0.711914, 0.0027408, 
        0.0947266, 0.713867, 0.00573232, 0.0966797, 0.713867, 0.00532936, 0.0986328, 0.713867, 0.00493356, 0.100586, 0.713867, 0.00455834, 0.102539, 0.713867, 0.00421606, 0.104492, 0.713867, 0.00391756, 0.106445, 0.713867, 0.00367172, 0.108398, 0.713867, 0.00348513, 
        0.0947266, 0.71582, 0.00590421, 0.0966797, 0.71582, 0.00563017, 0.0986328, 0.71582, 0.00535779, 0.100586, 0.71582, 0.00509568, 0.102539, 0.71582, 0.00485178, 0.104492, 0.71582, 0.00463305, 0.106445, 0.71582, 0.00444521, 0.108398, 0.71582, 0.00429251, 
        0.0947266, 0.717773, 0.00606862, 0.0966797, 0.717773, 0.00593245, 0.0986328, 0.717773, 0.0057921, 0.100586, 0.717773, 0.00565103, 0.102539, 0.717773, 0.00551246, 0.104492, 0.717773, 0.0053792, 0.106445, 0.717773, 0.00525361, 0.108398, 0.717773, 0.00513745
    ]
}
