{
    "level": 1,
    "idx": {"x": 6, "y": 17},
    "dim": {"x": 16, "y": 16},
    "offset": {"x": 0.188477, "y": 0.532227},
    "cellSize": {"x": 0.00195312, "y": 0.00195312},
    "vertices": [
        0.188477, 0.532227, 0.00653061, 0.19043, 0.532227, 0.00902645, 0.192383, 0.532227, 0.011075, 0.194336, 0.532227, 0.0124099, 0.196289, 0.532227, 0.0128757, 0.198242, 0.532227, 0.0124515, 0.200195, 0.532227, 0.0112543, 0.202148, 0.532227, 0.00952125, 0.204102, 0.532227, 0.00757336, 0.206055, 0.532227, 0.00576683, 0.208008, 0.532227, 0.00443868, 0.209961, 0.532227, 0.00385543, 0.211914, 0.532227, 0.00417256, 0.213867, 0.532227, 0.00541079, 0.21582, 0.532227, 0.0074531, 0.217773, 0.532227, 0.0100626, 
        0.188477, 0.53418, 0.00794097, 0.19043, 0.53418, 0.0143834, 0.192383, 0.53418, 0.0195564, 0.194336, 0.53418, 0.0227171, 0.196289, 0.53418, 0.0234311, 0.198242, 0.53418, 0.0216395, 0.200195, 0.53418, 0.0176674, 0.202148, 0.53418, 0.0121751, 0.204102, 0.53418, 0.00605675, 0.206055, 0.53418, 0.000304276, 0.208008, 0.53418, -0.00414367, 0.209961, 0.53418, -0.00654502, 0.211914, 0.53418, -0.00646734, 0.213867, 0.53418, -0.00385373, 0.21582, 0.53418, 0.000968597, 0.217773, 0.53418, 0.00733833, 
        0.188477, 0.536133, 0.00900716, 0.19043, 0.536133, 0.0184569, 0.192383, 0.536133, 0.0260109, 0.194336, 0.536133, 0.0305626, 0.196289, 0.536133, 0.0314652, 0.198242, 0.536133, 0.0286309, 0.200195, 0.536133, 0.0225435, 0.202148, 0.536133, 0.0141856, 0.204102, 0.536133, 0.00488812, 0.206055, 0.536133, -0.00387231, 0.208008, 0.536133, -0.0106986, 0.209961, 0.536133, -0.0144862, 0.211914, 0.536133, -0.0145917, 0.213867, 0.536133, -0.0109306, 0.21582, 0.536133, -0.00399027, 0.217773, 0.536133, 0.00524453, 
        0.188477, 0.538086, 0.00956178, 0.19043, 0.538086, 0.0206208, 0.192383, 0.538086, 0.0294486, 0.194336, 0.538086, 0.034744, 0.196289, 0.538086, 0.0357468, 0.198242, 0.538086, 0.0323532, 0.200195, 0.538086, 0.0251323, 0.202148, 0.538086, 0.0152392, 0.204102, 0.538086, 0.00423873, 0.206055, 0.538086, -0.00613318, 0.208008, 0.538086, -0.0142339, 0.209961, 0.538086, -0.018765, 0.211914, 0.538086, -0.0189698, 0.213867, 0.538086, -0.0147492, 0.21582, 0.538086, -0.00667632, 0.217773, 0.538086, 0.00409091, 
        0.188477, 0.540039, 0.00951521, 0.19043, 0.540039, 0.0205396, 0.192383, 0.540039, 0.0293395, 0.194336, 0.540039, 0.0346179, 0.196289, 0.540039, 0.0356166, 0.198242, 0.540039, 0.0322323, 0.200195, 0.540039, 0.0250324, 0.202148, 0.540039, 0.0151684, 0.204102, 0.540039, 0.00420029, 0.206055, 0.540039, -0.00614117, 0.208008, 0.540039, -0.0142185, 0.209961, 0.540039, -0.018737, 0.211914, 0.540039, -0.0189426, 0.213867, 0.540039, -0.0147363, 0.21582, 0.540039, -0.00668949, 0.217773, 0.540039, 0.00404334, 
        0.188477, 0.541992, 0.00886931, 0.19043, 0.541992, 0.0182202, 0.192383, 0.541992, 0.0256946, 0.194336, 0.541992, 0.0301972, 0.196289, 0.541992, 0.0310881, 0.198242, 0.541992, 0.0282799, 0.200195, 0.541992, 0.0222519, 0.202148, 0.541992, 0.0139765, 0.204102, 0.541992, 0.00477098, 0.206055, 0.541992, -0.0039031, 0.208008, 0.541992, -0.010663, 0.209961, 0.541992, -0.0144154, 0.211914, 0.541992, -0.0145234, 0.213867, 0.541992, -0.0109034, 0.21582, 0.541992, -0.00403787, 0.217773, 0.541992, 0.00509851, 
        0.188477, 0.543945, 0.00771714, 0.19043, 0.543945, 0.0140107, 0.192383, 0.543945, 0.0190638, 0.194336, 0.543945, 0.0221501, 0.196289, 0.543945, 0.0228454, 0.198242, 0.543945, 0.021092, 0.200195, 0.543945, 0.0172077, 0.202148, 0.543945, 0.0118377, 0.204102, 0.543945, 0.00585572, 0.206055, 0.543945, 0.000231205, 0.208008, 0.543945, -0.00411861, 0.209961, 0.543945, -0.00646854, 0.211914, 0.543945, -0.00639601, 0.213867, 0.543945, -0.00384541, 0.21582, 0.543945, 0.000863473, 0.217773, 0.543945, 0.0070844, 
        0.188477, 0.545898, 0.00622875, 0.19043, 0.545898, 0.0085472, 0.192383, 0.545898, 0.0104522, 0.194336, 0.545898, 0.0116974, 0.196289, 0.545898, 0.012139, 0.198242, 0.545898, 0.0117577, 0.200195, 0.545898, 0.0106616, 0.202148, 0.545898, 0.00907029, 0.204102, 0.545898, 0.00728069, 0.206055, 0.545898, 0.00562239, 0.208008, 0.545898, 0.00440719, 0.209961, 0.545898, 0.00388171, 0.211914, 0.545898, 0.00418978, 0.213867, 0.545898, 0.00535062, 0.21582, 0.545898, 0.00725595, 0.217773, 0.545898, 0.00968662, 
        0.188477, 0.547852, 0.00462526, 0.19043, 0.547852, 0.00265687, 0.192383, 0.547852, 0.00116698, 0.194336, 0.547852, 0.000426724, 0.196289, 0.547852, 0.000594789, 0.198242, 0.547852, 0.00169324, 0.200195, 0.547852, 0.00360425, 0.202148, 0.547852, 0.00608811, 0.204102, 0.547852, 0.00881988, 0.206055, 0.547852, 0.011439, 0.208008, 0.547852, 0.0136045, 0.209961, 0.547852, 0.0150467, 0.211914, 0.547852, 0.0156089, 0.213867, 0.547852, 0.0152711, 0.21582, 0.547852, 0.0141531, 0.217773, 0.547852, 0.0124963, 
        0.188477, 0.549805, 0.00314514, 0.19043, 0.549805, -0.00276827, 0.192383, 0.549805, -0.0073824, 0.194336, 0.549805, -0.00994995, 0.196289, 0.549805, -0.0100338, 0.198242, 0.549805, -0.00757394, 0.200195, 0.549805, -0.00289612, 0.202148, 0.549805, 0.00333748, 0.204102, 0.549805, 0.0102295, 0.206055, 0.549805, 0.0167845, 0.208008, 0.549805, 0.0220604, 0.209961, 0.549805, 0.025313, 0.211914, 0.549805, 0.0261087, 0.213867, 0.549805, 0.0243915, 0.21582, 0.549805, 0.020491, 0.217773, 0.549805, 0.0150726, 
        0.188477, 0.551758, 0.0020078, 0.19043, 0.551758, -0.00690739, 0.192383, 0.551758, -0.0138989, 0.194336, 0.551758, -0.0178572, 0.196289, 0.551758, -0.0181335, 0.198242, 0.551758, -0.0146385, 0.200195, 0.551758, -0.00785647, 0.202148, 0.551758, 0.00122906, 0.204102, 0.551758, 0.0112853, 0.206055, 0.551758, 0.0208337, 0.208008, 0.551758, 0.0284752, 0.209961, 0.551758, 0.0331042, 0.211914, 0.551758, 0.0340766, 0.213867, 0.551758, 0.0313091, 0.21582, 0.551758, 0.0252908, 0.217773, 0.551758, 0.0170096, 
        0.188477, 0.553711, 0.00138023, 0.19043, 0.553711, -0.00913585, 0.192383, 0.553711, -0.0173956, 0.194336, 0.553711, -0.0220963, 0.196289, 0.553711, -0.0224762, 0.198242, 0.553711, -0.0184308, 0.200195, 0.553711, -0.0105287, 0.202148, 0.553711, 7.54003e-05, 0.204102, 0.553711, 0.0118166, 0.206055, 0.553711, 0.0229589, 0.208008, 0.553711, 0.0318596, 0.209961, 0.553711, 0.0372204, 0.211914, 0.553711, 0.0382855, 0.213867, 0.553711, 0.0349563, 0.21582, 0.553711, 0.0278076, 0.217773, 0.553711, 0.0179988, 
        0.188477, 0.555664, 0.00135142, 0.19043, 0.555664, -0.0091209, 0.192383, 0.555664, -0.0173465, 0.194336, 0.555664, -0.0220284, 0.196289, 0.555664, -0.022408, 0.198242, 0.555664, -0.0183813, 0.200195, 0.555664, -0.0105143, 0.202148, 0.555664, 4.29954e-05, 0.204102, 0.555664, 0.0117325, 0.206055, 0.555664, 0.0228256, 0.208008, 0.555664, 0.0316866, 0.209961, 0.555664, 0.0370228, 0.211914, 0.555664, 0.0380815, 0.213867, 0.555664, 0.0347647, 0.21582, 0.555664, 0.0276445, 0.217773, 0.555664, 0.0178756, 
        0.188477, 0.557617, 0.00191882, 0.19043, 0.557617, -0.00687208, 0.192383, 0.557617, -0.0137669, 0.194336, 0.557617, -0.017672, 0.196289, 0.557617, -0.0179477, 0.198242, 0.557617, -0.0145062, 0.200195, 0.557617, -0.00782479, 0.202148, 0.557617, 0.00112711, 0.204102, 0.557617, 0.0110357, 0.206055, 0.557617, 0.0204435, 0.208008, 0.557617, 0.0279715, 0.209961, 0.557617, 0.0325298, 0.211914, 0.557617, 0.0334837, 0.213867, 0.557617, 0.0307507, 0.21582, 0.557617, 0.0248132, 0.217773, 0.557617, 0.016645, 
        0.188477, 0.55957, 0.0029888, 0.19043, 0.55957, -0.00273987, 0.192383, 0.55957, -0.0072106, 0.194336, 0.55957, -0.0096998, 0.196289, 0.55957, -0.00978424, 0.198242, 0.55957, -0.00740573, 0.200195, 0.55957, -0.00287979, 0.202148, 0.55957, 0.00315243, 0.204102, 0.55957, 0.00982204, 0.206055, 0.55957, 0.0161651, 0.208008, 0.55957, 0.0212696, 0.209961, 0.55957, 0.0244147, 0.211914, 0.55957, 0.0251808, 0.213867, 0.55957, 0.0235134, 0.21582, 0.55957, 0.0197318, 0.217773, 0.55957, 0.0144803, 
