{
    "level": 1,
    "idx": {"x": 6, "y": 2},
    "dim": {"x": 16, "y": 16},
    "offset": {"x": 0.188477, "y": 0.0634766},
    "cellSize": {"x": 0.00195312, "y": 0.00195312},
    "vertices": [
        0.188477, 0.0634766, 0.000444315, 0.19043, 0.0634766, 0.00165494, 0.192383, 0.0634766, 0.00261356, 0.194336, 0.0634766, 0.003174, 0.196289, 0.0634766, 0.00325077, 0.198242, 0.0634766, 0.00283221, 0.200195, 0.0634766, 0.00198216, 0.202148, 0.0634766, 0.000830332, 0.204102, 0.0634766, -0.000447557, 0.206055, 0.0634766, -0.00165657, 0.208008, 0.0634766, -0.00261225, 0.209961, 0.0634766, -0.00316878, 0.211914, 0.0634766, -0.00324127, 0.213867, 0.0634766, -0.0028186, 0.21582, 0.0634766, -0.00196522, 0.217773, 0.0634766, -0.000811267, 
        0.188477, 0.0654297, 0.00193456, 0.19043, 0.0654297, 0.00722974, 0.192383, 0.0654297, 0.0114226, 0.194336, 0.0654297, 0.0138736, 0.196289, 0.0654297, 0.0142089, 0.198242, 0.0654297, 0.0123775, 0.200195, 0.0654297, 0.00865855, 0.202148, 0.0654297, 0.00361951, 0.204102, 0.0654297, -0.00197097, 0.206055, 0.0654297, -0.00726017, 0.208008, 0.0654297, -0.0114413, 0.209961, 0.0654297, -0.0138764, 0.211914, 0.0654297, -0.0141942, 0.213867, 0.0654297, -0.012346, 0.21582, 0.0654297, -0.00861387, 0.217773, 0.0654297, -0.00356691, 
        0.188477, 0.0673828, 0.00313018, 0.19043, 0.0673828, 0.0117022, 0.192383, 0.0673828, 0.0184898, 0.194336, 0.0673828, 0.0224575, 0.196289, 0.0673828, 0.0230003, 0.198242, 0.0673828, 0.0200353, 0.200195, 0.0673828, 0.0140148, 0.202148, 0.0673828, 0.00585724, 0.204102, 0.0673828, -0.00319306, 0.206055, 0.0673828, -0.0117556, 0.208008, 0.0673828, -0.0185243, 0.209961, 0.0673828, -0.0224666, 0.211914, 0.0673828, -0.0229812, 0.213867, 0.0673828, -0.0199894, 0.21582, 0.0673828, -0.0139477, 0.217773, 0.0673828, -0.00577755, 
        0.188477, 0.0693359, 0.00384882, 0.19043, 0.0693359, 0.0143902, 0.192383, 0.0693359, 0.0227372, 0.194336, 0.0693359, 0.0276165, 0.196289, 0.0693359, 0.0282839, 0.198242, 0.0693359, 0.0246377, 0.200195, 0.0693359, 0.017234, 0.202148, 0.0693359, 0.00720221, 0.204102, 0.0693359, -0.00392739, 0.206055, 0.0693359, -0.0144572, 0.208008, 0.0693359, -0.022781, 0.209961, 0.0693359, -0.027629, 0.211914, 0.0693359, -0.0282618, 0.213867, 0.0693359, -0.0245828, 0.21582, 0.0693359, -0.0171531, 0.217773, 0.0693359, -0.00710592, 
        0.188477, 0.0712891, 0.00398091, 0.19043, 0.0712891, 0.0148838, 0.192383, 0.0712891, 0.0235169, 0.194336, 0.0712891, 0.0285635, 0.196289, 0.0712891, 0.0292539, 0.198242, 0.0712891, 0.0254826, 0.200195, 0.0712891, 0.0178251, 0.202148, 0.0712891, 0.00744933, 0.204102, 0.0712891, -0.00406187, 0.206055, 0.0712891, -0.0149527, 0.208008, 0.0712891, -0.0235619, 0.209961, 0.0712891, -0.0285762, 0.211914, 0.0712891, -0.0292307, 0.213867, 0.0712891, -0.0254255, 0.21582, 0.0712891, -0.017741, 0.217773, 0.0712891, -0.00734933, 
        0.188477, 0.0732422, 0.00350633, 0.19043, 0.0732422, 0.0131076, 0.192383, 0.0732422, 0.0207101, 0.194336, 0.0732422, 0.0251543, 0.196289, 0.0732422, 0.0257623, 0.198242, 0.0732422, 0.0224413, 0.200195, 0.0732422, 0.015698, 0.202148, 0.0732422, 0.00656096, 0.204102, 0.0732422, -0.00357596, 0.206055, 0.0732422, -0.0131666, 0.208008, 0.0732422, -0.020748, 0.209961, 0.0732422, -0.0251636, 0.211914, 0.0732422, -0.0257398, 0.213867, 0.0732422, -0.0223889, 0.21582, 0.0732422, -0.0156217, 0.217773, 0.0732422, -0.00647058, 
        0.188477, 0.0751953, 0.00249752, 0.19043, 0.0751953, 0.00933274, 0.192383, 0.0751953, 0.014745, 0.194336, 0.0751953, 0.0179089, 0.196289, 0.0751953, 0.0183418, 0.198242, 0.0751953, 0.0159777, 0.200195, 0.0751953, 0.0111772, 0.202148, 0.0751953, 0.00467265, 0.204102, 0.0751953, -0.00254371, 0.206055, 0.0751953, -0.00937117, 0.208008, 0.0751953, -0.0147682, 0.209961, 0.0751953, -0.0179116, 0.211914, 0.0751953, -0.0183217, 0.213867, 0.0751953, -0.0159361, 0.21582, 0.0751953, -0.0111184, 0.217773, 0.0751953, -0.00460363, 
        0.188477, 0.0771484, 0.00110839, 0.19043, 0.0771484, 0.00413494, 0.192383, 0.0771484, 0.00653147, 0.194336, 0.0771484, 0.00793247, 0.196289, 0.0771484, 0.00812428, 0.198242, 0.0771484, 0.00707768, 0.200195, 0.0771484, 0.00495234, 0.202148, 0.0771484, 0.0020725, 0.204102, 0.0771484, -0.00112251, 0.206055, 0.0771484, -0.00414532, 0.208008, 0.0771484, -0.00653478, 0.209961, 0.0771484, -0.00792636, 0.211914, 0.0771484, -0.00810776, 0.213867, 0.0771484, -0.00705126, 0.21582, 0.0771484, -0.00491795, 0.217773, 0.0771484, -0.00203316, 
        0.188477, 0.0791016, -0.000449119, 0.19043, 0.0791016, -0.00169285, 0.192383, 0.0791016, -0.0026776, 0.194336, 0.0791016, -0.00325313, 0.196289, 0.0791016, -0.00333161, 0.198242, 0.0791016, -0.00290102, 0.200195, 0.0791016, -0.002027, 0.202148, 0.0791016, -0.000842821, 0.204102, 0.0791016, 0.000470919, 0.206055, 0.0791016, 0.00171389, 0.208008, 0.0791016, 0.00269655, 0.209961, 0.0791016, 0.00326905, 0.211914, 0.0791016, 0.00334413, 0.213867, 0.0791016, 0.00291038, 0.21582, 0.0791016, 0.00203403, 0.217773, 0.0791016, 0.000848817, 
        0.188477, 0.0810547, -0.00193739, 0.19043, 0.0810547, -0.00726166, 0.192383, 0.0810547, -0.0114774, 0.194336, 0.0810547, -0.0139417, 0.196289, 0.0810547, -0.0142784, 0.198242, 0.0810547, -0.0124363, 0.200195, 0.0810547, -0.00869616, 0.202148, 0.0810547, -0.00362855, 0.204102, 0.0810547, 0.00199359, 0.206055, 0.0810547, 0.00731281, 0.208008, 0.0810547, 0.0115177, 0.209961, 0.0810547, 0.0139671, 0.211914, 0.0810547, 0.0142872, 0.213867, 0.0810547, 0.0124294, 0.21582, 0.0810547, 0.00867717, 0.217773, 0.0810547, 0.0036028, 
        0.188477, 0.0830078, -0.00312936, 0.19043, 0.0830078, -0.011722, 0.192383, 0.0830078, -0.0185257, 0.194336, 0.0830078, -0.0225027, 0.196289, 0.0830078, -0.0230463, 0.198242, 0.0830078, -0.0200735, 0.200195, 0.0830078, -0.0140378, 0.202148, 0.0830078, -0.00585971, 0.204102, 0.0830078, 0.00321332, 0.206055, 0.0830078, 0.0117975, 0.208008, 0.0830078, 0.0185833, 0.209961, 0.0830078, 0.0225359, 0.211914, 0.0830078, 0.0230524, 0.213867, 0.0830078, 0.020054, 0.21582, 0.0830078, 0.0139982, 0.217773, 0.0830078, 0.00580881, 
        0.188477, 0.0849609, -0.00384315, 0.19043, 0.0849609, -0.0143934, 0.192383, 0.0849609, -0.0227472, 0.194336, 0.0849609, -0.0276303, 0.196289, 0.0849609, -0.0282978, 0.198242, 0.0849609, -0.0246479, 0.200195, 0.0849609, -0.0172371, 0.202148, 0.0849609, -0.00719588, 0.204102, 0.0849609, 0.00394414, 0.206055, 0.0849609, 0.0144839, 0.208008, 0.0849609, 0.0228157, 0.209961, 0.0849609, 0.0276687, 0.211914, 0.0849609, 0.0283027, 0.213867, 0.0849609, 0.0246212, 0.21582, 0.0849609, 0.0171857, 0.217773, 0.0849609, 0.00713047, 
        0.188477, 0.0869141, -0.00396984, 0.19043, 0.0869141, -0.0148684, 0.192383, 0.0869141, -0.023498, 0.194336, 0.0869141, -0.0285423, 0.196289, 0.0869141, -0.0292319, 0.198242, 0.0869141, -0.0254614, 0.200195, 0.0869141, -0.0178059, 0.202148, 0.0869141, -0.00743318, 0.204102, 0.0869141, 0.00407464, 0.206055, 0.0869141, 0.0149624, 0.208008, 0.0869141, 0.0235693, 0.209961, 0.0869141, 0.0285825, 0.211914, 0.0869141, 0.0292375, 0.213867, 0.0869141, 0.0254344, 0.21582, 0.0869141, 0.0177535, 0.217773, 0.0869141, 0.00736628, 
        0.188477, 0.0888672, -0.00349004, 0.19043, 0.0888672, -0.0130745, 0.192383, 0.0888672, -0.0206635, 0.194336, 0.0888672, -0.0250995, 0.196289, 0.0888672, -0.0257058, 0.198242, 0.0888672, -0.0223899, 0.200195, 0.0888672, -0.0156574, 0.202148, 0.0888672, -0.00653533, 0.204102, 0.0888672, 0.00358502, 0.206055, 0.0888672, 0.01316, 0.208008, 0.0888672, 0.0207292, 0.209961, 0.0888672, 0.0251381, 0.211914, 0.0888672, 0.0257142, 0.213867, 0.0888672, 0.0223698, 0.21582, 0.0888672, 0.0156151, 0.217773, 0.0888672, 0.0064804, 
