{
    "level": 1,
    "idx": {"x": 7, "y": 22},
    "dim": {"x": 8, "y": 8},
    "offset": {"x": 0.110352, "y": 0.344727},
    "cellSize": {"x": 0.00195312, "y": 0.00195312},
    "vertices": [
        0.110352, 0.344727, 0.00169786, 0.112305, 0.344727, 0.00168327, 0.114258, 0.344727, 0.00166304, 0.116211, 0.344727, 0.00163755, 0.118164, 0.344727, 0.00160734, 0.120117, 0.344727, 0.00157313, 0.12207, 0.344727, 0.00153575, 0.124023, 0.344727, 0.00149614, 
        0.110352, 0.34668, 0.00266723, 0.112305, 0.34668, 0.00263265, 0.114258, 0.34668, 0.00256479, 0.116211, 0.34668, 0.00246569, 0.118164, 0.34668, 0.00233852, 0.120117, 0.34668, 0.00218755, 0.12207, 0.34668, 0.00201789, 0.124023, 0.34668, 0.00183538, 
        0.110352, 0.348633, 0.00360173, 0.112305, 0.348633, 0.00354792, 0.114258, 0.348633, 0.00343442, 0.116211, 0.348633, 0.00326485, 0.118164, 0.348633, 0.00304493, 0.120117, 0.348633, 0.00278228, 0.12207, 0.348633, 0.00248612, 0.124023, 0.348633, 0.00216694, 
        0.110352, 0.350586, 0.00447436, 0.112305, 0.350586, 0.00440265, 0.114258, 0.350586, 0.00424708, 0.116211, 0.350586, 0.00401272, 0.118164, 0.350586, 0.00370761, 0.120117, 0.350586, 0.00334246, 0.12207, 0.350586, 0.00293023, 0.124023, 0.350586, 0.00248567, 
        0.110352, 0.352539, 0.00526041, 0.112305, 0.352539, 0.00517264, 0.114258, 0.352539, 0.00498002, 0.116211, 0.352539, 0.00468886, 0.118164, 0.352539, 0.00430923, 0.120117, 0.352539, 0.00385449, 0.12207, 0.352539, 0.00334089, 0.124023, 0.352539, 0.00278684, 
        0.110352, 0.354492, 0.00593841, 0.112305, 0.354492, 0.00583689, 0.114258, 0.354492, 0.00561348, 0.116211, 0.354492, 0.00527553, 0.118164, 0.354492, 0.00483471, 0.120117, 0.354492, 0.00430656, 0.12207, 0.354492, 0.00370995, 0.124023, 0.354492, 0.0030663, 
        0.110352, 0.356445, 0.0064909, 0.112305, 0.356445, 0.00637831, 0.114258, 0.356445, 0.00613142, 0.116211, 0.356445, 0.00575829, 0.118164, 0.356445, 0.00527178, 0.120117, 0.356445, 0.00468903, 0.12207, 0.356445, 0.00403079, 0.124023, 0.356445, 0.00332067, 
        0.110352, 0.358398, 0.00690517, 0.112305, 0.358398, 0.00678447, 0.114258, 0.358398, 0.00652211, 0.116211, 0.358398, 0.00612661, 0.118164, 0.358398, 0.0056115, 0.120117, 0.358398, 0.00499484, 0.12207, 0.358398, 0.00429852, 0.124023, 0.358398, 0.00354739
    ]
}
