{
    "level": 1,
    "idx": {"x": 7, "y": 57},
    "dim": {"x": 8, "y": 8},
    "offset": {"x": 0.110352, "y": 0.891602},
    "cellSize": {"x": 0.00195312, "y": 0.00195312},
    "vertices": [
        0.110352, 0.891602, -0.00959251, 0.112305, 0.891602, -0.00939278, 0.114258, 0.891602, -0.00904514, 0.116211, 0.891602, -0.00855823, 0.118164, 0.891602, -0.00794574, 0.120117, 0.891602, -0.00722593, 0.12207, 0.891602, -0.00642093, 0.124023, 0.891602, -0.00555588, 
        0.110352, 0.893555, -0.00956453, 0.112305, 0.893555, -0.0093655, 0.114258, 0.893555, -0.00902351, 0.116211, 0.893555, -0.00854691, 0.118164, 0.893555, -0.00794888, 0.120117, 0.893555, -0.00724705, 0.12207, 0.893555, -0.00646274, 0.124023, 0.893555, -0.00562019, 
        0.110352, 0.895508, -0.00939049, 0.112305, 0.895508, -0.00919527, 0.114258, 0.895508, -0.00886726, 0.116211, 0.895508, -0.00841417, 0.118164, 0.895508, -0.00784822, 0.120117, 0.895508, -0.00718569, 0.12207, 0.895508, -0.00644631, 0.124023, 0.895508, -0.00565247, 
        0.110352, 0.897461, -0.00908078, 0.112305, 0.897461, -0.00889225, 0.114258, 0.897461, -0.00858592, 0.116211, 0.897461, -0.00816857, 0.118164, 0.897461, -0.00765098, 0.120117, 0.897461, -0.00704747, 0.12207, 0.897461, -0.00637542, 0.124023, 0.897461, -0.00565455, 
        0.110352, 0.899414, -0.0086507, 0.112305, 0.899414, -0.00847143, 0.114258, 0.899414, -0.00819357, 0.116211, 0.899414, -0.00782273, 0.118164, 0.899414, -0.00736783, 0.120117, 0.899414, -0.00684071, 0.12207, 0.899414, -0.00625572, 0.124023, 0.899414, -0.00562915, 
        0.110352, 0.901367, -0.00811987, 0.112305, 0.901367, -0.00795201, 0.114258, 0.901367, -0.00770824, 0.116211, 0.901367, -0.00739282, 0.118164, 0.901367, -0.00701246, 0.120117, 0.901367, -0.00657607, 0.12207, 0.901367, -0.00609444, 0.124023, 0.901367, -0.00557979, 
        0.110352, 0.90332, -0.00751148, 0.112305, 0.90332, -0.00735667, 0.114258, 0.90332, -0.00715126, 0.116211, 0.90332, -0.00689797, 0.118164, 0.90332, -0.00660107, 0.120117, 0.90332, -0.00626619, 0.12207, 0.90332, -0.00590014, 0.124023, 0.90332, -0.00551066, 
        0.110352, 0.905273, -0.00685138, 0.112305, 0.905273, -0.00671073, 0.114258, 0.905273, -0.0065464, 0.116211, 0.905273, -0.0063595, 0.118164, 0.905273, -0.00615169, 0.120117, 0.905273, -0.00592513, 0.12207, 0.905273, -0.00568241, 0.124023, 0.905273, -0.00542643
    ]
}
