{
    "level": 1,
    "idx": {"x": 7, "y": 3},
    "dim": {"x": 16, "y": 16},
    "offset": {"x": 0.219727, "y": 0.0947266},
    "cellSize": {"x": 0.00195312, "y": 0.00195312},
    "vertices": [
        0.219727, 0.0947266, 0.000503694, 0.22168, 0.0947266, 0.00177915, 0.223633, 0.0947266, 0.0027859, 0.225586, 0.0947266, 0.00337051, 0.227539, 0.0947266, 0.00344392, 0.229492, 0.0947266, 0.00299506, 0.231445, 0.0947266, 0.00209254, 0.233398, 0.0947266, 0.000874154, 0.235352, 0.0947266, -0.000474111, 0.237305, 0.0947266, -0.00174644, 0.239258, 0.0947266, -0.00274862, 0.241211, 0.0947266, -0.00332761, 0.243164, 0.0947266, -0.00339494, 0.245117, 0.0947266, -0.00294017, 0.24707, 0.0947266, -0.00203248, 0.249023, 0.0947266, -0.000810172, 
        0.219727, 0.0966797, 0.00205907, 0.22168, 0.0966797, 0.00740236, 0.223633, 0.0966797, 0.0116194, 0.225586, 0.0966797, 0.0140671, 0.227539, 0.0966797, 0.0143721, 0.229492, 0.0966797, 0.0124882, 0.231445, 0.0966797, 0.00870276, 0.233398, 0.0966797, 0.00359341, 0.235352, 0.0966797, -0.00206039, 0.237305, 0.0966797, -0.00739607, 0.239258, 0.0966797, -0.0115995, 0.241211, 0.0966797, -0.0140295, 0.243164, 0.0966797, -0.0143152, 0.245117, 0.0966797, -0.0124127, 0.24707, 0.0966797, -0.00861212, 0.249023, 0.0966797, -0.00349301, 
        0.219727, 0.0986328, 0.00330314, 0.22168, 0.0986328, 0.0118994, 0.223633, 0.0986328, 0.0186836, 0.225586, 0.0986328, 0.0226211, 0.227539, 0.0986328, 0.0231114, 0.229492, 0.0986328, 0.0200799, 0.231445, 0.0986328, 0.0139891, 0.233398, 0.0986328, 0.0057683, 0.235352, 0.0986328, -0.00332849, 0.237305, 0.0986328, -0.0119135, 0.239258, 0.0986328, -0.0186769, 0.241211, 0.0986328, -0.0225871, 0.243164, 0.0986328, -0.0230472, 0.245117, 0.0986328, -0.0199871, 0.24707, 0.0986328, -0.0138731, 0.249023, 0.0986328, -0.00563786, 
        0.219727, 0.100586, 0.00404631, 0.22168, 0.100586, 0.0145844, 0.223633, 0.100586, 0.0229011, 0.225586, 0.100586, 0.027728, 0.227539, 0.100586, 0.0283289, 0.229492, 0.100586, 0.0246124, 0.231445, 0.100586, 0.0171455, 0.233398, 0.100586, 0.00706731, 0.235352, 0.100586, -0.00408471, 0.237305, 0.100586, -0.0146093, 0.239258, 0.100586, -0.0229009, 0.241211, 0.100586, -0.0276945, 0.243164, 0.100586, -0.0282589, 0.245117, 0.100586, -0.0245076, 0.24707, 0.100586, -0.0170127, 0.249023, 0.100586, -0.0069172, 
        0.219727, 0.102539, 0.00417543, 0.22168, 0.102539, 0.015048, 0.223633, 0.102539, 0.0236288, 0.225586, 0.102539, 0.028609, 0.227539, 0.102539, 0.029229, 0.229492, 0.102539, 0.0253945, 0.231445, 0.102539, 0.0176906, 0.233398, 0.102539, 0.00729256, 0.235352, 0.102539, -0.00421344, 0.237305, 0.102539, -0.0150721, 0.239258, 0.102539, -0.0236268, 0.241211, 0.102539, -0.0285726, 0.243164, 0.102539, -0.0291548, 0.245117, 0.102539, -0.0252845, 0.24707, 0.102539, -0.0175515, 0.249023, 0.102539, -0.00713553, 
        0.219727, 0.104492, 0.00367099, 0.22168, 0.104492, 0.0132199, 0.223633, 0.104492, 0.020756, 0.225586, 0.104492, 0.0251299, 0.227539, 0.104492, 0.0256746, 0.229492, 0.104492, 0.0223073, 0.231445, 0.104492, 0.0155416, 0.233398, 0.104492, 0.00640996, 0.235352, 0.104492, -0.00369475, 0.237305, 0.104492, -0.0132309, 0.239258, 0.104492, -0.0207437, 0.241211, 0.104492, -0.0250871, 0.243164, 0.104492, -0.0255981, 0.245117, 0.104492, -0.0221987, 0.24707, 0.104492, -0.0154071, 0.249023, 0.104492, -0.00625918, 
        0.219727, 0.106445, 0.00261016, 0.22168, 0.106445, 0.00937891, 0.223633, 0.106445, 0.014721, 0.225586, 0.106445, 0.0178217, 0.227539, 0.106445, 0.0182082, 0.229492, 0.106445, 0.0158218, 0.231445, 0.106445, 0.0110267, 0.233398, 0.106445, 0.00455444, 0.235352, 0.106445, -0.00260747, 0.237305, 0.106445, -0.00936637, 0.239258, 0.106445, -0.0146911, 0.241211, 0.106445, -0.0177692, 0.243164, 0.106445, -0.0181309, 0.245117, 0.106445, -0.0157208, 0.24707, 0.106445, -0.0109062, 0.249023, 0.106445, -0.00442141, 
        0.219727, 0.108398, 0.00115498, 0.22168, 0.108398, 0.00411131, 0.223633, 0.108398, 0.0064447, 0.225586, 0.108398, 0.00779939, 0.227539, 0.108398, 0.00796894, 0.229492, 0.108398, 0.00692768, 0.231445, 0.108398, 0.00483465, 0.233398, 0.108398, 0.00200933, 0.235352, 0.108398, -0.00111711, 0.237305, 0.108398, -0.00406755, 0.239258, 0.108398, -0.00639169, 0.241211, 0.108398, -0.00773479, 0.243164, 0.108398, -0.00789173, 0.245117, 0.108398, -0.0068383, 0.24707, 0.108398, -0.0047349, 0.249023, 0.108398, -0.00190212, 
        0.219727, 0.110352, -0.000472349, 0.22168, 0.110352, -0.00177921, 0.223633, 0.110352, -0.00281025, 0.225586, 0.110352, -0.00340802, 0.227539, 0.110352, -0.00348111, 0.229492, 0.110352, -0.00301818, 0.231445, 0.110352, -0.00208961, 0.233398, 0.110352, -0.000836824, 0.235352, 0.110352, 0.000549332, 0.237305, 0.110352, 0.00185766, 0.239258, 0.110352, 0.00288884, 0.241211, 0.110352, 0.00348585, 0.243164, 0.110352, 0.00355789, 0.245117, 0.110352, 0.00309425, 0.24707, 0.110352, 0.00216594, 0.249023, 0.110352, 0.000914866, 
        0.219727, 0.112305, -0.00202334, 0.22168, 0.112305, -0.00739384, 0.223633, 0.112305, -0.0116318, 0.225586, 0.112305, -0.0140907, 0.227539, 0.112305, -0.014395, 0.229492, 0.112305, -0.0124983, 0.231445, 0.112305, -0.00868956, 0.233398, 0.112305, -0.00354954, 0.235352, 0.112305, 0.00213802, 0.237305, 0.112305, 0.00750579, 0.239258, 0.112305, 0.0117353, 0.241211, 0.112305, 0.0141816, 0.243164, 0.112305, 0.0144719, 0.245117, 0.112305, 0.0125622, 0.24707, 0.112305, 0.0087441, 0.249023, 0.112305, 0.00360033, 
        0.219727, 0.114258, -0.00326115, 0.22168, 0.114258, -0.0118759, 0.223633, 0.114258, -0.0186742, 0.225586, 0.114258, -0.0226188, 0.227539, 0.114258, -0.0231078, 0.229492, 0.114258, -0.0200664, 0.231445, 0.114258, -0.0139581, 0.233398, 0.114258, -0.00571466, 0.235352, 0.114258, 0.00340701, 0.237305, 0.114258, 0.0120157, 0.239258, 0.114258, 0.0187986, 0.241211, 0.114258, 0.0227214, 0.243164, 0.114258, 0.023186, 0.245117, 0.114258, 0.0201219, 0.24707, 0.114258, 0.0139967, 0.249023, 0.114258, 0.00574515, 
        0.219727, 0.116211, -0.00399668, 0.22168, 0.116211, -0.0145414, 0.223633, 0.116211, -0.0228628, 0.225586, 0.116211, -0.0276913, 0.227539, 0.116211, -0.0282901, 0.229492, 0.116211, -0.0245676, 0.231445, 0.116211, -0.0170914, 0.233398, 0.116211, -0.00700156, 0.235352, 0.116211, 0.00416313, 0.237305, 0.116211, 0.0147, 0.239258, 0.116211, 0.023002, 0.241211, 0.116211, 0.0278032, 0.243164, 0.116211, 0.0283715, 0.245117, 0.116211, 0.0246207, 0.24707, 0.116211, 0.017123, 0.249023, 0.116211, 0.00702271, 
        0.219727, 0.118164, -0.00411743, 0.22168, 0.118164, -0.0149835, 0.223633, 0.118164, -0.0235585, 0.225586, 0.118164, -0.028534, 0.227539, 0.118164, -0.029151, 0.229492, 0.118164, -0.025315, 0.231445, 0.118164, -0.0176109, 0.233398, 0.118164, -0.00721353, 0.235352, 0.118164, 0.00429148, 0.237305, 0.118164, 0.0151495, 0.239258, 0.118164, 0.0237046, 0.241211, 0.118164, 0.0286522, 0.243164, 0.118164, 0.0292379, 0.245117, 0.118164, 0.0253728, 0.24707, 0.118164, 0.0176467, 0.249023, 0.118164, 0.0072387, 
        0.219727, 0.120117, -0.00360468, 0.22168, 0.120117, -0.0131344, 0.223633, 0.120117, -0.0206546, 0.225586, 0.120117, -0.0250181, 0.227539, 0.120117, -0.0255589, 0.229492, 0.120117, -0.0221942, 0.231445, 0.120117, -0.0154371, 0.233398, 0.120117, -0.00631779, 0.235352, 0.120117, 0.00377293, 0.237305, 0.120117, 0.0132962, 0.239258, 0.120117, 0.0207998, 0.241211, 0.120117, 0.0251394, 0.243164, 0.120117, 0.0256536, 0.245117, 0.120117, 0.0222642, 0.24707, 0.120117, 0.0154886, 0.249023, 0.120117, 0.00636076, 
        0.219727, 0.12207, -0.00253629, 0.22168, 0.12207, -0.00927571, 0.223633, 0.12207, -0.0145939, 0.225586, 0.12207, -0.0176794, 0.227539, 0.12207, -0.0180612, 0.229492, 0.12207, -0.0156808, 0.231445, 0.12207, -0.010901, 0.233398, 0.12207, -0.00445054, 0.235352, 0.12207, 0.00268705, 0.237305, 0.12207, 0.00942334, 0.239258, 0.12207, 0.0147312, 0.241211, 0.12207, 0.0178013, 0.243164, 0.12207, 0.0181658, 0.245117, 0.12207, 0.0157695, 0.24707, 0.12207, 0.0109783, 0.249023, 0.12207, 0.00452345, 
