{
    "level": 1,
    "idx": {"x": 7, "y": 6},
    "dim": {"x": 16, "y": 16},
    "offset": {"x": 0.219727, "y": 0.188477},
    "cellSize": {"x": 0.00195312, "y": 0.00195312},
    "vertices": [
        0.219727, 0.188477, 0.000814143, 0.22168, 0.188477, 0.00230026, 0.223633, 0.188477, 0.00347589, 0.225586, 0.188477, 0.00416349, 0.227539, 0.188477, 0.00426004, 0.229492, 0.188477, 0.00375276, 0.231445, 0.188477, 0.00272101, 0.233398, 0.188477, 0.00132427, 0.235352, 0.188477, -0.000222294, 0.237305, 0.188477, -0.00168054, 0.239258, 0.188477, -0.00282572, 0.241211, 0.188477, -0.0034808, 0.243164, 0.188477, -0.00354338, 0.245117, 0.188477, -0.00300138, 0.24707, 0.188477, -0.00193483, 0.249023, 0.188477, -0.000503732, 
        0.219727, 0.19043, 0.00237146, 0.22168, 0.19043, 0.00790098, 0.223633, 0.19043, 0.0122677, 0.225586, 0.19043, 0.0148075, 0.227539, 0.19043, 0.0151349, 0.229492, 0.19043, 0.0132019, 0.231445, 0.19043, 0.00930558, 0.233398, 0.19043, 0.00404238, 0.235352, 0.19043, -0.00178265, 0.237305, 0.19043, -0.00727861, 0.239258, 0.19043, -0.0116048, 0.241211, 0.19043, -0.0140987, 0.243164, 0.19043, -0.0143775, 0.245117, 0.19043, -0.0123959, 0.24707, 0.19043, -0.00845341, 0.249023, 0.19043, -0.00314858, 
        0.219727, 0.192383, 0.00360774, 0.22168, 0.192383, 0.012339, 0.223633, 0.192383, 0.0192327, 0.225586, 0.192383, 0.0232393, 0.227539, 0.192383, 0.0237495, 0.229492, 0.192383, 0.0206879, 0.231445, 0.192383, 0.0145234, 0.233398, 0.192383, 0.0061989, 0.235352, 0.192383, -0.0030137, 0.237305, 0.192383, -0.0117066, 0.239258, 0.192383, -0.0185513, 0.241211, 0.192383, -0.0225011, 0.243164, 0.192383, -0.0229509, 0.245117, 0.192383, -0.0198292, 0.24707, 0.192383, -0.0136092, 0.249023, 0.192383, -0.00523689, 
        0.219727, 0.194336, 0.00433642, 0.22168, 0.194336, 0.0149396, 0.223633, 0.194336, 0.0233107, 0.225586, 0.194336, 0.0281749, 0.227539, 0.194336, 0.0287924, 0.229492, 0.194336, 0.0250713, 0.231445, 0.194336, 0.0175814, 0.233398, 0.194336, 0.00746764, 0.235352, 0.194336, -0.00372483, 0.237305, 0.194336, -0.0142862, 0.239258, 0.194336, -0.0226027, 0.241211, 0.194336, -0.0274032, 0.243164, 0.194336, -0.0279525, 0.245117, 0.194336, -0.0241639, 0.24707, 0.194336, -0.0166122, 0.249023, 0.194336, -0.00644634, 
        0.219727, 0.196289, 0.00444847, 0.22168, 0.196289, 0.0153082, 0.223633, 0.196289, 0.0238819, 0.225586, 0.196289, 0.028864, 0.227539, 0.196289, 0.0294968, 0.229492, 0.196289, 0.0256861, 0.231445, 0.196289, 0.0180156, 0.233398, 0.196289, 0.00765791, 0.235352, 0.196289, -0.00380459, 0.237305, 0.196289, -0.0146207, 0.239258, 0.196289, -0.0231377, 0.241211, 0.196289, -0.0280538, 0.243164, 0.196289, -0.0286159, 0.245117, 0.196289, -0.0247353, 0.24707, 0.196289, -0.0170006, 0.249023, 0.196289, -0.00658849, 
        0.219727, 0.198242, 0.00392899, 0.22168, 0.198242, 0.0133909, 0.223633, 0.198242, 0.0208617, 0.225586, 0.198242, 0.025204, 0.227539, 0.198242, 0.0257579, 0.229492, 0.198242, 0.0224414, 0.231445, 0.198242, 0.0157628, 0.233398, 0.198242, 0.00674366, 0.235352, 0.198242, -0.00323773, 0.237305, 0.198242, -0.012656, 0.239258, 0.198242, -0.0200715, 0.241211, 0.198242, -0.0243501, 0.243164, 0.198242, -0.0248362, 0.245117, 0.198242, -0.0214522, 0.24707, 0.198242, -0.0147111, 0.249023, 0.198242, -0.00563756, 
        0.219727, 0.200195, 0.00285951, 0.22168, 0.200195, 0.00948252, 0.223633, 0.200195, 0.0147131, 0.225586, 0.200195, 0.0177556, 0.227539, 0.200195, 0.0181487, 0.229492, 0.200195, 0.0158348, 0.231445, 0.200195, 0.0111696, 0.233398, 0.200195, 0.00486744, 0.235352, 0.200195, -0.00210747, 0.237305, 0.200195, -0.00868826, 0.239258, 0.200195, -0.013868, 0.241211, 0.200195, -0.0168536, 0.243164, 0.200195, -0.0171862, 0.245117, 0.200195, -0.0148117, 0.24707, 0.200195, -0.0100888, 0.249023, 0.200195, -0.00373428, 
        0.219727, 0.202148, 0.00140554, 0.22168, 0.202148, 0.00418176, 0.223633, 0.202148, 0.00637664, 0.225586, 0.202148, 0.00765788, 0.227539, 0.202148, 0.00783266, 0.229492, 0.202148, 0.00687703, 0.231445, 0.202148, 0.00493955, 0.233398, 0.202148, 0.00231866, 0.235352, 0.202148, -0.000582857, 0.237305, 0.202148, -0.00331931, 0.239258, 0.202148, -0.00547007, 0.241211, 0.202148, -0.00670374, 0.243164, 0.202148, -0.00682871, 0.245117, 0.202148, -0.00582234, 0.24707, 0.202148, -0.00383446, 0.249023, 0.202148, -0.00116452, 
        0.219727, 0.204102, -0.000208646, 0.22168, 0.204102, -0.00170023, 0.223633, 0.204102, -0.00287326, 0.225586, 0.204102, -0.00354616, 0.227539, 0.204102, -0.00361356, 0.229492, 0.204102, -0.00306234, 0.231445, 0.204102, -0.00197365, 0.233398, 0.204102, -0.00051052, 0.235352, 0.204102, 0.00110704, 0.237305, 0.204102, 0.00263555, 0.239258, 0.204102, 0.00384523, 0.241211, 0.204102, 0.00455505, 0.243164, 0.204102, 0.00466035, 0.245117, 0.204102, 0.0041488, 0.24707, 0.204102, 0.00310227, 0.249023, 0.204102, 0.00168439, 
        0.219727, 0.206055, -0.00173425, 0.22168, 0.206055, -0.00726359, 0.223633, 0.206055, -0.011623, 0.225586, 0.206055, -0.0141446, 0.227539, 0.206055, -0.0144411, 0.229492, 0.206055, -0.0124641, 0.231445, 0.206055, -0.00851225, 0.233398, 0.206055, -0.00318509, 0.235352, 0.206055, 0.00270812, 0.237305, 0.206055, 0.00827186, 0.239258, 0.206055, 0.012661, 0.241211, 0.206055, 0.0152097, 0.243164, 0.206055, 0.0155329, 0.245117, 0.206055, 0.0135854, 0.24707, 0.206055, 0.00966807, 0.249023, 0.206055, 0.00438277, 
        0.219727, 0.208008, -0.00293587, 0.22168, 0.208008, -0.0116569, 0.223633, 0.208008, -0.0185348, 0.225586, 0.208008, -0.0225178, 0.227539, 0.208008, -0.0229951, 0.229492, 0.208008, -0.0198908, 0.231445, 0.208008, -0.0136754, 0.233398, 0.208008, -0.00529343, 0.235352, 0.208008, 0.00397995, 0.237305, 0.208008, 0.0127338, 0.239258, 0.208008, 0.0196366, 0.241211, 0.208008, 0.0236392, 0.243164, 0.208008, 0.024135, 0.245117, 0.208008, 0.0210526, 0.24707, 0.208008, 0.0148662, 0.249023, 0.208008, 0.00652405, 
        0.219727, 0.209961, -0.00362742, 0.22168, 0.209961, -0.014207, 0.223633, 0.209961, -0.0225515, 0.225586, 0.209961, -0.0273851, 0.227539, 0.209961, -0.0279674, 0.229492, 0.209961, -0.0242061, 0.231445, 0.209961, -0.0166718, 0.233398, 0.209961, -0.00651016, 0.235352, 0.209961, 0.00473247, 0.237305, 0.209961, 0.0153449, 0.239258, 0.209961, 0.0237122, 0.241211, 0.209961, 0.0285622, 0.243164, 0.209961, 0.0291591, 0.245117, 0.209961, 0.0254162, 0.24707, 0.209961, 0.0179089, 0.249023, 0.209961, 0.00778684, 
        0.219727, 0.211914, -0.0037005, 0.22168, 0.211914, -0.014522, 0.223633, 0.211914, -0.0230572, 0.225586, 0.211914, -0.0280011, 0.227539, 0.211914, -0.0285961, 0.229492, 0.211914, -0.0247482, 0.231445, 0.211914, -0.0170407, 0.233398, 0.211914, -0.00664575, 0.235352, 0.211914, 0.004855, 0.237305, 0.211914, 0.0157111, 0.239258, 0.211914, 0.0242708, 0.241211, 0.211914, 0.0292325, 0.243164, 0.211914, 0.0298437, 0.245117, 0.211914, 0.0260158, 0.24707, 0.211914, 0.0183372, 0.249023, 0.211914, 0.00798399, 
        0.219727, 0.213867, -0.00314094, 0.22168, 0.213867, -0.0125506, 0.223633, 0.213867, -0.0199714, 0.225586, 0.213867, -0.0242681, 0.227539, 0.213867, -0.0247818, 0.229492, 0.213867, -0.0214306, 0.231445, 0.213867, -0.0147219, 0.233398, 0.213867, -0.00567542, 0.235352, 0.213867, 0.00433313, 0.237305, 0.213867, 0.0137811, 0.239258, 0.213867, 0.0212316, 0.241211, 0.213867, 0.0255526, 0.243164, 0.213867, 0.0260895, 0.245117, 0.213867, 0.0227651, 0.24707, 0.213867, 0.0160912, 0.249023, 0.213867, 0.0070911, 
        0.219727, 0.21582, -0.00203095, 0.22168, 0.21582, -0.0085903, 0.223633, 0.21582, -0.0137614, 0.225586, 0.21582, -0.0167521, 0.227539, 0.21582, -0.0171025, 0.229492, 0.21582, -0.0147554, 0.231445, 0.21582, -0.0100651, 0.233398, 0.21582, -0.00374295, 0.235352, 0.21582, 0.00325089, 0.237305, 0.21582, 0.00985386, 0.239258, 0.21582, 0.0150632, 0.241211, 0.21582, 0.0180889, 0.243164, 0.21582, 0.0184742, 0.245117, 0.21582, 0.0161653, 0.24707, 0.21582, 0.0115193, 0.249023, 0.21582, 0.00525026, 
