{
    "level": 1,
    "idx": {"x": 8, "y": 9},
    "dim": {"x": 8, "y": 8},
    "offset": {"x": 0.503906, "y": 0.566406},
    "cellSize": {"x": 0.0078125, "y": 0.0078125},
    "vertices": [
        0.503906, 0.566406, 0.264083, 0.511719, 0.566406, 0.262678, 0.519531, 0.566406, 0.233261, 0.527344, 0.566406, 0.230117, 0.535156, 0.566406, 0.252295, 0.542969, 0.566406, 0.245629, 0.550781, 0.566406, 0.211873, 0.558594, 0.566406, 0.205337, 
        0.503906, 0.574219, 0.251727, 0.511719, 0.574219, 0.250394, 0.519531, 0.574219, 0.223936, 0.527344, 0.574219, 0.220898, 0.535156, 0.574219, 0.240434, 0.542969, 0.574219, 0.23411, 0.550781, 0.574219, 0.203501, 0.558594, 0.574219, 0.197178, 
        0.503906, 0.582031, 0.214459, 0.511719, 0.582031, 0.2135, 0.519531, 0.582031, 0.238517, 0.527344, 0.582031, 0.234698, 0.535156, 0.582031, 0.203104, 0.542969, 0.582031, 0.198633, 0.550781, 0.582031, 0.219669, 0.558594, 0.582031, 0.211487, 
        0.503906, 0.589844, 0.204103, 0.511719, 0.589844, 0.203182, 0.519531, 0.589844, 0.224834, 0.527344, 0.589844, 0.221255, 0.535156, 0.589844, 0.193375, 0.542969, 0.589844, 0.189078, 0.550781, 0.589844, 0.206961, 0.558594, 0.589844, 0.199301, 
        0.503906, 0.597656, 0.217297, 0.511719, 0.597656, 0.216122, 0.519531, 0.597656, 0.186577, 0.527344, 0.597656, 0.184128, 0.535156, 0.597656, 0.207792, 0.542969, 0.597656, 0.202205, 0.550781, 0.597656, 0.169139, 0.558594, 0.597656, 0.164075, 
        0.503906, 0.605469, 0.202543, 0.511719, 0.605469, 0.201456, 0.519531, 0.605469, 0.176152, 0.527344, 0.605469, 0.173811, 0.535156, 0.605469, 0.193602, 0.542969, 0.605469, 0.188437, 0.550781, 0.605469, 0.159831, 0.558594, 0.605469, 0.154979, 
        0.503906, 0.613281, 0.164119, 0.511719, 0.613281, 0.163411, 0.519531, 0.613281, 0.189501, 0.527344, 0.613281, 0.186398, 0.535156, 0.613281, 0.155177, 0.542969, 0.613281, 0.151888, 0.550781, 0.613281, 0.174866, 0.558594, 0.613281, 0.168197, 
        0.503906, 0.621094, 0.153742, 0.511719, 0.621094, 0.153067, 0.519531, 0.621094, 0.174534, 0.527344, 0.621094, 0.171704, 0.535156, 0.621094, 0.145473, 0.542969, 0.621094, 0.142335, 0.550781, 0.621094, 0.160915, 0.558594, 0.621094, 0.154842
    ]
}
