{
    "level": 1,
    "idx": {"x": 9, "y": 37},
    "dim": {"x": 8, "y": 8},
    "offset": {"x": 0.141602, "y": 0.579102},
    "cellSize": {"x": 0.00195312, "y": 0.00195312},
    "vertices": [
        0.141602, 0.579102, 0.00151276, 0.143555, 0.579102, 0.00175139, 0.145508, 0.579102, 0.00185805, 0.147461, 0.579102, 0.00184112, 0.149414, 0.579102, 0.00171408, 0.151367, 0.579102, 0.00149493, 0.15332, 0.579102, 0.00120552, 0.155273, 0.579102, 0.000870739, 
        0.141602, 0.581055, 0.0013746, 0.143555, 0.581055, 0.00161541, 0.145508, 0.581055, 0.00172846, 0.147461, 0.581055, 0.0017219, 0.149414, 0.581055, 0.00160875, 0.151367, 0.581055, 0.00140648, 0.15332, 0.581055, 0.00113628, 0.155273, 0.581055, 0.00082225, 
        0.141602, 0.583008, 0.00110194, 0.143555, 0.583008, 0.00134762, 0.145508, 0.583008, 0.00147501, 0.147461, 0.583008, 0.00149166, 0.149414, 0.583008, 0.00140967, 0.151367, 0.583008, 0.00124527, 0.15332, 0.583008, 0.00101816, 0.155273, 0.583008, 0.00075074, 
        0.141602, 0.584961, 0.000704486, 0.143555, 0.584961, 0.00095755, 0.145508, 0.584961, 0.00110664, 0.147461, 0.584961, 0.00115842, 0.149414, 0.584961, 0.00112362, 0.151367, 0.584961, 0.00101658, 0.15332, 0.584961, 0.000854755, 0.155273, 0.584961, 0.00065798, 
        0.141602, 0.586914, 0.000196951, 0.143555, 0.586914, 0.000459567, 0.145508, 0.586914, 0.000636843, 0.147461, 0.586914, 0.0007343, 0.149414, 0.586914, 0.000760845, 0.151367, 0.586914, 0.000728413, 0.15332, 0.586914, 0.000651508, 0.155273, 0.586914, 0.000546634, 
        0.141602, 0.588867, -0.000401541, 0.143555, 0.588867, -0.000127618, 0.145508, 0.588867, 8.31902e-05, 0.147461, 0.588867, 0.000235046, 0.149414, 0.588867, 0.000334688, 0.151367, 0.588867, 0.000391166, 0.15332, 0.588867, 0.000415482, 0.155273, 0.588867, 0.000420164, 
        0.141602, 0.59082, -0.00106821, 0.143555, 0.59082, -0.000781723, 0.145508, 0.59082, -0.00053339, 0.147461, 0.59082, -0.000320576, 0.149414, 0.59082, -0.000138973, 0.151367, 0.59082, 1.72244e-05, 0.15332, 0.59082, 0.00015509, 0.155273, 0.59082, 0.000282686, 
        0.141602, 0.592773, -0.00177747, 0.143555, 0.592773, -0.00147772, 0.145508, 0.592773, -0.0011894, 0.147461, 0.592773, -0.000911494, 0.149414, 0.592773, -0.000642307, 0.151367, 0.592773, -0.000379505, 0.15332, 0.592773, -0.000120223, 0.155273, 0.592773, 0.00013882
    ]
}
