{
    "level": 1,
    "idx": {"x": 9, "y": 17},
    "dim": {"x": 8, "y": 8},
    "offset": {"x": 0.141602, "y": 0.266602},
    "cellSize": {"x": 0.00195312, "y": 0.00195312},
    "vertices": [
        0.141602, 0.266602, 0.000551281, 0.143555, 0.266602, 0.000715391, 0.145508, 0.266602, 0.000743817, 0.147461, 0.266602, 0.00064482, 0.149414, 0.266602, 0.000431737, 0.151367, 0.266602, 0.000122453, 0.15332, 0.266602, -0.000261295, 0.155273, 0.266602, -0.000694768, 
        0.141602, 0.268555, 0.000507771, 0.143555, 0.268555, 0.000671433, 0.145508, 0.268555, 0.000702802, 0.147461, 0.268555, 0.000609934, 0.149414, 0.268555, 0.000405839, 0.151367, 0.268555, 0.000107965, 0.15332, 0.268555, -0.000262484, 0.155273, 0.268555, -0.000681373, 
        0.141602, 0.270508, 0.000328828, 0.143555, 0.270508, 0.000494815, 0.145508, 0.270508, 0.00053717, 0.147461, 0.270508, 0.000463426, 0.149414, 0.270508, 0.000285753, 0.151367, 0.270508, 2.04792e-05, 0.15332, 0.270508, -0.000312552, 0.155273, 0.270508, -0.000690751, 
        0.141602, 0.272461, 2.32902e-05, 0.143555, 0.272461, 0.000194181, 0.145508, 0.272461, 0.000255041, 0.147461, 0.272461, 0.000212576, 0.149414, 0.272461, 7.76379e-05, 0.151367, 0.272461, -0.000135207, 0.15332, 0.272461, -0.000408248, 0.155273, 0.272461, -0.000721325, 
        0.141602, 0.274414, -0.000394961, 0.143555, 0.274414, -0.000216886, 0.145508, 0.274414, -0.00013083, 0.147461, 0.274414, -0.000131181, 0.149414, 0.274414, -0.000208834, 0.151367, 0.274414, -0.000351556, 0.15332, 0.274414, -0.000544464, 0.155273, 0.274414, -0.00077061, 
        0.141602, 0.276367, -0.000907537, 0.143555, 0.276367, -0.000720399, 0.145508, 0.276367, -0.000603549, 0.147461, 0.276367, -0.000552698, 0.149414, 0.276367, -0.000560849, 0.151367, 0.276367, -0.000618582, 0.15332, 0.276367, -0.000714426, 0.155273, 0.276367, -0.000835311, 
        0.141602, 0.27832, -0.00149224, 0.143555, 0.27832, -0.00129464, 0.145508, 0.27832, -0.00114272, 0.147461, 0.27832, -0.00103369, 0.149414, 0.27832, -0.000962941, 0.151367, 0.27832, -0.000924232, 0.15332, 0.27832, -0.000909962, 0.155273, 0.27832, -0.000911449, 
        0.141602, 0.280273, -0.00212394, 0.143555, 0.280273, -0.00191503, 0.145508, 0.280273, -0.00172527, 0.147461, 0.280273, -0.00155347, 0.149414, 0.280273, -0.0013976, 0.151367, 0.280273, -0.00125486, 0.15332, 0.280273, -0.00112181, 0.155273, 0.280273, -0.000994517
    ]
}
