{
    "level": 1,
    "idx": {"x": 9, "y": 7},
    "dim": {"x": 16, "y": 16},
    "offset": {"x": 0.282227, "y": 0.219727},
    "cellSize": {"x": 0.00195312, "y": 0.00195312},
    "vertices": [
        0.282227, 0.219727, 0.00249689, 0.28418, 0.219727, 0.00409613, 0.286133, 0.219727, 0.00536533, 0.288086, 0.219727, 0.006121, 0.290039, 0.219727, 0.00625823, 0.291992, 0.219727, 0.00576671, 0.293945, 0.219727, 0.00473228, 0.295898, 0.219727, 0.00332386, 0.297852, 0.219727, 0.00176767, 0.299805, 0.219727, 0.000312701, 0.301758, 0.219727, -0.000807176, 0.303711, 0.219727, -0.001409, 0.305664, 0.219727, -0.00138853, 0.307617, 0.219727, -0.000736221, 0.30957, 0.219727, 0.000461388, 0.311523, 0.219727, 0.00203485, 
        0.282227, 0.22168, 0.00425496, 0.28418, 0.22168, 0.00987359, 0.286133, 0.22168, 0.0142942, 0.288086, 0.22168, 0.016853, 0.290039, 0.22168, 0.0171706, 0.291992, 0.22168, 0.0152096, 0.293945, 0.22168, 0.0112804, 0.295898, 0.22168, 0.00599415, 0.297852, 0.22168, 0.000168958, 0.299805, 0.22168, -0.00529449, 0.301758, 0.22168, -0.00955029, 0.303711, 0.22168, -0.0119366, 0.305664, 0.22168, -0.0120765, 0.307617, 0.22168, -0.00993536, 0.30957, 0.22168, -0.00582623, 0.311523, 0.22168, -0.000362054, 
        0.282227, 0.223633, 0.00566318, 0.28418, 0.223633, 0.0144546, 0.286133, 0.223633, 0.0213629, 0.288086, 0.223633, 0.0253456, 0.290039, 0.223633, 0.0258063, 0.291992, 0.223633, 0.0226863, 0.293945, 0.223633, 0.0164735, 0.295898, 0.223633, 0.00812771, 0.297852, 0.223633, -0.00106566, 0.299805, 0.223633, -0.00969168, 0.301758, 0.223633, -0.0164214, 0.303711, 0.223633, -0.0202152, 0.305664, 0.223633, -0.0204807, 0.307617, 0.223633, -0.0171636, 0.30957, 0.223633, -0.0107558, 0.311523, 0.223633, -0.00222008, 
        0.282227, 0.225586, 0.00652004, 0.28418, 0.225586, 0.0171541, 0.286133, 0.225586, 0.0255076, 0.288086, 0.225586, 0.030318, 0.290039, 0.225586, 0.0308632, 0.291992, 0.225586, 0.0270722, 0.293945, 0.225586, 0.0195357, 0.295898, 0.225586, 0.00941591, 0.297852, 0.225586, -0.00173051, 0.299805, 0.225586, -0.0121902, 0.301758, 0.225586, -0.0203539, 0.303711, 0.225586, -0.0249627, 0.305664, 0.225586, -0.0252993, 0.307617, 0.225586, -0.021298, 0.30957, 0.225586, -0.0135543, 0.311523, 0.225586, -0.00323429, 
        0.282227, 0.227539, 0.00670865, 0.28418, 0.227539, 0.0175746, 0.286133, 0.227539, 0.0261107, 0.288086, 0.227539, 0.031027, 0.290039, 0.227539, 0.0315857, 0.291992, 0.227539, 0.0277145, 0.293945, 0.227539, 0.0200166, 0.295898, 0.227539, 0.00967966, 0.297852, 0.227539, -0.00170617, 0.299805, 0.227539, -0.0123904, 0.301758, 0.227539, -0.0207288, 0.303711, 0.227539, -0.0254353, 0.305664, 0.227539, -0.0257771, 0.307617, 0.227539, -0.021687, 0.30957, 0.227539, -0.0137734, 0.311523, 0.227539, -0.00322765, 
        0.282227, 0.229492, 0.00621457, 0.28418, 0.229492, 0.0156668, 0.286133, 0.229492, 0.0230956, 0.288086, 0.229492, 0.0273803, 0.290039, 0.229492, 0.0278802, 0.291992, 0.229492, 0.0245322, 0.293945, 0.229492, 0.0178606, 0.295898, 0.229492, 0.00889681, 0.297852, 0.229492, -0.0009777, 0.299805, 0.229492, -0.0102424, 0.301758, 0.229492, -0.0174691, 0.303711, 0.229492, -0.0215404, 0.305664, 0.229492, -0.02182, 0.307617, 0.229492, -0.0182494, 0.30957, 0.229492, -0.0113571, 0.311523, 0.229492, -0.00217802, 
        0.282227, 0.231445, 0.00512798, 0.28418, 0.231445, 0.0117371, 0.286133, 0.231445, 0.0169381, 0.288086, 0.231445, 0.0199506, 0.290039, 0.231445, 0.0203287, 0.291992, 0.231445, 0.0180283, 0.293945, 0.231445, 0.0134145, 0.295898, 0.231445, 0.0072055, 0.297852, 0.231445, 0.00036311, 0.299805, 0.231445, -0.00605393, 0.301758, 0.231445, -0.0110512, 0.303711, 0.231445, -0.0138509, 0.305664, 0.231445, -0.0140097, 0.307617, 0.231445, -0.011487, 0.30957, 0.231445, -0.00665074, 0.311523, 0.231445, -0.00022153, 
        0.282227, 0.233398, 0.00363001, 0.28418, 0.233398, 0.00640082, 0.286133, 0.233398, 0.00859387, 0.288086, 0.233398, 0.00988833, 0.290039, 0.233398, 0.0101007, 0.291992, 0.233398, 0.00921306, 0.293945, 0.233398, 0.00737539, 0.295898, 0.233398, 0.00488311, 0.297852, 0.233398, 0.00213176, 0.299805, 0.233398, -0.000443266, 0.301758, 0.233398, -0.00243305, 0.303711, 0.233398, -0.00351765, 0.305664, 0.233398, -0.00351483, 0.307617, 0.233398, -0.00240785, 0.30957, 0.233398, -0.000348074, 0.311523, 0.233398, 0.00236822, 
        0.282227, 0.235352, 0.00196505, 0.28418, 0.235352, 0.000488307, 0.286133, 0.235352, -0.00064729, 0.288086, 0.235352, -0.00125427, 0.290039, 0.235352, -0.00122542, 0.291992, 0.235352, -0.000550174, 0.293945, 0.235352, 0.000683804, 0.295898, 0.235352, 0.00230396, 0.297852, 0.235352, 0.00407923, 0.299805, 0.235352, 0.00575525, 0.301758, 0.235352, 0.00709313, 0.303711, 0.235352, 0.00790597, 0.305664, 0.235352, 0.00808729, 0.307617, 0.235352, 0.00762733, 0.30957, 0.235352, 0.00661452, 0.311523, 0.235352, 0.00522195, 
        0.282227, 0.237305, 0.000403537, 0.28418, 0.237305, -0.00508148, 0.286133, 0.237305, -0.00935813, 0.288086, 0.237305, -0.0117592, 0.290039, 0.237305, -0.0119032, 0.291992, 0.237305, -0.00975262, 0.293945, 0.237305, -0.0056194, 0.295898, 0.237305, -0.000117749, 0.297852, 0.237305, 0.00592991, 0.299805, 0.237305, 0.0116183, 0.301758, 0.237305, 0.016097, 0.303711, 0.237305, 0.018701, 0.305664, 0.237305, 0.0190512, 0.307617, 0.237305, 0.0171129, 0.30957, 0.237305, 0.0132008, 0.311523, 0.237305, 0.00793099, 
        0.282227, 0.239258, -0.000799286, 0.28418, 0.239258, -0.0094413, 0.286133, 0.239258, -0.0161917, 0.288086, 0.239258, -0.0200053, 0.290039, 0.239258, -0.0202844, 0.291992, 0.239258, -0.0169704, 0.293945, 0.239258, -0.0105519, 0.295898, 0.239258, -0.0019911, 0.297852, 0.239258, 0.00742372, 0.299805, 0.239258, 0.0162744, 0.301758, 0.239258, 0.0232289, 0.303711, 0.239258, 0.0272452, 0.305664, 0.239258, 0.0277297, 0.307617, 0.239258, 0.024628, 0.30957, 0.239258, 0.0184329, 0.311523, 0.239258, 0.0101097, 
        0.282227, 0.241211, -0.00144233, 0.28418, 0.241211, -0.0119079, 0.286133, 0.241211, -0.0200867, 0.288086, 0.241211, -0.0247151, 0.290039, 0.241211, -0.0250705, 0.291992, 0.241211, -0.0210817, 0.293945, 0.241211, -0.0133398, 0.295898, 0.241211, -0.0030081, 0.297852, 0.241211, 0.00835578, 0.299805, 0.241211, 0.0190371, 0.301758, 0.241211, 0.0274254, 0.303711, 0.241211, 0.0322606, 0.305664, 0.241211, 0.0328251, 0.307617, 0.241211, 0.0290531, 0.30957, 0.241211, 0.0215404, 0.311523, 0.241211, 0.0114541, 
        0.282227, 0.243164, -0.00140927, 0.28418, 0.243164, -0.0120862, 0.286133, 0.243164, -0.0204297, 0.288086, 0.243164, -0.0251502, 0.290039, 0.243164, -0.0255105, 0.291992, 0.243164, -0.0214379, 0.293945, 0.243164, -0.0135356, 0.295898, 0.243164, -0.0029906, 0.297852, 0.243164, 0.00860769, 0.299805, 0.243164, 0.0195095, 0.301758, 0.243164, 0.0280716, 0.303711, 0.243164, 0.0330083, 0.305664, 0.243164, 0.0335871, 0.307617, 0.243164, 0.0297409, 0.30957, 0.243164, 0.0220779, 0.311523, 0.243164, 0.0117889, 
        0.282227, 0.245117, -0.000686307, 0.28418, 0.245117, -0.00992946, 0.286133, 0.245117, -0.017148, 0.288086, 0.245117, -0.0212233, 0.290039, 0.245117, -0.0215157, 0.291992, 0.245117, -0.0179624, 0.293945, 0.245117, -0.0110864, 0.295898, 0.245117, -0.0019175, 0.297852, 0.245117, 0.00816557, 0.299805, 0.245117, 0.017645, 0.301758, 0.245117, 0.0250953, 0.303711, 0.245117, 0.0294011, 0.305664, 0.245117, 0.0299273, 0.307617, 0.245117, 0.0266154, 0.30957, 0.245117, 0.019993, 0.311523, 0.245117, 0.0110932, 
        0.282227, 0.24707, 0.000635763, 0.28418, 0.24707, -0.0057465, 0.286133, 0.24707, -0.0107213, 0.288086, 0.24707, -0.0135117, 0.290039, 0.24707, -0.0136732, 0.291992, 0.24707, -0.0111621, 0.293945, 0.24707, -0.00634195, 0.295898, 0.24707, 7.21151e-05, 0.297852, 0.24707, 0.00712223, 0.299805, 0.24707, 0.013754, 0.301758, 0.24707, 0.0189773, 0.303711, 0.24707, 0.0220172, 0.305664, 0.24707, 0.0224325, 0.307617, 0.24707, 0.0201827, 0.30957, 0.24707, 0.0156343, 0.311523, 0.24707, 0.00950472, 
