{
    "level": 1,
    "idx": {"x": 9, "y": 12},
    "dim": {"x": 16, "y": 16},
    "offset": {"x": 0.282227, "y": 0.375977},
    "cellSize": {"x": 0.00195312, "y": 0.00195312},
    "vertices": [
        0.282227, 0.375977, 0.024555, 0.28418, 0.375977, 0.0272471, 0.286133, 0.375977, 0.0295569, 0.288086, 0.375977, 0.0312617, 0.290039, 0.375977, 0.0322341, 0.291992, 0.375977, 0.0324616, 0.293945, 0.375977, 0.0320489, 0.295898, 0.375977, 0.0312013, 0.297852, 0.375977, 0.0301938, 0.299805, 0.375977, 0.0293292, 0.301758, 0.375977, 0.0288918, 0.303711, 0.375977, 0.0291041, 0.305664, 0.375977, 0.0300927, 0.307617, 0.375977, 0.0318693, 0.30957, 0.375977, 0.0343287, 0.311523, 0.375977, 0.0372649, 
        0.282227, 0.37793, 0.0266765, 0.28418, 0.37793, 0.0333561, 0.286133, 0.37793, 0.0387955, 0.288086, 0.37793, 0.0422972, 0.290039, 0.37793, 0.0434623, 0.291992, 0.37793, 0.0422515, 0.293945, 0.37793, 0.0389916, 0.295898, 0.37793, 0.0343251, 0.297852, 0.37793, 0.0291124, 0.299805, 0.37793, 0.0243004, 0.301758, 0.37793, 0.0207788, 0.303711, 0.37793, 0.0192434, 0.305664, 0.37793, 0.0200906, 0.307617, 0.37793, 0.0233568, 0.30957, 0.37793, 0.0287129, 0.311523, 0.37793, 0.0355144, 
        0.282227, 0.379883, 0.0284283, 0.28418, 0.379883, 0.0382051, 0.286133, 0.379883, 0.0460763, 0.288086, 0.379883, 0.0509759, 0.290039, 0.379883, 0.0522944, 0.291992, 0.379883, 0.0499719, 0.293945, 0.379883, 0.0445073, 0.295898, 0.379883, 0.0368823, 0.297852, 0.379883, 0.0284114, 0.299805, 0.379883, 0.0205416, 0.301758, 0.379883, 0.0146317, 0.303711, 0.379883, 0.0117451, 0.305664, 0.379883, 0.0124874, 0.307617, 0.379883, 0.0169141, 0.30957, 0.379883, 0.0245224, 0.311523, 0.379883, 0.0343276, 
        0.282227, 0.381836, 0.0296142, 0.28418, 0.381836, 0.041128, 0.286133, 0.381836, 0.0503648, 0.288086, 0.381836, 0.0560527, 0.290039, 0.381836, 0.0574647, 0.291992, 0.381836, 0.0545292, 0.293945, 0.381836, 0.0478415, 0.295898, 0.381836, 0.0385725, 0.297852, 0.381836, 0.0282904, 0.299805, 0.381836, 0.0187215, 0.301758, 0.381836, 0.0114867, 0.303711, 0.381836, 0.00785452, 0.305664, 0.381836, 0.00854745, 0.307617, 0.381836, 0.0136318, 0.30957, 0.381836, 0.0225076, 0.311523, 0.381836, 0.0340003, 
        0.282227, 0.383789, 0.0301246, 0.28418, 0.383789, 0.0417528, 0.286133, 0.383789, 0.0510832, 0.288086, 0.383789, 0.0568322, 0.290039, 0.383789, 0.058266, 0.291992, 0.383789, 0.0553126, 0.293945, 0.383789, 0.0485726, 0.295898, 0.383789, 0.0392277, 0.297852, 0.383789, 0.0288607, 0.299805, 0.383789, 0.0192135, 0.301758, 0.383789, 0.0119222, 0.303711, 0.383789, 0.00826699, 0.305664, 0.383789, 0.00897694, 0.307617, 0.383789, 0.014119, 0.30957, 0.383789, 0.0230877, 0.311523, 0.383789, 0.0346976, 
        0.282227, 0.385742, 0.029953, 0.28418, 0.385742, 0.0400579, 0.286133, 0.385742, 0.0481982, 0.288086, 0.385742, 0.0532744, 0.290039, 0.385742, 0.0546579, 0.291992, 0.385742, 0.052287, 0.293945, 0.385742, 0.0466763, 0.295898, 0.385742, 0.0388381, 0.297852, 0.385742, 0.0301281, 0.299805, 0.385742, 0.0220385, 0.301758, 0.385742, 0.0159709, 0.303711, 0.385742, 0.0130218, 0.305664, 0.385742, 0.0138157, 0.307617, 0.385742, 0.01841, 0.30957, 0.385742, 0.0262861, 0.311523, 0.385742, 0.0364284, 
        0.282227, 0.387695, 0.029197, 0.28418, 0.387695, 0.0363758, 0.286133, 0.387695, 0.0422264, 0.288086, 0.387695, 0.046001, 0.290039, 0.387695, 0.0472723, 0.291992, 0.387695, 0.0459984, 0.293945, 0.387695, 0.0425292, 0.295898, 0.387695, 0.0375532, 0.297852, 0.387695, 0.0319925, 0.299805, 0.387695, 0.0268619, 0.301758, 0.387695, 0.0231144, 0.303711, 0.387695, 0.0214959, 0.305664, 0.387695, 0.0224311, 0.307617, 0.387695, 0.0259591, 0.30957, 0.387695, 0.031727, 0.311523, 0.387695, 0.0390443, 
        0.282227, 0.389648, 0.0280433, 0.28418, 0.389648, 0.0313421, 0.286133, 0.389648, 0.034155, 0.288086, 0.389648, 0.0362005, 0.290039, 0.389648, 0.0373175, 0.291992, 0.389648, 0.0374904, 0.293945, 0.389648, 0.0368511, 0.295898, 0.389648, 0.0356593, 0.297852, 0.389648, 0.0342628, 0.299805, 0.389648, 0.0330441, 0.301758, 0.389648, 0.0323626, 0.303711, 0.389648, 0.0324995, 0.305664, 0.389648, 0.033615, 0.307617, 0.389648, 0.0357238, 0.30957, 0.389648, 0.0386929, 0.311523, 0.389648, 0.042262, 
        0.282227, 0.391602, 0.0267397, 0.28418, 0.391602, 0.0257987, 0.286133, 0.391602, 0.0252922, 0.288086, 0.391602, 0.0254474, 0.290039, 0.391602, 0.0263942, 0.291992, 0.391602, 0.0281456, 0.293945, 0.391602, 0.0305957, 0.295898, 0.391602, 0.0335356, 0.297852, 0.391602, 0.0366857, 0.299805, 0.391602, 0.0397381, 0.301758, 0.391602, 0.0424036, 0.303711, 0.391602, 0.044456, 0.305664, 0.391602, 0.0457665, 0.307617, 0.391602, 0.0463232, 0.30957, 0.391602, 0.0462332, 0.311523, 0.391602, 0.045706, 
        0.282227, 0.393555, 0.0255563, 0.28418, 0.393555, 0.0206651, 0.286133, 0.393555, 0.0170661, 0.288086, 0.393555, 0.0154607, 0.290039, 0.393555, 0.0162502, 0.291992, 0.393555, 0.019474, 0.293945, 0.393555, 0.0248045, 0.295898, 0.393555, 0.0315963, 0.297852, 0.393555, 0.038985, 0.299805, 0.393555, 0.0460192, 0.301758, 0.393555, 0.0518054, 0.303711, 0.393555, 0.0556444, 0.305664, 0.393555, 0.057138, 0.307617, 0.393555, 0.0562496, 0.30957, 0.393555, 0.05331, 0.311523, 0.393555, 0.0489669, 
        0.282227, 0.395508, 0.0247451, 0.28418, 0.395508, 0.0167983, 0.286133, 0.395508, 0.010808, 0.288086, 0.395508, 0.00784302, 0.290039, 0.395508, 0.00851448, 0.291992, 0.395508, 0.0128827, 0.293945, 0.395508, 0.0204481, 0.295898, 0.395508, 0.0302272, 0.297852, 0.395508, 0.0409029, 0.299805, 0.395508, 0.0510254, 0.301758, 0.395508, 0.059233, 0.303711, 0.395508, 0.0644602, 0.305664, 0.395508, 0.0661003, 0.307617, 0.395508, 0.0640976, 0.30957, 0.395508, 0.0589561, 0.311523, 0.395508, 0.0516626, 
        0.282227, 0.397461, 0.0245012, 0.28418, 0.397461, 0.0148619, 0.286133, 0.397461, 0.00754884, 0.288086, 0.397461, 0.00383509, 0.290039, 0.397461, 0.00444869, 0.291992, 0.397461, 0.00946142, 0.293945, 0.397461, 0.0182782, 0.295898, 0.397461, 0.0297273, 0.297852, 0.397461, 0.04224, 0.299805, 0.397461, 0.054089, 0.301758, 0.397461, 0.0636524, 0.303711, 0.397461, 0.0696609, 0.305664, 0.397461, 0.0713918, 0.307617, 0.397461, 0.0687787, 0.30957, 0.397461, 0.0624221, 0.311523, 0.397461, 0.0534972, 
        0.282227, 0.399414, 0.0249329, 0.28418, 0.399414, 0.0152248, 0.286133, 0.399414, 0.00786183, 0.288086, 0.399414, 0.00412706, 0.290039, 0.399414, 0.0047544, 0.291992, 0.399414, 0.00981621, 0.293945, 0.399414, 0.0187126, 0.295898, 0.399414, 0.0302627, 0.297852, 0.399414, 0.0428849, 0.299805, 0.399414, 0.0548384, 0.301758, 0.399414, 0.0644882, 0.303711, 0.399414, 0.0705551, 0.305664, 0.399414, 0.0723104, 0.307617, 0.399414, 0.0696873, 0.30957, 0.399414, 0.0632908, 0.311523, 0.399414, 0.054306, 
        0.282227, 0.401367, 0.0260453, 0.28418, 0.401367, 0.0179053, 0.286133, 0.401367, 0.0117753, 0.288086, 0.401367, 0.00875307, 0.290039, 0.401367, 0.0094663, 0.291992, 0.401367, 0.0139769, 0.293945, 0.401367, 0.0217719, 0.295898, 0.401367, 0.0318411, 0.297852, 0.401367, 0.0428317, 0.299805, 0.401367, 0.0532547, 0.301758, 0.401367, 0.0617115, 0.303711, 0.401367, 0.0671079, 0.305664, 0.401367, 0.0688206, 0.307617, 0.401367, 0.0667925, 0.30957, 0.401367, 0.0615412, 0.311523, 0.401367, 0.0540802, 
        0.282227, 0.40332, 0.0277394, 0.28418, 0.40332, 0.0225674, 0.286133, 0.40332, 0.0187679, 0.288086, 0.40332, 0.0170856, 0.290039, 0.40332, 0.0179464, 0.291992, 0.40332, 0.0213924, 0.293945, 0.40332, 0.0270757, 0.295898, 0.40332, 0.034311, 0.297852, 0.40332, 0.0421807, 0.299805, 0.40332, 0.0496746, 0.301758, 0.40332, 0.0558439, 0.303711, 0.40332, 0.0599464, 0.305664, 0.40332, 0.0615593, 0.307617, 0.40332, 0.0606438, 0.30957, 0.40332, 0.057551, 0.311523, 0.40332, 0.0529686, 
