{
    "level": 2,
    "idx": {"x": 0, "y": 8},
    "dim": {"x": 16, "y": 16},
    "offset": {"x": 0.00195312, "y": 0.501953},
    "cellSize": {"x": 0.00390625, "y": 0.00390625},
    "vertices": [
        0.00195312, 0.501953, 0.00319408, 0.00585938, 0.501953, 0.00967513, 0.00976562, 0.501953, 0.0104877, 0.0136719, 0.501953, 0.00515656, 0.0175781, 0.501953, -0.00318777, 0.0214844, 0.501953, -0.00964607, 0.0253906, 0.501953, -0.0104257, 0.0292969, 0.501953, -0.00506617, 0.0332031, 0.501953, 0.00329036, 0.0371094, 0.501953, 0.00974348, 0.0410156, 0.501953, 0.0105104, 0.0449219, 0.501953, 0.00514596, 0.0488281, 0.501953, -0.00319585, 0.0527344, 0.501953, -0.00961295, 0.0566406, 0.501953, -0.0103319, 0.0605469, 0.501953, -0.00492221, 
        0.00195312, 0.505859, 0.00768873, 0.00585938, 0.505859, 0.0233252, 0.00976562, 0.505859, 0.0252823, 0.0136719, 0.505859, 0.0124132, 0.0175781, 0.505859, -0.0077279, 0.0214844, 0.505859, -0.0233185, 0.0253906, 0.505859, -0.0252064, 0.0292969, 0.505859, -0.0122809, 0.0332031, 0.505859, 0.00787579, 0.0371094, 0.505859, 0.0234379, 0.0410156, 0.505859, 0.0252769, 0.0449219, 0.505859, 0.0123185, 0.0488281, 0.505859, -0.00782678, 0.0527344, 0.505859, -0.0233296, 0.0566406, 0.505859, -0.0250844, 0.0605469, 0.505859, -0.0120528, 
        0.00195312, 0.509766, 0.00767892, 0.00585938, 0.509766, 0.0232955, 0.00976562, 0.509766, 0.0252501, 0.0136719, 0.509766, 0.0123973, 0.0175781, 0.509766, -0.00771809, 0.0214844, 0.509766, -0.0232888, 0.0253906, 0.509766, -0.0251744, 0.0292969, 0.509766, -0.0122653, 0.0332031, 0.509766, 0.0078657, 0.0371094, 0.509766, 0.023408, 0.0410156, 0.509766, 0.0252447, 0.0449219, 0.509766, 0.0123027, 0.0488281, 0.509766, -0.00781691, 0.0527344, 0.509766, -0.0233, 0.0566406, 0.509766, -0.0250526, 0.0605469, 0.509766, -0.0120376, 
        0.00195312, 0.513672, 0.00317045, 0.00585938, 0.513672, 0.00960354, 0.00976562, 0.513672, 0.0104101, 0.0136719, 0.513672, 0.0051184, 0.0175781, 0.513672, -0.00316419, 0.0214844, 0.513672, -0.0095747, 0.0253906, 0.513672, -0.0103485, 0.0292969, 0.513672, -0.00502868, 0.0332031, 0.513672, 0.00326601, 0.0371094, 0.513672, 0.00967139, 0.0410156, 0.513672, 0.0104326, 0.0449219, 0.513672, 0.00510788, 0.0488281, 0.513672, -0.0031722, 0.0527344, 0.513672, -0.00954182, 0.0566406, 0.513672, -0.0102554, 0.0605469, 0.513672, -0.00488578, 
        0.00195312, 0.517578, -0.00319089, 0.00585938, 0.517578, -0.00971543, 0.00976562, 0.517578, -0.0105288, 0.0136719, 0.517578, -0.00515199, 0.0175781, 0.517578, 0.00326127, 0.0214844, 0.517578, 0.0097756, 0.0253906, 0.517578, 0.0105704, 0.0292969, 0.517578, 0.00518199, 0.0332031, 0.517578, -0.00322402, 0.0371094, 0.517578, -0.00971066, 0.0410156, 0.517578, -0.0104668, 0.0449219, 0.517578, -0.0050438, 0.0488281, 0.517578, 0.0033814, 0.0527344, 0.517578, 0.00987069, 0.0566406, 0.517578, 0.0106231, 0.0605469, 0.517578, 0.00520534, 
        0.00195312, 0.521484, -0.00767174, 0.00585938, 0.521484, -0.0233234, 0.00976562, 0.521484, -0.0252778, 0.0136719, 0.521484, -0.0123863, 0.0175781, 0.521484, 0.00778718, 0.0214844, 0.521484, 0.0234055, 0.0253906, 0.521484, 0.0253052, 0.0292969, 0.521484, 0.0123741, 0.0332031, 0.521484, -0.00779562, 0.0371094, 0.521484, -0.0233632, 0.0410156, 0.521484, -0.0251882, 0.0449219, 0.521484, -0.0121947, 0.0488281, 0.521484, 0.00799742, 0.0527344, 0.521484, 0.0235443, 0.0566406, 0.521484, 0.0253292, 0.0605469, 0.521484, 0.012313, 
        0.00195312, 0.525391, -0.00764254, 0.00585938, 0.525391, -0.0232346, 0.00976562, 0.525391, -0.0251815, 0.0136719, 0.525391, -0.0123392, 0.0175781, 0.525391, 0.00775741, 0.0214844, 0.525391, 0.0233162, 0.0253906, 0.525391, 0.0252086, 0.0292969, 0.525391, 0.0123268, 0.0332031, 0.525391, -0.00776606, 0.0371094, 0.525391, -0.0232743, 0.0410156, 0.525391, -0.0250924, 0.0449219, 0.525391, -0.0121484, 0.0488281, 0.525391, 0.00796666, 0.0527344, 0.525391, 0.0234542, 0.0566406, 0.525391, 0.0252323, 0.0605469, 0.525391, 0.0122657, 
        0.00195312, 0.529297, -0.00312043, 0.00585938, 0.529297, -0.00950091, 0.00976562, 0.529297, -0.0102963, 0.0136719, 0.529297, -0.00503822, 0.0175781, 0.529297, 0.00318926, 0.0214844, 0.529297, 0.00955975, 0.0253906, 0.529297, 0.010337, 0.0292969, 0.529297, 0.00506757, 0.0332031, 0.529297, -0.00315283, 0.0371094, 0.529297, -0.00949624, 0.0410156, 0.529297, -0.0102357, 0.0449219, 0.529297, -0.00493242, 0.0488281, 0.529297, 0.00330674, 0.0527344, 0.529297, 0.00965276, 0.0566406, 0.529297, 0.0103885, 0.0605469, 0.529297, 0.00509042, 
        0.00195312, 0.533203, 0.00324056, 0.00585938, 0.533203, 0.00981739, 0.00976562, 0.533203, 0.0106418, 0.0136719, 0.533203, 0.00523162, 0.0175781, 0.533203, -0.0032364, 0.0214844, 0.533203, -0.00979051, 0.0253906, 0.533203, -0.0105819, 0.0292969, 0.533203, -0.00514342, 0.0332031, 0.533203, 0.0033364, 0.0371094, 0.533203, 0.00988461, 0.0410156, 0.533203, 0.0106624, 0.0449219, 0.533203, 0.00521802, 0.0488281, 0.533203, -0.00324786, 0.0527344, 0.533203, -0.00976064, 0.0566406, 0.533203, -0.010491, 0.0605469, 0.533203, -0.00500224, 
        0.00195312, 0.537109, 0.00770732, 0.00585938, 0.537109, 0.023383, 0.00976562, 0.537109, 0.0253449, 0.0136719, 0.537109, 0.0124432, 0.0175781, 0.537109, -0.00774871, 0.0214844, 0.537109, -0.0233787, 0.0253906, 0.537109, -0.0252717, 0.0292969, 0.537109, -0.0123139, 0.0332031, 0.537109, 0.00789308, 0.0371094, 0.537109, 0.023494, 0.0410156, 0.537109, 0.0253371, 0.0449219, 0.537109, 0.0123456, 0.0488281, 0.537109, -0.00785094, 0.0527344, 0.537109, -0.0233934, 0.0566406, 0.537109, -0.0251534, 0.0605469, 0.537109, -0.01209, 
        0.00195312, 0.541016, 0.00765832, 0.00585938, 0.541016, 0.0232345, 0.00976562, 0.541016, 0.0251839, 0.0136719, 0.541016, 0.0123641, 0.0175781, 0.541016, -0.00769967, 0.0214844, 0.541016, -0.0232305, 0.0253906, 0.541016, -0.0251115, 0.0292969, 0.541016, -0.012236, 0.0332031, 0.541016, 0.00784273, 0.0371094, 0.541016, 0.0233446, 0.0410156, 0.541016, 0.025176, 0.0449219, 0.541016, 0.0122668, 0.0488281, 0.541016, -0.00780157, 0.0527344, 0.541016, -0.0232455, 0.0566406, 0.541016, -0.0249944, 0.0605469, 0.541016, -0.0120139, 
        0.00195312, 0.544922, 0.00312225, 0.00585938, 0.544922, 0.00945894, 0.00976562, 0.544922, 0.0102533, 0.0136719, 0.544922, 0.00504061, 0.0175781, 0.544922, -0.00311823, 0.0214844, 0.544922, -0.00943303, 0.0253906, 0.544922, -0.0101955, 0.0292969, 0.544922, -0.00495562, 0.0332031, 0.544922, 0.00321459, 0.0371094, 0.544922, 0.00952371, 0.0410156, 0.544922, 0.0102731, 0.0449219, 0.544922, 0.00502751, 0.0488281, 0.544922, -0.00312926, 0.0527344, 0.544922, -0.00940424, 0.0566406, 0.544922, -0.0101079, 0.0605469, 0.544922, -0.00481957, 
        0.00195312, 0.548828, -0.00323891, 0.00585938, 0.548828, -0.00985927, 0.00976562, 0.548828, -0.0106848, 0.0136719, 0.548828, -0.00522949, 0.0175781, 0.548828, 0.00330671, 0.0214844, 0.548828, 0.0099161, 0.0253906, 0.548828, 0.0107221, 0.0292969, 0.548828, 0.00525423, 0.0332031, 0.548828, -0.00327553, 0.0371094, 0.548828, -0.00985789, 0.0410156, 0.548828, -0.0106259, 0.0449219, 0.548828, -0.0051243, 0.0488281, 0.548828, 0.00342333, 0.0527344, 0.548828, 0.0100066, 0.0566406, 0.548828, 0.0107686, 0.0605469, 0.548828, 0.00527001, 
        0.00195312, 0.552734, -0.0076921, 0.00585938, 0.552734, -0.0233831, 0.00976562, 0.552734, -0.0253426, 0.0136719, 0.552734, -0.0124192, 0.0175781, 0.552734, 0.00780436, 0.0214844, 0.552734, 0.0234613, 0.0253906, 0.552734, 0.0253653, 0.0292969, 0.552734, 0.0124015, 0.0332031, 0.552734, -0.00781917, 0.0371094, 0.552734, -0.0234262, 0.0410156, 0.552734, -0.0252565, 0.0449219, 0.552734, -0.0122314, 0.0488281, 0.552734, 0.00801007, 0.0527344, 0.552734, 0.0235946, 0.0566406, 0.552734, 0.0253827, 0.0605469, 0.552734, 0.0123326, 
