{
    "level": 2,
    "idx": {"x": 0, "y": 29},
    "dim": {"x": 8, "y": 8},
    "offset": {"x": 0.00195312, "y": 0.908203},
    "cellSize": {"x": 0.00390625, "y": 0.00390625},
    "vertices": [
        0.00195312, 0.908203, -0.00011551, 0.00585938, 0.908203, -0.000667607, 0.00976562, 0.908203, -0.00131326, 0.0136719, 0.908203, -0.00191789, 0.0175781, 0.908203, -0.00246784, 0.0214844, 0.908203, -0.0029565, 0.0253906, 0.908203, -0.00338489, 0.0292969, 0.908203, -0.00376112, 
        0.00195312, 0.912109, -0.000209665, 0.00585938, 0.912109, -0.00119881, 0.00976562, 0.912109, -0.00229548, 0.0136719, 0.912109, -0.00320301, 0.0175781, 0.912109, -0.00386237, 0.0214844, 0.912109, -0.00425108, 0.0253906, 0.912109, -0.00438622, 0.0292969, 0.912109, -0.00432141, 
        0.00195312, 0.916016, -0.000285725, 0.00585938, 0.916016, -0.00162786, 0.00976562, 0.916016, -0.00308856, 0.0136719, 0.916016, -0.00423996, 0.0175781, 0.916016, -0.00498625, 0.0214844, 0.916016, -0.0052921, 0.0253906, 0.916016, -0.0051876, 0.0292969, 0.916016, -0.00476331, 
        0.00195312, 0.919922, -0.000332159, 0.00585938, 0.919922, -0.00188974, 0.00976562, 0.919922, -0.00357235, 0.0136719, 0.919922, -0.00487181, 0.0175781, 0.919922, -0.00566969, 0.0214844, 0.919922, -0.00592278, 0.0253906, 0.919922, -0.00566919, 0.0292969, 0.919922, -0.00502218, 
        0.00195312, 0.923828, -0.000341881, 0.00585938, 0.923828, -0.00194447, 0.00976562, 0.923828, -0.00367299, 0.0136719, 0.923828, -0.00500207, 0.0175781, 0.923828, -0.00580833, 0.0214844, 0.923828, -0.00604678, 0.0253906, 0.923828, -0.00575736, 0.0292969, 0.923828, -0.00505836, 
        0.00195312, 0.927734, -0.000313326, 0.00585938, 0.927734, -0.00178323, 0.00976562, 0.927734, -0.0033742, 0.0136719, 0.927734, -0.00460951, 0.0175781, 0.927734, -0.00537916, 0.0214844, 0.927734, -0.00564291, 0.0253906, 0.927734, -0.00543595, 0.0292969, 0.927734, -0.00486318, 
        0.00195312, 0.931641, -0.000250695, 0.00585938, 0.931641, -0.00142972, 0.00976562, 0.931641, -0.00271975, 0.0136719, 0.931641, -0.00375128, 0.0175781, 0.931641, -0.00444409, 0.0214844, 0.931641, -0.00476833, 0.0253906, 0.931641, -0.00474872, 0.0292969, 0.931641, -0.00446035, 
        0.00195312, 0.935547, -0.000163312, 0.00585938, 0.935547, -0.000936513, 0.00976562, 0.935547, -0.00180681, 0.0136719, 0.935547, -0.00255434, 0.0175781, 0.935547, -0.00314046, 0.0214844, 0.935547, -0.00354991, 0.0253906, 0.935547, -0.00379273, 0.0292969, 0.935547, -0.00390235
    ]
}
