{
    "level": 2,
    "idx": {"x": 0, "y": 12},
    "dim": {"x": 8, "y": 8},
    "offset": {"x": 0.00195312, "y": 0.376953},
    "cellSize": {"x": 0.00390625, "y": 0.00390625},
    "vertices": [
        0.00195312, 0.376953, 8.37329e-05, 0.00585938, 0.376953, 0.00045248, 0.00976562, 0.376953, 0.000888334, 0.0136719, 0.376953, 0.00130559, 0.0175781, 0.376953, 0.00169772, 0.0214844, 0.376953, 0.00206114, 0.0253906, 0.376953, 0.00239546, 0.0292969, 0.376953, 0.00270323, 
        0.00195312, 0.380859, 0.000183192, 0.00585938, 0.380859, 0.00101301, 0.00976562, 0.380859, 0.00192772, 0.0136719, 0.380859, 0.00267341, 0.0175781, 0.380859, 0.00319744, 0.0214844, 0.380859, 0.00348004, 0.0253906, 0.380859, 0.00353696, 0.0292969, 0.380859, 0.00341682, 
        0.00195312, 0.384766, 0.000266454, 0.00585938, 0.384766, 0.00148211, 0.00976562, 0.384766, 0.00279786, 0.0136719, 0.384766, 0.00381931, 0.0175781, 0.384766, 0.00445543, 0.0214844, 0.384766, 0.00467293, 0.0253906, 0.384766, 0.00450102, 0.0292969, 0.384766, 0.00402665, 
        0.00195312, 0.388672, 0.000321498, 0.00585938, 0.388672, 0.00179199, 0.00976562, 0.388672, 0.00337348, 0.0136719, 0.388672, 0.00457962, 0.0175781, 0.388672, 0.0052945, 0.0214844, 0.388672, 0.00547608, 0.0253906, 0.388672, 0.00516222, 0.0292969, 0.388672, 0.00446462, 
        0.00195312, 0.392578, 0.000340547, 0.00585938, 0.392578, 0.00189877, 0.00976562, 0.392578, 0.00357352, 0.0136719, 0.392578, 0.0048484, 0.0175781, 0.392578, 0.00559996, 0.0214844, 0.392578, 0.00578344, 0.0253906, 0.392578, 0.00543927, 0.0292969, 0.392578, 0.0046865, 
        0.00195312, 0.396484, 0.000321247, 0.00585938, 0.396484, 0.00178919, 0.00976562, 0.396484, 0.00337344, 0.0136719, 0.396484, 0.00459357, 0.0175781, 0.396484, 0.00533702, 0.0214844, 0.396484, 0.00556278, 0.0253906, 0.396484, 0.00530729, 0.0292969, 0.396484, 0.00467848, 
        0.00195312, 0.400391, 0.000267029, 0.00585938, 0.400391, 0.0014826, 0.00976562, 0.400391, 0.00280899, 0.0136719, 0.400391, 0.00386177, 0.0175781, 0.400391, 0.00455606, 0.0214844, 0.400391, 0.00486048, 0.0253906, 0.400391, 0.00480155, 0.0292969, 0.400391, 0.00445922, 
        0.00195312, 0.404297, 0.00018658, 0.00585938, 0.404297, 0.00102798, 0.00976562, 0.404297, 0.00197065, 0.0136719, 0.404297, 0.00277116, 0.0175781, 0.404297, 0.00338488, 0.0214844, 0.404297, 0.00379442, 0.0253906, 0.404297, 0.00401194, 0.0292969, 0.404297, 0.00407688
    ]
}
