{
    "level": 2,
    "idx": {"x": 0, "y": 3},
    "dim": {"x": 8, "y": 8},
    "offset": {"x": 0.0078125, "y": 0.382813},
    "cellSize": {"x": 0.015625, "y": 0.015625},
    "vertices": [
        0.0078125, 0.382813, 0.0117223, 0.0234375, 0.382813, -0.0117539, 0.0390625, 0.382813, 0.0118586, 0.0546875, 0.382813, -0.0118265, 0.0703125, 0.382813, 0.0120311, 0.0859375, 0.382813, -0.011821, 0.101563, 0.382813, 0.0123099, 0.117188, 0.382813, -0.0116304, 
        0.0078125, 0.398438, -0.0117148, 0.0234375, 0.398438, 0.0118034, 0.0390625, 0.398438, -0.0118042, 0.0546875, 0.398438, 0.0119582, 0.0703125, 0.398438, -0.0118366, 0.0859375, 0.398438, 0.0121873, 0.101563, 0.398438, -0.0117313, 0.117188, 0.398438, 0.0126134, 
        0.0078125, 0.414063, 0.0117482, 0.0234375, 0.414063, -0.0117721, 0.0390625, 0.414063, 0.0118912, 0.0546875, 0.414063, -0.0118338, 0.0703125, 0.414063, 0.012083, 0.0859375, 0.414063, -0.0117965, 0.101563, 0.414063, 0.0124145, 0.117188, 0.414063, -0.0115218, 
        0.0078125, 0.429688, -0.0117318, 0.0234375, 0.429688, 0.011828, 0.0390625, 0.429688, -0.0118153, 0.0546875, 0.429688, 0.0119936, 0.0703125, 0.429688, -0.0118297, 0.0859375, 0.429688, 0.0122534, 0.101563, 0.429688, -0.0116745, 0.117188, 0.429688, 0.0127598, 
        0.0078125, 0.445313, 0.0117666, 0.0234375, 0.445313, -0.0117839, 0.0390625, 0.445313, 0.0119153, 0.0546875, 0.445313, -0.0118361, 0.0703125, 0.445313, 0.0121237, 0.0859375, 0.445313, -0.0117714, 0.101563, 0.445313, 0.0125005, 0.117188, 0.445313, -0.0114245, 
        0.0078125, 0.460938, -0.0117423, 0.0234375, 0.460938, 0.0118441, 0.0390625, 0.460938, -0.0118212, 0.0546875, 0.460938, 0.012018, 0.0703125, 0.460938, -0.0118219, 0.0859375, 0.460938, 0.012301, 0.101563, 0.460938, -0.0116289, 0.117188, 0.460938, 0.0128685, 
        0.0078125, 0.476563, 0.0117771, 0.0234375, 0.476563, -0.0117901, 0.0390625, 0.476563, 0.0119293, 0.0546875, 0.476563, -0.0118363, 0.0703125, 0.476563, 0.0121483, 0.0859375, 0.476563, -0.0117541, 0.101563, 0.476563, 0.0125539, 0.117188, 0.476563, -0.0113611, 
        0.0078125, 0.492188, -0.0117467, 0.0234375, 0.492188, 0.0118513, 0.0390625, 0.492188, -0.0118235, 0.0546875, 0.492188, 0.012029, 0.0703125, 0.492188, -0.0118177, 0.0859375, 0.492188, 0.0123231, 0.101563, 0.492188, -0.0116068, 0.117188, 0.492188, 0.0129193
    ]
}
