{
    "level": 2,
    "idx": {"x": 11, "y": 23},
    "dim": {"x": 8, "y": 8},
    "offset": {"x": 0.345703, "y": 0.720703},
    "cellSize": {"x": 0.00390625, "y": 0.00390625},
    "vertices": [
        0.345703, 0.720703, 0.0174708, 0.349609, 0.720703, 0.0188238, 0.353516, 0.720703, 0.0201691, 0.357422, 0.720703, 0.0214907, 0.361328, 0.720703, 0.0227769, 0.365234, 0.720703, 0.0240214, 0.369141, 0.720703, 0.0252242, 0.373047, 0.720703, 0.0263904, 
        0.345703, 0.724609, 0.0164834, 0.349609, 0.724609, 0.0183267, 0.353516, 0.724609, 0.0200737, 0.357422, 0.724609, 0.0216416, 0.361328, 0.724609, 0.0229753, 0.365234, 0.724609, 0.0240556, 0.369141, 0.724609, 0.024901, 0.373047, 0.724609, 0.025565, 
        0.345703, 0.728516, 0.0155366, 0.349609, 0.728516, 0.0177755, 0.353516, 0.728516, 0.0198454, 0.357422, 0.728516, 0.0216086, 0.361328, 0.728516, 0.0229749, 0.365234, 0.728516, 0.0239139, 0.369141, 0.728516, 0.02446, 0.373047, 0.728516, 0.0247058, 
        0.345703, 0.732422, 0.0146228, 0.349609, 0.732422, 0.017097, 0.353516, 0.732422, 0.0193561, 0.357422, 0.732422, 0.0212283, 0.361328, 0.732422, 0.022601, 0.365234, 0.732422, 0.0234374, 0.369141, 0.732422, 0.0237813, 0.373047, 0.732422, 0.0237501, 
        0.345703, 0.736328, 0.0137367, 0.349609, 0.736328, 0.0162447, 0.353516, 0.736328, 0.018525, 0.357422, 0.736328, 0.0203974, 0.361328, 0.736328, 0.0217437, 0.365234, 0.736328, 0.0225253, 0.369141, 0.736328, 0.0227887, 0.373047, 0.736328, 0.0226574, 
        0.345703, 0.740234, 0.0128756, 0.349609, 0.740234, 0.0152054, 0.353516, 0.740234, 0.0173302, 0.357422, 0.740234, 0.0190883, 0.361328, 0.740234, 0.0203734, 0.365234, 0.740234, 0.0211507, 0.369141, 0.740234, 0.0214612, 0.373047, 0.740234, 0.0214154, 
        0.345703, 0.744141, 0.0120397, 0.349609, 0.744141, 0.0140011, 0.353516, 0.744141, 0.0158121, 0.357422, 0.744141, 0.0173532, 0.361328, 0.744141, 0.0185459, 0.365234, 0.744141, 0.0193636, 0.369141, 0.744141, 0.0198356, 0.373047, 0.744141, 0.0200418, 
        0.345703, 0.748047, 0.0112318, 0.349609, 0.748047, 0.0126856, 0.353516, 0.748047, 0.0140665, 0.357422, 0.748047, 0.0153153, 0.361328, 0.748047, 0.0163925, 0.365234, 0.748047, 0.0172836, 0.369141, 0.748047, 0.0180007, 0.373047, 0.748047, 0.0185804
    ]
}
