{
    "level": 2,
    "idx": {"x": 11, "y": 5},
    "dim": {"x": 16, "y": 16},
    "offset": {"x": 0.689453, "y": 0.314453},
    "cellSize": {"x": 0.00390625, "y": 0.00390625},
    "vertices": [
        0.689453, 0.314453, 0.0217143, 0.693359, 0.314453, 0.0258779, 0.697266, 0.314453, 0.0245975, 0.701172, 0.314453, 0.0180451, 0.705078, 0.314453, 0.00951047, 0.708984, 0.314453, 0.00347043, 0.712891, 0.314453, 0.00296151, 0.716797, 0.314453, 0.00779732, 0.720703, 0.314453, 0.0146779, 0.724609, 0.314453, 0.0191256, 0.728516, 0.314453, 0.018113, 0.732422, 0.314453, 0.0118384, 0.736328, 0.314453, 0.00360956, 0.740234, 0.314453, -0.00209854, 0.744141, 0.314453, -0.0022704, 0.748047, 0.314453, 0.00287962, 
        0.689453, 0.318359, 0.029442, 0.693359, 0.318359, 0.0418945, 0.697266, 0.318359, 0.040084, 0.701172, 0.318359, 0.024459, 0.705078, 0.318359, 0.00360067, 0.708984, 0.318359, -0.0108136, 0.712891, 0.318359, -0.0108627, 0.716797, 0.318359, 0.00296797, 0.720703, 0.318359, 0.0220723, 0.724609, 0.318359, 0.0347725, 0.728516, 0.318359, 0.0331732, 0.732422, 0.318359, 0.0177933, 0.736328, 0.318359, -0.00273788, 0.740234, 0.318359, -0.0167468, 0.744141, 0.318359, -0.0163662, 0.748047, 0.318359, -0.00215362, 
        0.689453, 0.322266, 0.0308488, 0.693359, 0.322266, 0.0436405, 0.697266, 0.322266, 0.0417463, 0.701172, 0.322266, 0.025628, 0.705078, 0.322266, 0.00412205, 0.708984, 0.322266, -0.010747, 0.712891, 0.322266, -0.0108226, 0.716797, 0.322266, 0.00339559, 0.720703, 0.322266, 0.0230454, 0.724609, 0.322266, 0.0361018, 0.728516, 0.322266, 0.0344345, 0.732422, 0.322266, 0.0185781, 0.736328, 0.322266, -0.00258185, 0.740234, 0.322266, -0.0170245, 0.744141, 0.322266, -0.0166488, 0.748047, 0.322266, -0.00202883, 
        0.689453, 0.326172, 0.0257452, 0.693359, 0.326172, 0.03069, 0.697266, 0.326172, 0.0291718, 0.701172, 0.326172, 0.0213948, 0.705078, 0.326172, 0.0112645, 0.708984, 0.326172, 0.00409559, 0.712891, 0.326172, 0.00349299, 0.716797, 0.326172, 0.0092354, 0.720703, 0.326172, 0.0174052, 0.724609, 0.326172, 0.0226868, 0.728516, 0.326172, 0.0214859, 0.732422, 0.326172, 0.0140381, 0.736328, 0.326172, 0.00427024, 0.740234, 0.326172, -0.00250518, 0.744141, 0.326172, -0.00270818, 0.748047, 0.326172, 0.00340673, 
        0.689453, 0.330078, 0.0177842, 0.693359, 0.330078, 0.0112626, 0.697266, 0.330078, 0.0103226, 0.701172, 0.330078, 0.0147906, 0.705078, 0.330078, 0.0213494, 0.708984, 0.330078, 0.0254841, 0.712891, 0.330078, 0.0241323, 0.716797, 0.330078, 0.0174804, 0.720703, 0.330078, 0.00885407, 0.724609, 0.330078, 0.00276604, 0.728516, 0.330078, 0.00226686, 0.732422, 0.330078, 0.00715431, 0.736328, 0.330078, 0.0140911, 0.740234, 0.330078, 0.018563, 0.744141, 0.330078, 0.0175271, 0.748047, 0.330078, 0.0111969, 
        0.689453, 0.333984, 0.0123172, 0.693359, 0.333984, -0.00260072, 0.697266, 0.333984, -0.00313801, 0.701172, 0.333984, 0.010256, 0.705078, 0.333984, 0.0289878, 0.708984, 0.333984, 0.0413625, 0.712891, 0.333984, 0.039447, 0.716797, 0.333984, 0.0237257, 0.720703, 0.333984, 0.00281533, 0.724609, 0.333984, -0.011592, 0.728516, 0.333984, -0.011592, 0.732422, 0.333984, 0.00229348, 0.736328, 0.333984, 0.0214207, 0.740234, 0.333984, 0.0340973, 0.744141, 0.333984, 0.0324423, 0.748047, 0.333984, 0.0170113, 
        0.689453, 0.337891, 0.013253, 0.693359, 0.337891, -0.00210464, 0.697266, 0.337891, -0.00269034, 0.701172, 0.337891, 0.0110344, 0.705078, 0.337891, 0.030243, 0.708984, 0.337891, 0.0429236, 0.712891, 0.337891, 0.0409278, 0.716797, 0.337891, 0.0247534, 0.720703, 0.337891, 0.00325043, 0.724609, 0.337891, -0.0115719, 0.728516, 0.337891, -0.0115949, 0.732422, 0.337891, 0.00264523, 0.736328, 0.337891, 0.0222705, 0.740234, 0.337891, 0.0352712, 0.744141, 0.337891, 0.0335531, 0.748047, 0.337891, 0.0176864, 
        0.689453, 0.341797, 0.020763, 0.693359, 0.341797, 0.0131381, 0.697266, 0.341797, 0.0120407, 0.701172, 0.341797, 0.017268, 0.705078, 0.341797, 0.0249403, 0.708984, 0.341797, 0.0297776, 0.712891, 0.341797, 0.0281984, 0.716797, 0.341797, 0.0204206, 0.720703, 0.341797, 0.0103336, 0.724609, 0.341797, 0.00321512, 0.728516, 0.341797, 0.00263269, 0.732422, 0.341797, 0.00834984, 0.736328, 0.341797, 0.0164636, 0.740234, 0.341797, 0.0216947, 0.744141, 0.341797, 0.0204842, 0.748047, 0.341797, 0.0130821, 
        0.689453, 0.345703, 0.0311799, 0.693359, 0.345703, 0.0348787, 0.697266, 0.345703, 0.0330651, 0.701172, 0.345703, 0.0259138, 0.705078, 0.345703, 0.0167688, 0.708984, 0.345703, 0.0101803, 0.712891, 0.345703, 0.00923496, 0.716797, 0.345703, 0.0137428, 0.720703, 0.345703, 0.0203492, 0.724609, 0.345703, 0.0245022, 0.728516, 0.345703, 0.0231239, 0.732422, 0.345703, 0.0164155, 0.736328, 0.345703, 0.00773887, 0.740234, 0.345703, 0.00164205, 0.744141, 0.345703, 0.00118981, 0.748047, 0.345703, 0.00616363, 
        0.689453, 0.349609, 0.0391492, 0.693359, 0.349609, 0.0510727, 0.697266, 0.349609, 0.0487159, 0.701172, 0.349609, 0.0325287, 0.705078, 0.349609, 0.0111158, 0.708984, 0.349609, -0.00381282, 0.712891, 0.349609, -0.00431452, 0.716797, 0.349609, 0.00912382, 0.720703, 0.349609, 0.0278716, 0.724609, 0.349609, 0.0402182, 0.728516, 0.349609, 0.0382456, 0.732422, 0.349609, 0.0224739, 0.736328, 0.349609, 0.00155563, 0.740234, 0.349609, -0.0128036, 0.744141, 0.349609, -0.0127153, 0.748047, 0.349609, 0.00126089, 
        0.689453, 0.353516, 0.0407706, 0.693359, 0.353516, 0.0529474, 0.697266, 0.353516, 0.0504957, 0.701172, 0.353516, 0.0338762, 0.705078, 0.353516, 0.0119046, 0.708984, 0.353516, -0.0034224, 0.712891, 0.353516, -0.00396753, 0.716797, 0.353516, 0.00977037, 0.720703, 0.353516, 0.0289493, 0.724609, 0.353516, 0.0415715, 0.728516, 0.353516, 0.0395253, 0.732422, 0.353516, 0.0233431, 0.736328, 0.353516, 0.00188971, 0.740234, 0.353516, -0.0128427, 0.744141, 0.353516, -0.0127725, 0.748047, 0.353516, 0.00152716, 
        0.689453, 0.357422, 0.0358859, 0.693359, 0.357422, 0.0401495, 0.697266, 0.357422, 0.0380621, 0.701172, 0.357422, 0.029825, 0.705078, 0.357422, 0.0192908, 0.708984, 0.357422, 0.011702, 0.712891, 0.357422, 0.0106145, 0.716797, 0.357422, 0.0158097, 0.720703, 0.357422, 0.0234226, 0.724609, 0.357422, 0.0282088, 0.728516, 0.357422, 0.0266222, 0.732422, 0.357422, 0.0188948, 0.736328, 0.357422, 0.00889958, 0.740234, 0.357422, 0.00187657, 0.744141, 0.357422, 0.00135666, 0.748047, 0.357422, 0.0070881, 
        0.689453, 0.361328, 0.0281705, 0.693359, 0.361328, 0.0209511, 0.697266, 0.361328, 0.0194281, 0.701172, 0.361328, 0.023425, 0.705078, 0.361328, 0.0295702, 0.708984, 0.361328, 0.033275, 0.712891, 0.361328, 0.0314265, 0.716797, 0.361328, 0.0242141, 0.720703, 0.361328, 0.0150171, 0.724609, 0.361328, 0.00842164, 0.728516, 0.361328, 0.0075275, 0.732422, 0.361328, 0.0121286, 0.736328, 0.361328, 0.0188327, 0.740234, 0.361328, 0.0230511, 0.744141, 0.361328, 0.0216906, 0.748047, 0.361328, 0.0149675, 
        0.689453, 0.365234, 0.0229754, 0.693359, 0.365234, 0.00739399, 0.697266, 0.365234, 0.00625784, 0.701172, 0.365234, 0.0191163, 0.705078, 0.365234, 0.0373519, 0.708984, 0.365234, 0.0492372, 0.712891, 0.365234, 0.0468171, 0.716797, 0.365234, 0.0305769, 0.720703, 0.365234, 0.00915645, 0.724609, 0.365234, -0.00572008, 0.728516, 0.365234, -0.00612706, 0.732422, 0.365234, 0.00741145, 0.736328, 0.365234, 0.0262274, 0.740234, 0.365234, 0.0385953, 0.744141, 0.365234, 0.036612, 0.748047, 0.365234, 0.0208338, 
        0.689453, 0.369141, 0.0241851, 0.693359, 0.369141, 0.00822121, 0.697266, 0.369141, 0.00702045, 0.701172, 0.369141, 0.0201223, 0.705078, 0.369141, 0.0387206, 0.708984, 0.369141, 0.0508313, 0.712891, 0.369141, 0.048325, 0.716797, 0.369141, 0.0316976, 0.720703, 0.369141, 0.0097782, 0.724609, 0.369141, -0.00545254, 0.728516, 0.369141, -0.00589551, 0.732422, 0.369141, 0.00791373, 0.736328, 0.369141, 0.0271174, 0.740234, 0.369141, 0.0397332, 0.744141, 0.369141, 0.0376849, 0.748047, 0.369141, 0.021541, 
