{
    "level": 2,
    "idx": {"x": 12, "y": 12},
    "dim": {"x": 8, "y": 8},
    "offset": {"x": 0.376953, "y": 0.376953},
    "cellSize": {"x": 0.00390625, "y": 0.00390625},
    "vertices": [
        0.376953, 0.376953, 0.0896298, 0.380859, 0.376953, 0.0933278, 0.384766, 0.376953, 0.0970143, 0.388672, 0.376953, 0.100674, 0.392578, 0.376953, 0.104292, 0.396484, 0.376953, 0.107859, 0.400391, 0.376953, 0.111367, 0.404297, 0.376953, 0.11481, 
        0.376953, 0.380859, 0.0933278, 0.380859, 0.380859, 0.0977061, 0.384766, 0.380859, 0.101984, 0.388672, 0.380859, 0.106077, 0.392578, 0.380859, 0.109929, 0.396484, 0.380859, 0.113516, 0.400391, 0.380859, 0.116849, 0.404297, 0.380859, 0.11997, 
        0.376953, 0.384766, 0.0970143, 0.380859, 0.384766, 0.101984, 0.384766, 0.384766, 0.106778, 0.388672, 0.384766, 0.111257, 0.392578, 0.384766, 0.115329, 0.396484, 0.384766, 0.118956, 0.400391, 0.384766, 0.122167, 0.404297, 0.384766, 0.125043, 
        0.376953, 0.388672, 0.100674, 0.380859, 0.388672, 0.106077, 0.384766, 0.388672, 0.111257, 0.388672, 0.388672, 0.116039, 0.392578, 0.388672, 0.120303, 0.396484, 0.388672, 0.124008, 0.400391, 0.388672, 0.12719, 0.404297, 0.388672, 0.129958, 
        0.376953, 0.392578, 0.104292, 0.380859, 0.392578, 0.109929, 0.384766, 0.392578, 0.115329, 0.388672, 0.392578, 0.120303, 0.392578, 0.392578, 0.124727, 0.396484, 0.392578, 0.128556, 0.400391, 0.392578, 0.131829, 0.404297, 0.392578, 0.134662, 
        0.376953, 0.396484, 0.107859, 0.380859, 0.396484, 0.113516, 0.384766, 0.396484, 0.118956, 0.388672, 0.396484, 0.124008, 0.392578, 0.396484, 0.128556, 0.396484, 0.396484, 0.132558, 0.400391, 0.396484, 0.136048, 0.404297, 0.396484, 0.139131, 
        0.376953, 0.400391, 0.111367, 0.380859, 0.400391, 0.116849, 0.384766, 0.400391, 0.122167, 0.388672, 0.400391, 0.12719, 0.392578, 0.400391, 0.131829, 0.396484, 0.400391, 0.136048, 0.400391, 0.400391, 0.139871, 0.404297, 0.400391, 0.143372, 
        0.376953, 0.404297, 0.11481, 0.380859, 0.404297, 0.11997, 0.384766, 0.404297, 0.125043, 0.388672, 0.404297, 0.129958, 0.392578, 0.404297, 0.134662, 0.396484, 0.404297, 0.139131, 0.400391, 0.404297, 0.143372, 0.404297, 0.404297, 0.147414
    ]
}
