{
    "level": 2,
    "idx": {"x": 14, "y": 23},
    "dim": {"x": 8, "y": 8},
    "offset": {"x": 0.439453, "y": 0.720703},
    "cellSize": {"x": 0.00390625, "y": 0.00390625},
    "vertices": [
        0.439453, 0.720703, 0.042695, 0.443359, 0.720703, 0.0431064, 0.447266, 0.720703, 0.0434704, 0.451172, 0.720703, 0.0437984, 0.455078, 0.720703, 0.0440975, 0.458984, 0.720703, 0.0443696, 0.462891, 0.720703, 0.0446106, 0.466797, 0.720703, 0.0448116, 
        0.439453, 0.724609, 0.0404098, 0.443359, 0.724609, 0.0402417, 0.447266, 0.724609, 0.0401159, 0.451172, 0.724609, 0.0401103, 0.455078, 0.724609, 0.0402748, 0.458984, 0.724609, 0.0406239, 0.462891, 0.724609, 0.0411342, 0.466797, 0.724609, 0.0417483, 
        0.439453, 0.728516, 0.0382305, 0.443359, 0.728516, 0.0375812, 0.447266, 0.728516, 0.0370479, 0.451172, 0.728516, 0.0367629, 0.455078, 0.728516, 0.0368112, 0.458984, 0.728516, 0.0372178, 0.462891, 0.728516, 0.0379433, 0.466797, 0.728516, 0.0388906, 
        0.439453, 0.732422, 0.0361601, 0.443359, 0.732422, 0.0351932, 0.447266, 0.732422, 0.0343889, 0.451172, 0.732422, 0.0339136, 0.455078, 0.732422, 0.0338744, 0.458984, 0.732422, 0.0343028, 0.462891, 0.732422, 0.0351496, 0.466797, 0.732422, 0.0362927, 
        0.439453, 0.736328, 0.0341988, 0.443359, 0.736328, 0.0331188, 0.447266, 0.736328, 0.0322139, 0.451172, 0.736328, 0.0316593, 0.455078, 0.736328, 0.0315677, 0.458984, 0.736328, 0.0319722, 0.462891, 0.736328, 0.0328213, 0.466797, 0.736328, 0.033987, 
        0.439453, 0.740234, 0.0323433, 0.443359, 0.740234, 0.031365, 0.447266, 0.740234, 0.0305386, 0.451172, 0.740234, 0.030021, 0.455078, 0.740234, 0.0299135, 0.458984, 0.740234, 0.0302459, 0.462891, 0.740234, 0.0309723, 0.466797, 0.740234, 0.031978, 
        0.439453, 0.744141, 0.0305867, 0.443359, 0.744141, 0.0299028, 0.447266, 0.744141, 0.0293155, 0.451172, 0.744141, 0.0289397, 0.455078, 0.744141, 0.0288494, 0.458984, 0.744141, 0.0290669, 0.462891, 0.744141, 0.0295587, 0.466797, 0.744141, 0.0302414, 
        0.439453, 0.748047, 0.0289188, 0.443359, 0.748047, 0.0286713, 0.447266, 0.748047, 0.0284415, 0.451172, 0.748047, 0.0282848, 0.455078, 0.748047, 0.028237, 0.458984, 0.748047, 0.0283092, 0.462891, 0.748047, 0.0284857, 0.466797, 0.748047, 0.0287271
    ]
}
