{
    "level": 2,
    "idx": {"x": 15, "y": 6},
    "dim": {"x": 16, "y": 16},
    "offset": {"x": 0.939453, "y": 0.376953},
    "cellSize": {"x": 0.00390625, "y": 0.00390625},
    "vertices": [
        0.939453, 0.376953, 0.0048125, 0.943359, 0.376953, 0.00987627, 0.947266, 0.376953, 0.00917926, 0.951172, 0.376953, 0.00312587, 0.955078, 0.376953, -0.00473527, 0.958984, 0.376953, -0.00979428, 0.962891, 0.376953, -0.00908527, 0.966797, 0.376953, -0.003027, 0.970703, 0.376953, 0.0048227, 0.974609, 0.376953, 0.00985507, 0.978516, 0.376953, 0.00911489, 0.982422, 0.376953, 0.00303507, 0.986328, 0.376953, -0.00481775, 0.990234, 0.376953, -0.00983602, 0.994141, 0.376953, -0.00907574, 0.998047, 0.376953, -0.00298391, 
        0.939453, 0.380859, 0.0121188, 0.943359, 0.380859, 0.0249894, 0.947266, 0.380859, 0.0232311, 0.951172, 0.380859, 0.00787089, 0.955078, 0.380859, -0.0120807, 0.958984, 0.380859, -0.0249184, 0.962891, 0.380859, -0.0231114, 0.966797, 0.380859, -0.00772294, 0.970703, 0.380859, 0.0122135, 0.974609, 0.380859, 0.0249956, 0.978516, 0.380859, 0.0231201, 0.982422, 0.380859, 0.00768603, 0.986328, 0.380859, -0.0122503, 0.990234, 0.380859, -0.0249898, 0.994141, 0.380859, -0.0230572, 0.998047, 0.380859, -0.00758745, 
        0.939453, 0.384766, 0.0123539, 0.943359, 0.384766, 0.0254725, 0.947266, 0.384766, 0.0236802, 0.951172, 0.384766, 0.00802355, 0.955078, 0.384766, -0.0123129, 0.958984, 0.384766, -0.0253984, 0.962891, 0.384766, -0.0235567, 0.966797, 0.384766, -0.00787143, 0.970703, 0.384766, 0.0124494, 0.974609, 0.384766, 0.0254781, 0.978516, 0.384766, 0.0235663, 0.982422, 0.384766, 0.00783455, 0.986328, 0.384766, -0.0124864, 0.990234, 0.384766, -0.0254716, 0.994141, 0.384766, -0.0235018, 0.998047, 0.384766, -0.00773366, 
        0.939453, 0.388672, 0.00538122, 0.943359, 0.388672, 0.0110435, 0.947266, 0.388672, 0.0102641, 0.951172, 0.388672, 0.00349527, 0.955078, 0.388672, -0.00529495, 0.958984, 0.388672, -0.0109519, 0.962891, 0.388672, -0.0101591, 0.966797, 0.388672, -0.00338478, 0.970703, 0.388672, 0.00539266, 0.974609, 0.388672, 0.0110198, 0.978516, 0.388672, 0.0101921, 0.982422, 0.388672, 0.00339376, 0.986328, 0.388672, -0.00538716, 0.990234, 0.388672, -0.0109985, 0.994141, 0.388672, -0.0101484, 0.998047, 0.388672, -0.00333657, 
        0.939453, 0.392578, -0.00470553, 0.943359, 0.392578, -0.00982843, 0.947266, 0.392578, -0.00914243, 0.951172, 0.392578, -0.00305541, 0.955078, 0.392578, 0.00485554, 0.958984, 0.392578, 0.0099437, 0.962891, 0.392578, 0.00921937, 0.966797, 0.392578, 0.0031045, 0.970703, 0.392578, -0.00481496, 0.974609, 0.392578, -0.00989372, 0.978516, 0.392578, -0.0091532, 0.982422, 0.392578, -0.00302984, 0.986328, 0.392578, 0.00488127, 0.990234, 0.392578, 0.00993584, 0.994141, 0.392578, 0.00916641, 0.998047, 0.392578, 0.00302345, 
        0.939453, 0.396484, -0.0119852, 0.943359, 0.396484, -0.0248926, 0.947266, 0.396484, -0.023149, 0.951172, 0.396484, -0.00778306, 0.955078, 0.396484, 0.0121823, 0.958984, 0.396484, 0.025026, 0.962891, 0.396484, 0.0232065, 0.966797, 0.396484, 0.00778856, 0.970703, 0.396484, -0.0121823, 0.974609, 0.396484, -0.0249884, 0.978516, 0.396484, -0.023116, 0.982422, 0.396484, -0.00766609, 0.986328, 0.396484, 0.0122929, 0.990234, 0.396484, 0.0250458, 0.994141, 0.396484, 0.0231074, 0.998047, 0.396484, 0.00761404, 
        0.939453, 0.400391, -0.012184, 0.943359, 0.400391, -0.0253071, 0.947266, 0.400391, -0.0235345, 0.951172, 0.400391, -0.00791216, 0.955078, 0.400391, 0.0123864, 0.958984, 0.400391, 0.0254444, 0.962891, 0.400391, 0.0235945, 0.966797, 0.400391, 0.00791906, 0.970703, 0.400391, -0.0123853, 0.974609, 0.400391, -0.0254052, 0.978516, 0.400391, -0.0235016, 0.982422, 0.400391, -0.00779381, 0.986328, 0.400391, 0.0124983, 0.990234, 0.400391, 0.0254642, 0.994141, 0.400391, 0.0234934, 0.998047, 0.400391, 0.0077413, 
        0.939453, 0.404297, -0.00518375, 0.943359, 0.404297, -0.0108272, 0.947266, 0.404297, -0.0100715, 0.951172, 0.404297, -0.00336594, 0.955078, 0.404297, 0.00534892, 0.958984, 0.404297, 0.0109541, 0.962891, 0.404297, 0.0101562, 0.966797, 0.404297, 0.00341995, 0.970703, 0.404297, -0.00530427, 0.974609, 0.404297, -0.0108991, 0.978516, 0.404297, -0.0100833, 0.982422, 0.404297, -0.00333774, 0.986328, 0.404297, 0.00537728, 0.990234, 0.404297, 0.0109455, 0.994141, 0.404297, 0.0100979, 0.998047, 0.404297, 0.00333068, 
        0.939453, 0.408203, 0.00490876, 0.943359, 0.408203, 0.0100504, 0.947266, 0.408203, 0.00934004, 0.951172, 0.408203, 0.00318853, 0.955078, 0.408203, -0.0047992, 0.958984, 0.408203, -0.00994008, 0.962891, 0.408203, -0.00922113, 0.966797, 0.408203, -0.00306779, 0.970703, 0.408203, 0.00490559, 0.974609, 0.408203, 0.010017, 0.978516, 0.408203, 0.00926432, 0.982422, 0.408203, 0.00308728, 0.986328, 0.408203, -0.00489083, 0.990234, 0.408203, -0.00998929, 0.994141, 0.408203, -0.00921737, 0.998047, 0.408203, -0.00302914, 
        0.939453, 0.412109, 0.0121721, 0.943359, 0.412109, 0.0250747, 0.947266, 0.412109, 0.0233093, 0.951172, 0.412109, 0.00790563, 0.955078, 0.412109, -0.0121015, 0.958984, 0.412109, -0.0249754, 0.962891, 0.412109, -0.0231649, 0.966797, 0.412109, -0.00773617, 0.970703, 0.412109, 0.0122529, 0.974609, 0.412109, 0.0250686, 0.978516, 0.412109, 0.0231872, 0.982422, 0.412109, 0.00771091, 0.986328, 0.412109, -0.0122797, 0.990234, 0.412109, -0.025054, 0.994141, 0.412109, -0.0231167, 0.998047, 0.412109, -0.00760565, 
        0.939453, 0.416016, 0.012345, 0.943359, 0.416016, 0.0254295, 0.947266, 0.416016, 0.023639, 0.951172, 0.416016, 0.00801795, 0.955078, 0.416016, -0.0122715, 0.958984, 0.416016, -0.0253271, 0.962891, 0.416016, -0.0234912, 0.966797, 0.416016, -0.00784486, 0.970703, 0.416016, 0.0124261, 0.974609, 0.416016, 0.0254226, 0.978516, 0.416016, 0.0235146, 0.982422, 0.416016, 0.00781994, 0.986328, 0.416016, -0.0124528, 0.990234, 0.416016, -0.0254073, 0.994141, 0.416016, -0.0234426, 0.998047, 0.416016, -0.00771281, 
        0.939453, 0.419922, 0.00532755, 0.943359, 0.419922, 0.0109079, 0.947266, 0.419922, 0.010137, 0.951172, 0.419922, 0.00346056, 0.955078, 0.419922, -0.00520873, 0.958984, 0.419922, -0.0107883, 0.962891, 0.419922, -0.010008, 0.966797, 0.419922, -0.00332957, 0.970703, 0.419922, 0.00532415, 0.974609, 0.419922, 0.0108717, 0.978516, 0.419922, 0.0100548, 0.982422, 0.419922, 0.0033507, 0.986328, 0.419922, -0.00530816, 0.990234, 0.419922, -0.0108417, 0.994141, 0.419922, -0.0100039, 0.998047, 0.419922, -0.00328761, 
        0.939453, 0.423828, -0.0047606, 0.943359, 0.423828, -0.00996663, 0.947266, 0.423828, -0.00927199, 0.951172, 0.423828, -0.00309105, 0.955078, 0.423828, 0.00494279, 0.958984, 0.423828, 0.0101096, 0.962891, 0.423828, 0.0093726, 0.966797, 0.423828, 0.00316036, 0.970703, 0.423828, -0.00488474, 0.974609, 0.423828, -0.0100443, 0.978516, 0.423828, -0.00929282, 0.982422, 0.423828, -0.0030737, 0.986328, 0.423828, 0.00496141, 0.990234, 0.423828, 0.0100951, 0.994141, 0.423828, 0.00931313, 0.998047, 0.423828, 0.00307312, 
        0.939453, 0.427734, -0.0119975, 0.943359, 0.427734, -0.024942, 0.947266, 0.427734, -0.023196, 0.951172, 0.427734, -0.00779095, 0.955078, 0.427734, 0.0122261, 0.958984, 0.427734, 0.0251026, 0.962891, 0.427734, 0.023277, 0.966797, 0.427734, 0.00781663, 0.970703, 0.427734, -0.0122087, 0.974609, 0.427734, -0.0250498, 0.978516, 0.427734, -0.0231732, 0.982422, 0.427734, -0.0076826, 0.986328, 0.427734, 0.0123292, 0.990234, 0.427734, 0.0251157, 0.994141, 0.427734, 0.0231717, 0.998047, 0.427734, 0.00763655, 
        0.939453, 0.431641, -0.0121347, 0.943359, 0.431641, -0.0252286, 0.947266, 0.431641, -0.0234626, 0.951172, 0.431641, -0.00788004, 0.955078, 0.431641, 0.0123677, 0.958984, 0.431641, 0.0253925, 0.962891, 0.431641, 0.0235458, 0.966797, 0.431641, 0.00790714, 0.970703, 0.431641, -0.0123491, 0.974609, 0.431641, -0.0253383, 0.978516, 0.431641, -0.0234401, 0.982422, 0.431641, -0.00777095, 0.986328, 0.431641, 0.0124715, 0.990234, 0.431641, 0.0254054, 0.994141, 0.431641, 0.023439, 0.998047, 0.431641, 0.0077247, 
