{
    "level": 2,
    "idx": {"x": 17, "y": 22},
    "dim": {"x": 8, "y": 8},
    "offset": {"x": 0.533203, "y": 0.689453},
    "cellSize": {"x": 0.00390625, "y": 0.00390625},
    "vertices": [
        0.533203, 0.689453, 0.0675078, 0.537109, 0.689453, 0.0665081, 0.541016, 0.689453, 0.0654589, 0.544922, 0.689453, 0.0643758, 0.548828, 0.689453, 0.0632704, 0.552734, 0.689453, 0.0621487, 0.556641, 0.689453, 0.0610114, 0.560547, 0.689453, 0.0598539, 
        0.533203, 0.693359, 0.063133, 0.537109, 0.693359, 0.0616237, 0.541016, 0.693359, 0.0601618, 0.544922, 0.693359, 0.0588286, 0.548828, 0.693359, 0.0576776, 0.552734, 0.693359, 0.0567265, 0.556641, 0.693359, 0.0559554, 0.560547, 0.693359, 0.0553105, 
        0.533203, 0.697266, 0.0589399, 0.537109, 0.697266, 0.0570145, 0.541016, 0.697266, 0.0552167, 0.544922, 0.697266, 0.0536818, 0.548828, 0.697266, 0.0524977, 0.552734, 0.697266, 0.0516916, 0.556641, 0.697266, 0.0512269, 0.560547, 0.697266, 0.0510092, 
        0.533203, 0.701172, 0.0549388, 0.537109, 0.701172, 0.0527562, 0.541016, 0.701172, 0.0507535, 0.544922, 0.701172, 0.0491, 0.548828, 0.701172, 0.047905, 0.552734, 0.701172, 0.0472019, 0.556641, 0.701172, 0.0469434, 0.560547, 0.701172, 0.0470096, 
        0.533203, 0.705078, 0.0511362, 0.537109, 0.705078, 0.0488965, 0.541016, 0.705078, 0.046854, 0.544922, 0.705078, 0.0451866, 0.548828, 0.705078, 0.0440092, 0.552734, 0.705078, 0.0433566, 0.556641, 0.705078, 0.0431788, 0.560547, 0.705078, 0.0433492, 
        0.533203, 0.708984, 0.0475335, 0.537109, 0.708984, 0.0454475, 0.541016, 0.708984, 0.0435391, 0.544922, 0.708984, 0.0419683, 0.548828, 0.708984, 0.0408386, 0.552734, 0.708984, 0.0401814, 0.556641, 0.708984, 0.0399524, 0.560547, 0.708984, 0.0400381, 
        0.533203, 0.712891, 0.0441274, 0.537109, 0.712891, 0.0423843, 0.541016, 0.712891, 0.0407661, 0.544922, 0.712891, 0.0393911, 0.548828, 0.712891, 0.038336, 0.552734, 0.712891, 0.037625, 0.556641, 0.712891, 0.0372263, 0.560547, 0.712891, 0.0370579, 
        0.533203, 0.716797, 0.0409098, 0.537109, 0.716797, 0.0396484, 0.541016, 0.716797, 0.038435, 0.544922, 0.716797, 0.0373285, 0.548828, 0.716797, 0.0363679, 0.552734, 0.716797, 0.0355667, 0.556641, 0.716797, 0.0349114, 0.560547, 0.716797, 0.0343643
    ]
}
