{
    "level": 2,
    "idx": {"x": 18, "y": 29},
    "dim": {"x": 8, "y": 8},
    "offset": {"x": 0.564453, "y": 0.908203},
    "cellSize": {"x": 0.00390625, "y": 0.00390625},
    "vertices": [
        0.564453, 0.908203, 0.00714485, 0.568359, 0.908203, 0.00719916, 0.572266, 0.908203, 0.00723662, 0.576172, 0.908203, 0.00727194, 0.580078, 0.908203, 0.00731442, 0.583984, 0.908203, 0.00736642, 0.587891, 0.908203, 0.00742294, 0.591797, 0.908203, 0.00747241, 
        0.564453, 0.912109, 0.00710302, 0.568359, 0.912109, 0.00664126, 0.572266, 0.912109, 0.00625296, 0.576172, 0.912109, 0.00601814, 0.580078, 0.912109, 0.0059876, 0.583984, 0.912109, 0.00617506, 0.587891, 0.912109, 0.00655507, 0.591797, 0.912109, 0.00706678, 
        0.564453, 0.916016, 0.00704237, 0.568359, 0.916016, 0.00616135, 0.572266, 0.916016, 0.00542721, 0.576172, 0.916016, 0.00497292, 0.580078, 0.916016, 0.00488297, 0.583984, 0.916016, 0.00518031, 0.587891, 0.916016, 0.00582284, 0.591797, 0.916016, 0.00670982, 
        0.564453, 0.919922, 0.00697161, 0.568359, 0.919922, 0.00583236, 0.572266, 0.919922, 0.00488527, 0.576172, 0.919922, 0.00429589, 0.580078, 0.919922, 0.00416938, 0.583984, 0.919922, 0.00453439, 0.587891, 0.919922, 0.00533859, 0.591797, 0.919922, 0.0064567, 
        0.564453, 0.923828, 0.00689611, 0.568359, 0.923828, 0.00569915, 0.572266, 0.923828, 0.00470459, 0.576172, 0.923828, 0.00408517, 0.580078, 0.923828, 0.00395065, 0.583984, 0.923828, 0.00433092, 0.587891, 0.923828, 0.0051714, 0.591797, 0.923828, 0.00634136, 
        0.564453, 0.927734, 0.00681698, 0.568359, 0.927734, 0.00577156, 0.572266, 0.927734, 0.00490222, 0.576172, 0.927734, 0.00436243, 0.580078, 0.927734, 0.00424971, 0.583984, 0.927734, 0.00459057, 0.587891, 0.927734, 0.00533651, 0.591797, 0.927734, 0.00637131, 
        0.564453, 0.931641, 0.0067309, 0.568359, 0.931641, 0.00602293, 0.572266, 0.931641, 0.00543223, 0.576172, 0.931641, 0.00506949, 0.580078, 0.931641, 0.00500502, 0.583984, 0.931641, 0.00525789, 0.587891, 0.931641, 0.005793, 0.591797, 0.931641, 0.0065264, 
        0.564453, 0.935547, 0.00663061, 0.568359, 0.935547, 0.00639413, 0.572266, 0.935547, 0.00619271, 0.576172, 0.935547, 0.00607725, 0.580078, 0.935547, 0.00608005, 0.583984, 0.935547, 0.00620975, 0.587891, 0.935547, 0.00645002, 0.591797, 0.935547, 0.006762
    ]
}
