{
    "level": 2,
    "idx": {"x": 1, "y": 12},
    "dim": {"x": 16, "y": 16},
    "offset": {"x": 0.0644531, "y": 0.751953},
    "cellSize": {"x": 0.00390625, "y": 0.00390625},
    "vertices": [
        0.0644531, 0.751953, 0.00370793, 0.0683594, 0.751953, 0.0108743, 0.0722656, 0.751953, 0.0116664, 0.0761719, 0.751953, 0.00562048, 0.0800781, 0.751953, -0.00371399, 0.0839844, 0.751953, -0.0108575, 0.0878906, 0.751953, -0.0116161, 0.0917969, 0.751953, -0.00554285, 0.0957031, 0.751953, 0.00380009, 0.0996094, 0.751953, 0.0109319, 0.103516, 0.751953, 0.0116696, 0.107422, 0.751953, 0.00558321, 0.111328, 0.751953, -0.00375215, 0.115234, 0.751953, -0.0108542, 0.119141, 0.751953, -0.0115509, 0.123047, 0.751953, -0.00542886, 
        0.0644531, 0.755859, 0.00814757, 0.0683594, 0.755859, 0.0239194, 0.0722656, 0.755859, 0.0256606, 0.0761719, 0.755859, 0.0123503, 0.0800781, 0.755859, -0.00819889, 0.0839844, 0.755859, -0.0239259, 0.0878906, 0.755859, -0.0255995, 0.0917969, 0.755859, -0.0122359, 0.0957031, 0.755859, 0.00832405, 0.0996094, 0.755859, 0.0240164, 0.103516, 0.755859, 0.0256341, 0.107422, 0.755859, 0.0122304, 0.111328, 0.755859, -0.00832545, 0.115234, 0.755859, -0.0239665, 0.119141, 0.755859, -0.0255096, 0.123047, 0.755859, -0.0120451, 
        0.0644531, 0.759766, 0.00781157, 0.0683594, 0.759766, 0.0229336, 0.0722656, 0.759766, 0.024603, 0.0761719, 0.759766, 0.011841, 0.0800781, 0.759766, -0.0078618, 0.0839844, 0.759766, -0.022941, 0.0878906, 0.759766, -0.0245458, 0.0917969, 0.759766, -0.0117328, 0.0957031, 0.759766, 0.00798008, 0.0996094, 0.759766, 0.0230259, 0.103516, 0.759766, 0.0245768, 0.107422, 0.759766, 0.011725, 0.111328, 0.759766, -0.00798427, 0.115234, 0.759766, -0.0229812, 0.119141, 0.759766, -0.0244611, 0.123047, 0.759766, -0.0115515, 
        0.0644531, 0.763672, 0.00289669, 0.0683594, 0.763672, 0.00849509, 0.0722656, 0.763672, 0.00911389, 0.0761719, 0.763672, 0.00439081, 0.0800781, 0.763672, -0.00290135, 0.0839844, 0.763672, -0.00848191, 0.0878906, 0.763672, -0.00907454, 0.0917969, 0.763672, -0.00433005, 0.0957031, 0.763672, 0.00296874, 0.0996094, 0.763672, 0.00854015, 0.103516, 0.763672, 0.00911649, 0.107422, 0.763672, 0.00436176, 0.111328, 0.763672, -0.00293109, 0.115234, 0.763672, -0.00847925, 0.119141, 0.763672, -0.0090235, 0.123047, 0.763672, -0.0042409, 
        0.0644531, 0.767578, -0.00371309, 0.0683594, 0.767578, -0.0109232, 0.0722656, 0.767578, -0.0117173, 0.0761719, 0.767578, -0.00562857, 0.0800781, 0.767578, 0.00377053, 0.0839844, 0.767578, 0.010965, 0.0878906, 0.767578, 0.0117337, 0.0917969, 0.767578, 0.00562681, 0.0957031, 0.767578, -0.00377021, 0.0996094, 0.767578, -0.0109409, 0.103516, 0.767578, -0.0116751, 0.107422, 0.767578, -0.00553994, 0.111328, 0.767578, 0.00386644, 0.115234, 0.767578, 0.0110262, 0.119141, 0.767578, 0.0117405, 0.123047, 0.767578, 0.00559327, 
        0.0644531, 0.771484, -0.00813907, 0.0683594, 0.771484, -0.0239255, 0.0722656, 0.771484, -0.0256657, 0.0761719, 0.771484, -0.0123376, 0.0800781, 0.771484, 0.0082376, 0.0839844, 0.771484, 0.0239859, 0.0878906, 0.771484, 0.0256661, 0.0917969, 0.771484, 0.0122933, 0.0957031, 0.771484, -0.00828302, 0.0996094, 0.771484, -0.0239857, 0.103516, 0.771484, -0.0255975, 0.107422, 0.771484, -0.0121707, 0.111328, 0.771484, 0.00841709, 0.115234, 0.771484, 0.0240858, 0.119141, 0.771484, 0.0256426, 0.123047, 0.771484, 0.0121768, 
        0.0644531, 0.775391, -0.00778418, 0.0683594, 0.775391, -0.0228818, 0.0722656, 0.775391, -0.0245461, 0.0761719, 0.775391, -0.0117997, 0.0800781, 0.775391, 0.00787765, 0.0839844, 0.775391, 0.0229387, 0.0878906, 0.775391, 0.0245455, 0.0917969, 0.775391, 0.0117561, 0.0957031, 0.775391, -0.00792239, 0.0996094, 0.775391, -0.0229399, 0.103516, 0.775391, -0.0244816, 0.107422, 0.775391, -0.0116408, 0.111328, 0.775391, 0.00804844, 0.115234, 0.775391, 0.0230333, 0.119141, 0.775391, 0.0245219, 0.123047, 0.775391, 0.0116435, 
        0.0644531, 0.779297, -0.002857, 0.0683594, 0.779297, -0.00840475, 0.0722656, 0.779297, -0.00901576, 0.0761719, 0.779297, -0.00433084, 0.0800781, 0.779297, 0.00290125, 0.0839844, 0.779297, 0.00843698, 0.0878906, 0.779297, 0.00902847, 0.0917969, 0.779297, 0.00432958, 0.0957031, 0.779297, -0.00290091, 0.0996094, 0.779297, -0.00841836, 0.103516, 0.779297, -0.0089833, 0.107422, 0.779297, -0.00426259, 0.111328, 0.779297, 0.00297511, 0.115234, 0.779297, 0.00848421, 0.119141, 0.779297, 0.0090338, 0.123047, 0.779297, 0.00430386, 
        0.0644531, 0.783203, 0.00375046, 0.0683594, 0.783203, 0.0110088, 0.0722656, 0.783203, 0.0118103, 0.0761719, 0.783203, 0.00568503, 0.0800781, 0.783203, -0.00377157, 0.0839844, 0.783203, -0.011009, 0.0878906, 0.783203, -0.0117789, 0.0917969, 0.783203, -0.00562867, 0.0957031, 0.783203, 0.00383342, 0.0996094, 0.783203, 0.0110555, 0.103516, 0.783203, 0.0118003, 0.107422, 0.783203, 0.00563236, 0.111328, 0.783203, -0.00382701, 0.115234, 0.783203, -0.0110245, 0.119141, 0.783203, -0.011734, 0.123047, 0.783203, -0.00553689, 
        0.0644531, 0.787109, 0.00816021, 0.0683594, 0.787109, 0.0239655, 0.0722656, 0.787109, 0.0257096, 0.0761719, 0.787109, 0.0123695, 0.0800781, 0.787109, -0.00822531, 0.0839844, 0.787109, -0.0239876, 0.0878906, 0.787109, -0.0256663, 0.0917969, 0.787109, -0.0122752, 0.0957031, 0.787109, 0.00832759, 0.0996094, 0.787109, 0.024052, 0.103516, 0.787109, 0.025671, 0.107422, 0.787109, 0.0122358, 0.111328, 0.787109, -0.00836744, 0.115234, 0.787109, -0.0240455, 0.119141, 0.787109, -0.0255954, 0.123047, 0.787109, -0.0121056, 
        0.0644531, 0.791016, 0.00778397, 0.0683594, 0.791016, 0.0228609, 0.0722656, 0.791016, 0.0245246, 0.0761719, 0.791016, 0.0117992, 0.0800781, 0.791016, -0.00784663, 0.0839844, 0.791016, -0.0228827, 0.0878906, 0.791016, -0.024484, 0.0917969, 0.791016, -0.0117101, 0.0957031, 0.791016, 0.00794324, 0.0996094, 0.791016, 0.022943, 0.103516, 0.791016, 0.0244873, 0.107422, 0.791016, 0.0116711, 0.111328, 0.791016, -0.00798285, 0.115234, 0.791016, -0.0229385, 0.119141, 0.791016, -0.0244172, 0.123047, 0.791016, -0.0115492, 
        0.0644531, 0.794922, 0.00284231, 0.0683594, 0.794922, 0.00834308, 0.0722656, 0.794922, 0.00895046, 0.0761719, 0.794922, 0.00430843, 0.0800781, 0.794922, -0.00285826, 0.0839844, 0.794922, -0.00834312, 0.0878906, 0.794922, -0.00892663, 0.0917969, 0.794922, -0.00426565, 0.0957031, 0.794922, 0.00290521, 0.0996094, 0.794922, 0.00837844, 0.103516, 0.794922, 0.00894295, 0.107422, 0.794922, 0.00426856, 0.111328, 0.794922, -0.00290022, 0.115234, 0.794922, -0.00835482, 0.119141, 0.794922, -0.00889253, 0.123047, 0.794922, -0.00419602, 
        0.0644531, 0.798828, -0.00376489, 0.0683594, 0.798828, -0.0110681, 0.0722656, 0.798828, -0.0118731, 0.0761719, 0.798828, -0.00570703, 0.0800781, 0.798828, 0.00381186, 0.0839844, 0.798828, 0.0110977, 0.0878906, 0.798828, 0.0118751, 0.0917969, 0.798828, 0.00568858, 0.0957031, 0.798828, -0.00383053, 0.0996094, 0.798828, -0.0110949, 0.103516, 0.798828, -0.0118404, 0.107422, 0.798828, -0.00562843, 0.111328, 0.798828, 0.00389644, 0.115234, 0.798828, 0.0111456, 0.119141, 0.798828, 0.0118662, 0.123047, 0.798828, 0.00563688, 
        0.0644531, 0.802734, -0.00816032, 0.0683594, 0.802734, -0.0239813, 0.0722656, 0.802734, -0.0257258, 0.0761719, 0.802734, -0.0123698, 0.0800781, 0.802734, 0.00824888, 0.0839844, 0.802734, 0.0240302, 0.0878906, 0.802734, 0.0257129, 0.0917969, 0.802734, 0.0123102, 0.0957031, 0.802734, -0.00831165, 0.0996094, 0.802734, -0.0240496, 0.103516, 0.802734, -0.0256665, 0.107422, 0.802734, -0.0122127, 0.111328, 0.802734, 0.00841736, 0.115234, 0.802734, 0.0241175, 0.119141, 0.802734, 0.025675, 0.123047, 0.802734, 0.0121774, 
