{
    "level": 2,
    "idx": {"x": 21, "y": 29},
    "dim": {"x": 8, "y": 8},
    "offset": {"x": 0.658203, "y": 0.908203},
    "cellSize": {"x": 0.00390625, "y": 0.00390625},
    "vertices": [
        0.658203, 0.908203, 0.00151214, 0.662109, 0.908203, 0.00109074, 0.666016, 0.908203, 0.000643156, 0.669922, 0.908203, 0.000156957, 0.673828, 0.908203, -0.000374606, 0.677734, 0.908203, -0.000951107, 0.681641, 0.908203, -0.00156459, 0.685547, 0.908203, -0.00220035, 
        0.658203, 0.912109, 0.00159798, 0.662109, 0.912109, 0.00168925, 0.666016, 0.912109, 0.00166184, 0.669922, 0.912109, 0.0014385, 0.673828, 0.912109, 0.000971645, 0.677734, 0.912109, 0.000251101, 0.681641, 0.912109, -0.000693933, 0.685547, 0.912109, -0.00179891, 
        0.658203, 0.916016, 0.00166163, 0.662109, 0.916016, 0.00217075, 0.666016, 0.916016, 0.00248616, 0.669922, 0.916016, 0.00247801, 0.673828, 0.916016, 0.0020656, 0.677734, 0.916016, 0.00123012, 0.681641, 0.916016, 1.80025e-05, 0.685547, 0.916016, -0.00146577, 
        0.658203, 0.919922, 0.00169193, 0.662109, 0.919922, 0.00246005, 0.666016, 0.919922, 0.00298833, 0.669922, 0.919922, 0.00311459, 0.673828, 0.919922, 0.00273773, 0.677734, 0.919922, 0.00183366, 0.681641, 0.919922, 0.00045938, 0.685547, 0.919922, -0.00125529, 
        0.658203, 0.923828, 0.00168197, 0.662109, 0.923828, 0.00251086, 0.666016, 0.923828, 0.00308973, 0.669922, 0.923828, 0.00324924, 0.673828, 0.923828, 0.00288377, 0.677734, 0.923828, 0.00196803, 0.681641, 0.923828, 0.000561355, 0.685547, 0.923828, -0.00120097, 
        0.658203, 0.927734, 0.00163015, 0.662109, 0.927734, 0.00231286, 0.666016, 0.927734, 0.00277289, 0.669922, 0.927734, 0.00285998, 0.673828, 0.927734, 0.00248054, 0.677734, 0.927734, 0.0016124, 0.681641, 0.927734, 0.00030857, 0.685547, 0.927734, -0.00131038, 
        0.658203, 0.931641, 0.00154037, 0.662109, 0.931641, 0.00189326, 0.666016, 0.931641, 0.00208412, 0.669922, 0.931641, 0.00200515, 0.673828, 0.931641, 0.0015895, 0.677734, 0.931641, 0.000821911, 0.681641, 0.931641, -0.00025854, 0.685547, 0.931641, -0.001564, 
        0.658203, 0.935547, 0.00142147, 0.662109, 0.935547, 0.00131258, 0.666016, 0.935547, 0.00112642, 0.669922, 0.935547, 0.000814493, 0.673828, 0.935547, 0.000347319, 0.677734, 0.935547, -0.000280688, 0.681641, 0.935547, -0.00104995, 0.685547, 0.935547, -0.0019183
    ]
}
