{
    "level": 2,
    "idx": {"x": 24, "y": 24},
    "dim": {"x": 8, "y": 8},
    "offset": {"x": 0.751953, "y": 0.751953},
    "cellSize": {"x": 0.00390625, "y": 0.00390625},
    "vertices": [
        0.751953, 0.751953, 0.00940754, 0.755859, 0.751953, 0.00933601, 0.759766, 0.751953, 0.00921456, 0.763672, 0.751953, 0.00903051, 0.767578, 0.751953, 0.00877618, 0.771484, 0.751953, 0.00845004, 0.775391, 0.751953, 0.00805702, 0.779297, 0.751953, 0.00760789, 
        0.751953, 0.755859, 0.00933601, 0.755859, 0.755859, 0.00979424, 0.759766, 0.755859, 0.0101074, 0.763672, 0.755859, 0.0101982, 0.767578, 0.755859, 0.0100187, 0.771484, 0.755859, 0.00955726, 0.775391, 0.755859, 0.00884102, 0.779297, 0.755859, 0.00793136, 
        0.751953, 0.759766, 0.00921456, 0.755859, 0.759766, 0.0101074, 0.759766, 0.759766, 0.0107776, 0.763672, 0.759766, 0.011095, 0.767578, 0.759766, 0.0109785, 0.771484, 0.759766, 0.0104087, 0.775391, 0.759766, 0.0094305, 0.779297, 0.759766, 0.00814678, 
        0.751953, 0.763672, 0.00903051, 0.755859, 0.763672, 0.0101982, 0.759766, 0.763672, 0.011095, 0.763672, 0.763672, 0.0115577, 0.767578, 0.763672, 0.0114846, 0.771484, 0.763672, 0.0108511, 0.775391, 0.763672, 0.00971365, 0.779297, 0.763672, 0.0082008, 
        0.751953, 0.767578, 0.00877618, 0.755859, 0.767578, 0.0100187, 0.759766, 0.767578, 0.0109785, 0.763672, 0.767578, 0.0114846, 0.767578, 0.767578, 0.01143, 0.771484, 0.767578, 0.0107891, 0.775391, 0.767578, 0.00962087, 0.779297, 0.767578, 0.00806035, 
        0.751953, 0.771484, 0.00845004, 0.755859, 0.771484, 0.00955726, 0.759766, 0.771484, 0.0104087, 0.763672, 0.771484, 0.0108511, 0.767578, 0.771484, 0.0107891, 0.771484, 0.771484, 0.0101996, 0.775391, 0.771484, 0.00913547, 0.779297, 0.771484, 0.00771769, 
        0.751953, 0.775391, 0.00805702, 0.755859, 0.775391, 0.00884102, 0.759766, 0.775391, 0.0094305, 0.763672, 0.775391, 0.00971365, 0.767578, 0.775391, 0.00962087, 0.771484, 0.775391, 0.00913547, 0.775391, 0.775391, 0.00829625, 0.779297, 0.775391, 0.00719171, 
        0.751953, 0.779297, 0.00760789, 0.755859, 0.779297, 0.00793136, 0.759766, 0.779297, 0.00814678, 0.763672, 0.779297, 0.0082008, 0.767578, 0.779297, 0.00806035, 0.771484, 0.779297, 0.00771769, 0.775391, 0.779297, 0.00719171, 0.779297, 0.779297, 0.00652508
    ]
}
