{
    "level": 2,
    "idx": {"x": 27, "y": 19},
    "dim": {"x": 8, "y": 8},
    "offset": {"x": 0.845703, "y": 0.595703},
    "cellSize": {"x": 0.00390625, "y": 0.00390625},
    "vertices": [
        0.845703, 0.595703, 0.0033161, 0.849609, 0.595703, 0.00373838, 0.853516, 0.595703, 0.00415155, 0.857422, 0.595703, 0.0045415, 0.861328, 0.595703, 0.00489806, 0.865234, 0.595703, 0.00521597, 0.869141, 0.595703, 0.00549512, 0.873047, 0.595703, 0.00574, 
        0.845703, 0.599609, 0.00335015, 0.849609, 0.599609, 0.00428766, 0.853516, 0.599609, 0.00511907, 0.857422, 0.599609, 0.00576588, 0.861328, 0.599609, 0.00617812, 0.865234, 0.599609, 0.00634141, 0.869141, 0.599609, 0.00627857, 0.873047, 0.599609, 0.00604559, 
        0.845703, 0.603516, 0.00335533, 0.849609, 0.603516, 0.00471389, 0.853516, 0.603516, 0.00588643, 0.857422, 0.603516, 0.00674144, 0.861328, 0.603516, 0.0071962, 0.865234, 0.603516, 0.00722881, 0.869141, 0.603516, 0.00688103, 0.873047, 0.603516, 0.00625133, 
        0.845703, 0.607422, 0.00331759, 0.849609, 0.607422, 0.0049378, 0.853516, 0.607422, 0.0063213, 0.857422, 0.607422, 0.00730304, 0.861328, 0.607422, 0.00777959, 0.865234, 0.607422, 0.00772436, 0.869141, 0.607422, 0.00719114, 0.873047, 0.607422, 0.00630535, 
        0.845703, 0.611328, 0.00322818, 0.849609, 0.611328, 0.00490934, 0.853516, 0.611328, 0.00634003, 0.857422, 0.611328, 0.00734627, 0.861328, 0.611328, 0.00781915, 0.865234, 0.611328, 0.0077309, 0.869141, 0.611328, 0.00713864, 0.873047, 0.611328, 0.00617517, 
        0.845703, 0.615234, 0.00308507, 0.849609, 0.615234, 0.0046154, 0.853516, 0.615234, 0.00592052, 0.857422, 0.615234, 0.0068435, 0.861328, 0.615234, 0.00728602, 0.865234, 0.615234, 0.00722287, 0.869141, 0.615234, 0.0067053, 0.873047, 0.615234, 0.00585276, 
        0.845703, 0.619141, 0.00289327, 0.849609, 0.619141, 0.00408187, 0.853516, 0.619141, 0.00510566, 0.857422, 0.619141, 0.00584816, 0.861328, 0.619141, 0.00623613, 0.865234, 0.619141, 0.00625029, 0.869141, 0.619141, 0.00592774, 0.873047, 0.619141, 0.00535592, 
        0.845703, 0.623047, 0.00266422, 0.849609, 0.623047, 0.00336978, 0.853516, 0.623047, 0.00399686, 0.857422, 0.623047, 0.00448669, 0.861328, 0.623047, 0.00480181, 0.865234, 0.623047, 0.00493131, 0.869141, 0.623047, 0.00489206, 0.873047, 0.623047, 0.00472573
    ]
}
