{
    "level": 2,
    "idx": {"x": 28, "y": 1},
    "dim": {"x": 8, "y": 8},
    "offset": {"x": 0.876953, "y": 0.0332031},
    "cellSize": {"x": 0.00390625, "y": 0.00390625},
    "vertices": [
        0.876953, 0.0332031, -0.00299433, 0.880859, 0.0332031, -0.00320387, 0.884766, 0.0332031, -0.00339525, 0.888672, 0.0332031, -0.00356693, 0.892578, 0.0332031, -0.00371766, 0.896484, 0.0332031, -0.00384656, 0.900391, 0.0332031, -0.0039531, 0.904297, 0.0332031, -0.00403711, 
        0.876953, 0.0371094, -0.00343601, 0.880859, 0.0371094, -0.00419315, 0.884766, 0.0371094, -0.00483175, 0.888672, 0.0371094, -0.00528501, 0.892578, 0.0371094, -0.00551141, 0.896484, 0.0371094, -0.0055009, 0.900391, 0.0371094, -0.00527628, 0.904297, 0.0371094, -0.00488962, 
        0.876953, 0.0410156, -0.00384118, 0.880859, 0.0410156, -0.00506388, 0.884766, 0.0410156, -0.0060829, 0.888672, 0.0410156, -0.00677623, 0.892578, 0.0410156, -0.00706825, 0.896484, 0.0410156, -0.00694114, 0.900391, 0.0410156, -0.00643742, 0.904297, 0.0410156, -0.00565337, 
        0.876953, 0.0449219, -0.00419266, 0.880859, 0.0449219, -0.00573092, 0.884766, 0.0449219, -0.00700836, 0.888672, 0.0449219, -0.00786614, 0.892578, 0.0449219, -0.00820595, 0.896484, 0.0449219, -0.00800476, 0.900391, 0.0449219, -0.00731822, 0.904297, 0.0449219, -0.006272, 
        0.876953, 0.0488281, -0.00447858, 0.880859, 0.0488281, -0.00613713, 0.884766, 0.0488281, -0.00751417, 0.888672, 0.0488281, -0.00843808, 0.892578, 0.0488281, -0.00880266, 0.896484, 0.0488281, -0.00858303, 0.900391, 0.0488281, -0.00783934, 0.904297, 0.0488281, -0.00670739, 
        0.876953, 0.0527344, -0.00469393, 0.880859, 0.0527344, -0.00626181, 0.884766, 0.0527344, -0.00756686, 0.888672, 0.0527344, -0.00845068, 0.892578, 0.0527344, -0.00881517, 0.896484, 0.0527344, -0.00863724, 0.900391, 0.0527344, -0.0079722, 0.904297, 0.0527344, -0.00694516, 
        0.876953, 0.0566406, -0.00484115, 0.880859, 0.0566406, -0.00612364, 0.884766, 0.0566406, -0.00719833, 0.888672, 0.0566406, -0.00794395, 0.892578, 0.0566406, -0.00828526, 0.896484, 0.0566406, -0.00820433, 0.900391, 0.0566406, -0.00774306, 0.904297, 0.0566406, -0.0069966, 
        0.876953, 0.0605469, -0.00492955, 0.880859, 0.0605469, -0.00577766, 0.884766, 0.0605469, -0.00650073, 0.888672, 0.0605469, -0.00703291, 0.892578, 0.0605469, -0.00733311, 0.896484, 0.0605469, -0.00739108, 0.900391, 0.0605469, -0.00722873, 0.904297, 0.0605469, -0.00689668
    ]
}
