{
    "level": 2,
    "idx": {"x": 28, "y": 23},
    "dim": {"x": 8, "y": 8},
    "offset": {"x": 0.876953, "y": 0.720703},
    "cellSize": {"x": 0.00390625, "y": 0.00390625},
    "vertices": [
        0.876953, 0.720703, -0.0043919, 0.880859, 0.720703, -0.00481483, 0.884766, 0.720703, -0.00519171, 0.888672, 0.720703, -0.00550914, 0.892578, 0.720703, -0.00575848, 0.896484, 0.720703, -0.00593695, 0.900391, 0.720703, -0.00604792, 0.904297, 0.720703, -0.00610026, 
        0.876953, 0.724609, -0.00472373, 0.880859, 0.724609, -0.00567671, 0.884766, 0.724609, -0.00648562, 0.888672, 0.724609, -0.00707288, 0.892578, 0.724609, -0.00739024, 0.896484, 0.724609, -0.00742593, 0.900391, 0.724609, -0.00720627, 0.904297, 0.724609, -0.00679156, 
        0.876953, 0.728516, -0.00500799, 0.880859, 0.728516, -0.00639564, 0.884766, 0.728516, -0.00755891, 0.888672, 0.728516, -0.00836765, 0.892578, 0.728516, -0.00874118, 0.896484, 0.728516, -0.00866034, 0.900391, 0.728516, -0.00817027, 0.904297, 0.728516, -0.00737335, 
        0.876953, 0.732422, -0.00522893, 0.880859, 0.732422, -0.00689122, 0.884766, 0.732422, -0.00827864, 0.888672, 0.732422, -0.00922808, 0.892578, 0.732422, -0.00963855, 0.896484, 0.732422, -0.00948624, 0.900391, 0.732422, -0.00882808, 0.904297, 0.732422, -0.00779279, 
        0.876953, 0.736328, -0.00537648, 0.880859, 0.736328, -0.00711286, 0.884766, 0.736328, -0.00856126, 0.888672, 0.736328, -0.00955031, 0.892578, 0.736328, -0.00997386, 0.896484, 0.736328, -0.00980694, 0.900391, 0.736328, -0.00910936, 0.904297, 0.736328, -0.00801647, 
        0.876953, 0.740234, -0.00544765, 0.880859, 0.740234, -0.00704736, 0.884766, 0.740234, -0.00838533, 0.888672, 0.740234, -0.00930776, 0.892578, 0.740234, -0.00971936, 0.896484, 0.740234, -0.00959758, 0.900391, 0.740234, -0.00899588, 0.904297, 0.740234, -0.0080354, 
        0.876953, 0.744141, -0.00544691, 0.880859, 0.744141, -0.00672089, 0.884766, 0.744141, -0.00779458, 0.888672, 0.744141, -0.00855502, 0.892578, 0.744141, -0.00893207, 0.896484, 0.744141, -0.00890885, 0.900391, 0.744141, -0.00852412, 0.904297, 0.744141, -0.00786621, 
        0.876953, 0.748047, -0.00538542, 0.880859, 0.748047, -0.00619483, 0.884766, 0.748047, -0.00689125, 0.888672, 0.748047, -0.00741949, 0.892578, 0.748047, -0.00774506, 0.896484, 0.748047, -0.00785911, 0.900391, 0.748047, -0.00777963, 0.904297, 0.748047, -0.00754854
    ]
}
