{
    "level": 2,
    "idx": {"x": 5, "y": 19},
    "dim": {"x": 8, "y": 8},
    "offset": {"x": 0.158203, "y": 0.595703},
    "cellSize": {"x": 0.00390625, "y": 0.00390625},
    "vertices": [
        0.158203, 0.595703, 0.000397724, 0.162109, 0.595703, 0.00121796, 0.166016, 0.595703, 0.00205056, 0.169922, 0.595703, 0.00288386, 0.173828, 0.595703, 0.00370985, 0.177734, 0.595703, 0.00452526, 0.181641, 0.595703, 0.00533192, 0.185547, 0.595703, 0.00613637, 
        0.158203, 0.599609, 0.000390728, 0.162109, 0.599609, 0.00172335, 0.166016, 0.599609, 0.00298382, 0.169922, 0.599609, 0.00409269, 0.173828, 0.599609, 0.00499729, 0.177734, 0.599609, 0.00567961, 0.181641, 0.599609, 0.00615895, 0.185547, 0.599609, 0.00648879, 
        0.158203, 0.603516, 0.000387029, 0.162109, 0.603516, 0.00213613, 0.166016, 0.603516, 0.00374329, 0.169922, 0.603516, 0.00507322, 0.173828, 0.603516, 0.00603649, 0.177734, 0.603516, 0.00660295, 0.181641, 0.603516, 0.00680628, 0.185547, 0.603516, 0.00673868, 
        0.158203, 0.607422, 0.000383923, 0.162109, 0.607422, 0.00238729, 0.166016, 0.607422, 0.0042042, 0.169922, 0.607422, 0.005664, 0.173828, 0.607422, 0.00665393, 0.177734, 0.607422, 0.00713623, 0.181641, 0.607422, 0.00715368, 0.185547, 0.607422, 0.00682303, 
        0.158203, 0.611328, 0.000379641, 0.162109, 0.611328, 0.00243311, 0.166016, 0.611328, 0.00428752, 0.169922, 0.611328, 0.00576275, 0.173828, 0.611328, 0.00673979, 0.177734, 0.611328, 0.00717882, 0.181641, 0.611328, 0.00712515, 0.185547, 0.611328, 0.00670217, 
        0.158203, 0.615234, 0.000373608, 0.162109, 0.615234, 0.00226176, 0.166016, 0.615234, 0.00397202, 0.169922, 0.615234, 0.00534208, 0.173828, 0.615234, 0.0062647, 0.177734, 0.615234, 0.00670397, 0.181641, 0.615234, 0.00670068, 0.185547, 0.615234, 0.00636594, 
        0.158203, 0.619141, 0.000366512, 0.162109, 0.619141, 0.00189519, 0.166016, 0.619141, 0.00329753, 0.169922, 0.619141, 0.00445365, 0.173828, 0.619141, 0.00528432, 0.177734, 0.619141, 0.00576289, 0.181641, 0.619141, 0.00591929, 0.185547, 0.619141, 0.00583535, 
        0.158203, 0.623047, 0.000360177, 0.162109, 0.623047, 0.00138571, 0.166016, 0.623047, 0.00235887, 0.169922, 0.623047, 0.00322035, 0.173828, 0.623047, 0.00393088, 0.177734, 0.623047, 0.00447703, 0.181641, 0.623047, 0.00487324, 0.185547, 0.623047, 0.00515947
    ]
}
