{
    "level": 2,
    "idx": {"x": 6, "y": 4},
    "dim": {"x": 8, "y": 8},
    "offset": {"x": 0.189453, "y": 0.126953},
    "cellSize": {"x": 0.00390625, "y": 0.00390625},
    "vertices": [
        0.189453, 0.126953, -0.00201858, 0.193359, 0.126953, -0.00235291, 0.197266, 0.126953, -0.0026768, 0.201172, 0.126953, -0.00299059, 0.205078, 0.126953, -0.00329394, 0.208984, 0.126953, -0.00358563, 0.212891, 0.126953, -0.00386348, 0.216797, 0.126953, -0.00412449, 
        0.189453, 0.130859, -0.0018338, 0.193359, 0.130859, -0.00160711, 0.197266, 0.130859, -0.00145629, 0.201172, 0.130859, -0.00145018, 0.205078, 0.130859, -0.00163354, 0.208984, 0.130859, -0.00201989, 0.212891, 0.130859, -0.00258929, 0.216797, 0.130859, -0.00329113, 
        0.189453, 0.134766, -0.00164257, 0.193359, 0.134766, -0.000937073, 0.197266, 0.134766, -0.00038037, 0.201172, 0.134766, -9.90878e-05, 0.205078, 0.134766, -0.000175965, 0.208984, 0.134766, -0.000637008, 0.212891, 0.134766, -0.00144732, 0.216797, 0.134766, -0.00251621, 
        0.189453, 0.138672, -0.00144907, 0.193359, 0.138672, -0.000415716, 0.197266, 0.138672, 0.000420257, 0.201172, 0.138672, 0.000894001, 0.205078, 0.138672, 0.000897618, 0.208984, 0.138672, 0.00039681, 0.212891, 0.138672, -0.000563695, 0.216797, 0.138672, -0.00186679, 
        0.189453, 0.142578, -0.00125642, 0.193359, 0.142578, -9.16247e-05, 0.197266, 0.142578, 0.000858793, 0.201172, 0.142578, 0.00141712, 0.205078, 0.142578, 0.00146696, 0.208984, 0.142578, 0.000971146, 0.212891, 0.142578, -2.24126e-05, 0.216797, 0.142578, -0.00138788, 
        0.189453, 0.146484, -0.0010663, 0.193359, 0.146484, 1.82134e-05, 0.197266, 0.146484, 0.000905385, 0.201172, 0.146484, 0.00143192, 0.205078, 0.146484, 0.00149085, 0.208984, 0.146484, 0.00104797, 0.212891, 0.146484, 0.000147226, 0.216797, 0.146484, -0.00109585, 
        0.189453, 0.150391, -0.000878904, 0.193359, 0.150391, -6.91713e-05, 0.197266, 0.150391, 0.000591489, 0.201172, 0.150391, 0.000979281, 0.205078, 0.150391, 0.00101313, 0.208984, 0.150391, 0.000667162, 0.212891, 0.150391, -2.52012e-05, 0.216797, 0.150391, -0.000976252, 
        0.189453, 0.154297, -0.000692971, 0.193359, 0.154297, -0.000305501, 0.197266, 0.154297, 4.87757e-06, 0.201172, 0.154297, 0.000172876, 0.205078, 0.154297, 0.000155809, 0.208984, 0.154297, -5.97929e-05, 0.212891, 0.154297, -0.000456029, 0.216797, 0.154297, -0.000986271
    ]
}
