{
    "level": 2,
    "idx": {"x": 6, "y": 27},
    "dim": {"x": 8, "y": 8},
    "offset": {"x": 0.189453, "y": 0.845703},
    "cellSize": {"x": 0.00390625, "y": 0.00390625},
    "vertices": [
        0.189453, 0.845703, 0.000651991, 0.193359, 0.845703, 0.000646805, 0.197266, 0.845703, 0.000656688, 0.201172, 0.845703, 0.000695944, 0.205078, 0.845703, 0.000773818, 0.208984, 0.845703, 0.000893016, 0.212891, 0.845703, 0.00104922, 0.216797, 0.845703, 0.00123169, 
        0.189453, 0.849609, 0.000828075, 0.193359, 0.849609, 0.000333829, 0.197266, 0.849609, -6.28693e-05, 0.201172, 0.849609, -0.000280716, 0.205078, 0.849609, -0.000266496, 0.208984, 0.849609, -3.29523e-06, 0.212891, 0.849609, 0.00048682, 0.216797, 0.849609, 0.00114609, 
        0.189453, 0.853516, 0.00100493, 0.193359, 0.853516, 0.00011853, 0.197266, 0.853516, -0.000603418, 0.201172, 0.853516, -0.00102512, 0.205078, 0.853516, -0.00105761, 0.208984, 0.853516, -0.000672433, 0.212891, 0.853516, 9.3867e-05, 0.216797, 0.853516, 0.00114524, 
        0.189453, 0.857422, 0.00118456, 0.193359, 0.857422, 6.78068e-05, 0.197266, 0.857422, -0.000843572, 0.201172, 0.857422, -0.00138013, 0.205078, 0.857422, -0.00143085, 0.208984, 0.857422, -0.000960202, 0.212891, 0.857422, -1.37336e-05, 0.216797, 0.857422, 0.00128876, 
        0.189453, 0.861328, 0.0013678, 0.193359, 0.861328, 0.00022258, 0.197266, 0.861328, -0.000708762, 0.201172, 0.861328, -0.00124913, 0.205078, 0.861328, -0.00128253, 0.208984, 0.861328, -0.000771916, 0.212891, 0.861328, 0.00023496, 0.216797, 0.861328, 0.00161271, 
        0.189453, 0.865234, 0.00155405, 0.193359, 0.865234, 0.000591355, 0.197266, 0.865234, -0.000182839, 0.201172, 0.865234, -0.000610991, 0.205078, 0.865234, -0.000590005, 0.208984, 0.865234, -8.71424e-05, 0.212891, 0.865234, 0.000854783, 0.216797, 0.865234, 0.00212377, 
        0.189453, 0.869141, 0.00174116, 0.193359, 0.869141, 0.00114875, 0.197266, 0.869141, 0.000689262, 0.201172, 0.869141, 0.000476446, 0.205078, 0.869141, 0.000584577, 0.208984, 0.869141, 0.00103691, 0.212891, 0.869141, 0.00180191, 0.216797, 0.869141, 0.00279789, 
        0.189453, 0.873047, 0.00192566, 0.193359, 0.873047, 0.00183918, 0.197266, 0.873047, 0.00180817, 0.201172, 0.873047, 0.00188499, 0.205078, 0.873047, 0.00210354, 0.208984, 0.873047, 0.00247384, 0.212891, 0.873047, 0.00298025, 0.216797, 0.873047, 0.00358366
    ]
}
