{
    "level": 3,
    "idx": {"x": 12, "y": 3},
    "dim": {"x": 8, "y": 8},
    "offset": {"x": 0.753906, "y": 0.191406},
    "cellSize": {"x": 0.0078125, "y": 0.0078125},
    "vertices": [
        0.753906, 0.191406, -0.00240827, 0.761719, 0.191406, -0.00239817, 0.769531, 0.191406, -0.00234543, 0.777344, 0.191406, -0.00226173, 0.785156, 0.191406, -0.0021386, 0.792969, 0.191406, -0.00195475, 0.800781, 0.191406, -0.00169165, 0.808594, 0.191406, -0.00134804, 
        0.753906, 0.199219, -0.00311359, 0.761719, 0.199219, -0.00147909, 0.769531, 0.199219, -0.000836513, 0.777344, 0.199219, -0.00153253, 0.785156, 0.199219, -0.00307743, 0.792969, 0.199219, -0.0044357, 0.800781, 0.199219, -0.00463772, 0.808594, 0.199219, -0.00335369, 
        0.753906, 0.207031, -0.00382233, 0.761719, 0.207031, -0.00154692, 0.769531, 0.207031, -0.000662614, 0.777344, 0.207031, -0.00164979, 0.785156, 0.207031, -0.0038281, 0.792969, 0.207031, -0.00575955, 0.800781, 0.207031, -0.0060974, 0.808594, 0.207031, -0.00438249, 
        0.753906, 0.214844, -0.0045534, 0.761719, 0.214844, -0.00300091, 0.769531, 0.214844, -0.00235682, 0.777344, 0.214844, -0.00295604, 0.785156, 0.214844, -0.00433072, 0.792969, 0.214844, -0.00548933, 0.800781, 0.214844, -0.00550438, 0.808594, 0.214844, -0.00406373, 
        0.753906, 0.222656, -0.0052419, 0.761719, 0.222656, -0.00535863, 0.769531, 0.222656, -0.00529136, 0.777344, 0.222656, -0.00503609, 0.785156, 0.222656, -0.00461661, 0.792969, 0.222656, -0.00407563, 0.800781, 0.222656, -0.00345626, 0.808594, 0.222656, -0.00278464, 
        0.753906, 0.230469, -0.00576592, 0.761719, 0.230469, -0.00752828, 0.769531, 0.230469, -0.00803561, 0.777344, 0.230469, -0.00695102, 0.785156, 0.230469, -0.00478111, 0.792969, 0.230469, -0.00258439, 0.800781, 0.230469, -0.00135723, 0.808594, 0.230469, -0.00145784, 
        0.753906, 0.238281, -0.0060082, 0.761719, 0.238281, -0.00843978, 0.769531, 0.238281, -0.00918668, 0.777344, 0.238281, -0.00778079, 0.785156, 0.238281, -0.00491997, 0.792969, 0.238281, -0.00206459, 0.800781, 0.238281, -0.000588296, 0.808594, 0.238281, -0.000981085, 
        0.753906, 0.246094, -0.00591664, 0.761719, 0.246094, -0.0076649, 0.769531, 0.246094, -0.00818516, 0.777344, 0.246094, -0.00715724, 0.785156, 0.246094, -0.00506686, 0.792969, 0.246094, -0.0029271, 0.800781, 0.246094, -0.00169204, 0.808594, 0.246094, -0.00170663
    ]
}
