{
    "level": 3,
    "idx": {"x": 2, "y": 6},
    "dim": {"x": 16, "y": 16},
    "offset": {"x": 0.253906, "y": 0.753906},
    "cellSize": {"x": 0.0078125, "y": 0.0078125},
    "vertices": [
        0.253906, 0.753906, 0.014085, 0.261719, 0.753906, 0.0156215, 0.269531, 0.753906, -0.00958383, 0.277344, 0.753906, -0.0103223, 0.285156, 0.753906, 0.0156901, 0.292969, 0.753906, 0.0172422, 0.300781, 0.753906, -0.00778909, 0.308594, 0.753906, -0.00818338, 0.316406, 0.753906, 0.0180268, 0.324219, 0.753906, 0.0196154, 0.332031, 0.753906, -0.00522903, 0.339844, 0.753906, -0.00527739, 0.347656, 0.753906, 0.0211197, 0.355469, 0.753906, 0.0227218, 0.363281, 0.753906, -0.00197141, 0.371094, 0.753906, -0.00172533, 
        0.253906, 0.761719, 0.0126203, 0.261719, 0.761719, 0.0139912, 0.269531, 0.761719, -0.00879652, 0.277344, 0.761719, -0.00948498, 0.285156, 0.761719, 0.013989, 0.292969, 0.761719, 0.0153648, 0.300781, 0.761719, -0.00727537, 0.308594, 0.761719, -0.00766289, 0.316406, 0.761719, 0.0159795, 0.324219, 0.761719, 0.017378, 0.332031, 0.761719, -0.00510368, 0.339844, 0.761719, -0.00518879, 0.347656, 0.761719, 0.0186128, 0.355469, 0.761719, 0.0200144, 0.363281, 0.761719, -0.00233904, 0.371094, 0.761719, -0.0021655, 
        0.253906, 0.769531, -0.0107969, 0.261719, 0.769531, -0.0117888, 0.269531, 0.769531, 0.0141037, 0.277344, 0.769531, 0.0155341, 0.285156, 0.769531, -0.00978416, 0.292969, 0.769531, -0.0104944, 0.300781, 0.769531, 0.0155348, 0.308594, 0.769531, 0.0169422, 0.316406, 0.769531, -0.00824459, 0.324219, 0.769531, -0.00865825, 0.332031, 0.769531, 0.0175153, 0.339844, 0.769531, 0.018901, 0.347656, 0.769531, -0.00616062, 0.355469, 0.769531, -0.006294, 0.363281, 0.769531, 0.0199965, 0.371094, 0.769531, 0.0213234, 
        0.253906, 0.777344, -0.00977091, 0.261719, 0.777344, -0.0106742, 0.269531, 0.777344, 0.0125564, 0.277344, 0.777344, 0.0138244, 0.285156, 0.777344, -0.00892313, 0.292969, 0.777344, -0.00958058, 0.300781, 0.777344, 0.0137655, 0.308594, 0.777344, 0.0150053, 0.316406, 0.777344, -0.00763193, 0.324219, 0.777344, -0.00803091, 0.332031, 0.777344, 0.015437, 0.339844, 0.777344, 0.0166497, 0.347656, 0.777344, -0.0058825, 0.355469, 0.777344, -0.00603674, 0.363281, 0.777344, 0.0175298, 0.371094, 0.777344, 0.0186842, 
        0.253906, 0.785156, 0.0131992, 0.261719, 0.785156, 0.0145852, 0.269531, 0.785156, -0.0109385, 0.277344, 0.785156, -0.0118809, 0.285156, 0.785156, 0.0140535, 0.292969, 0.785156, 0.0153691, 0.300781, 0.785156, -0.0100698, 0.308594, 0.785156, -0.0107594, 0.316406, 0.785156, 0.0152784, 0.324219, 0.785156, 0.0165341, 0.332031, 0.785156, -0.00881293, 0.339844, 0.785156, -0.00924893, 0.347656, 0.785156, 0.0168863, 0.355469, 0.785156, 0.0180705, 0.363281, 0.785156, -0.00720232, 0.371094, 0.785156, -0.00741076, 
        0.253906, 0.792969, 0.011719, 0.261719, 0.792969, 0.012946, 0.269531, 0.792969, -0.00983733, 0.277344, 0.792969, -0.0106901, 0.285156, 0.792969, 0.0124358, 0.292969, 0.792969, 0.013595, 0.300781, 0.792969, -0.00911812, 0.308594, 0.792969, -0.00975097, 0.316406, 0.792969, 0.0134615, 0.324219, 0.792969, 0.0145614, 0.332031, 0.792969, -0.00807547, 0.339844, 0.792969, -0.00848762, 0.347656, 0.792969, 0.0148063, 0.355469, 0.792969, 0.0158374, 0.363281, 0.792969, -0.00673795, 0.371094, 0.792969, -0.00695116, 
        0.253906, 0.800781, -0.0115764, 0.261719, 0.800781, -0.0126925, 0.269531, 0.800781, 0.0132088, 0.277344, 0.800781, 0.0144978, 0.285156, 0.800781, -0.0111256, 0.292969, 0.800781, -0.0120229, 0.300781, 0.800781, 0.0139486, 0.308594, 0.800781, 0.0151447, 0.316406, 0.800781, -0.0104179, 0.324219, 0.800781, -0.0110891, 0.332031, 0.800781, 0.0149558, 0.339844, 0.800781, 0.0160597, 0.347656, 0.800781, -0.00944472, 0.355469, 0.800781, -0.00989767, 0.363281, 0.800781, 0.0162066, 0.371094, 0.800781, 0.0172002, 
        0.253906, 0.808594, -0.0103065, 0.261719, 0.808594, -0.011303, 0.269531, 0.808594, 0.0116562, 0.277344, 0.808594, 0.0127905, 0.285156, 0.808594, -0.00993958, 0.292969, 0.808594, -0.0107458, 0.300781, 0.808594, 0.0122717, 0.308594, 0.808594, 0.0133197, 0.316406, 0.808594, -0.0093606, 0.324219, 0.808594, -0.00997048, 0.332031, 0.808594, 0.0131079, 0.339844, 0.808594, 0.0140701, 0.347656, 0.808594, -0.00856253, 0.355469, 0.808594, -0.00898258, 0.363281, 0.808594, 0.0141452, 0.371094, 0.808594, 0.0150066, 
        0.253906, 0.816406, 0.0127454, 0.261719, 0.816406, 0.0140522, 0.269531, 0.816406, -0.0117087, 0.277344, 0.816406, -0.0127654, 0.285156, 0.816406, 0.0131899, 0.292969, 0.816406, 0.0143789, 0.300781, 0.816406, -0.011346, 0.308594, 0.816406, -0.0121994, 0.316406, 0.816406, 0.0138076, 0.324219, 0.816406, 0.0148838, 0.332031, 0.816406, -0.0108012, 0.339844, 0.816406, -0.011451, 0.347656, 0.816406, 0.0146045, 0.355469, 0.816406, 0.0155623, 0.363281, 0.816406, -0.0100905, 0.371094, 0.816406, -0.0105488, 
        0.253906, 0.824219, 0.0112022, 0.261719, 0.824219, 0.0123489, 0.269531, 0.824219, -0.0103577, 0.277344, 0.824219, -0.011295, 0.285156, 0.824219, 0.0115707, 0.292969, 0.824219, 0.012611, 0.300781, 0.824219, -0.0100666, 0.308594, 0.824219, -0.0108276, 0.316406, 0.824219, 0.0120808, 0.324219, 0.824219, 0.0130187, 0.332031, 0.824219, -0.00962673, 0.339844, 0.824219, -0.0102111, 0.347656, 0.824219, 0.0127372, 0.355469, 0.824219, 0.0135682, 0.363281, 0.824219, -0.00905119, 0.371094, 0.824219, -0.00946901, 
        0.253906, 0.832031, -0.0120151, 0.261719, 0.832031, -0.0131993, 0.269531, 0.832031, 0.0127732, 0.277344, 0.832031, 0.0139912, 0.285156, 0.832031, -0.011858, 0.292969, 0.832031, -0.0128558, 0.300781, 0.832031, 0.013152, 0.308594, 0.832031, 0.0142404, 0.316406, 0.832031, -0.011585, 0.324219, 0.832031, -0.012393, 0.332031, 0.832031, 0.0136511, 0.339844, 0.832031, 0.01461, 0.347656, 0.832031, -0.0111922, 0.355469, 0.832031, -0.011814, 0.363281, 0.832031, 0.0142596, 0.371094, 0.832031, 0.0150809, 
        0.253906, 0.839844, -0.0105429, 0.261719, 0.839844, -0.0115833, 0.269531, 0.839844, 0.0111591, 0.277344, 0.839844, 0.0122216, 0.285156, 0.839844, -0.0104214, 0.292969, 0.839844, -0.0113003, 0.300781, 0.839844, 0.0114711, 0.308594, 0.839844, 0.0124181, 0.316406, 0.839844, -0.0102059, 0.324219, 0.839844, -0.0109208, 0.332031, 0.839844, 0.0118804, 0.339844, 0.839844, 0.0127121, 0.347656, 0.839844, -0.00989358, 0.355469, 0.839844, -0.0104471, 0.363281, 0.839844, 0.0123782, 0.371094, 0.839844, 0.0130879, 
        0.253906, 0.847656, 0.0125517, 0.261719, 0.847656, 0.0138222, 0.269531, 0.847656, -0.0121267, 0.277344, 0.847656, -0.0132434, 0.285156, 0.847656, 0.0127915, 0.292969, 0.847656, 0.0139202, 0.300781, 0.847656, -0.012017, 0.308594, 0.847656, -0.0129549, 0.316406, 0.847656, 0.0131061, 0.324219, 0.847656, 0.014095, 0.332031, 0.847656, -0.0118282, 0.339844, 0.847656, -0.012587, 0.347656, 0.847656, 0.013498, 0.355469, 0.847656, 0.0143447, 0.363281, 0.847656, -0.0115673, 0.371094, 0.847656, -0.0121524, 
        0.253906, 0.855469, 0.0109107, 0.261719, 0.855469, 0.0120143, 0.269531, 0.855469, -0.0105731, 0.277344, 0.855469, -0.011548, 0.285156, 0.855469, 0.0111087, 0.292969, 0.855469, 0.0120875, 0.300781, 0.855469, -0.0104909, 0.308594, 0.855469, -0.0113115, 0.316406, 0.855469, 0.0113665, 0.324219, 0.855469, 0.0122223, 0.332031, 0.855469, -0.0103454, 0.339844, 0.855469, -0.0110114, 0.347656, 0.855469, 0.0116862, 0.355469, 0.855469, 0.012417, 0.363281, 0.855469, -0.0101421, 0.371094, 0.855469, -0.0106578, 
        0.253906, 0.863281, -0.0122593, 0.261719, 0.863281, -0.0134794, 0.269531, 0.863281, 0.0125992, 0.277344, 0.863281, 0.0137866, 0.285156, 0.863281, -0.0122429, 0.292969, 0.863281, -0.0132916, 0.300781, 0.863281, 0.0128058, 0.308594, 0.863281, 0.0138453, 0.316406, 0.863281, -0.0121779, 0.324219, 0.863281, -0.0130539, 0.332031, 0.863281, 0.013062, 0.339844, 0.863281, 0.0139539, 0.347656, 0.863281, -0.0120629, 0.355469, 0.863281, -0.0127675, 0.363281, 0.863281, 0.0133635, 0.371094, 0.863281, 0.0141043, 
