{
    "level": 3,
    "idx": {"x": 2, "y": 2},
    "dim": {"x": 8, "y": 8},
    "offset": {"x": 0.128906, "y": 0.128906},
    "cellSize": {"x": 0.0078125, "y": 0.0078125},
    "vertices": [
        0.128906, 0.128906, 0.00372361, 0.136719, 0.128906, 0.00316472, 0.144531, 0.128906, 0.00252067, 0.152344, 0.128906, 0.00179883, 0.160156, 0.128906, 0.00102208, 0.167969, 0.128906, 0.00022409, 0.175781, 0.128906, -0.000561176, 0.183594, 0.128906, -0.00130994, 
        0.128906, 0.136719, 0.00316472, 0.136719, 0.136719, 0.0043778, 0.144531, 0.136719, 0.00451434, 0.152344, 0.136719, 0.00318262, 0.160156, 0.136719, 0.000827287, 0.167969, 0.136719, -0.00152421, 0.175781, 0.136719, -0.00285684, 0.183594, 0.136719, -0.0027557, 
        0.128906, 0.144531, 0.00252067, 0.136719, 0.144531, 0.00451434, 0.144531, 0.144531, 0.00503976, 0.152344, 0.144531, 0.00354283, 0.160156, 0.144531, 0.000636408, 0.167969, 0.144531, -0.00225352, 0.175781, 0.144531, -0.00371854, 0.183594, 0.144531, -0.00318802, 
        0.128906, 0.152344, 0.00179883, 0.136719, 0.152344, 0.00318262, 0.144531, 0.152344, 0.00354283, 0.152344, 0.152344, 0.00249358, 0.160156, 0.152344, 0.000462088, 0.167969, 0.152344, -0.00155781, 0.175781, 0.152344, -0.00258451, 0.183594, 0.152344, -0.00222018, 
        0.128906, 0.160156, 0.00102208, 0.136719, 0.160156, 0.000827287, 0.144531, 0.160156, 0.000636408, 0.152344, 0.160156, 0.000462088, 0.160156, 0.160156, 0.000299403, 0.167969, 0.160156, 0.000131194, 0.175781, 0.160156, -5.92714e-05, 0.183594, 0.160156, -0.000275808, 
        0.128906, 0.167969, 0.00022409, 0.136719, 0.167969, -0.00152421, 0.144531, 0.167969, -0.00225352, 0.152344, 0.167969, -0.00155781, 0.160156, 0.167969, 0.000131194, 0.167969, 0.167969, 0.001798, 0.175781, 0.167969, 0.00244004, 0.183594, 0.167969, 0.00165679, 
        0.128906, 0.175781, -0.000561176, 0.136719, 0.175781, -0.00285684, 0.144531, 0.175781, -0.00371854, 0.152344, 0.175781, -0.00258451, 0.160156, 0.175781, -5.92714e-05, 0.167969, 0.175781, 0.00244004, 0.175781, 0.175781, 0.00351415, 0.183594, 0.175781, 0.00260164, 
        0.128906, 0.183594, -0.00130994, 0.136719, 0.183594, -0.0027557, 0.144531, 0.183594, -0.00318802, 0.152344, 0.183594, -0.00222018, 0.160156, 0.183594, -0.000275808, 0.167969, 0.183594, 0.00165679, 0.175781, 0.183594, 0.00260164, 0.183594, 0.183594, 0.00216473
    ]
}
