{
    "level": 3,
    "idx": {"x": 3, "y": 6},
    "dim": {"x": 16, "y": 16},
    "offset": {"x": 0.378906, "y": 0.753906},
    "cellSize": {"x": 0.0078125, "y": 0.0078125},
    "vertices": [
        0.378906, 0.753906, 0.0247909, 0.386719, 0.753906, 0.0263244, 0.394531, 0.753906, 0.00168574, 0.402344, 0.753906, 0.00211412, 0.410156, 0.753906, 0.0286226, 0.417969, 0.753906, 0.0299492, 0.425781, 0.753906, 0.00521742, 0.433594, 0.753906, 0.00567125, 0.441406, 0.753906, 0.0320086, 0.449219, 0.753906, 0.0329631, 0.457031, 0.753906, 0.00797469, 0.464844, 0.753906, 0.00829307, 0.472656, 0.753906, 0.0343047, 0.480469, 0.753906, 0.0347439, 0.488281, 0.753906, 0.00936996, 0.496094, 0.753906, 0.00943991, 
        0.378906, 0.761719, 0.0217376, 0.386719, 0.761719, 0.0230724, 0.394531, 0.761719, 0.00076522, 0.402344, 0.761719, 0.0011021, 0.410156, 0.761719, 0.0249987, 0.417969, 0.761719, 0.0261494, 0.425781, 0.761719, 0.00376285, 0.433594, 0.761719, 0.00412974, 0.441406, 0.761719, 0.0278811, 0.449219, 0.761719, 0.0287071, 0.457031, 0.761719, 0.00610228, 0.464844, 0.761719, 0.00636241, 0.472656, 0.761719, 0.0298369, 0.480469, 0.761719, 0.0302165, 0.488281, 0.761719, 0.00728403, 0.496094, 0.761719, 0.0073414, 
        0.378906, 0.769531, -0.00366002, 0.386719, 0.769531, -0.00357227, 0.394531, 0.769531, 0.0227641, 0.402344, 0.769531, 0.0239515, 0.410156, 0.769531, -0.00104324, 0.417969, 0.769531, -0.000833713, 0.425781, 0.769531, 0.0254408, 0.433594, 0.769531, 0.0263759, 0.441406, 0.769531, 0.00125391, 0.449219, 0.769531, 0.00146661, 0.457031, 0.769531, 0.0275598, 0.464844, 0.769531, 0.028127, 0.472656, 0.769531, 0.00276825, 0.480469, 0.769531, 0.00288108, 0.488281, 0.769531, 0.0286988, 0.496094, 0.769531, 0.0288168, 
        0.378906, 0.777344, -0.00378237, 0.386719, 0.777344, -0.00374167, 0.394531, 0.777344, 0.0198638, 0.402344, 0.777344, 0.0208919, 0.410156, 0.777344, -0.00158444, 0.417969, 0.777344, -0.0014324, 0.425781, 0.777344, 0.0221211, 0.433594, 0.777344, 0.022928, 0.441406, 0.777344, 0.000344494, 0.449219, 0.777344, 0.000508043, 0.457031, 0.777344, 0.0239091, 0.464844, 0.777344, 0.0243975, 0.472656, 0.777344, 0.0016146, 0.480469, 0.777344, 0.00170293, 0.488281, 0.777344, 0.0248722, 0.496094, 0.777344, 0.0249737, 
        0.378906, 0.785156, 0.018787, 0.386719, 0.785156, 0.0198581, 0.394531, 0.785156, -0.00538903, 0.402344, 0.785156, -0.00542668, 0.410156, 0.785156, 0.0207688, 0.417969, 0.785156, 0.0216567, 0.425781, 0.785156, -0.00363908, 0.433594, 0.785156, -0.00358545, 0.441406, 0.785156, 0.0225245, 0.449219, 0.785156, 0.0231455, 0.457031, 0.785156, -0.00228133, 0.464844, 0.785156, -0.00221799, 0.472656, 0.785156, 0.0237276, 0.480469, 0.785156, 0.024009, 0.488281, 0.785156, -0.00161362, 0.496094, 0.785156, -0.00159776, 
        0.378906, 0.792969, 0.0163951, 0.386719, 0.792969, 0.0173226, 0.394531, 0.792969, -0.00523149, 0.402344, 0.792969, -0.00529307, 0.410156, 0.792969, 0.0180515, 0.417969, 0.792969, 0.018817, 0.425781, 0.792969, -0.00377779, 0.433594, 0.792969, -0.00375401, 0.441406, 0.792969, 0.0195195, 0.449219, 0.792969, 0.0200532, 0.457031, 0.792969, -0.00265092, 0.464844, 0.792969, -0.00260975, 0.472656, 0.792969, 0.0205268, 0.480469, 0.792969, 0.0207683, 0.488281, 0.792969, -0.00209911, 0.496094, 0.792969, -0.00208822, 
        0.378906, 0.800781, -0.00826831, 0.386719, 0.800781, -0.00853187, 0.394531, 0.800781, 0.0175968, 0.402344, 0.800781, 0.0184408, 0.410156, 0.800781, -0.00703504, 0.417969, 0.800781, -0.00715761, 0.425781, 0.800781, 0.0189424, 0.433594, 0.800781, 0.0195818, 0.441406, 0.800781, -0.00595727, 0.449219, 0.800781, -0.00599658, 0.457031, 0.800781, 0.0200161, 0.464844, 0.800781, 0.0203946, 0.472656, 0.800781, -0.00526063, 0.480469, 0.800781, -0.00526692, 0.488281, 0.800781, 0.0206121, 0.496094, 0.800781, 0.0206899, 
        0.378906, 0.808594, -0.00759669, 0.386719, 0.808594, -0.00785072, 0.394531, 0.808594, 0.0152974, 0.402344, 0.808594, 0.0160256, 0.410156, 0.808594, -0.00658392, 0.417969, 0.808594, -0.00671185, 0.425781, 0.808594, 0.0164129, 0.433594, 0.808594, 0.0169624, 0.441406, 0.808594, -0.00569943, 0.449219, 0.808594, -0.00574893, 0.457031, 0.808594, 0.0173038, 0.464844, 0.808594, 0.0176283, 0.472656, 0.808594, -0.00512945, 0.480469, 0.808594, -0.00514195, 0.488281, 0.808594, 0.0178005, 0.496094, 0.808594, 0.0178672, 
        0.378906, 0.816406, 0.0155383, 0.386719, 0.816406, 0.0163583, 0.394531, 0.816406, -0.00928459, 0.402344, 0.816406, -0.00957807, 0.410156, 0.816406, 0.0165098, 0.417969, 0.816406, 0.0171591, 0.425781, 0.816406, -0.0085081, 0.433594, 0.816406, -0.00867395, 0.441406, 0.816406, 0.0173752, 0.449219, 0.816406, 0.0178146, 0.457031, 0.816406, -0.00791503, 0.464844, 0.816406, -0.00799149, 0.472656, 0.816406, 0.0179815, 0.480469, 0.816406, 0.0181769, 0.488281, 0.816406, -0.00764493, 0.496094, 0.816406, -0.00765872, 
        0.378906, 0.824219, 0.0135055, 0.386719, 0.824219, 0.0142137, 0.394531, 0.824219, -0.00839786, 0.402344, 0.824219, -0.00867077, 0.410156, 0.824219, 0.0143046, 0.417969, 0.824219, 0.0148631, 0.425781, 0.824219, -0.00776852, 0.433594, 0.824219, -0.00792696, 0.441406, 0.824219, 0.0150169, 0.449219, 0.824219, 0.0153937, 0.457031, 0.824219, -0.00728904, 0.464844, 0.824219, -0.00736425, 0.472656, 0.824219, 0.0155174, 0.480469, 0.824219, 0.0156848, 0.488281, 0.824219, -0.00707344, 0.496094, 0.824219, -0.00708725, 
        0.378906, 0.832031, -0.0107076, 0.386719, 0.832031, -0.0111562, 0.394531, 0.832031, 0.0149306, 0.402344, 0.832031, 0.0155965, 0.410156, 0.832031, -0.0101971, 0.417969, 0.832031, -0.0104943, 0.425781, 0.832031, 0.0155812, 0.433594, 0.832031, 0.016067, 0.441406, 0.832031, -0.00975641, 0.449219, 0.832031, -0.00992807, 0.457031, 0.832031, 0.0161091, 0.464844, 0.832031, 0.0163895, 0.472656, 0.832031, -0.00948705, 0.480469, 0.832031, -0.00955586, 0.488281, 0.832031, 0.0164217, 0.496094, 0.832031, 0.0164787, 
        0.378906, 0.839844, -0.00950691, 0.386719, 0.839844, -0.00990969, 0.394531, 0.839844, 0.0129266, 0.402344, 0.839844, 0.0134999, 0.410156, 0.839844, -0.00909928, 0.417969, 0.839844, -0.00936891, 0.425781, 0.839844, 0.0134585, 0.433594, 0.839844, 0.0138755, 0.441406, 0.839844, -0.00874807, 0.449219, 0.839844, -0.00890554, 0.457031, 0.839844, 0.013891, 0.464844, 0.839844, 0.0141311, 0.472656, 0.839844, -0.00853547, 0.480469, 0.839844, -0.00859911, 0.488281, 0.839844, 0.0141492, 0.496094, 0.839844, 0.014198, 
        0.378906, 0.847656, 0.0139489, 0.386719, 0.847656, 0.014645, 0.394531, 0.847656, -0.011265, 0.402344, 0.847656, -0.0116877, 0.410156, 0.847656, 0.0144159, 0.417969, 0.847656, 0.0149471, 0.425781, 0.847656, -0.0109751, 0.433594, 0.847656, -0.0112516, 0.441406, 0.847656, 0.0148366, 0.449219, 0.847656, 0.015186, 0.457031, 0.847656, -0.0107643, 0.464844, 0.847656, -0.0109112, 0.472656, 0.847656, 0.0151449, 0.480469, 0.847656, 0.0152977, 0.488281, 0.847656, -0.0106931, 0.496094, 0.847656, -0.0107218, 
        0.378906, 0.855469, 0.0120531, 0.386719, 0.855469, 0.0126522, 0.394531, 0.855469, -0.00990551, 0.402344, 0.855469, -0.0102801, 0.410156, 0.855469, 0.0124328, 0.417969, 0.855469, 0.0128889, 0.425781, 0.855469, -0.00967887, 0.433594, 0.855469, -0.00992525, 0.441406, 0.855469, 0.0127755, 0.449219, 0.855469, 0.0130748, 0.457031, 0.855469, -0.00951558, 0.464844, 0.855469, -0.00964704, 0.472656, 0.855469, 0.0130281, 0.480469, 0.855469, 0.0131589, 0.488281, 0.855469, -0.00946407, 0.496094, 0.855469, -0.00948983, 
        0.378906, 0.863281, -0.0119094, 0.386719, 0.863281, -0.0124481, 0.394531, 0.863281, 0.0136908, 0.402344, 0.863281, 0.014273, 0.410156, 0.863281, -0.0117448, 0.417969, 0.863281, -0.0121266, 0.425781, 0.863281, 0.0140093, 0.433594, 0.863281, 0.0144227, 0.441406, 0.863281, -0.011609, 0.449219, 0.863281, -0.0118447, 0.457031, 0.863281, 0.0142764, 0.464844, 0.863281, 0.0145105, 0.472656, 0.863281, -0.0115442, 0.480469, 0.863281, -0.0116432, 0.488281, 0.863281, 0.0144537, 0.496094, 0.863281, 0.0145009, 
