{
    "level": 3,
    "idx": {"x": 7, "y": 2},
    "dim": {"x": 16, "y": 16},
    "offset": {"x": 0.878906, "y": 0.253906},
    "cellSize": {"x": 0.0078125, "y": 0.0078125},
    "vertices": [
        0.878906, 0.253906, 0.0124984, 0.886719, 0.253906, 0.0107379, 0.894531, 0.253906, -0.012403, 0.902344, 0.253906, -0.0105992, 0.910156, 0.253906, 0.0125138, 0.917969, 0.253906, 0.0106215, 0.925781, 0.253906, -0.0124996, 0.933594, 0.253906, -0.0105472, 0.941406, 0.253906, 0.0125595, 0.949219, 0.253906, 0.0105295, 0.957031, 0.253906, -0.012576, 0.964844, 0.253906, -0.010479, 0.972656, 0.253906, 0.0126171, 0.980469, 0.253906, 0.0104469, 0.988281, 0.253906, -0.0126443, 0.996094, 0.253906, -0.0104044, 
        0.878906, 0.261719, 0.0137559, 0.886719, 0.261719, 0.0118178, 0.894531, 0.261719, -0.0136426, 0.902344, 0.261719, -0.0116588, 0.910156, 0.261719, 0.0137696, 0.917969, 0.261719, 0.0116872, 0.925781, 0.261719, -0.013751, 0.933594, 0.261719, -0.0116032, 0.941406, 0.261719, 0.0138185, 0.949219, 0.261719, 0.011585, 0.957031, 0.261719, -0.0138358, 0.964844, 0.261719, -0.0115287, 0.972656, 0.261719, 0.0138815, 0.980469, 0.261719, 0.0114938, 0.988281, 0.261719, -0.0139111, 0.996094, 0.261719, -0.0114468, 
        0.878906, 0.269531, -0.0123537, 0.886719, 0.269531, -0.0106272, 0.894531, 0.269531, 0.0125597, 0.902344, 0.269531, 0.0107244, 0.910156, 0.269531, -0.012487, 0.917969, 0.269531, -0.0106041, 0.925781, 0.269531, 0.0125827, 0.933594, 0.269531, 0.010614, 0.941406, 0.269531, -0.0125783, 0.949219, 0.269531, -0.0105472, 0.957031, 0.269531, 0.0126319, 0.964844, 0.269531, 0.0105244, 0.972656, 0.269531, -0.0126523, 0.980469, 0.269531, -0.0104766, 0.988281, 0.269531, 0.0126911, 0.996094, 0.269531, 0.0104425, 
        0.878906, 0.277344, -0.0135013, 0.886719, 0.277344, -0.011615, 0.894531, 0.277344, 0.0137371, 0.902344, 0.277344, 0.0117294, 0.910156, 0.277344, -0.0136511, 0.917969, 0.277344, -0.0115929, 0.925781, 0.277344, 0.0137596, 0.933594, 0.277344, 0.0116066, 0.941406, 0.277344, -0.0137526, 0.949219, 0.277344, -0.0115319, 0.957031, 0.277344, 0.0138125, 0.964844, 0.277344, 0.011508, 0.972656, 0.277344, -0.013834, 0.980469, 0.277344, -0.0114552, 0.988281, 0.277344, 0.0138769, 0.996094, 0.277344, 0.0114182, 
        0.878906, 0.285156, 0.0126448, 0.886719, 0.285156, 0.0108591, 0.894531, 0.285156, -0.0124486, 0.902344, 0.285156, -0.0106411, 0.910156, 0.285156, 0.0126212, 0.917969, 0.285156, 0.0107108, 0.925781, 0.285156, -0.0125704, 0.933594, 0.285156, -0.010608, 0.941406, 0.285156, 0.0126521, 0.949219, 0.285156, 0.0106064, 0.957031, 0.285156, -0.0126564, 0.964844, 0.285156, -0.0105464, 0.972656, 0.285156, 0.0127047, 0.980469, 0.285156, 0.0105192, 0.988281, 0.285156, -0.0127283, 0.996094, 0.285156, -0.0104736, 
        0.878906, 0.292969, 0.0137489, 0.886719, 0.292969, 0.0118067, 0.894531, 0.292969, -0.0135229, 0.902344, 0.292969, -0.0115598, 0.910156, 0.292969, 0.0137183, 0.917969, 0.292969, 0.0116416, 0.925781, 0.292969, -0.0136585, 0.933594, 0.292969, -0.0115264, 0.941406, 0.292969, 0.0137499, 0.949219, 0.292969, 0.0115267, 0.957031, 0.292969, -0.0137531, 0.964844, 0.292969, -0.0114602, 0.972656, 0.292969, 0.0138064, 0.980469, 0.292969, 0.0114314, 0.988281, 0.292969, -0.0138316, 0.996094, 0.292969, -0.0113815, 
        0.878906, 0.300781, -0.0123601, 0.886719, 0.300781, -0.0106385, 0.894531, 0.300781, 0.0126909, 0.902344, 0.300781, 0.0108328, 0.910156, 0.300781, -0.0125424, 0.917969, 0.300781, -0.0106535, 0.925781, 0.300781, 0.0126838, 0.933594, 0.300781, 0.0106979, 0.941406, 0.300781, -0.012653, 0.949219, 0.300781, -0.0106106, 0.957031, 0.300781, 0.0127221, 0.964844, 0.300781, 0.0105991, 0.972656, 0.300781, -0.0127341, 0.980469, 0.300781, -0.0105446, 0.988281, 0.300781, 0.0127779, 0.996094, 0.300781, 0.0105138, 
        0.878906, 0.308594, -0.0133396, 0.886719, 0.308594, -0.0114822, 0.894531, 0.308594, 0.013712, 0.902344, 0.308594, 0.011704, 0.910156, 0.308594, -0.0135424, 0.917969, 0.308594, -0.0115031, 0.925781, 0.308594, 0.0137006, 0.933594, 0.308594, 0.0115554, 0.941406, 0.308594, -0.0136641, 0.949219, 0.308594, -0.0114586, 0.957031, 0.308594, 0.0137407, 0.964844, 0.308594, 0.0114476, 0.972656, 0.308594, -0.0137525, 0.980469, 0.308594, -0.011388, 0.988281, 0.308594, 0.0138004, 0.996094, 0.308594, 0.0113551, 
        0.878906, 0.316406, 0.0128209, 0.886719, 0.316406, 0.0110035, 0.894531, 0.316406, -0.0124752, 0.902344, 0.316406, -0.0106682, 0.910156, 0.316406, 0.0127393, 0.917969, 0.316406, 0.0108084, 0.925781, 0.316406, -0.0126342, 0.933594, 0.316406, -0.0106635, 0.941406, 0.316406, 0.012748, 0.949219, 0.316406, 0.0106859, 0.957031, 0.316406, -0.0127342, 0.964844, 0.316406, -0.0106117, 0.972656, 0.316406, 0.012793, 0.980469, 0.316406, 0.010592, 0.988281, 0.316406, -0.0128111, 0.996094, 0.316406, -0.0105419, 
        0.878906, 0.324219, 0.0137724, 0.886719, 0.324219, 0.0118194, 0.894531, 0.324219, -0.0133837, 0.902344, 0.324219, -0.0114456, 0.910156, 0.324219, 0.0136779, 0.917969, 0.324219, 0.0116044, 0.925781, 0.324219, -0.0135587, 0.933594, 0.324219, -0.011444, 0.941406, 0.324219, 0.0136846, 0.949219, 0.324219, 0.0114709, 0.957031, 0.324219, -0.0136677, 0.964844, 0.324219, -0.0113897, 0.972656, 0.324219, 0.0137321, 0.980469, 0.324219, 0.0113694, 0.988281, 0.324219, -0.0137508, 0.996094, 0.324219, -0.0113152, 
        0.878906, 0.332031, -0.0123346, 0.886719, 0.332031, -0.0106246, 0.894531, 0.332031, 0.0128409, 0.902344, 0.332031, 0.0109559, 0.910156, 0.332031, -0.0125858, 0.917969, 0.332031, -0.0106934, 0.925781, 0.332031, 0.0127912, 0.933594, 0.332031, 0.0107866, 0.941406, 0.332031, -0.0127232, 0.949219, 0.332031, -0.0106707, 0.957031, 0.332031, 0.0128141, 0.964844, 0.332031, 0.0106751, 0.972656, 0.332031, -0.0128141, 0.980469, 0.332031, -0.0106113, 0.988281, 0.332031, 0.0128649, 0.996094, 0.332031, 0.0105851, 
        0.878906, 0.339844, -0.0131458, 0.886719, 0.339844, -0.0113243, 0.894531, 0.339844, 0.0137059, 0.902344, 0.339844, 0.0116933, 0.910156, 0.339844, -0.0134216, 0.917969, 0.339844, -0.0114039, 0.925781, 0.339844, 0.013648, 0.933594, 0.339844, 0.0115089, 0.941406, 0.339844, -0.0135712, 0.949219, 0.339844, -0.0113819, 0.957031, 0.339844, 0.0136706, 0.964844, 0.339844, 0.0113885, 0.972656, 0.339844, -0.0136692, 0.980469, 0.339844, -0.0113195, 0.988281, 0.339844, 0.0137241, 0.996094, 0.339844, 0.0112921, 
        0.878906, 0.347656, 0.0130276, 0.886719, 0.347656, 0.0111721, 0.894531, 0.347656, -0.0124822, 0.902344, 0.347656, -0.01068, 0.910156, 0.347656, 0.0128684, 0.917969, 0.347656, 0.0109143, 0.925781, 0.347656, -0.0126907, 0.933594, 0.347656, -0.0107133, 0.941406, 0.347656, 0.0128474, 0.949219, 0.347656, 0.0107679, 0.957031, 0.347656, -0.0128093, 0.964844, 0.347656, -0.010675, 0.972656, 0.347656, 0.0128822, 0.980469, 0.347656, 0.0106654, 0.988281, 0.347656, -0.0128928, 0.996094, 0.347656, -0.0106094, 
        0.878906, 0.355469, 0.0138256, 0.886719, 0.355469, 0.0118554, 0.894531, 0.355469, -0.0132255, 0.902344, 0.355469, -0.0113166, 0.910156, 0.355469, 0.0136482, 0.917969, 0.355469, 0.0115754, 0.925781, 0.355469, -0.0134518, 0.933594, 0.355469, -0.0113561, 0.941406, 0.355469, 0.0136226, 0.949219, 0.355469, 0.0114176, 0.957031, 0.355469, -0.0135796, 0.964844, 0.355469, -0.0113171, 0.972656, 0.355469, 0.0136584, 0.980469, 0.355469, 0.011308, 0.988281, 0.355469, -0.0136688, 0.996094, 0.355469, -0.011248, 
        0.878906, 0.363281, -0.0122799, 0.886719, 0.363281, -0.0105878, 0.894531, 0.363281, 0.013008, 0.902344, 0.363281, 0.0110922, 0.910156, 0.363281, -0.0126181, 0.917969, 0.363281, -0.0107248, 0.925781, 0.363281, 0.0129044, 0.933594, 0.363281, 0.0108797, 0.941406, 0.363281, -0.0127893, 0.949219, 0.363281, -0.0107275, 0.957031, 0.363281, 0.0129076, 0.964844, 0.363281, 0.0107521, 0.972656, 0.363281, -0.0128925, 0.980469, 0.363281, -0.0106767, 0.988281, 0.363281, 0.0129519, 0.996094, 0.363281, 0.0106565, 
